contact_id,customer_id,name,phone,email,city,last_verified,source
K000000,C005296,Priya Joshi,7960166516,priya.joshi.5296@example.in,Delhi,2023-01-02,crm
K000001,C004764,Sahil Iyer, 98000-06063 ,sahil.iyer.4764@example.in,Bhopal,2023-09-19,branch
K000002,C004187,Arjun Mishra,+91 67856 61020,arjun.mishra.4187@example.in,Bhopal,2023-07-11,branch
K000003,C001471,Varun Das,9843699423,varun.das.1471@example.in,Bengaluru,2023-04-03,crm
K000004,C003812,Saanvi Tiwari,6888738840,saanvi.tiwari.3812@example.in,Delhi,2023-04-06,marketing
K000005,C005656,NISHA CHANDRA,7843676331,nisha.chandra.5267@example.in,Lucknow,2025-07-12,support
K000006,C006077,TANVI SEN,8875664832,tanvisen4457@example.in,Bengaluru,2024-06-12,branch
K000007,C002295,Pranav Roy,7785808784,pranav.roy.2295@example.in,Lucknow,2024-08-26,marketing
K000008,C001723,Shreya Sinha,8684591797,shreya.sinha.1723@example.in,Mumbai,2023-09-20,branch
K000009,C003658,Rohan Das,6186770671,,Bengaluru,2025-03-06,support
K000010,C001122,Sneha Joshi,,sneha.joshi.1122@example.in,Bengaluru,2025-10-27,marketing
K000011,C001869,Ananya Kulkarni,7656334445,ananya.kulkarni.1869@example.in,Delhi,2023-06-15,branch
K000012,C004930,Ananya Banerjee,9448590433,ananya.banerjee.4930@example.in,Chennai,2023-05-29,branch
K000013,C004235,Nikhil Mukherjee,91-690-246-9328,nikhil.mukherjee.4235@example.in,Ahmedabad,2023-08-29,support
K000014,C000456,Nikhil Roy,6469422009,nikhil.roy.0456@example.in,Ahmedabad,2023-11-17,branch
K000015,C003254,Pooja Gupta,9552750156,pooja.gupta.3254@example.in,Lucknow,2025-03-02,crm
K000016,C001202,Sanjay Redy,7949776569,sanjay.reddy.1202@example.in,Kolkata,2023-08-20,marketing
K000017,C003447,Aarav Bose,(654) 614-3411,aarav.bose.3447@example.in,Bengaluru,2025-06-02,support
K000018,C003656,Anika Khan,9207322563,anika.khan.3656@example.in,Mumbai,2024-04-29,marketing
K000019,C001714,Dya Reddy,9548304788,diya.reddy.1714@example.in,Chennai,2024-11-01,support
K000020,C003193,Pooja Mukherjee,(765) 278-4247,pooja.mukherjee.3193@example.in,Chennai,2025-10-24,marketing
K000021,C002083,Arjun Verma,91-801-578-2797,arjun.verma.2083@example.in,Kolkata,2025-05-01,support
K000022,C006128,Kabir M.,7289284066,kabir.meta.2057@example.in,Delhi,2025-03-26,crm
K000023,C000071,Rhea Iyer,,rheaiyer0071@example.in,Pune,2024-11-04,support
K000024,C001211,Ananya Subramanian,,ananya.subramanian.1211@example.in,Hyderbad,2024-11-04,marketing
K000025,C005285,Zoya Gupta,7098304215,zoya.gupta.5285@example.in,Delhi,2025-01-01,crm
K000026,C005314,Rohan S.,9771794178,rohan.sharma.5314@example.in,Pune,2023-04-16,crm
K000027,C002082,Rohan Patel,6507565106,,Bhopal,2024-08-07,marketing
K000028,C000139,VARUN SEN,8620791706,varun.sen.0139@example.in,Kochi,2023-09-07,branch
K000029,C005183,Saanvi Kulkarni,7603381326,SAANVI.KULKARNI.5183@EXAMPLE.IN,Mumbai,2023-03-13,branch
K000030,C004591,Nsha Subramanian,91-965-180-5772,nisha.subramanian.4591@example.in,Pune,2025-01-11,marketing
K000031,C005456,A. Kapoor,8220753112,aditya.kapoor.5456@example.in,Lucknow,2023-06-30,crm
K000032,C001695,  kabir   desai  ,7253163701,kabir.desai.1695@example.in,Hyderabad,2023-03-09,branch
K000033,C000842,Aditi Nair,8881811685,aditi.nair.0842@example.in,Jaipur,2025-02-19,crm
K000034,C005190,Saanvi Agarwal,9978418598,saanvi.agarwal.5190@example.in,Delhi,2024-01-24,branch
K000035,C001557,Shreya Reddy,9049756319,shreya.reddy.1557@example.in,Pune,2024-09-18,marketing
K000036,C003829,Ishita Patel,7121171995,ishita.patel.3829@example.in,Chennai,2023-04-26,support
K000037,C004277,Sneha Sinha,9196132188,sneha.sinha.4277@example.in,Delhi,2024-04-11,support
K000038,C003654,Rohan Sharma,6469662160,rohan.sharma.3654@example.in,Bengaluru,2024-10-31,support
K000039,C001010,Mira Kulkarni,7671417707,mira.kulkarni.1010@example.in,Mumbai,2025-08-26,crm
K000040,C001531,Mira Sinha,7181261136,mira.sinha.1531@example.in,Kochi,2023-07-14,branch
K000041,C001419,Arjun Chandra,9427961994,arjun.chandra.1419@example.in,Pune,2023-07-02,branch
K000042,C002464,  diya   agarwal  ,9081477195,diya.agarwal.2464@example.in,Kochi,2024-11-18,support
K000043,C000395,Anika Banerjee,7562310204,anika.banerjee.0395@example.in,Hyderabad,2023-06-17,support
K000044,C000976,Ishaan Shah,9093923004,ishaan.shah.0976@example.in,Hyderabad,2024-02-10,marketing
K000045,C000362,Anika Khn,+91 84843 25380,anika.khan.0362@example.in,Bhopal,2024-09-11,marketing
K000046,C002385,AARAV VERMA,9338744955,aarav.verma.2385@example.in,Hyderabad,2024-11-08,branch
K000047,C000984,Shreya Verma,9565556575,shreya.verma.0984@example.in,Bengaluru,2025-08-25,support
K000048,C002407,Sahil Roy,91-668-779-2897,sahil.roy.2407@example.in,Kochi,2025-04-27,support
K000049,C000461,Diya Mishra,7518674480,diya.mishra.0461@example.in,Mumbai,2025-05-15,marketing
K000050,C002917,Diya Joshi,6625473002,diya.joshi.2917@example.in,Kolkata,2023-11-04,marketing
K000051,C001097,Tanvi Roy,6759841642,tanvi.roy.1097@example.in,Chennai,2025-07-02,marketing
K000052,C003132,Rahul Rao,7702990255,rahul.rao.3132@example.in,Ahmedabad,2025-10-03,branch
K000053,C003301,Varun Gupa,7616975131,varun.gupta.3301@example.in,Cochin,2023-12-30,branch
K000054,C001900,Pranav Agarwal,6470196683,pranav.agarwal.1900@example.in,Mumbai,2024-06-15,marketing
K000055,C002606,Kavya Chandra,7904048201,kavya.chandra.2606@example.in,Hyderabad,2024-04-24,crm
K000056,C005182,Rahul K.,7584220279,RAHUL.KAPOOR.5182@EXAMPLE.IN,Chennai,2024-11-28,support
K000057,C000429,Saanvi Mshra,6229244227,saanvi.mishra.0429@example.in,Chenai,2025-10-14,marketing
K000058,C_CONTACT_BAD_010,Vikram Agarwal,9276414614,vikram.agarwal.1132@example.in,Chennai,2024-03-06,marketing
K000059,C002461,Meera Tiwari,6706989902,meera.tiwari.2461@example.in,Pune,2023-12-11,branch
K000060,C000671,Diya S.,(768) 749-5737,diya.subramanian.0671@example.in,Kolkata,2023-06-27,crm
K000061,C005208,Aditi Sharma,7007116953,ADITI.SHARMA.5208@EXAMPLE.IN,Kolkata,2025-01-16,support
K000062,C001622,Rhea Agarwal,7233143721,rhea.agarwal.1622@example.in,Mumbai,2024-07-08,branch
K000063,C002848,Aditi Mishra,, aditi.mishra.2848@example.in ,Kochi,2024-03-18,branch
K000064,C001402,Nisha Menon,91-904-689-5664,NISHA.MENON.1402@EXAMPLE.IN,Mumbai,2025-03-26,branch
K000065,C002694,Sanjay Verma,7409679513,sanjay.verma.2694@example.in,Ahmedabad,2024-08-11,marketing
K000066,C004966,Aarav Mukherjee,8813079643,,Mumbai,2024-02-09,branch
K000067,C005841,Sahil V.,,sahil.verma.4609@example.in,Hyderabad,2023-09-03,crm
K000068,C005648,Ishaan V.,,ishaan.verma.2865@example.in,Delhi,2025-01-04,support
K000069,C005908,rohan rao,7066623568,rohanrao2441@example.in,Bengaluru,2025-01-01,marketing
K000070,C002060,Aarav Joshi,7008440624,aarav.johi.2060@example.in,Lucknow,2023-04-20,marketing
K000071,C001455,Kabir Jain,7343136310,kabir.jain.1455@example.in,KOLKATA,2024-03-25,support
K000072,C001254,Nikhil Joshi,9021504375,nikhil.joshi.1254@example.in,Kolkata,2025-11-16,support
K000073,C001013,Ishaan Singh,6729297101,ISHAAN.SINGH.1013@EXAMPLE.IN,Bengaluru,2023-11-18,support
K000074,C001279,Rahul Joshi,8707640291,rahul.joshi.1279@example.in,Bengaluru,2023-06-10,crm
K000075,C003877,Arjun Menon,,arjun.menon.3877@example.in,Mumbai,2024-07-16,crm
K000076,C003491,Ishaan Kulkarni,8472167435,ishaan.kulkarni.3491@example.in,Chennai,2024-04-24,marketing
K000077,C001836,Priya R., 97016-46556 ,priya.roy.1836@example.in,Ahmedabad,2025-12-01,branch
K000078,C002493,Nisha Khan,(880) 688-3766,nisha.khan.2493@example.in,Pune,2023-03-03,crm
K000079,C001401,Sneha Subramanian,9869472870,sneha.subramanian.1401@example.in,Chennai,2023-06-01,marketing
K000080,C001877,Kabir Das,9930112476,kabir.das.1877@example.in,Hyderabad,2025-06-05,marketing
K000081,C000982,Diya Reddy,9640881109,diya.reddy.0982@example.in,Jaipur,2023-04-07,marketing
K000082,C004206,Saanvi Mishra,91-888-165-3607,saanvi.mishra.4206@example.in,Kolkata,2025-06-13,branch
K000083,C006099,  zya   menon  ,7759694514,zoya.menon.0627@example.in,Kolkata,2025-02-03,support
K000084,C000784,Ishaan Shah,7899171396,ishaan.shah.0784@example.in,Delhi,2025-03-30,branch
K000085,C000489,Priya Agarwal,7343051243,priya.agarwal.0489@example.in,Jaipur,2025-11-13,branch
K000086,C002026,Sneha Subramanian,7888481744,sneha.subramanian.2026@example.in,Jaipur,2024-06-16,support
K000087,C001427,Mira Menon, 95320-11432 ,mira.menon.1427@example.in,Pune,2024-07-21,support
K000088,C003620,Ananya Desai,7211039159,ananyadesai3620@example.in,Delhi,2024-05-19,support
K000089,C003501,Ishaan Rao,9824963513,ishaan.rao.3501@example.in,Hyderabad,2023-11-07,crm
K000090,C000552,Shreya Tiwari,(917) 226-8204,shreya.tiwari.0552@example.in,Kochi,2023-12-01,branch
K000091,C002794,Arjun Khan,8690070178,arjun.khan.2794@example.in,Hyderabad,2023-08-15,crm
K000092,C000552,Shreya Tiwari,9172268204,shreya.tiwari.0552@example.in,Kochi,2024-05-20,support
K000093,C002963,Pooja Bose,91-619-481-7616,pooja.bose.2963@example.in,Kochi,2025-03-29,marketing
K000094,C004321,Rohan Mehta,8224346385,rohan.mehta.4321@example.in,Chennai,2023-07-06,branch
K000095,C005662,Tanvi P.,, tanvi.patel.4487@example.in , Bangalore ,2023-12-04,marketing
K000096,C002101,Ishaan Rao,6628148272,ishaan.rao.2101@example.in,Kolkata,2023-07-03,branch
K000097,C005324,Sanjay Jain,8336880866,sanjay.jain.5324@example.in,Ahmedabad,2024-03-04,support
K000098,C003001,Sahl Iyer,7616619295,sahil.iyer.3001@example.in,Mumbai,2024-12-10,marketing
K000099,C005195,Saanvi Khan,8983193149,saanvi.khan.5195@example.in,Kochi,2025-10-28,marketing
K000100,C000514,Pranav Nair,9413215312,pranav.nair.0514@example.in,Bhopal,2024-04-23,support
K000101,C001211,Ananya Subramanian,7092198561,ananya.subramanian.1211@example.in,Hyderabad,2025-08-02,branch
K000102,C001405,Meera Roy,7574932961,meera.roy.1405@example.in,Delhi,2024-01-15,branch
K000103,C005699,Adti S.,91-848-114-5599,aditi.sinha.0327@example.in,Lucknow,2024-11-11,crm
K000104,C004803,Sahil Joshi,7496140618,sahil.joshi.4803@example.in,Bengaluru,2025-11-14,branch
K000105,C005277,Ananya Kulkarni,8989170351,ananya.kulkarni.5277@example.in,PUNE,2024-01-14,crm
K000106,C005251,Saanvi Das,8823383364,saanvi.das.5251@example.in,Hyderabad,2023-01-18,support
K000107,C003507,Ananya Sinha,9063921673,ananya.sinha.3507@example.in,Hyderabad,2024-10-06,support
K000108,C000369,Kavya Patel, 66382-85113 ,kavya.patel.0369@example.in, Pune ,2023-02-17,branch
K000109,C002153,Sahil Desai,7826152282,sahil.desai.2153@example.in,Bhopal,2024-09-01,support
K000110,C000774,MIRA TIWARI,7134587356,,Pune,2023-05-12,marketing
K000111,C000951,Aditya Patel,(931) 411-4600,ADITYA.PATEL.0951@EXAMPLE.IN,Chennai,2023-01-19,branch
K000112,C004290,Ishita Menon,,ishitamenon4290@example.in,Delhi,2025-08-12,branch
K000113,C001643,Priya Mishra,8124692796,priya.mishra.1643@example.in,Mumbai,2023-05-07,crm
K000114,C004766,Arjun Reddy, 98260-21694 ,arjun.reddy.4766@example.in,Ahmedabad,2024-12-03,branch
K000115,C002362,Vikram Desai,8265306757,vikram.desai.2362@example.in,Bengaluru,2025-11-03,branch
K000116,C005465,Nikhil Gupta,+91 87575 16779,nikhilgupta5465@example.in,Hyderabad,2024-04-22,crm
K000117,C006274,Rahul S.,8574207885,rahulsinha0290@example.in,Lucknow,2023-07-23,branch
K000118,C003211,  diya   menon  ,9646637317,diya.menon.3211@example.in,Delhi,2025-03-13,support
K000119,C001556,Pooja Sharma,6299128951,pooja.shara.1556@example.in,Delhi,2024-07-22,branch
K000120,C001961,Shreya Singh,6679440291,,Hyderabad,2025-04-03,crm
K000121,C004155,Sneha Reddy,9946972433,sneha.reddy.4155@example.in, Bangalore ,2025-08-21,support
K000122,C003164,Saanvi Sinha,9355361544,saanvi.sinha.3164@example.in,Ahmedabad,2023-11-16,branch
K000123,C004439,Nisha Reddy,8231527970,nisha.reddy.4439@example.in,Kolkata,2023-05-06,branch
K000124,C002177,Nikhil Das,,nikhil.das.2177@example.in,Jaipur,2024-01-09,branch
K000125,C004908,Pranav Chandra, 77185-20017 ,pranav.chandra.4908@example.in,Jaipur,2025-12-17,marketing
K000126,C005686,Arjun J.,8098148521,arjun.joshi.419@example.in,Ahmedabad,2023-07-22,crm
K000127,C002833,Meera Mukherjee,,meera.mukherjee.2833@example.in,Kolkata,2024-11-22,branch
K000128,C000373,Vikram Jain,(915) 673-3711,vikram.jain.0373@example.in,Bhopal,2024-10-04,marketing
K000129,C003827,Rhea Kulkarni,9460255051,rhea.kulkarni.3827@example.in,Bhopl,2024-10-02,support
K000130,C001834,Akshay R.,(954) 821-2833,akshay.reddy.1834@example.in,Ahmedabad,2025-11-12,branch
K000131,C002559,Pranav Singh,7727273895,pranav.singh.2559@example.in,Delhi,2024-10-31,support
K000132,C005171,Rahul Shah, 92663-53040 ,rahul.shah.5171@example.in,Jaipur,2024-06-23,crm
K000133,C005538,Sahil Kulkarni,9786710705,sahil.kulkarni.5538@example.in,Bengaluru,2023-09-09,branch
K000134,C003268,Varun Mnon,,varun.menon.3268@example.in,Kochi,2024-08-01,marketing
K000135,C000247,Priya Kulkarni,+91 75235 24250,priya.kulkarni.0247@example.in,Ahmedabad,2024-11-16,support
K000136,C002601,Shreya Shah,6406997518,shreya.shah.2601@example.in,Delhi,2025-04-03,crm
K000137,C005397,Akshay Singh,9676801869,aksay.singh.5397@example.in,Chennai,2023-10-28,marketing
K000138,C002069,Rohan Verma,8354958890,rohan.verma.2069@example.in,Pune,2023-07-18,support
K000139,C001384,Sahil Desai,,sahil.desai.1384@example.in,Hyderabad,2024-06-22,branch
K000140,C002131,Aarav Rao,8866884332,aarav.rao.2131@example.in,Kolkata,2024-09-17,branch
K000141,C005802,Zoa Sinha,+91 79946 49490,zoyasinha1265@example.in,Jaipur,2025-01-16,crm
K000142,C001311,Pooja Sharma,9367477539,pooja.sharma.1311@example.in,Hyderabad,2025-09-09,marketing
K000143,C004993,Akshay Khan,7119070255,akshay.khan.4993@example.in,Chennai,2025-04-30,crm
K000144,C006000,Prya Patel,7115212658,priya.patel.1264@example.in,Kochi,2025-01-03,support
K000145,C006254,  ishita   j.  ,7144658714,,Pune,2023-03-27,crm
K000146,C002128,ANIKA GUPTA,(883) 488-3032,anika.gupta.2128@example.in,Jaipur,2023-02-06,branch
K000147,C003360,Aarav Reddy,8923644958,aaravreddy3360@example.in,Mumbai,2025-01-20,support
K000148,C001454,Pranav Joshi,8877425528,pranavjoshi1454@example.in,Hyderabad,2024-04-30,support
K000149,C005523,Nisha Desai,7718186245,nisha.desai.5523@example.in,Kochi,2025-06-28,marketing
K000150,C003555,Ishita Menon,8108083538,ishita.menon.3555@example.in,Kolkata,2023-10-22,support
K000151,C004251,Mira Kulkarni, 64730-40314 ,mira.kulkarni.4251@example.in,Delhi,2023-10-11,crm
K000152,C005929,AKSHAY JOSHI,7252578078,akshay.joshi4453@example.in,Jaipur,2024-04-27,branch
K000153,C002321,Sneha Singh,9710500335,sneha.singh.2321@example.in,Lucknow,2025-03-02,branch
K000154,C000090,Rhea Rao,8289342758,rhea.rao.0090@example.in,Kolkata,2023-11-09,branch
K000155,C004106,Pooja Sinha,6608859724,pooja.sinha.4106@example.in,Kochi,2024-07-01,branch
K000156,C001858,Aditi Das,6885233991,aditi.das.1858@example.in,Ahmedabad,2024-04-19,crm
K000157,C000509,RAHUL MISHRA,7380698563,rahul.mishra.0509@example.in,Poona,2025-05-17,marketing
K000158,C002915,Anika Roy,7664924306,anika.roy.2915@example.in,Kochi,2025-03-09,marketing
K000159,C000792,Zoya Mukherjee,6692423434,zoya.mukherjee.0792@example.in,Jaipur,2024-07-07,marketing
K000160,C001570,PRANAV IYER,91-776-575-4899,prnav.iyer.1570@example.in,Kolkata,2025-05-19,marketing
K000161,C001635,Anika Nair,6278569150,anika.nair.1635@example.in,Chennai,2023-09-02,support
K000162,C004157,Ishita Tiwari,,ishita.tiwari.4157@example.in,Mumbai,2024-01-01,crm
K000163,C001671,Rhea Sen,(700) 371-4485,rhea.sen.1671@example.in,JAIPUR,2023-06-21,marketing
K000164,C003537,Shreya Verma,+91 71334 63312,shreya.verma.3537@example.in,Kochi,2025-07-13,marketing
K000165,C002464,Diya Agarwal,9081477195,diya.agarwal.2464@example.in,Kochi,2023-08-19,marketing
K000166,C002133,Meera Mishra,,meera.mishra.2133@example.in,Kolkata,2025-02-11,branch
K000167,C005781,A. Mehta,(960) 855-5899,arjun.mehta.2939@example.in,Ahmedabad,2025-12-21,marketing
K000168,C000342,Diya Subramanian,8343688283,diya.subramanian.0342@example.in, Ahmedabad ,2025-05-26,support
K000169,C006165,kabir menon,9495355486,kabir.menon.0597@example.in,Bengaluru,2023-05-04,marketing
K000170,C003726,Nisa Iyer,8191917340,nisha.iyer.3726@example.in,Mumbai,2025-07-13,support
K000171,C002424,Rhea Mishra,8287840275,rhea.mishra.2424@example.in,Jaipur,2023-11-26,marketing
K000172,C005339,Varun Menon,,varun.menon.5339@example.in,Chennai,2024-01-14,support
K000173,C001098,Shreya Shah,9910136327,shreya.shah.1098@example.in,Chenai,2024-08-02,branch
K000174,C000228,Kavya Banerjee,7066872651,kavya.banerjee.0228@example.in,Pune,2024-09-15,crm
K000175,C_CONTACT_BAD_006,Sanjay Subramanian,+91 67820 69793,sanjay.subramanian.0438@example.in,Pune,2024-08-21,support
K000176,C006121,Vikam Menon, 63997-86308 ,vikram.menon.3839@example.in,Kolkata,2025-08-28,support
K000177,C000314,Aarav Kulkarni,9135497486,aarav.kulkarni.0314@example.in,Hyderabad,2025-07-05,support
K000178,C002667,Sanjay Nair,(963) 578-3833,sanjay.nair.2667@example.in, Jaipur ,2025-03-29,support
K000179,C003398,Arjun Subramanian, 84982-80188 ,arjun.subramanian.3398@example.in,Jaipur,2024-07-16,marketing
K000180,C000914,Adiya Das,8914194232,aditya.das.0914@example.in,Bhopal,2024-09-16,marketing
K000181,C001099,Mira Nair,8284109720,mira.nair.1099@example.in,Ahmedabad,2023-05-10,branch
K000182,C006072,Saanvi B.,6306515848,saavi.banerjee.4260@example.in,Kochi,2024-09-02,branch
K000183,C002505,Aarav Banerjee,9551635417,aarav.banerjee.2505@example.in,Kochi,2024-08-05,crm
K000184,C002540,Pooja Jain,8909621205,pooja.jain.2540@example.in,Pune,2025-04-23,crm
K000185,C000699,Mira Verma, 94400-30941 ,mira.verma.0699@example.in,Lucknow,2024-11-05,branch
K000186,C003526,Kavya Joshi,9788621570,kavya.joshi.3526@example.in,Hyd,2024-09-20,branch
K000187,C005865,Sneha Ier,91-952-415-0196,snehaiyer2625@example.in,Pune,2025-08-14,marketing
K000188,C001365,Nikhil Verma,8276095130,nikhil.verma.1365@example.in,Mumbai,2024-08-27,crm
K000189,C001808,Mira Mukherjee,7284420869,mira.mukherjee.1808@example.in,Kolkata,2025-11-29,marketing
K000190,C004145,Kava Menon,,kavya.menon.4145@example.in,Chenai,2023-10-20,support
K000191,C001166,Zoya Singh,9560625926,zoya.singh.1166@example.in,Kolkata,2025-08-10,crm
K000192,C004163,Vikram Gupta,9914788337,vikram.gupta.4163@example.in,Kochi,2023-08-15,crm
K000193,C004268,  pooja   gupta  ,(763) 212-9123,pooja.gupta.4268@example.in,Ahmedabad,2023-09-23,branch
K000194,C004512,Meera Joshi,6450270078,meera.joshi.4512@example.in,Jaipur,2023-07-16,branch
K000195,C002910,Aditi Joshi,6221846067,aditi.joshi.2910@example.in,Lucknow,2025-04-15,branch
K000196,C001451,Arjun Kulkarni,7812987356,arjun.kulkarni.1451@example.in,Pune,2024-12-06,crm
K000197,C001940,Meera Roy,7893910600,meera.roy.1940@example.in,Bengaluru,2024-08-30,crm
K000198,C005113,Nisha Rao,,nisha.rao.5113@example.in,Lucknow,2023-06-14,support
K000199,C005272,Diya Rao,6083593176,diya.rao.5272@example.in,Lucknow,2023-01-28,branch
K000200,C005160,Mira Iyer,9461708249,mira.iyer.5160@example.in,KOLKATA,2025-07-27,support
K000201,C003040,Varun Verma,8111734234,varun.verma.3040@example.in,Hyderabad,2024-03-11,marketing
K000202,C004316,Kavya Chandra,9119989734,kavya.chandra.4316@example.in,Kolkata,2025-01-17,crm
K000203,C005194,Tanvi Bose,7282712374,,Bengaluru,2023-07-28,crm
K000204,C002040,Sahil Chandra,6820364870,sahil.chandra.2040@example.in,Pune,2023-04-17,branch
K000205,C004246,Diya Singh,6702246974,diya.singh.4246@example.in,Bhopal,2023-12-22,branch
K000206,C003893,Rahul Sinha,8718008447,rahul.sinha.3893@example.in,Jaipur,2024-08-30,support
K000207,C000022,Akshay Tiwari,91-874-945-0361,akshay.tiwari0022@example.in,Jaipur,2025-07-06,branch
K000208,C002754,Vikram Mishra,6983576684,vikram.mishra.2754@example.in,Delhi,2023-07-31,crm
K000209,C005401,Meera Menon,8219977467,MEERA.MENON.5401@EXAMPLE.IN,Ahmedabad,2024-01-26,crm
K000210,C004748,Sahil Nair,8712941515,sahil.nair.4748@example.in,Chennai,2025-02-16,marketing
K000211,C005116,Priya Subramanian,6963499955,priya.subramanian.5116@example.in,Kolkata,2025-01-08,support
K000212,C006269,arjun nair,8956121963,arjunnair0029@example.in,Lucknow,2025-12-27,support
K000213,C003443,Zoya Tiwari,8958425746,zoya.tiwari.3443@example.in,Pune,2024-08-27,marketing
K000214,C005095,Diya Jain,9373163289,diya.jain.5095@example.in,Mumbai,2024-01-02,support
K000215,C001340,Sneha Gupta,6602331868,sneha.gupta.1340@example.in,Ahmedabad,2025-07-08,marketing
K000216,C004171,Mira Tiwari,6377891081,mira.tiwari.4171@example.in,Chennai,2023-07-26,support
K000217,C004269,Shreya M.,6009413885,shreya.menon.4269@example.in,PUNE,2023-02-27,crm
K000218,C001865,Varun Iyer,9243863712,varun.iyer.1865@example.in,Pune,2023-06-07,marketing
K000219,C002384,Meera Desai,7708597773,meera.desai.2384@example.in,Mumbai,2024-01-29,branch
K000220,C006214,Pooja Mukherje,9030879705,pooja.mukherjee.2470@example.in,Lucknow,2024-03-19,support
K000221,C004450,Ishita Patel,9786568488,ishita.patel.4450@example.in,Kochi,2023-04-18,crm
K000222,C001173,Rhea Iyer,6079660346,rhea.iyer.1173@example.in, Mumbai ,2024-12-05,branch
K000223,C_CONTACT_BAD_000,Meera Banerjee, 86905-07563 ,meera.banerjee.3885@example.in,Chennai,2025-02-09,support
K000224,C004057,A. Sinha,6044620544,ananya.sinha.4057@example.in,Kochi,2025-06-22,marketing
K000225,C000851,Nisha Mukherjee,6588217986,nisha.mukherjee.0851@example.in,Mumbai,2024-07-06,crm
K000226,C002016,Raul Iyer,8636937254,rahul.iyer.2016@example.in,BENGALURU,2025-12-06,marketing
K000227,C002914,Kavya Sharma,9249034923, kavya.sharma.2914@example.in ,Kolkata,2025-06-02,branch
K000228,C003778,Priya Iyer, 75578-73039 ,, Kochi ,2025-08-25,crm
K000229,C005925,Anika M.,7951300286,,Kolkata,2024-01-02,branch
K000230,C005435,Mira Chandra,91-668-617-3531,mira.chandra.5435@example.in,Mumbai,2023-08-28,branch
K000231,C004533,Rhea Mishra, 72173-03924 ,rhea.mishra.4533@example.in,Jaipur,2024-03-09,crm
K000232,C005702,ISHITA NAIR,6275088718,ishita.nair.2381@example.in,Hyderabad,2025-11-25,crm
K000233,C001989,Sanjay Roy,,sanjay.roy.1989@example.in,Kolkata,2025-12-17,branch
K000234,C004936,Rahul R.,8368496158,rahul.reddy.4936@example.in,Mumbai,2025-08-01,support
K000235,C002253,SAANVI PATEL,7673686976,saanvi.patel.2253@example.in,Bengaluru,2025-09-30,crm
K000236,C002299,Nikhil Mehta,6690160553,nikhil.mehta.2299@example.in,Mumbai,2024-12-21,support
K000237,C005210,Mira Tiwari,91-962-107-3950,mira.tiwari.5210@example.in,Delhi,2023-02-26,branch
K000238,C002506,Rohan Gupta,+91 82579 97386,rohan.gupta.2506@example.in,Bengaluru,2023-06-01,crm
K000239,C003761,Anika Patel, 87885-49397 ,anika.patel.3761@example.in,Delhi,2023-08-07,branch
K000240,C002600,Pooja Das,9412250669,pooja.das.2600@example.in,Chennai,2023-07-19,branch
K000241,C002108,Anika Gupta,6227456125,anika.gupta.2108@example.in,Chennai,2023-02-27,support
K000242,C001322,Vikram Banerjee,,VIKRAM.BANERJEE.1322@EXAMPLE.IN,Lucknow,2024-03-03,marketing
K000243,C003719,Aarav Kulkarni,7822103224,aarav.kulkarni.3719@example.in,Ahmedabad,2024-10-17,crm
K000244,C003167,Anika Singh,6278247573,anika.singh.3167@example.in,Bengaluru,2024-02-25,crm
K000245,C005124,Kabir Reddy,6534167139,kabir.reddy.5124@example.in,Pune,2025-04-21,branch
K000246,C001491,Pranav Gupta,9493449646,pranav.gupta.1491@example.in,Bengaluru,2023-12-12,crm
K000247,C005479,Shreya Mehta,7187976148,shreya.mehta.5479@example.in,Bengaluru,2024-09-11,support
K000248,C005931,Priya S.,91-841-993-0764,priyasharma4652@example.in,Delhi,2024-04-15,marketing
K000249,C002495,Meera Kulkarni,9817012479,meera.kulkarni.2495@example.in,Lucknow,2023-07-18,branch
K000250,C004998,Tanvi Mukherjee,7326275770,tanvi.mukherjee.4998@example.in,Ahmedabad,2025-05-28,crm
K000251,C002064,  mira   iyer  ,91-818-986-8313,mira.iyer.2064@example.in,Bengaluru,2023-08-27,crm
K000252,C005827,ANIKA KHAN,(792) 758-0145,anika.khan.3866@example.in,Jaypur,2024-04-06,crm
K000253,C001886,Zoya Iyer,9287582294,zoya.iyer.1886@example.in,Kochi,2023-12-07,branch
K000254,C000986,SAANVI DESAI,6394128126,saanvi.desai.0986@example.in,Jaipur,2024-01-29,branch
K000255,C000844,K. Agarwal,6501166603,kabir.agarwal.0844@example.in,Kolkata,2025-10-27,marketing
K000256,C001168,Pooja Das,9854568617,pooja.das.1168@example.in,Hyderabad,2023-08-29,marketing
K000257,C004776,Aditi Menon,9105633044,aditi.menon.4776@example.in,Kochi,2023-04-24,marketing
K000258,C004366,Ishaan Sen,6259024115,ishaan.sen.4366@example.in,Lucknow,2023-07-29,marketing
K000259,C003790,ROHAN VERMA,(677) 992-6706,rohan.verma.3790@example.in,Chennai,2023-05-23,support
K000260,C005143,Saanvi Sah,8235495920,saanvi.shah.5143@example.in,Mumbai,2024-11-15,crm
K000261,C002135,Akshay Mukherjee,6229353130,akshay.mukherjee.2135@example.in,Ahmedabad,2023-11-07,marketing
K000262,C001499,KRISHNA SHAH,9351200995,krihna.shah.1499@example.in,BENGALURU,2024-01-17,branch
K000263,C000267,Sanjay Agarwal,6118509633,sanjay.agarwal.0267@example.in,Kolkata,2024-08-06,support
K000264,C000267,Sanjay Agarwal,6118509633,sanjay.agarwal.0267@example.in,Kolkata,2024-05-13,branch
K000265,C002809,Vikram Iyer,9939813327,vikram.iyer.2809@example.in,Kolkatta,2023-09-20,marketing
K000266,C005766,Raul Rao,9880852029, rahul.rao.5449@example.in ,Mumbai,2023-09-19,support
K000267,C003860,Meera Sah,8281271034,meera.shah.3860@example.in,Chennai,2023-04-05,support
K000268,C002286,Rohan Roy,+91 65120 02014,rohan.roy.2286@example.in,Kochi,2024-11-29,branch
K000269,C004041,Rahul Gpta,6278662878,rahul.gupta.4041@example.in, Bangalore ,2024-05-21,branch
K000270,C002013,ADITYA BANERJEE,6305942038,aditya.banerjee.2013@example.in,Bhopal,2024-10-19,marketing
K000271,C002794,Arjun Khan,8690070178,arjun.khan.2794@example.in,Hyderabad,2024-03-30,crm
K000272,C004627,Aditya Joshi,6717806643,aditya.joshi.4627@example.in,Hyderabad,2025-04-06,crm
K000273,C002369,Kavya Tiwari,7912531134,kavya.tiwari.2369@example.in,Bhopal,2023-01-10,crm
K000274,C005548,Krishna Desai,8935217581,krishna.desai.5548@example.in,Bangalore,2024-01-24,branch
K000275,C000060,Kabir P.,9024915736,kabir.patel.0060@example.in,Jaipur,2025-12-09,marketing
K000276,C001314,Rahul Mehta,6355814287,rahul.mehta.1314@example.in,Mumbai,2023-01-11,branch
K000277,C004819,Sneha Khan,9226258156,sneha.khan.4819@example.in,Delhi,2024-05-21,crm
K000278,C003407,Aditya Mehta,9271041037,aditya.mehta.3407@example.in,Mumbai,2025-06-03,marketing
K000279,C004984,Ishaan Mishra,6705083943,ishaan.mishra.4984@example.in,Delhi,2025-10-24,branch
K000280,C000842,  aditi   nair  ,8881811685,aditi.nair.0842@example.in,Jaipur,2024-10-09,marketing
K000281,C005922,Tanvi J.,6143295468,tanvi.jain.4874@example.in,Lucknow,2023-12-14,support
K000282,C004520,SHREYA SHAH,6965766007,shreya.shah.4520@example.in,Hyderabad,2024-02-15,support
K000283,C003707,Rha Sinha, 72662-47269 ,rhea.sinha.3707@example.in,Jaipur,2023-05-17,marketing
K000284,C000510,Ananya Sen,,ananyasen0510@example.in,Delhi,2024-09-23,marketing
K000285,C002240,Ishaan Nair,6065246740,ishaan.nair.2240@example.in,Lucknow,2025-12-19,marketing
K000286,C005139,Ananya Nair,7516280332,ananya.nair.5139@example.in,Lucknow,2024-09-24,marketing
K000287,C004458,Sahil Patel,8806163048,sahil.patel.4458@example.in,Mumbai,2023-05-20,crm
K000288,C006009,K. Banerjee,7118260088,krishna.banerjee.0760@example.in,Kolkata,2023-08-30,crm
K000289,C000201,Kavya Shah,7568028424,kavya.shah.0201@example.in,Bengaluru,2023-10-15,support
K000290,C003773,Ishaan Gupa,8372833162,ishaan.gupta.3773@example.in,Mumbai,2025-09-30,marketing
K000291,C001193,Kabir Nair,7324936343,kabir.nair.1193@example.in,Pune,2025-10-08,branch
K000292,C003893,Rahul Sinha,8718008447,rahul.sinha.3893@example.in,Jaipur,2024-04-04,crm
K000293,C001706,Mira Rao,+91 62205 11809,mira.rao.1706@example.in,BHOPAL,2024-02-11,crm
K000294,C004251,Mira Kulkarni,+91 64730 40314,,Delhi,2024-02-28,crm
K000295,C002332,Rhea Rao, 70867-94943 ,rhea.rao.2332@example.in,Bengaluru,2025-10-14,branch
K000296,C003095,Vikram A.,6801818118,vikram.agarwal.3095@example.in, Jaipur ,2024-11-21,crm
K000297,C001355,Pooja S.,9923493189,pooja.sinha.1355@example.in,Bhopal,2023-11-29,branch
K000298,C003765,Anika Mishra,8108256353,anika.mishra.3765@example.in,Madras,2025-01-25,branch
K000299,C001030,Akshay Gupta, 63492-78267 ,akshay.gupta.1030@example.in,Hyderabad,2023-02-26,branch
K000300,C005362,Arjun Bose,9270917224,arjun.bose.5362@example.in,Jaipur,2024-08-08,marketing
K000301,C000461,Diya Mishra,7518674480,diya.mishra.0461@example.in,Mumbai,2025-02-19,crm
K000302,C003912,Varun Mishra,6846979853,varun.mishra.3912@example.in,Chennai,2025-08-27,crm
K000303,C000854,Krishna Subramanian,7063561219,krishna.subramanian.0854@example.in,Kochi,2024-12-23,marketing
K000304,C001825,Aditya Gupta,6482218471,aditya.gupta.1825@example.in, Mumbai ,2025-12-16,marketing
K000305,C001053,Akshay Agarwal,9511278759,akshay.agarwal.1053@example.in,Kochi,2024-06-22,branch
K000306,C005689,Vikram Misha,6983576684,vikram.mishra.2754@example.in,Delhi,2025-08-08,support
K000307,C000471,Vikram Menon,6318814873,vikram.menon.0471@example.in,Bengaluru,2025-09-10,support
K000308,C001089,Rohan Kulkarni,91-946-413-1189,rohan.kulkarni.1089@example.in,Bhopal,2023-08-20,branch
K000309,C000854,Krishna Subrmanian,7063561219,krishna.subramanian.0854@example.in,Kochi,2024-09-14,crm
K000310,C005401,  meera   menon  ,91-821-997-7467,meera.menon.5401@example.in,Ahmedabad,2024-01-07,marketing
K000311,C003935,R. Patel,7579309671,, Ahmedabad ,2023-12-02,support
K000312,C006042,Nisha Jshi,6467053007,nisha.joshi.478@example.in,Kochi,2025-08-31,branch
K000313,C002059,Arjun Nair, 71219-51380 ,arjun.nair.2059@example.in,Jaipur,2023-10-09,crm
K000314,C001697,Aditi Jain,9020266403,aditi.jain.1697@example.in,Lucknow,2024-08-27,crm
K000315,C000466,Nisha Menon,8565564616,nisha.menon.0466@example.in,Hyderabad,2024-06-27,marketing
K000316,C000051,Saanvi Banerjee,6646734179,saanvi.banerjee.0051@example.in,Bhopal,2023-02-17,marketing
K000317,C002078,Rahul Joshi,6461002451,rahul.joshi.2078@example.in,Kolkata,2023-07-12,branch
K000318,C000145,Z. Bose,9213268822,zoya.bose.0145@example.in,Hyderabad,2025-02-03,support
K000319,C004833,Anika J.,8553342853,anika.jain.4833@example.in,Pune,2023-09-18,support
K000320,C002160,Pooja Roy,9881232799,pooja.roy.2160@example.in,Mumbai,2023-02-22,support
K000321,C005550,Nikhil Mishra,7488480776,nikhil.mishra.5550@example.in,Chennai,2024-11-06,marketing
K000322,C000659,Varun Sharma,6577302999,varun.sharma.0659@example.in,Ahmedabad,2025-01-02,branch
K000323,C000635,Ananya Sinha,,ananya.sinha.0635@example.in,Delhi,2025-05-16,support
K000324,C004884,Kabir Joshi,9123866863,,Bengaluru,2023-06-25,crm
K000325,C003676,Anika Jain,9472221312,anika.jain.3676@example.in,Ahmedabad,2024-06-29,branch
K000326,C003148,Nisha Bose,6954013762,nisha.bose.3148@example.in,Bengaluru,2023-09-02,crm
K000327,C001023,Aditi Subramanian,8786562148,aditi.subramanian.1023@example.in,Kochi,2023-02-13,crm
K000328,C001405,Meera Roy,7574932961,,Delhi,2024-10-10,support
K000329,C003891,Sahil Khan,9640531773,sahil.khan.3891@example.in,Mumbai,2025-03-02,marketing
K000330,C005449,Rahul Rao,9880852029,rahul.rao.5449@example.in,Mumbai,2023-05-26,marketing
K000331,C001334,Aarav Jain,6599070461,AARAV.JAIN.1334@EXAMPLE.IN,Chennai,2024-03-17,marketing
K000332,C005431,Priya S.,9379397638,priya.sinha.5431@example.in,Bhopal,2024-10-30,branch
K000333,C005565,  aarav   patel  ,6152211704,aarav.patel.5565@example.in,Hyderabad,2023-06-20,support
K000334,C005771,Nisha K.,8618424941, nisha.kulkarni.2729@example.in ,Jaipur,2023-03-13,marketing
K000335,C006230,Rohan R.,(707) 234-7441,rohanreddy4983@example.in,Lucknow,2024-07-25,crm
K000336,C005236,Meera Singh,8677064887,,Jaipur,2025-01-25,marketing
K000337,C001950,Sneha Gupta,7644115923,sneha.gupta.1950@example.in,Delhi,2024-07-15,branch
K000338,C003643,Zoya Kulkarni,6792189726,zoya.kulkarni.3643@example.in,Mumbai,2024-01-17,crm
K000339,C003981,Rohan Banerjee,91-830-452-7180,rohan.banerjee.3981@example.in,Jaipur,2023-06-15,marketing
K000340,C004897,Kabir Bose,7408371770,kabir.bose.4897@example.in,Kolkata,2024-07-26,branch
K000341,C003409,Shreya Mishra,7835612300,shreya.mishra.3409@example.in,Kochi,2023-04-21,branch
K000342,C003890,Arjun Iyer,8895480586,arjun.iyer.3890@example.in,Delhi,2025-10-14,crm
K000343,C004924,Saanvi Sen,8158502714,saanvi.sen.4924@example.in,Kolkata,2023-02-27,support
K000344,C004326,Nisha Gupta,8865343036,nisha.gupta.4326@example.in,Hyderabad,2025-06-25,support
K000345,C005884,Nisha Bse,+91 96595 69341,nisha.bose.3418@example.in,Bengaluru,2023-03-03,branch
K000346,C006174,sahil sen,8065886941,,Delhi,2024-12-29,support
K000347,C003232,Varun Sinha,8792040893,varun.sinha.3232@example.in,Chennai,2024-11-08,support
K000348,C004243,Arjun Reddy,,arjun.reddy.4243@example.in,Bhopal,2023-05-30,branch
K000349,C005074,Ishaan Patel,6569168828,ishaan.patel.5074@example.in,Lucknow,2024-10-23,crm
K000350,C004892,Rohan Menon,9715358142,rohan.menon.4892@example.in,Chennai,2023-09-29,branch
K000351,C005093,Diya Sen,8526558146,diya.sen.5093@example.in,Pune,2025-01-11,crm
K000352,C005080,Shreya Sinha,9501155196,shreya.sinha.5080@example.in,Mumbai,2024-06-05,marketing
K000353,C005258,Kavya Sinha,9274525377,kavya.sinha.5258@example.in,Pune,2023-11-20,support
K000354,C004091,Meera Khan,(716) 189-1719,meera.khan.4091@example.in,Lakhnau,2025-08-24,support
K000355,C004955,Priya Mukherjee,9967847452,priya.mukherjee.4955@example.in,Kolkata,2023-12-11,crm
K000356,C005058,Nisha Bose,7637191716,nisha.bose.5058@example.in,Chennai,2025-01-27,support
K000357,C005801,Rea Das,(651) 316-9964,rhea.as.0512@example.in,Bhopal,2024-12-22,crm
K000358,C003903,Ishaan Banerjee,(815) 942-1373,ishaan.banerjee.3903@example.in,Hyderabad,2023-07-25,support
K000359,C006180,V. Rao,6092908098,vikram.rao.0564@example.in,KOCHI,2023-03-18,crm
K000360,C000316,RHEA KULKARNI,9281144200,rhea.kulkarni.0316@example.in,Pune,2024-08-30,marketing
K000361,C002209,Rohan Subramanian,6824291482,rohan.subramanian.2209@example.in,Chennai,2023-11-24,branch
K000362,C001562,Rohan Rao,91-873-764-4395,rohan.rao.1562@example.in,Delhi,2025-10-10,branch
K000363,C006009,K. Banerjee,7118260088,krishna.banerjee.0760@example.in,Kolkata,2023-10-21,crm
K000364,C001888,  ishita   sharma  ,7601190578,ishita.sharma.1888@example.in,Delhi,2025-04-17,marketing
K000365,C002260,Tanvi Iyer,9999351387,tanvi.iyer.2260@example.in,Lucknow,2024-10-12,support
K000366,C001541,Sneha Chandra,7185443006,sneha.chandr.1541@example.in,LUCKNOW,2023-09-25,marketing
K000367,C006239,Vikram S.,6636277715,vikramsharma4060@example.in,Bhopal,2025-07-26,support
K000368,C001665,Rohan Banerjee, 97760-09662 ,rohan.banerjee.1665@example.in,Bhopl,2023-10-05,branch
K000369,C003252,Aarav Khan,6807851303,aarav.khan.3252@example.in,Delhi,2025-08-17,support
K000370,C000728,Sahil Nair,8024146348,sahil.nair.0728@example.in,Delhi,2023-05-25,branch
K000371,C003315,Ananya Kulkarni,8842506693,ananya.kulkarni.3315@example.in, Pune ,2023-03-06,crm
K000372,C003503,Diya Bose,7908718725,diya.bose.3503@example.in,Mumbai,2023-11-12,branch
K000373,C004989,Nisha Rao,9654599375,nisha.rao.4989@example.in,Jaipur,2024-01-16,branch
K000374,C003627,Sahil Desai,9088628907,sahil.desai.3627@example.in,Ahmedabad,2024-03-13,support
K000375,C002118,AARAV MUKHERJEE,6092760725,aarav.mukherjee.2118@example.in,Jaypur,2024-11-09,crm
K000376,C001489,Kavya Bose,6377669267,kavya.bose.1489@example.in,Bhopal,2023-12-19,support
K000377,C002243,Sanjay Rao,7255698734,sanjay.rao.2243@example.in,Mumbai,2025-08-01,branch
K000378,C002960,KRISHNA NAIR,8193589812,krishna.nair.2960@example.in,Bengaluru,2024-02-09,marketing
K000379,C004082,Rhea Mehta,91-675-443-6304,rhea.mehta.4082@example.in,Hyderbad,2023-11-14,branch
K000380,C004383,Zoya Mukherjee,,zoya.mukherjee.4383@example.in,Mumbay,2023-10-04,support
K000381,C004422,RAHUL KULKARNI,+91 61546 12448,rahul.kulkarni.4422@example.in,Mumbai,2025-11-14,branch
K000382,C004315,Arjun D.,91-922-473-8735,,Kochi,2023-05-10,marketing
K000383,C002304,Saanvi Sen,7846142562,saanvi.sen.2304@example.in,Lucknow,2023-06-20,branch
K000384,C000998,Ishita Tiwari,6905651198,ISHITA.TIWARI.0998@EXAMPLE.IN,Mumbai,2025-04-23,crm
K000385,C002913,Tanvi Reddy,7974810653,tanvi.reddy.2913@example.in,Kolkata,2023-12-03,branch
K000386,C002434,Mira Subramanian,8860396562,mira.subramanian.2434@example.in,Bengaluru,2023-08-30,crm
K000387,C005303,Nikhil Tiwari,9850568232,nikhil.tiwari.5303@example.in,BHOPAL,2024-03-17,support
K000388,C004610,Anika Tiwari,8018504620,anika.tiwari.4610@example.in,Kolkata,2024-12-18,marketing
K000389,C003525,Vikram Desai,9686850283,vikram.desai.3525@example.in,Hyderabad,2025-12-20,crm
K000390,C004299,Krishna Desai,8553845110,krishna.desai.4299@example.in,Hyderabad,2024-07-25,support
K000391,C004096,Sahil Mukherjee,6691535821,sahil.mukherjee.4096@example.in,Hyderabad,2023-06-18,crm
K000392,C005697,A. Roy,(681) 286-2590,arjun.roy.423@example.in,Bengaluru,2024-04-01,marketing
K000393,C000002,Ishaan Das,6769237943,ishaan.das.0002@example.in,Jaipur,2023-01-31,branch
K000394,C002872,Varun Sinha,,varun.sinha.2872@example.in,Hyderabad,2025-11-11,branch
K000395,C004548,Arjun Jain,9828677608,arjunjain4548@example.in,Hyderabad,2023-09-26,branch
K000396,C004581,Seha Menon,8601462535,sneha.menon.4581@example.in,Delhi,2024-07-11,branch
K000397,C003143,Saanvi Mukherjee,7948703904,saanvi.mukherjee.3143@example.in,Kochi,2024-09-02,crm
K000398,C003210,Ishaan Desai,91-611-808-2906,ishaan.desai.3210@example.in,Mumbai,2023-04-16,support
K000399,C003523,Pooja Kapoor,7971453101,pooja.kapoor.3523@example.in,Chennai,2024-12-13,marketing
K000400,C002811,Nikhil Mehta,6453760060,nikhil.mehta.2811@example.in,Bengaluru,2024-10-27,marketing
K000401,C003984,Rhea Khan,6172674421,rhea.khan.3984@example.in,Lucknow,2024-01-03,support
K000402,C001469,Akshay Reddy,6969978396,akshay.reddy.1469@example.in,Bhopal,2023-06-26,marketing
K000403,C001122,Sneha Joshi,6926878113,sneha.joshi.1122@example.in,Bengaluru,2024-01-28,crm
K000404,C002913,Tanvi R.,7974810653, tanvi.reddy.2913@example.in ,Kolkata,2024-09-09,crm
K000405,C005494,Vikram Singh, 97345-68597 ,vikram.singh.5494@example.in,Bhopal,2023-04-22,branch
K000406,C006219,Vikram Misra,8703550551,vikrammishra1096@example.in,Delhi,2024-03-30,support
K000407,C002608,Rhea Das,8039489701,rhea.das.2608@example.in,Kolkata,2025-05-22,marketing
K000408,C004480,Ishaan Nair,6078208762,ishaan.nair.4480@example.in,Pune,2023-11-30,branch
K000409,C005370,Pooja Sen,6324390465,pooja.sen.5370@example.in,Chennai,2025-09-09,support
K000410,C002630,Zoya Patel,9827008435,zoya.patel.2630@example.in,Hyderabad,2023-05-24,marketing
K000411,C003509,Saanvi Reddy,91-859-309-8605,saanvi.reddy.3509@example.in,Mumbai,2023-08-09,crm
K000412,C000485,Arjun Singh,7425271995,arjun.singh.0485@example.in,Hyderabad,2023-09-26,support
K000413,C004860,Mira Bose,8000276028,mira.bose.4860@example.in,Jaipur,2024-01-30,support
K000414,C002622,Ishita Kulkarni,8652891556,ishita.kulkarni.2622@example.in,Puna,2023-06-05,marketing
K000415,C002502,Aditya Roy,8335564119,aditya.roy.2502@example.in,Kolkata,2023-08-31,marketing
K000416,C002378,Sneha Shah,,sneha.shah.2378@example.in,Jaipur,2025-06-24,branch
K000417,C003684,Saanvi Verma,7040108676,saanvi.verma.3684@example.in,PUNE,2025-09-20,marketing
K000418,C002293,  kavya   mukherjee  ,6199713382,kavya.mukherjee.2293@example.in,Mumbai,2025-05-05,marketing
K000419,C002085,Aarav Khan,7660306269,aarav.khan.2085@example.in,Lucknow,2023-12-29,branch
K000420,C000847,Tanvi Sinha,9810109743,tanvi.sinha.0847@example.in,Hyderabad,2024-04-26,marketing
K000421,C006169,Shrea Singh,9543980976,shreya.singh.1066@example.in,Kochi,2023-02-20,support
K000422,C001398,Priya Mishra,7416627382,priya.mishra.1398@example.in,Mumbai,2025-09-05,branch
K000423,C004739,Ishita Mukherjee,7132572286,ishita.mukherjee.4739@example.in,Delhi,2023-01-09,crm
K000424,C000213,K. Gupta,7246106380,,Kochi,2025-07-29,branch
K000425,C001584,Sneha Sinha,+91 65330 62362,sneha.sinha.1584@example.in,Ahmedabad,2025-12-09,crm
K000426,C003243,Arjun Mishra,7535281312,arjun.mishra.3243@example.in,Ahmedabad,2025-07-18,support
K000427,C003951,Nisha Desai,9827387649,nisha.desai.3951@example.in,Lucknow,2024-08-16,branch
K000428,C001761,Ishaan Iyer,9353389696,ishaan.iyer.1761@example.in,Delhi,2024-11-22,support
K000429,C004838,Ananya Khan,6173491478,ananya.khan.4838@example.in,Bengaluru,2025-12-04,crm
K000430,C002332,Rhea Rao, 70867-94943 ,rhea.rao.2332@example.in,Bengaluru,2023-07-18,support
K000431,C005829,akshay banerjee,8098734752,akshay.banerjee.2778@example.in,Jaipur,2024-06-10,branch
K000432,C006005,Mira Jin,9808724062,mira.jain.2751@example.in,Kolkata,2023-01-01,marketing
K000433,C005763,Krishna Khn,7364673348,,Jaipur,2023-07-24,branch
K000434,C005664,Rahul Banerje,8810631128,rahul.banerjee.3832@example.in,Jaipur,2025-11-25,marketing
K000435,C002728,Sanjay Chandra,91-781-725-7279,sanjay.chandra.2728@example.in,Hyderabad,2024-03-22,crm
K000436,C003425,Sanjay Khan,91-684-475-4956, sanjay.khan.3425@example.in ,Kolkata,2025-02-12,crm
K000437,C005049,Sajay Joshi,9506318661,sanjay.joshi.5049@example.in,Cochin,2024-09-08,crm
K000438,C003298,Sahil Khan,+91 74044 88962,sahil.khan.3298@example.in,Jaipur,2025-01-30,marketing
K000439,C001813,Rhea Bose,8440794538,rhea.bose.1813@example.in,Hyderabad,2025-08-31,crm
K000440,C005139,Ananya Nair,7516280332,ananya.nair.5139@example.in, Lucknow ,2023-11-12,marketing
K000441,C000454,A. Joshi, 73650-02404 ,akshay.joshi.0454@example.in,Kochi,2023-02-27,marketing
K000442,C006160,nikhil menon,6364022138,,Bengaluru,2024-02-10,crm
K000443,C000834,Pranav Jain,6534303237,pranav.jain.0834@example.in,Kochi,2024-05-29,support
K000444,C004079,Pranav Nair,6617040632,pranavnair4079@example.in,Bengaluru,2023-04-25,crm
K000445,C000866,Arjun Sen,9387831426,arjun.sen.0866@example.in,Mumbai,2023-05-07,crm
K000446,C004277,Sneha Sinha,9196132188,sneha.sinha.4277@example.in,Delhi,2025-10-05,marketing
K000447,C002157,Sahil Vema,6683001069,sahil.verma.2157@example.in,Lakhnau,2023-07-05,marketing
K000448,C003496,Nisha Mishra,91-776-009-4957,nisha.mishra.3496@example.in,Bengaluru,2024-07-22,support
K000449,C002213,Zoya Roy,8151893427,zoya.roy.2213@example.in,Hyderabad,2024-06-22,crm
K000450,C004434,Ananya Mehta,8010575278,ananya.mehta.4434@example.in,Hyderabad,2025-08-29,branch
K000451,C001958,Diya Kapoor,7438048821,diya.kapoor.1958@example.in,Kolkata,2024-03-17,branch
K000452,C004233,Sneha Mishra,9857342690,sneha.mishra4233@example.in, Ahmedabad ,2023-05-03,support
K000453,C003513,Rahul Sharma,7840745547,rahul.sharma.3513@example.in,Ahmedabad,2023-11-10,crm
K000454,C003991,Rohan Mukherjee,7877945880,rohan.mukherjee.3991@example.in,Pune,2024-11-04,crm
K000455,C000378,Rahul Ier,7491109911,rahul.iyer.0378@example.in,Chennai,2023-09-29,support
K000456,C003612,Shreya B.,6970336245,shreya.banerjee.3612@example.in,Mumbai,2025-09-17,branch
K000457,C005467,Sneha Roy,9201177485,sneha.roy.5467@example.in,Mumbai,2024-03-30,marketing
K000458,C005610,Ihita Meta,6985173526,ishitamehta2455@example.in,Puna,2025-11-12,support
K000459,C004024,Meera Bose,91-871-203-6234,meera.bose.4024@example.in,Hyderabad,2025-01-23,branch
K000460,C003146,Ishita Tiwari,7137519612,,Kolkata,2023-01-04,crm
K000461,C003674,  arjun   singh  ,8750916907,arjun.singh.3674@example.in,Pune,2025-07-08,marketing
K000462,C003770,Arjun Banerjee,9480389667,arjun.banerjee.3770@example.in,Bombay,2024-06-24,branch
K000463,C004433,Ishita Banerjee,9474649525,ishita.banerjee.4433@example.in,Ahmedabad,2025-02-10,marketing
K000464,C002690,Ananya Nair,91-955-701-4685,ananya.nair.2690@example.in,Chennai,2024-07-17,support
K000465,C003117,Ishita Reddy,91-868-206-0680,ishita.reddy.3117@example.in,New Delhi,2023-02-23,support
K000466,C001310,Rahul Kapoor,91-761-487-3559,rahul.kapoor.1310@example.in,Kolkata,2023-01-30,branch
K000467,C004421,Kavya Roy,(751) 442-6538,kavya.roy.4421@example.in,Bengaluru,2025-12-14,marketing
K000468,C004368,Sanjay Iyer,9417474999,sanjay.iyer.4368@example.in,Bengaluru,2024-02-28,support
K000469,C005970,K. Tiwari,9831014206,kavyatiwari2818@example.in,Pune,2025-09-25,support
K000470,C005796,Aditya Siha,7828935324,aditya.sinha.0257@example.in,Kochi,2024-06-25,branch
K000471,C004518,Meera V.,8028489539,meera.verma.4518@example.in,Bhopal,2023-06-27,marketing
K000472,C003912,Varun Mishra,+91 68469 79853,varun.mishra.3912@example.in,Chennai,2025-09-14,marketing
K000473,C003607,Kavya Rao,6411186281,kavya.rao.3607@example.in,Bhopal,2024-08-27,marketing
K000474,C005377,Saavi Sinha, 63714-10190 ,saanvi.sinha.5377@example.in,Lucknow,2024-07-14,crm
K000475,C005966,Kavya Jin,8341854807,kavya.jain.5365@example.in,Mumbai,2025-10-03,branch
K000476,C004794,Kavya Agarwal,8547703351,kavya.agarwal.4794@example.in,Pune,2023-05-27,support
K000477,C003488,Aditi Mukherjee,9698443540,aditi.mukherjee.3488@example.in,Delhi,2025-05-22,marketing
K000478,C003385,Mira Patel,+91 87971 85207,mira.patel.3385@example.in,Pune,2023-04-17,marketing
K000479,C005251,Saanvi Das,8823383364,saanvi.das.5251@example.in,Hyderabad,2025-01-26,support
K000480,C000898,Sanjay Joshi, 60048-28751 ,sanjay.joshi.0898@example.in,Kochi,2024-02-22,crm
K000481,C001327,Ishita Mishra,7100172396,ishita.mishra.1327@example.in,Bengaluru,2024-11-27,support
K000482,C005629,I. Menon,9590814043,ishita.mnon.1692@example.in,Delhi,2025-11-22,support
K000483,C000814,Nisha Sinha,8503408627,nisha.sinha.0814@example.in,Ahmedabad,2024-11-07,support
K000484,C001583,Aditi Desai,7516765266,aditi.desai.1583@example.in,Hyderabad,2024-06-07,branch
K000485,C003896,Pranav Gupta,,pranav.gupta.3896@example.in,Chennai,2024-07-29,crm
K000486,C001697,Aditi Jain,9020266403,aditi.jain.1697@example.in,Lucknow,2024-12-06,branch
K000487,C000167,Rohan Agarwal,6144391997,rohan.agarwal.0167@example.in,Jaipur,2024-12-27,support
K000488,C006242,SANJAY MENON,6102735193,sanjay.menon.3302@example.in,Chennai,2024-03-29,branch
K000489,C005807,Rohan S.,7393033497,rohansubramanian3218@example.in,MUMBAI,2024-11-28,branch
K000490,C005686,Arjun J.,8098148521,ARJUN.JOSHI.419@EXAMPLE.IN,Ahmedabad,2023-03-30,crm
K000491,C004589,Kabir Tiwari, 76116-80573 ,kabir.tiwari.4589@example.in,Hyderabad,2025-08-27,crm
K000492,C004308,Varun Sharma,9478836012,varun.sharma.4308@example.in,Delhi,2024-08-01,crm
K000493,C005692,Shreya B.,9770223930,shreya.bose.4672@example.in,Hyderabad,2024-08-08,marketing
K000494,C001695,Kabir Desai,7253163701,kabir.desai.1695@example.in,Hyderabad,2025-11-29,support
K000495,C003694,Rhea Sharma,7771689949, rhea.sharma.3694@example.in ,Ahmedabad,2025-12-20,support
K000496,C002651,Diya Reddy,6149851275,diya.reddy.2651@example.in,Mumbai,2023-01-23,branch
K000497,C002623,VIKRAM RAO,8113336826,vikram.rao.2623@example.in,Kochi,2023-11-05,crm
K000498,C002188,Adti Reddy,6735441587,ADITI.REDDY.2188@EXAMPLE.IN,Lucknow,2024-09-30,branch
K000499,C002921,Aditi Iyer,7873849016,aditi.iyer.2921@example.in,Pune,2025-02-20,crm
K000500,C000827,Zoya Bose,9306655690,zoya.bose.0827@example.in,Mumbai,2025-01-13,marketing
K000501,C000916,Meera Tiwari,9226627653,meera.tiwari.0916@example.in,Chennai,2025-05-27,support
K000502,C001474,Ananya Roy,8086175797,,Bengaluru,2024-08-29,support
K000503,C005048,Zoya Patel,9913302811,zoya.patel.5048@example.in,MUMBAI,2023-01-03,branch
K000504,C004159,Kavya Menon,7385943431,kavya.menon.4159@example.in,Delhi,2025-06-10,marketing
K000505,C002027,Rahul Mehta,,rahul.mehta.2027@example.in,Kolkata,2023-08-30,marketing
K000506,C004839,Nikhil Roy, 93397-65725 ,nikhil.roy.4839@example.in,Kochi,2025-03-28,marketing
K000507,C004718,Sahil Mukherjee,6706148109,sahil.mukherjee.4718@example.in,Kochi,2024-04-03,branch
K000508,C002180,Nisha Menon,8624826850,nisha.menon.2180@example.in,Bengaluru,2023-01-28,branch
K000509,C005137,Varun I.,8015823919,varun.iyer.5137@example.in,Ahmedabad,2025-03-11,support
K000510,C002783,Aditya Bose,+91 96759 34851,aditya.bose2783@example.in,Ahmedabad,2023-07-05,crm
K000511,C005469,Varun Tiwari,8950185098,varun.tiwari.5469@example.in,Jaipur,2025-11-13,crm
K000512,C004977,Kavya Verma,9524358897,kavya.verma.4977@example.in,Kochi,2025-04-10,marketing
K000513,C003597,Nisha Nair,7334817733,nisha.nair.3597@example.in,Chenai,2023-11-15,branch
K000514,C003627,Sahil Desai,9088628907,sahil.desai.3627@example.in,Ahmedabad,2024-01-17,crm
K000515,C004123,Sanjay Sharma,9032874274,sanjay.sharma.4123@example.in,Pune,2025-08-22,crm
K000516,C002665,Ishaan Sen,6480661949,ishaan.sen.2665@example.in, Delhi ,2024-10-20,marketing
K000517,C002965,Pranav Shah,9535502188,pranav.shah.2965@example.in,Lucknow,2023-02-09,branch
K000518,C005003,Varun Joshi,9193564953,VARUN.JOSHI.5003@EXAMPLE.IN,Jaipur,2024-04-09,support
K000519,C000228,K. Banerjee,7066872651,kavya.banerjee.0228@example.in,Pune,2023-04-28,branch
K000520,C002437,Sahil Mehta,7974956874,sahilmehta2437@example.in,Chennai,2025-05-09,crm
K000521,C006189,Vikram S.,7938744676,vkramsingh3183@example.in,Hyderabad,2025-11-13,marketing
K000522,C004981,Nisha Reddy,91-748-485-3330,nisha.reddy.4981@example.in,Lucknow,2023-04-19,branch
K000523,C004015,Shreya Khan,7261669232,shreya.khan.4015@example.in,Bhopal,2024-10-01,branch
K000524,C005103,  nisha   sharma  ,,nisha.sharma.5103@example.in,Bhopl,2025-05-23,crm
K000525,C005683,TANVI PATEL,6965520736,tanvi.patel.1784@example.in,Pune,2025-12-19,support
K000526,C003973,Ishita Mishra,8049341905,ishita.mishra.3973@example.in,Hyderabad,2023-06-19,marketing
K000527,C002979,Varun K.,91-600-949-7355,varun.kulkarni.2979@example.in,Chennai,2025-08-08,support
K000528,C004155,Sneha Reddy,9946972433,sneha.reddy.4155@example.in,Bengaluru,2024-10-09,marketing
K000529,C002238,Arjun Sbramanian,7118661720,arjun.subramanian.2238@example.in,Ahmedabad,2023-11-29,crm
K000530,C000485,Arjun Singh,7425271995,arjun.singh.0485@example.in,Hyderabad,2024-03-03,marketing
K000531,C003921,Aarav Desai,+91 90474 06805,aarav.desai.3921@example.in,Hyderbad,2025-10-24,support
K000532,C002528,Pranav Reddy,6303889790,pranav.reddy.2528@example.in,Delhi,2023-06-23,marketing
K000533,C003679,Diya Patel,6180005139,diya.patel.3679@example.in,Jaipur,2024-10-09,branch
K000534,C002735,Tanvi Shah,6052238892,tanvi.shah.2735@example.in,Kolkata,2024-07-20,marketing
K000535,C001557,Shreya Reddy,9049756319,shreya.reddy.1557@example.in,Pune,2025-05-06,marketing
K000536,C004109,Nikhil Chandra,6069737053,,Ahmedabad,2023-05-10,support
K000537,C002826,Anika Rao,7550579375,anika.rao.2826@example.in,Mumbai,2025-07-20,branch
K000538,C004161,Mra Bose,91-721-916-4652,mira.bose.4161@example.in,Kochi,2024-02-16,support
K000539,C005570,Piya Menon,9065428878,priya.menon.5570@example.in,Bhopal,2023-11-06,branch
K000540,C000787,Pooja Agarwal, 66708-18057 ,pooja.agarwal.0787@example.in,Kolkata,2023-08-29,branch
K000541,C002173,Saanvi Patel,9481371064,saanvi.patel.2173@example.in,Mumbai,2024-05-05,branch
K000542,C002186,Rahul Agarwal,8754075208,rahul.agarwal.2186@example.in,Delhi,2023-01-07,branch
K000543,C002384,Meera Deai, 77085-97773 ,meera.desai.2384@example.in,Mumbai,2025-07-04,support
K000544,C003473,Anika Desai, 93802-24100 ,anika.desai.3473@example.in,Chennai,2025-05-16,support
K000545,C002584,Zoya Banerjee,9182332622,zoya.banerjee.2584@example.in,Kochi,2024-01-23,crm
K000546,C005956,SAHIL SHARMA,6146440455, sahil.shara.3010@example.in ,Delhi,2024-12-26,crm
K000547,C003381,Sneha Rao,7804092338,,Kochi,2024-06-03,crm
K000548,C003080,Nisha Mukherjee,6258118071,nisha.mukherjee.3080@example.in,Chennai,2023-06-02,support
K000549,C004839,Nikhil Roy,9339765725,nikhil.roy.4839@example.in,Kochi,2024-04-09,marketing
K000550,C001398,Piya Mishra,7416627382,priya.mishra.1398@example.in,Mumbai,2023-12-05,support
K000551,C001161,Arjun Rao,6476929155,arjun.rao.1161@example.in,Lucknow,2023-05-02,branch
K000552,C001112,K. Kulkarni,8234250703,kabir.kulkarni.1112@example.in,Jaipur,2024-07-21,branch
K000553,C005325,Sanjay Shah,8388002302,sanjay.shah.5325@example.in,Kochi,2024-08-03,crm
K000554,C001527,Varun Tiwari,6896894542,varun.tiwari.1527@example.in,Delhi,2025-08-21,branch
K000555,C003887,Aditi I.,6078373787,aditi.iyer.3887@example.in,Lucknow,2024-05-17,support
K000556,C001511,V. Jain,6376626276,vikram.jain.1511@example.in,Dilli,2025-08-10,crm
K000557,C002300,Shreya Kulkarni,7180343559,shreya.kulkarni.2300@example.in,Ahmedabad,2024-02-05,crm
K000558,C004121,NISHA REDDY,7185020468,nisha.reddy.4121@example.in,Lucknow,2025-08-02,marketing
K000559,C001923,Vikram Sen,(723) 801-6978,vikramsen1923@example.in,Bhopal,2023-12-07,marketing
K000560,C005473,Aditi Subramanian,7933903833,aditi.subramanian.5473@example.in,Kochi,2024-06-02,support
K000561,C000862,Aditi Sen,7158450533,aditi.sen.0862@example.in,Bhopal,2023-08-29,branch
K000562,C002001,Pooja Khan,6278563911,,Ahmedabad,2023-05-21,crm
K000563,C005777,SHREYA SEN,8854807830,shreya.sen.0628@example.in,Mumbai,2023-11-19,branch
K000564,C000175,Ishita Chandra,9036999861,ishita.chandra.0175@example.in,Delhi,2024-01-25,marketing
K000565,C004276,Meera Joshi,7173414596, meera.joshi.4276@example.in ,Lucknow,2023-03-18,crm
K000566,C005656,NISHA CHANDRA,7843676331,nisha.chandra.5267@example.in,Lucknow,2025-04-06,crm
K000567,C002654,Kabir Bose,7951573862,kabir.bose.2654@example.in,Ahmedabad,2024-06-05,branch
K000568,C002339,Meera Kapoor,8502138750,meera.kapoor.2339@example.in,Ahmedabad,2024-10-19,crm
K000569,C001495,Anika Khan,7148106767,anika.khan.1495@example.in,Bhopal,2023-04-04,support
K000570,C001606,Aarav Kulkarni,,aarav.kulkarni.1606@example.in,Bengaluru,2025-06-30,branch
K000571,C003055,Anika Patel,6271657890,anika.patel.3055@example.in,Kochi,2024-05-05,crm
K000572,C004204,Krishna Rao,9412868458,krishna.rao.4204@example.in,Lucknow,2024-11-02,marketing
K000573,C002474,Aditi M.,6260292510,aditi.mukherjee.2474@example.in,Kolkata,2025-04-22,marketing
K000574,C003979,Aditya Khan,7902525729,aditya.khan.3979@example.in,Delhi,2024-03-09,branch
K000575,C003472,Shreya Subramanian,9775535019,shreya.subramanian.3472@example.in,Pune,2025-06-26,support
K000576,C000424,Saanvi Mehta,,saanvi.mehta.0424@example.in,Ahmedabad,2025-09-13,support
K000577,C001380,Anika Das,8883228937,anika.das.1380@example.in,Jaipur,2025-02-06,marketing
K000578,C000492,Diya Desai, 88117-08289 ,diya.desai.0492@example.in, Jaipur ,2024-11-12,crm
K000579,C003221,Rhea Das,,rhea.das.3221@example.in,Poona,2025-12-10,branch
K000580,C000760,Krishna Banerjee,7118260088,krishna.banerjee.0760@example.in,Kolkata,2023-10-26,marketing
K000581,C003975,Rohan Menon,6095889559,rohan.menon.3975@example.in,Jaipur,2024-04-02,branch
K000582,C005122,Kabir Rao,(665) 743-0966,kabir.rao.5122@example.in,Ahmedabad,2024-03-19,crm
K000583,C004098,A. Kulkarni,6208481998,aarav.kulkarni.4098@example.in,Bengaluru,2025-03-28,crm
K000584,C002509,Nikhil Patel,8091138620,nikhil.patel.2509@example.in,Kochi,2023-10-06,support
K000585,C004251,Mira Kulkarni,6473040314,mira.kulkarni.4251@example.in,Delhi,2023-06-11,support
K000586,C005162,Aditya Sen,9929119838,,Ahmedabad,2023-06-10,crm
K000587,C005577,Nisha Singh,7498997317,nisha.singh.5577@example.in,Hyderabad,2025-08-18,support
K000588,C004474,Shreya Kapoor,8437253974,shreya.kapoor.4474@example.in,Jaipur,2024-02-23,support
K000589,C004262,Krishna Shah,8978965042,krishna.shah.4262@example.in,KOLKATA,2025-01-10,branch
K000590,C004862,Krishna Sinha,6699028890,krishna.sinha.4862@example.in,AHMEDABAD,2023-05-30,branch
K000591,C004247,Aditya Patel,6702356835,aditya.patel.4247@example.in,Pune,2025-05-15,marketing
K000592,C002149,Ananya Iyer,6462744761,ananya.iyer.2149@example.in,Kolkata,2024-11-09,crm
K000593,C003700,Kavya Roy,6495444120,kavya.roy.3700@example.in,Bhopal,2023-08-12,marketing
K000594,C004431,Akshay Joshi,6380627918,akshay.joshi.4431@example.in,Chennai,2025-04-27,crm
K000595,C005139,Ananya Nair,7516280332,ananya.nair.5139@example.in,Lucknow,2023-03-02,support
K000596,C000271,Kabir Subramanian,8327221229,kabir.subramanian.0271@example.in,Mumbai,2023-11-06,marketing
K000597,C001532,Anika Menon,6359766218,anika.menon.1532@example.in,Mumbai,2023-09-14,crm
K000598,C005418,A. Sinha,7638301138,anika.sinha.5418@example.in,Pune,2024-06-21,branch
K000599,C000509,Rahul Mishra,7380698563,rahul.mishra.0509@example.in,Pune,2024-10-23,marketing
K000600,C003329,Krishna Agarwal,6967931288,KRISHNA.AGARWAL.3329@EXAMPLE.IN,Kochi,2024-08-14,branch
K000601,C000764,Aarav Singh,9215445317,aarav.singh.0764@example.in,Bengaluru,2024-06-29,marketing
K000602,C005372,Zoya Singh,8625751170,zoya.singh.5372@example.in,Lucknow,2025-11-17,branch
K000603,C000232,  meera   roy  ,8632547243,meera.roy.0232@example.in,Ahmedabad,2024-10-21,crm
K000604,C006011,S. Verma,,shreya.verma.0984@example.in,Bengaluru,2025-02-12,branch
K000605,C003396,Akshay Sharma,9104553804,akshay.sharma.3396@example.in,Pune,2024-02-20,branch
K000606,C000444,Anika Iyer,8893648502,anika.iyer.0444@example.in,Kolkata,2025-08-10,branch
K000607,C005722,VARUN SHARMA,7321398400,varun.sharma.5072@example.in,Mumbai,2023-07-15,support
K000608,C003687,Kavya Mehta,7717355948,kavya.mehta.3687@example.in,Hyderabad,2024-04-21,crm
K000609,C000482,Sneha Kapoor,8464621302,sneha.kapoor.0482@example.in,Ahmedabad,2023-07-17,marketing
K000610,C002886,Tanvi Kularni,6035991395,tanvi.kulkarni.2886@example.in,Lucknow,2025-02-26,marketing
K000611,C003612,Shreya Banerjee,6970336245,shreya.banerjee.3612@example.in,Mumbai,2023-02-12,marketing
K000612,C001338,Pranav Iyer,6206763357,pranav.iyer.1338@example.in,Bengaluru,2023-02-18,support
K000613,C003011,Mira Shah, 85815-10321 ,mira.shah.3011@example.in,Lucknow,2023-11-25,marketing
K000614,C004109,Nikhil Chandra,6069737053,nikhil.chandra.4109@example.in,Ahmedabad,2025-03-11,marketing
K000615,C002730,A. Mehta,9684311612,ananya.mehta.2730@example.in,Kolkata,2024-12-27,branch
K000616,C003218,Rohan Subramanian,7393033497,rohan.subramanian.3218@example.in,Mumbai,2023-08-05,support
K000617,C005563,Mira Shah,6773334625,mira.shah.5563@example.in,Bengaluru,2023-12-18,support
K000618,C002050,Kabir Shah,9952255073,kabir.shah.2050@example.in,Kolkata,2025-12-16,marketing
K000619,C004903,Aarav Shah,7023714451,aarav.shah.4903@example.in,Ahmedabad,2024-12-08,support
K000620,C005953,Kvya Bose,91-776-093-6151,KAVYA.BOSE.3609@EXAMPLE.IN,Delhi,2024-04-11,crm
K000621,C003193,Pooja Mukherjee,7652784247,pooja.mukherjee.3193@example.in,Chennai,2024-05-12,branch
K000622,C004644,Tanvi Bose,9483671878,tanvi.bose.4644@example.in, Jaipur ,2025-01-19,branch
K000623,C003734,Ananya Nair,8772604828,ananya.nair.3734@example.in,Hyderabad,2024-12-21,crm
K000624,C004872,Aditya Banerjee,8144587635,aditya.banerjee.4872@example.in,Hyderabad,2024-06-24,support
K000625,C_CONTACT_BAD_009,Rohan Banerjee,,rohan.banerjee.2294@example.in,Kochi,2023-10-01,crm
K000626,C003999,Aditya Kapoor,91-859-585-9865,aditya.kapoor.3999@example.in,Lucknow,2023-04-08,marketing
K000627,C005635,MIRA SEN,91-665-546-5707,mirasen1270@example.in,Kolkata,2024-09-02,crm
K000628,C004359,Sanjay Nair,8273131760,sanjay.nair.4359@example.in,Kolkata,2024-09-12,marketing
K000629,C003958,Shreya Kapor,6894221580,shreya.kapoor.3958@example.in,Hyderabad,2023-04-30,support
K000630,C003491,Ishaan Kulkarni,+91 84721 67435,ishaan.kulkarni.3491@example.in,Chennai,2024-01-26,support
K000631,C002368,Kavya Jain,9909012366,kavya.jain.2368@example.in,Bhopal,2023-11-11,crm
K000632,C003985,Ishita Iyer,7732655322,ishita.iyer.3985@example.in,Jaipur,2024-10-16,support
K000633,C005863,Kvya Joshi,9788621570,kavya.joshi.3526@example.in,Hyderabad,2023-04-15,branch
K000634,C001348,Rohan Roy,7516223349,rohan.roy.1348@example.in,Jaipur,2025-09-30,marketing
K000635,C004477,Pranav Bose,6551616456,pranav.bose.4477@example.in,Chennai,2023-11-21,marketing
K000636,C002540,Pooja Jin,8909621205,pooja.jain.2540@example.in,Pune,2023-03-06,support
K000637,C005665,S. Nair,8009433116,sneha.nair.1945@example.in,Bengaluru,2023-12-23,crm
K000638,C002781,Priya Menon,8029672212,priya.menon.2781@example.in,Delhi,2025-06-26,marketing
K000639,C002916,Pooja Gupta,6125620068,POOJA.GUPTA.2916@EXAMPLE.IN,Mumbai,2023-08-09,support
K000640,C002679,Pooja Bose, 85480-51730 ,pooja.bose.2679@example.in,Bengaluru,2025-08-15,branch
K000641,C003275,Kavya Singh,9672737104,kavya.singh.3275@example.in,Lucknow,2023-01-15,support
K000642,C003662,Sneha Sinha,+91 98734 55861,sneha.sinha.3662@example.in, Ahmedabad ,2025-01-19,branch
K000643,C002868,Shreya Subramanian,(857) 936-8477,shreya.subramanian.2868@example.in,Kolkata ,2025-06-29,branch
K000644,C004183,Aarav Rao,6627060319,aarav.rao.4183@example.in,Pune,2023-07-08,support
K000645,C005122,Kabir Rao,6657430966,kabir.rao.5122@example.in,Ahmedabad,2025-06-02,marketing
K000646,C005356,Nikhil Mehta,8688315526,nikhil.mehta.5356@example.in,Kolkata,2023-02-25,branch
K000647,C000984,Shreya Verma, 95655-56575 ,shreya.verma.0984@example.in,Bengaluru,2024-07-17,marketing
K000648,C001516,Saanvi Banerjee,9255477193,saanvi.banerjee.1516@example.in,Bhopal,2024-10-26,branch
K000649,C003014,Arjun Sinha,7834489928,arjun.sinha.3014@example.in,Hyderabad,2024-06-11,marketing
K000650,C003948,Aditya Singh,7600832872,aditya.singh.3948@example.in,Dilli,2025-08-22,branch
K000651,C005088,Mira Subramanian,7754911742,mira.subramanian.5088@example.in,Ahmedabad,2023-02-08,marketing
K000652,C000033,Mera Nair,9330429819,meera.nair.0033@example.in,Delhi,2024-04-17,branch
K000653,C002584,Zoya Banerjee,9182332622,zoya.banerjee.2584@example.in,Kochi,2023-06-23,marketing
K000654,C001763,Aditi Desai,91-820-225-9843,aditi.desai.1763@example.in,Ahmedabad,2024-07-14,support
K000655,C001294,Nisha Subramanian,7030908451,nisha.subramanin.1294@example.in,Kolkata,2023-01-01,crm
K000656,C002551,Aarav Verma,8739222851,aarav.verma.2551@example.in,Kochi,2025-10-15,marketing
K000657,C000584,Aarav I.,6174123916,aarav.iyer.0584@example.in,Bhopal,2023-02-08,crm
K000658,C002218,  aditi   menon  , 66313-62859 ,aditi.menon.2218@example.in,Delhi,2024-11-05,support
K000659,C001196,Aditya Mishra,+91 99013 35957,aditya.mishra.1196@example.in,Mumbai,2024-07-31,support
K000660,C003720,Nikhil Gupta,6059686436,nikhil.gupta.3720@example.in,Pune,2023-10-03,branch
K000661,C001625,Aditi Mishra,6156149535,aditi.mishra.1625@example.in, Pune ,2025-03-25,support
K000662,C001377,Mira Subramanian,(985) 628-1932,mira.subramanian.1377@example.in,Chennai ,2024-04-02,marketing
K000663,C005056,ISHAAN RAO,91-860-396-1919,ishaan.rao.5056@example.in, Kochi ,2025-11-03,support
K000664,C006179,Aanya Sinha,91-926-657-4072,ananya.sinha.5545@example.in,Kochi,2024-06-26,marketing
K000665,C000780,Vikram Nair,8214405163,vikram.nair.0780@example.in,Kochi,2025-04-23,support
K000666,C001140,Kavya Kapoor,7879120546,kavya.kapoor.1140@example.in,Pune,2025-08-03,crm
K000667,C003442,Arjun Tiwai,7938678009,arjun.tiwari.3442@example.in,Ahmedabad,2025-12-14,marketing
K000668,C001152,Priya Menon,91-688-818-4526,priya.menon.1152@example.in,Chennai,2023-12-21,marketing
K000669,C004443,Aditya Chandra,8003601792,aditya.chandra.4443@example.in,Chennai ,2023-01-10,branch
K000670,C005452,Aarav Agarwal,7068626856,aarav.agarwal.5452@example.in,MUMBAI,2025-10-23,support
K000671,C002942,Krishna Das,6612996135,krishna.das.2942@example.in,Hyderabad,2025-12-21,marketing
K000672,C004971,Arjun Agarwal, 94225-75193 ,arjun.agarwal.4971@example.in,Kolkata,2023-03-31,support
K000673,C001832,NISHA NAIR,6590842529,nisha.nair.1832@example.in,Hyderbad,2023-01-20,support
K000674,C002741,Arjun Nair,7154942878,arjun.nair.2741@example.in,Hyderabad,2025-09-05,crm
K000675,C000340,Rhea Kapoor,7303598249,, Bhopal ,2024-11-26,branch
K000676,C001398,Priya Mishra,7416627382,priya.mishra.1398@example.in,Mumbai,2024-12-20,marketing
K000677,C001457,Zoya Mishra,7714625136,zoya.mishra.1457@example.in,Chennai,2025-08-28,support
K000678,C000428,Ishita Subramanian,(648) 826-8731,ishita.subramanian.0428@example.in,Hyderabad,2024-07-13,branch
K000679,C004754,Aditya Iyer,9291721555,aditya.iyer.4754@example.in,Delhi,2025-05-01,branch
K000680,C003094,A. Das,6165748151,aditya.das.3094@example.in,Bengaluru,2023-11-17,branch
K000681,C004834,Saanvi Banerjee,8921905562,saanvi.banerjee.4834@example.in,Delhi,2023-06-06,crm
K000682,C004966,Aarav Mukherjee,8813079643,aarav.mukherjee.4966@example.in,Mumbai,2023-01-30,marketing
K000683,C005137,Varun Iyer,+91 80158 23919,varun.iyer.5137@example.in,Ahmedabad,2025-11-21,marketing
K000684,C001306,Zoya Joshi,9179623759,zoya.joshi.1306@example.in,Kolkata,2024-05-17,branch
K000685,C001379,Akshay Jain,,akshay.jain.1379@example.in,Mumbai,2025-11-13,branch
K000686,C004441,Rhea Das,8022188321,rhea.das.4441@example.in,Lucknow,2023-08-02,branch
K000687,C003312,Sanjay Desai,9735773105,sanjay.desai.3312@example.in,Mumbai,2024-03-01,support
K000688,C000484,Sneha Iyer,9676642628,sneha.iyer.0484@example.in,Lucknow,2023-10-19,support
K000689,C001303,Ishaan Khan,8536064144,ishaan.khan.1303@example.in,Pune,2024-02-15,support
K000690,C001363,Anika Sharma,91-793-387-9832,anika.sharma.1363@example.in,Pune,2024-11-24,marketing
K000691,C005246,Ishaan Kapoor,7492585058,ishaan.kapoor.5246@example.in,Lucknow,2025-11-10,marketing
K000692,C005712,Kaya M.,,kavya.mishra.0534@example.in,Ahmedabad,2025-04-15,branch
K000693,C004213,Saanvi Joshi,8521478003,saanvi.joshi.4213@example.in,DELHI,2025-08-18,crm
K000694,C003537,SHREYA VERMA,7133463312,shreya.verma.3537@example.in,Kochi,2023-02-25,crm
K000695,C000052,Shreya Tiwari,(832) 668-2847,shreya.tiwari.0052@example.in,Bengaluru,2024-10-07,branch
K000696,C005158,Mira Agarwal,9573714292,mira.agarwal.5158@example.in,Jaipur,2024-11-01,support
K000697,C003844,Kavya Reddy,6086662187,kavya.reddy.3844@example.in,Ahmedabad,2024-03-06,support
K000698,C005369,Tanvi Subramanian,8630182669,tanvisubramanian5369@example.in,Hyderabad,2024-02-23,support
K000699,C001534,Ishaan Mehta,7915244830,ishaan.mehta.1534@example.in,Hyderbad,2023-09-04,marketing
K000700,C004137,Pranav Menon,7114841038,pranav.menon.4137@example.in,Chennai,2025-02-12,marketing
K000701,C003202,Meera Sen,6212768392,meera.sen.3202@example.in,Lucknow,2024-05-20,support
K000702,C005332,Aditya Sinha,7225479264,aditya.sinha.5332@example.in,Kolkata,2025-12-14,crm
K000703,C000804,Diya Mishra,,diya.mishra.0804@example.in,Jaipur,2023-12-06,marketing
K000704,C001951,Saanvi Banerjee,7689960773,saanvi.banerjee.1951@example.in,Mumbai,2023-08-12,branch
K000705,C006032,K. Nair,7324936343,kabirnair1193@example.in,Pune,2024-05-24,marketing
K000706,C002896,Nisha Nair,6602259646,nisha.nair.2896@example.in,Ahmedabad,2023-06-13,crm
K000707,C006198,diya chandra,6199937644,diya.chandra.1590@example.in,Ahmedabad,2025-02-04,support
K000708,C005590,Sneha B.,8576307888,sneha.banerjee.5590@example.in,Delhi,2023-01-14,support
K000709,C005572,Zoya Nair,6371674929,zoya.nair.5572@example.in,Bangalore,2023-10-23,support
K000710,C002698,Saanvi Roy,9525983571,saanvi.roy.2698@example.in,Bombay,2025-05-02,support
K000711,C004470,Kabir Kapoor, 74556-45898 ,kabir.kapoor.4470@example.in,Pune,2023-12-19,branch
K000712,C_CONTACT_BAD_002,Priya Nair,7411130866,priya.nair.0941@example.in,Ahmedabad,2024-09-12,crm
K000713,C000648,NIKHIL SHARMA,7643403083,nikhil.sharma.0648@example.in,Ahmedabad,2024-09-16,crm
K000714,C002862,Rohan Menon,7113274300,rohan.menon.2862@example.in,Mumbai,2024-10-19,support
K000715,C000172,Ishaan Sinha,8108459686, ishaan.sinha.0172@example.in ,Kochi,2023-12-04,crm
K000716,C001627,Ananya Menon,(892) 853-1151,ananya.menon.1627@example.in,Jaipur,2024-08-07,crm
K000717,C005989,vikram tiwari,6645329624,vikramtiwari3431@example.in,Ahmedabad,2025-09-13,marketing
K000718,C000949,Kabir Agarwal,7042357338,KABIR.AGARWAL.0949@EXAMPLE.IN,Jaipur,2023-03-01,marketing
K000719,C002416,Akshay Desai,91-606-752-0049,akshay.desai.2416@example.in,Pune,2025-01-13,crm
K000720,C005887,Varun R.,6836628586,varun.roy.1143@example.in,Lucknow,2024-06-09,support
K000721,C005905,Anka Menon,6736366569,anika.mnon.5423@example.in, Lucknow ,2025-09-21,support
K000722,C000008,Sanjay Jain,6042232912,sanjay.jain.0008@example.in,Kolkata,2024-02-02,support
K000723,C003311,Aditi Jain,7504476856,aditi.jain.3311@example.in,Kolkata ,2023-01-21,branch
K000724,C005259,Diya N., 68283-28383 ,diya.nair.5259@example.in,Kolkata,2024-04-29,support
K000725,C005074,Ishan Patel,6569168828,ishaan.patel.5074@example.in,Lucknow,2023-03-05,marketing
K000726,C006211,S. Desai,9400315957,,Pune,2023-08-14,branch
K000727,C003576,Zoya Khan,6334931708,zoya.khan.3576@example.in,Chennai,2025-07-30,crm
K000728,C004543,Sanjay Joshi,8340392074,sanjay.joshi.4543@example.in,Kochi,2023-04-26,marketing
K000729,C004358,Rahul Sinha,9284054299,rahulsinha4358@example.in,Mumbai,2025-11-08,marketing
K000730,C001362,Mira Banerjee,9696916844,mira.baerjee.1362@example.in, Bangalore ,2023-02-01,marketing
K000731,C002977,Saanvi Kulkarni,7965086895,saanvi.kulkarni.2977@example.in,Ahmedabad,2024-04-04,branch
K000732,C005158,Mira Agarwal,9573714292,mira.agarwal.5158@example.in,Jaipur,2023-02-09,branch
K000733,C000226,Ishta Shah,9564102610,ishita.shah.0226@example.in,Delhi,2024-02-25,marketing
K000734,C000668,Priya Patel,8378902733,priya.patel.0668@example.in,Bengaluru,2024-01-20,crm
K000735,C004488,Anika Tiwari,8009161178,anika.tiwari.4488@example.in,Chennai,2025-03-07,support
K000736,C005489,Varun Sen,7234245977,varun.sen.5489@example.in,Mumbai,2023-09-21,crm
K000737,C000951,Aditya Patel,9314114600,aditya.patel.0951@example.in,Chennai,2023-03-01,branch
K000738,C003494,Nikhil Khan,6182647382,nikhil.khan.3494@example.in,Kochi,2023-03-24,support
K000739,C000700,Aarav Sngh,(610) 501-8581,aarav.singh.0700@example.in,Lucknow,2023-02-27,branch
K000740,C004096,Sahil Mukherjee,6691535821,sahil.mukherjee.4096@example.in,Hyderabad,2023-11-08,crm
K000741,C001702,Priya Mishra,8287115817,priya.mishra.1702@example.in,Kolkata,2025-09-13,support
K000742,C000758,Mira Khan,8179181849,mira.khan.0758@example.in,Bhopal,2025-06-26,marketing
K000743,C001054,Sahil Chandra, 61837-76907 ,sahil.chandra.1054@example.in,Lucknow,2025-02-14,marketing
K000744,C000342,Diya Subramanian,8343688283,diya.subramanian.0342@example.in,Ahmedabad,2024-11-05,support
K000745,C000090,Rhea Rao,8289342758, rhea.rao.0090@example.in ,Kolkata,2024-05-31,crm
K000746,C006110,Tavi Roy,6759841642,tanvi.roy.1097@example.in,Chennai,2025-01-15,branch
K000747,C002338,Anika Chandra,9996390627,,Delhi,2025-01-09,crm
K000748,C005687,mira banerje,9105028524,mira.anerjee.2314@example.in,Kochi,2023-01-31,branch
K000749,C000202,Ananya Reddy,8759533808,ananya.reddy.0202@example.in,Bengaluru,2023-06-30,crm
K000750,C005905,Anka M.,6736366569,anika.mnon.5423@example.in,Lucknow,2025-02-20,marketing
K000751,C002909,M. Verma,91-713-753-5383,mira.verma.2909@example.in,Bhopal,2025-06-29,support
K000752,C000075,ROHAN SUBRAMANIAN,7478939755,rohan.subramanian.0075@example.in,New Delhi,2024-08-28,crm
K000753,C005720,sneha bose,6928985309,sneha.bose.1473@example.in,Bengaluru,2025-09-09,branch
K000754,C000674,PRIYA ROY,9423842951,priya.roy.0674@example.in,Bhopal,2023-11-27,crm
K000755,C000606,Vikram Mehta,8462362622,VIKRAM.MEHTA.0606@EXAMPLE.IN,Kolkata,2025-01-25,branch
K000756,C004859,Tanvi Tiwari,9601055186,tanvi.tiwari.4859@example.in,Kolkata,2025-11-14,branch
K000757,C001958,Diya Kapoor,7438048821,diya.kapoor.1958@example.in,Kolkata,2025-05-03,marketing
K000758,C004825,Aditi Chandra,9247937343,aditi.chandra.4825@example.in,Kolkata,2023-10-15,branch
K000759,C004808,Vikram Iyer,9489027731,vikram.iyer.4808@example.in,Lucknow,2024-05-07,branch
K000760,C000968,Kavya Das,8262821878,KAVYA.DAS.0968@EXAMPLE.IN,Chennai,2025-07-06,crm
K000761,C002888,Akshay Mukherjee,9695501943,akshay.mukherjee.2888@example.in,Kochi,2023-08-11,branch
K000762,C001249,Mira Khan,9661050046,mira.khan.1249@example.in,Pune,2023-09-04,marketing
K000763,C004144,Varun Chanra,+91 82902 84549,varun.chandra.4144@example.in,MUMBAI,2023-05-12,crm
K000764,C004431,Akshay Joshi,,akshay.joshi.4431@example.in,Chennai,2024-01-24,branch
K000765,C001563,Saanvi Mehta,91-710-372-6711,saanvi.mehta.1563@example.in,Hyderabad,2024-04-14,support
K000766,C001022,Akshay Banerjee,,akshay.banerjee.1022@example.in,Kolkata,2023-11-29,crm
K000767,C001027,Varun Sen,9644371291,varun.sen.1027@example.in,Lucknow,2025-05-11,crm
K000768,C002667,Sanjay Nair,9635783833,sanjay.nair.2667@example.in,JAIPUR,2025-03-21,marketing
K000769,C006193,Saanvi Sigh,6600123769,saanvi.sigh.0953@example.in,Kochi,2025-05-26,crm
K000770,C001375,Ishaan Roy,8600917176,ISHAAN.ROY.1375@EXAMPLE.IN,Pune,2025-09-27,crm
K000771,C001129,Saanvi Nair,91-651-627-6380,saanvi.nair.1129@example.in,Kolkata,2024-08-01,branch
K000772,C004673,Kabr Mishra,+91 73306 04582,kabir.mishra.4673@example.in,Hyd,2023-03-11,crm
K000773,C001908,Tanvi Sinha,7495073914,tanvi.sinha.1908@example.in,MUMBAI,2023-02-26,support
K000774,C003746,Varun Menon,9011779821,varun.meon.3746@example.in,Bengaluru,2025-11-25,branch
K000775,C004704,Rohan Bose,8073107868,rohan.bose.4704@example.in,Jaipur,2023-01-23,crm
K000776,C002406,Ananya Patel,7639435672,ananya.patel.2406@example.in,Hyderabad,2023-10-25,crm
K000777,C005633,V. Singh,9734568597,vikram.singh.5494@example.in,Bhopal,2024-07-21,branch
K000778,C002822,Vikram Bose,8352494652,vikram.bose.2822@example.in,Mumbai,2025-01-22,crm
K000779,C001522,Pooja Vrma,9890124070,pooja.verma.1522@example.in,Chennai,2025-04-07,crm
K000780,C000174,Sanjy Menon,,sanjay.menon.0174@example.in,CHENNAI,2025-10-27,crm
K000781,C002523,Rohan R.,8865507860,rohanreddy2523@example.in,Bengaluru,2024-02-20,branch
K000782,C004961,Sneha Johi,9009812715,sneha.joshi.4961@example.in,Mumbai,2025-11-13,branch
K000783,C002704,Pooja Candra,7136533442,pooja.chandra.2704@example.in,Bhopal,2023-08-31,marketing
K000784,C000128,Vikram Agarwal,9995648486, vikram.agarwal.0128@example.in ,Kochi,2024-06-21,support
K000785,C004820,Arjun Verma,8608457189,arjun.verma.4820@example.in,Kolkata,2023-03-14,crm
K000786,C004826,Pranav Iyer,6411362819,pranav.iyer.4826@example.in,Pune,2025-12-28,branch
K000787,C002823,Ananya Agarwal,,ananya.agarwal.2823@example.in,Chennai,2025-09-22,marketing
K000788,C002174,  shreya   chandra  ,8442959767,shreya.chandra.2174@example.in,Delhi,2023-10-20,support
K000789,C005154,Nikhil Mukherjee,7721738234,nikhil.mukherjee.5154@example.in,Jaipur,2025-12-01,support
K000790,C004581,Sneha Menon,8601462535,sneha.menon.4581@example.in,Delhi,2024-03-23,crm
K000791,C003710,Varun Kapoor,91-668-824-0365,varu.kapoor.3710@example.in,Chennai,2023-01-27,support
K000792,C001030,Akshay Gupta,6349278267,akshay.gupta.1030@example.in,Hyderabad,2024-01-10,marketing
K000793,C000009,Arjun Singh,8574207270,arjun.singh.0009@example.in,Bhopal,2023-04-13,marketing
K000794,C000813,Arjun Sen,8119297865,arjun.sen.0813@example.in,Lucknow,2023-08-17,crm
K000795,C004285,Rahul Kapoor,8844169173,rahul.kapoor.4285@example.in,Pune,2025-01-28,crm
K000796,C004553,ROHAN MUKHERJEE,8998880871,rohan.mukherjee.4553@example.in,Bhopal,2024-10-23,marketing
K000797,C002026,  sneha   subramanian  ,7888481744,,Jaipur,2025-04-01,crm
K000798,C001447,ADITI ROY,7699753644,aditi.roy.1447@example.in,Kochi,2023-01-04,marketing
K000799,C003851,Krishna Sharma,8512201269,krishna.sharma.3851@example.in, Jaipur ,2025-01-15,support
K000800,C000941,Priya Nair,+91 74111 30866,priya.nair.0941@example.in,Ahmedabad,2024-09-10,branch
K000801,C002714,Arjun Mishra,6642261906,arjun.mishra.2714@example.in,Jaipur,2024-12-31,crm
K000802,C004873,Ishaan Tiwari,6793002275,ishaan.tiwari.4873@example.in,Kochi,2023-12-30,marketing
K000803,C006256,kavya singh,6436294345,kavya.singh.0063@example.in,Mumbai,2024-05-13,crm
K000804,C004390,Diya Reddy,9629863312,diya.reddy.4390@example.in,Kolkata,2025-12-05,branch
K000805,C005717,TANVI TIWARI,9601055186,tanvi.tiari.4859@example.in,Kolkata,2024-01-01,branch
K000806,C004801,Mira Mukherjee, 87553-69887 ,mira.mukherjee.4801@example.in,Jaipur,2023-04-22,crm
K000807,C005637,pooja jain,9778706111,pooja.jain.3949@example.in,Mumbai,2024-09-18,support
K000808,C003548,Krishna Sharma,9862158184,krishna.sharma.3548@example.in,Delhi,2024-07-22,marketing
K000809,C002631,Diya Tiwari,8037470688,DIYA.TIWARI.2631@EXAMPLE.IN,Hyderabad,2023-11-04,branch
K000810,C002506,Rohan Gupta,8257997386,rohan.gupta.2506@example.in,Bengaluru,2024-11-19,branch
K000811,C004111,Aditya Mishra,9743573286,aditya.mishra.4111@example.in,Hyderabad,2025-11-11,marketing
K000812,C002637,Adiya Mehta,8483918382,aditya.mehta.2637@example.in,Chennai,2025-05-15,crm
K000813,C003475,Ishia Jain,7095997642,ishita.jain.3475@example.in,Kochi,2025-02-06,branch
K000814,C002436,Sanjay Mehta,(634) 367-0463,sanjay.mehta.2436@example.in,Delhi,2025-11-12,crm
K000815,C000185,Kavya Mishra,91-624-799-8405,kavya.mishra.0185@example.in,Hyderabad,2025-11-05,branch
K000816,C006144,Raul Patel,6195347611,rahul.patel.2544@example.in,Mumbai,2023-08-14,support
K000817,C004089,Krishna Shah,8334594733,krishna.shah.4089@example.in,Kochi,2024-05-28,marketing
K000818,C001219,Rohan Tiwari,6603018162,rohan.tiwari.1219@example.in,Pune,2023-02-24,support
K000819,C004829,Ishaan Banerjee,8817844545,ISHAAN.BANERJEE.4829@EXAMPLE.IN,Pune,2024-09-25,support
K000820,C001088,Pranv Bose,6396146384,pranav.bose.1088@example.in,Chennai,2023-01-05,support
K000821,C004092,Sahil Tiwari,,sahil.tiwari.4092@example.in,Delhi,2024-07-25,support
K000822,C000501,Mira Rao,8440272857,mira.rao.0501@example.in,Chennai,2024-08-16,crm
K000823,C000547,  aditya   verma  ,7000625718,aditya.verma.0547@example.in,Lucknow,2024-07-18,branch
K000824,C004491,Kabir Menn,6051443955,,Pune,2023-10-12,crm
K000825,C004543,Sanjay Joshi,,sanjay.joshi.4543@example.in,Kochi,2023-02-04,crm
K000826,C000958,Ananya Banerjee,6614517924,ananya.banerjee.0958@example.in,Delhi,2025-07-16,crm
K000827,C001611,Varun Khan,9036882985,varun.khan.1611@example.in,Kochi,2023-07-23,branch
K000828,C002477,KAVYA PATEL,6765237742,kavya.patel.2477@example.in,Kolkata,2023-07-06,support
K000829,C002665,Ishaan Sen,6480661949,ishaan.sen.2665@example.in,Delhi,2025-04-06,crm
K000830,C005286,  sanjay   das  ,(605) 090-3638,sanjay.das.5286@example.in,Lucknow,2023-07-11,support
K000831,C001801,Aditya Bose,9568748280,aditya.bose.1801@example.in,Lucknow,2025-03-21,marketing
K000832,C005748,Anaya Patel, 72170-47892 ,ananyapatel2129@example.in,Bengaluru,2023-11-16,support
K000833,C002232,Shreya Bose,,shreya.bose.2232@example.in,Mumbai,2024-01-06,crm
K000834,C000649,Rohan Mishra,9915447313,rohan.mishra.0649@example.in,Mumbai,2023-10-25,crm
K000835,C004858,Pranav K.,9911245497,pranav.kulkarni.4858@example.in,Hyderabad,2025-05-12,support
K000836,C001547,Nisha Tiwari,7597626434,nisha.tiwari.1547@example.in,Kolkata,2025-03-02,marketing
K000837,C004127,Nisha M.,9793458593,nisha.mishra.4127@example.in,Delhi,2024-09-11,support
K000838,C000697,Sahil Menon,9323032138,sahil.menon.0697@example.in,KOLKATA,2024-06-27,branch
K000839,C005604,Arjun Jan,6495444030,arjunjain0047@example.in,Bhopal,2025-02-06,support
K000840,C001745,Nisha Rao, 89129-11027 ,nisha.rao.1745@example.in,Lucknow,2024-08-17,crm
K000841,C003508,Saanvi Banerjee,6470496103,saanvi.banerjee.3508@example.in,Lucknow,2024-05-12,marketing
K000842,C000830,N. Mukherjee,+91 80437 97787,nikhil.mukherjee.0830@example.in,Bhopal,2023-05-12,support
K000843,C002167,Zoya Sen,8294131454,zoya.sen.2167@example.in,Ahmedabad,2024-12-24,branch
K000844,C002834,Aditya Kulkarni,9552164326,aditya.kulkarni.2834@example.in,Kolkata,2025-10-09,crm
K000845,C002738,Sahil Mukherjee,6932813664,sahil.mukherjee.2738@example.in,Pune,2025-04-05,marketing
K000846,C003882,Sahil Chandra,7302328645,sahil.chandra.3882@example.in,Mumbai,2025-12-10,support
K000847,C003365,Kavya Iyer,8579814259,kavya.iyer.3365@example.in,Lucknow,2024-03-27,marketing
K000848,C001668,Ishita Rao,7652639439,ishita.rao.1668@example.in,Ahmedabad,2025-12-22,marketing
K000849,C005022,Shreya Kapoor,7580686035,shreya.kapoor.5022@example.in,Delhi,2023-09-01,support
K000850,C005481,Mira Singh,7305588953,mira.singh.5481@example.in,Bengaluru,2024-09-04,crm
K000851,C002691,Akshay Sen,(604) 567-7347,akshay.sen.2691@example.in,Chennai,2023-08-26,support
K000852,C005034,Tanvi Roy,7351140051,tanvi.roy.5034@example.in, Mumbai ,2025-11-05,marketing
K000853,C001853,Rohan Banerjee,8228077038,rohan.banerjee.1853@example.in,Bhopal,2023-11-20,support
K000854,C001308,Ishaan Bose,+91 87992 30481,ishaan.bose.1308@example.in,Kolkata ,2024-04-04,support
K000855,C004675,Sanjay Sharma,8580782334,sanjay.sharma.4675@example.in,Ahmedabad,2023-11-09,branch
K000856,C001749,Vikram Banerjee,(971) 459-6936,vikram.banerjee.1749@example.in,Puna,2023-06-16,branch
K000857,C004331,Sahil Gupta,9579565079,sahil.gupta.4331@example.in,Ahmedabad,2025-02-10,support
K000858,C000800,Aarav Roy,9337095533,aarav.roy.0800@example.in,Mumbai,2023-06-28,branch
K000859,C003648,Aditya Chandra,,aditya.chandra.3648@example.in,Kochi,2023-05-06,support
K000860,C005532,Varun Sen,6895377500,varun.sen.5532@example.in,Bhopal,2024-01-06,marketing
K000861,C000591,Rohan Joshi,6668486626,rohan.joshi.0591@example.in,Mumbai,2024-04-17,support
K000862,C002389,Meera Roy,6734534230,meera.roy.2389@example.in,Delhi,2023-11-26,crm
K000863,C005500,Sanjay Bose,9505884963,sanjay.bose.5500@example.in,Ahmedabad,2024-08-21,marketing
K000864,C004831,Anika Sinha,9346220385,anika.sinha.4831@example.in,Mumbai,2024-03-31,support
K000865,C005437,Anika Sinha,6316839676,anika.sinha.5437@example.in,Lucknow,2025-10-20,marketing
K000866,C005022,Shreya Kapoor,7580686035,shreya.kapoor.5022@example.in,Delhi,2023-01-02,branch
K000867,C004148,Priya Mehta,9463467077,priya.mehta.4148@example.in,Bengaluru,2023-09-09,branch
K000868,C001637,Ishaan Rao,7786830498,ishaan.rao.1637@example.in,Kolkata,2024-03-03,marketing
K000869,C000947,Rohan Khan,7160909689,rohan.khan.0947@example.in,Kolkatta,2023-09-21,marketing
K000870,C000753,Sneha Verma,,SNEHA.VERMA.0753@EXAMPLE.IN,Hyderabad,2025-03-22,branch
K000871,C001265,  zoya   sinha  ,(799) 464-9490,zoya.sinha.1265@example.in,Jaypur,2025-12-04,marketing
K000872,C001008,Diya Mehta,6603961226,diya.mehta.1008@example.in,Chennai,2023-08-02,branch
K000873,C003213,Sneha Desai,8334696143,sneha.desai.3213@example.in,Lucknow,2024-04-09,support
K000874,C002651,Diya Reddy,+91 61498 51275,diya.reddy.2651@example.in,Mumbai,2023-08-15,marketing
K000875,C003905,Krishna Nair, 65138-34283 ,krishna.nair.3905@example.in,Bhopal,2024-02-02,branch
K000876,C004944,Zoya Desai,91-828-287-9776,zoya.desai.4944@example.in,Hyderabad,2024-06-11,branch
K000877,C005571,Kavya Reddy,6939027414,kavya.reddy.5571@example.in,Ahmedabad,2025-07-06,support
K000878,C005995,A. Tiwari,9705178181,anika.tiwari.112@example.in,Kochi,2023-08-30,marketing
K000879,C000778,Anika Patel,7239096632,anika.patel.0778@example.in,Delhi,2025-02-03,branch
K000880,C003209,Aditya Kapoor,9997594245,aditya.kapoor.3209@example.in,Jaipur,2023-06-28,support
K000881,C002066,  rahul   menon  ,7914438109,rahul.menon.2066@example.in,Pune,2024-12-08,branch
K000882,C006109,Saanvi J.,7331893323,saanvi.jshi.0057@example.in,Mumbai,2025-02-15,marketing
K000883,C001112,Kabir Kulkarni,8234250703,kabir.kulkarni.112@example.in,Jaipur,2023-08-07,crm
K000884,C001974,Ananya Desai,9161478586,ananya.desai.1974@example.in,Kochi,2024-04-28,branch
K000885,C002727,T. Patel,8265912155,tanvi.patel.2727@example.in,Chennai,2025-04-06,marketing
K000886,C001971,ARJUN IYER,7692835382,arjun.iyer.1971@example.in,Mumbai,2024-04-26,crm
K000887,C000110,Pooja Rao,6263345882,pooja.rao.0110@example.in,Poona,2023-10-14,crm
K000888,C000754,Sahil Roy,8795118768,sahil.roy.0754@example.in,Chennai,2023-03-02,branch
K000889,C002633,Ananya Joshi,7752268788,anaya.joshi.2633@example.in,Bhopal,2025-11-08,support
K000890,C001843,Akshay Chandra,7284908166,akshay.chandra.1843@example.in,Lucknow,2023-03-12,branch
K000891,C004301,Varun Sen,91-915-044-6726,varun.sen.4301@example.in,Kochi,2025-05-13,branch
K000892,C002283,Aditya Sinha,91-647-832-1492,aditya.sinha.2283@example.in,Puna,2025-01-05,branch
K000893,C000123,Rhea Rao,9259243319,rhea.rao.0123@example.in,Pune,2024-08-27,support
K000894,C005955,S. I.,8264717921,SAHIL.IYER.723@EXAMPLE.IN,Pune,2025-05-18,crm
K000895,C003321,Zoya Verma,9718407942,zoya.verma.3321@example.in,Mumbai,2024-08-27,crm
K000896,C006183,Rahul Pal,6017455201,rahulpatel0948@example.in,Chennai,2024-03-14,marketing
K000897,C003686,Kabir Sinha,7808104220,kabir.sinha.3686@example.in,Bengaluru,2023-12-23,crm
K000898,C002843,Akshay Misha,7320573869,akshay.mishra.2843@example.in,Kochi,2023-01-29,crm
K000899,C001117,Aditi Chandra,91-669-961-2133,aditi.chandra.1117@example.in,Bengaluru,2025-10-20,support
K000900,C001010,Mira Kulkarni,7671417707, mira.kulkarni.1010@example.in ,Mumbai,2023-12-23,support
K000901,C001188,Arjun Das,9752760710,arjun.das.1188@example.in,KOLKATA,2023-02-18,marketing
K000902,C001169,Rohan G.,+91 67770 68397,rohan.gupta.1169@example.in,Hyderabad,2024-05-25,support
K000903,C005451,Ishita Roy,6849256434,ishita.roy.5451@example.in,Pune,2023-05-28,branch
K000904,C003283,Nikhil Mishra,8206394884,nikhil.mishra.3283@example.in,Bhopal,2023-04-10,support
K000905,C003383,Pranav Sen,8988745973,pranav.sen.3383@example.in,Ahmedabad,2025-08-01,support
K000906,C004829,Ishaan Banerjee,(881) 784-4545,ishaan.banerjee.4829@example.in,Pune,2024-08-06,crm
K000907,C004336,Pooja Joshi,9421265318,pooa.joshi.4336@example.in,Kochi,2023-10-18,marketing
K000908,C000084,Kavya Subramanian,6362140969,kavya.subramanian.0084@example.in,Bhopal,2023-07-13,crm
K000909,C001637,Ishaan Rao,7786830498,isaan.rao.1637@example.in,Kolkata ,2025-08-24,marketing
K000910,C005323,Sneha Joshi,6298865104,sneha.joshi.5323@example.in,Lucknow,2025-05-14,marketing
K000911,C001370,Ishita Agarwal,9465310932,ishita.agarwal.1370@example.in,Chennai,2024-04-14,support
K000912,C002007,Aarav Sinha,7875426705,aarav.sinha.2007@example.in,Bhopal,2023-03-23,branch
K000913,C001408,Saanvi Desai,7584981128,saanvi.desai.1408@example.in,Ahmedabad,2023-06-09,support
K000914,C000351,Aarav Roy,9410210819,AARAV.ROY.0351@EXAMPLE.IN,Bengaluru,2023-05-25,support
K000915,C000565,Kavya Joshi,,kavya.joshi.0565@example.in,Kochi,2024-07-23,marketing
K000916,C002153,S. Desai,7826152282,sahil.desai.2153@example.in,Bhopal,2024-01-13,crm
K000917,C002596,Sahil Sen,8065886941,sahil.sen.2596@example.in,Delhi,2023-10-21,support
K000918,C004492,Rahul Agarwal, 88962-45086 ,rahul.agarwal.4492@example.in,Mumbai,2025-08-12,branch
K000919,C001398,Priya M.,7416627382,priya.mishra.1398@example.in, Mumbai ,2023-01-09,support
K000920,C003546,Saanvi Rddy,(822) 867-5811,,Jaipur,2025-12-02,branch
K000921,C000558,Akshay Singh,6594608383,akshay.singh.0558@example.in,Chennai,2023-10-31,marketing
K000922,C006230,Rohan R.,7072347441,rohanreddy4983@example.in,Lucknow,2023-05-25,support
K000923,C000403,Varun Das,6505774389,varun.das.0403@example.in,Kolkata,2023-01-04,crm
K000924,C001781,  shreya   roy  , 63755-57846 ,shreya.roy.1781@example.in,Delhi,2024-12-14,branch
K000925,C002744,Mira Rao,9660550752,mira.rao.2744@example.in,Mumbai,2024-07-11,crm
K000926,C005153,Aditya Tiwari,91-638-362-6155,aditya.tiwari.5153@example.in,Delhi,2025-08-19,crm
K000927,C004352,  arjun   bose  ,7310803808,arjun.bose.4352@example.in,Delhi,2025-10-07,branch
K000928,C000681,Ishita Kulkarni,7426463045,ishita.kulkarni.0681@example.in,Jaipur,2023-08-27,marketing
K000929,C005232,Nikhil Verma,8587871126,nikhil.verma.5232@example.in,Bengaluru,2025-07-16,crm
K000930,C005090,  varun   sen  ,6540235248,varun.sen.5090@example.in,Mumbai,2023-07-20,marketing
K000931,C002141,Nikhil Agarwal,9609129088,nikhil.agarwal.2141@example.in,Bhopal,2024-07-09,marketing
K000932,C000750,Tanvi Jain,7224811469,tanvi.jain.0750@example.in,Delhi,2025-11-21,marketing
K000933,C001802,Rahul Roy,7908618002,rahul.roy.1802@example.in,Bengaluru,2024-12-21,marketing
K000934,C003106,Diya Mehta,9611702335,diya.mehta.3106@example.in,Kochi,2023-08-20,support
K000935,C003141,Zoya Sharma,6328982756,zoya.sharma.3141@example.in,Kochi,2023-09-02,support
K000936,C005845,SAHIL IYER,9800006063,sahil.iyer.4764@example.in,Bhopal,2025-04-15,branch
K000937,C000586,Nisha Mukherjee,,nisha.mukherjee.0586@example.in, Bangalore ,2024-04-26,marketing
K000938,C004387,Nisha Patel,8704359178,nisha.patel.4387@example.in,Ahmedabad,2023-02-09,marketing
K000939,C004395,Ananya Sharma,9217249127,ananya.sharma.4395@example.in,Lucknow,2025-12-17,crm
K000940,C002886,Tanvi Kulkarni,6035991395,tanvi.kulkarni.2886@example.in,Lucknow,2024-12-07,marketing
K000941,C005796,Aditya Siha,7828935324, aditya.sinha.0257@example.in ,Kochi,2024-03-06,marketing
K000942,C005346,Ananya Iyer,9496200362,,Bhopal,2024-03-23,crm
K000943,C004888,Ananya Nar,91-880-226-8438,ananya.nair.4888@example.in,Mumbai,2024-02-07,support
K000944,C001830,Diya Joshi,6347761473,diya.joshi.1830@example.in,Bhopal,2023-04-09,marketing
K000945,C005368,K. Reddy,9615768349,kabir.reddy.5368@example.in,Chennai,2024-12-09,branch
K000946,C005563,Mira Shah,6773334625,mira.shah.5563@example.in,Bengaluru,2023-01-28,support
K000947,C002067,Priya Banerjee,7144536885,priya.banerjee.2067@example.in,Hyderabad,2024-06-20,branch
K000948,C002734,Rohan Mishra,,,Ahmedabad,2024-05-27,support
K000949,C001789,Shreya Bose,9108527441,shreya.bose.1789@example.in,BENGALURU,2025-10-16,crm
K000950,C005172,Ishita K., 84964-37140 , ishita.khan.5172@example.in ,Bhopal,2023-09-04,branch
K000951,C000345,Tanvi Verma,6060292367,tanvi.verma.0345@example.in,Mumbai,2024-01-14,support
K000952,C001479,Rohan Boe,9210862799,rohan.bose.1479@example.in,Chennai,2024-06-22,support
K000953,C004443,Aditya Chandra,8003601792,aditya.chandra.4443@example.in,Chennai,2025-05-15,crm
K000954,C000071,Rhea Iyer,,rhea.iyer.0071@example.in,Poona,2024-01-14,support
K000955,C004708,Sanjay Verma,7259622032,sanjay.verma.4708@example.in,Mumbai,2024-10-31,branch
K000956,C005004,Vikram Mishra,6013705361,vikram.mishra.5004@example.in,Bhopal,2024-11-24,crm
K000957,C002858,Shreya Bose,6277638350,shreya.bose.2858@example.in,Jaipur,2023-02-03,marketing
K000958,C004168,Kava Khan,8557905206,kavya.khan.4168@example.in,Hyderabad,2023-01-18,support
K000959,C004811,T. Sharma,8182089626,tanvi.sharma.4811@example.in,Bhopal,2025-07-11,branch
K000960,C001919,Rahul M.,9338805596,rahul.mukherjee.1919@example.in,Mumbay,2024-08-22,support
K000961,C000867,Vikram Mukherjee,9129994333,vikram.mukherjee.0867@example.in,Lucknow,2025-05-16,branch
K000962,C002991,Rhea Desai,9761107589,rhea.desai.2991@example.in,Delhi,2023-08-07,marketing
K000963,C002925,Aditi Jain,8831972425,aditi.jain.2925@example.in,Chennai,2023-04-18,branch
K000964,C002862,Rohan Menon,91-711-327-4300,rohan.menon.2862@example.in,Mumbai,2023-10-13,support
K000965,C006204,KAVYA DAS,9573030100,kava.das.5193@example.in,Pune,2024-12-25,crm
K000966,C000252,Arjun Mehta,9289835164,arjun.mehta.0252@example.in,Hyderabad,2023-09-11,crm
K000967,C001992,Ananya Joshi,7146036648,ananya.joshi.1992@example.in,Lucknow,2025-05-12,branch
K000968,C002242,Anika Mukerjee, 67886-19334 ,anika.mukherjee.2242@example.in,Bengaluru,2023-08-30,support
K000969,C004401,Aarav Nair,7753394926,aarav.nair.4401@example.in,Delhi,2024-03-02,support
K000970,C000584,Aarav Iyer,6174123916, aarav.iyer.0584@example.in ,Bhopal,2023-02-18,marketing
K000971,C002896,Nisha Nair,6602259646,nisha.nair.2896@example.in,Ahmedabad,2023-05-14,branch
K000972,C002280,Tanvi Roy,7802439621,tanvi.roy.2280@example.in,Delhi,2025-12-22,branch
K000973,C000398,Pooja Tiwari,6474980261,pooja.tiwari.0398@example.in,Delhi,2023-09-16,branch
K000974,C001744,Rohan Agarwal,6138648584,rohan.agarwal.1744@example.in, Mumbai ,2024-10-29,support
K000975,C004574,Mira Banerjee,(922) 982-1240,mirabanerjee4574@example.in,Pune,2023-05-20,crm
K000976,C004609,Sahil Verma,9241481533,sahil.verma.4609@example.in,Hyderabad,2025-06-24,marketing
K000977,C004974,Vikram Sinha,6553603463,vikram.sinha.4974@example.in,Jaypur,2024-01-11,marketing
K000978,C000364,Kabir Iyer,,kabir.iyer.0364@example.in,Lucknow,2023-08-26,support
K000979,C003122,Sanjay Mehta,8315902400,sanjay.mehta.3122@example.in,Jaipur,2025-06-27,branch
K000980,C001725,Sneha Iyer,,sneha.iyer.1725@example.in,Mumbai,2024-02-20,marketing
K000981,C001217,Ishita Iyer,8295611334, ishita.iyer.1217@example.in ,Chennai,2023-03-10,support
K000982,C002049,Mira Rao,,mira.rao.2049@example.in,Mumbai,2023-03-11,support
K000983,C004375,Pooja Desai,7802366188,pooja.desai.4375@example.in,Bhopal,2024-12-14,support
K000984,C005308,Mira Khan,6295817928,mira.khan.5308@example.in,Kolkata ,2023-05-26,branch
K000985,C005389,Diya Khan,7648336285,dia.khan.5389@example.in,Hyderabad,2025-05-29,branch
K000986,C000167,Rohan Agarwal,6144391997,rohan.agarwal.0167@example.in,Jaipur,2024-05-09,crm
K000987,C004652,Priya Sharma,(841) 993-0764,priya.sharma.4652@example.in,Delhi,2025-06-12,branch
K000988,C005808,S. Sharma,6441172263,shreyasharma.2628@example.in,Bengaluru,2025-07-04,branch
K000989,C002499,Akshay Khan,7923317395, akshay.khan.2499@example.in ,Mumbai,2024-11-18,support
K000990,C001679,Arjun Chandra,+91 92241 32128,arjun.chandra.1679@example.in,Mumbai,2024-03-12,branch
K000991,C001943,Sneha Kapoor,8444207813,sneha.kapoor.1943@example.in,Chennai,2023-07-07,crm
K000992,C002982,Nikhil Agarwal,9554249751,nikhil.agarwal.2982@example.in,Delhi,2025-08-03,support
K000993,C003347,Aditi Mukherjee,7250600409,aditi.mukherjee.3347@example.in,Bengaluru,2024-05-25,crm
K000994,C006152,Shreya Redy,7853456518,shreya.reddy.5442@example.in,Ahmedabad,2023-11-30,branch
K000995,C002690,Ananya Nair,9557014685,ananya.nair.2690@example.in,Chennai,2023-09-26,marketing
K000996,C003792,Aika Sinha,+91 92594 85962,anika.sinha.3792@example.in,Kolkata,2025-10-23,marketing
K000997,C005624,R. Shah,7725241828,,Hyderabad,2024-09-21,support
K000998,C004564,Arjun Mehta,7023937285,arjun.mehta.4564@example.in,Bhopal,2025-01-23,crm
K000999,C005672,K. Shah,6936918512,kairshah0544@example.in,Jaipur,2025-01-28,crm
K001000,C005619,Rhan Reddy,7045783911,rohan.reddy.2537@example.in,Bhopal,2024-02-02,crm
K001001,C004255,K. Kulkarni,6799577434,krishna.kulkarni.4255@example.in,Kolkata,2023-10-25,crm
K001002,C003446,Nisa Bose,7290819732,nisha.bose.3446@example.in,Kolkata,2025-05-29,branch
K001003,C004328,Kabir Jain,91-780-889-4535,kabir.jain.4328@example.in,Lucknow,2025-03-01,support
K001004,C005372,Zoya S.,8625751170,zoya.singh.5372@example.in,Lakhnau,2024-11-23,support
K001005,C000935,Rohan Das,9870236370,rohan.das.0935@example.in,Kochi,2025-11-16,marketing
K001006,C005991,Vikram I.,7231681934,vikram.iyer.3868@example.in,Jaipur,2025-06-29,marketing
K001007,C002902,Saanvi Reddy,9039856369,saanvi.reddy.2902@example.in,Chennai,2023-01-26,marketing
K001008,C003314,Vikram Patel,9637710880,vikram.patel.3314@example.in,Bengluru,2024-02-26,crm
K001009,C003294,Akshay Menon,6647857914, akshay.menon.3294@example.in ,Bhopal,2024-11-19,marketing
K001010,C002106,AARAV SEN,91-950-333-5952,aarav.sen.2106@example.in,Kolkata,2024-04-08,marketing
K001011,C002231,Tanvi Desai,8236753860,tanvi.desai.2231@example.in,LUCKNOW,2023-10-10,support
K001012,C003853,Krishna Kapoor,,krishna.kapoor.3853@example.in,Chennai,2025-07-07,support
K001013,C001722,Pooja Khan,(892) 599-2060,pooja.khan.1722@example.in,Bengaluru,2024-07-18,branch
K001014,C005355,Mira Sinha,9940156125,mira.sinha.5355@example.in,Mumbai,2025-05-14,support
K001015,C005215,Ananya Shah,,ananya.shah.5215@example.in,Hyderabad,2023-06-13,support
K001016,C004590,Nisha Gupta,7067974100,nisha.gupta.4590@example.in,Chennai,2023-02-14,branch
K001017,C002098,Akshay Singh,9714939524,akshay.singh.2098@example.in,Delhi,2023-09-04,marketing
K001018,C001491,Pranav Gpta,91-949-344-9646,pranav.gupta.1491@example.in,Bengaluru,2025-04-30,branch
K001019,C002006,Shreya Kapoor,7103106285,shreya.kapoor.2006@example.in,Mumbai,2025-02-03,support
K001020,C004600,Rahul Mishra,6779098977,rahul.mishra.4600@example.in,Bhopal,2023-09-02,marketing
K001021,C006249,  anka   mukherjee  ,9380735494,anika.mukhrjee.4166@example.in,Bengaluru,2025-02-15,marketing
K001022,C000470,Aditi Khan,9389722326,,Mumbai,2025-09-10,support
K001023,C003338,  nikhil   singh  ,8116017097,nikhil.singh.3338@example.in,AHMEDABAD,2023-09-27,marketing
K001024,C006027,R. DAS,6242773737,rhea.das.2571@example.in,Bhopal,2023-03-23,support
K001025,C003206,Aarav Patel,7246980666, aarav.patel.3206@example.in ,Bengaluru,2023-11-17,marketing
K001026,C005777,SHREYA SEN,8854807830,shreya.sen.0628@example.in,Mumbai,2024-09-04,branch
K001027,C001208,Zoya Rao, 86667-71591 ,zoya.rao.1208@example.in,Lucknow,2024-05-06,branch
K001028,C003947,NIKHIL REDDY,6643679810,nikhil.reddy.3947@example.in,Lucknow,2023-05-04,marketing
K001029,C003848,Rhea Reddy,6241974961,rhea.reddy.3848@example.in,Chennai,2025-06-25,crm
K001030,C003521,Aarav Mehta,6866041475,aarav.mehta.3521@example.in,Bhopal,2023-07-20,support
K001031,C004173,Pranav Verma,7581263223,pranav.verma.4173@example.in,Hyderabad,2023-03-09,marketing
K001032,C003232,Varun Sinha,8792040893,varun.sinha.3232@example.in,Chennai,2023-09-01,support
K001033,C002249,Rahul Iyer,6597373187,rahul.iyer.2249@example.in,Bengaluru,2025-11-07,support
K001034,C001776,ROHAN PATEL,9448919022,ROHAN.PATEL.1776@EXAMPLE.IN,Bhopal,2025-02-06,marketing
K001035,C002136,Meera Iyr,7654318172,meera.iyer.2136@example.in,Chennai,2025-05-09,crm
K001036,C002816,VARUN SEN,91-840-850-4655,varun.sen.2816@example.in,Pune,2025-01-15,branch
K001037,C001232,Meera P.,8398317495,meera.patel.1232@example.in,Jaipur,2024-05-11,support
K001038,C003954,  varun   verma  ,8609625569,varun.verma.3954@example.in,Kochi,2025-06-22,marketing
K001039,C004319,Aditi Sen,7914665810,aditi.se.4319@example.in,Hyderabad,2024-03-28,support
K001040,C001630,Rahul Rao,8218349599, rahul.rao.1630@example.in ,Lucknow,2024-11-24,support
K001041,C000932,Aditi Verma,91-961-944-3509,aditi.verma.0932@example.in,Bhopal,2024-11-20,marketing
K001042,C002984,Krishna Verma,9464121634,krishna.verma.2984@example.in,Kolkata,2025-10-14,branch
K001043,C002832,P. Chandra, 75703-87768 ,pranav.chandra.2832@example.in,Pune,2025-02-04,marketing
K001044,C002178,Varun Mukherjee,7803239247,varun.mukherjee.2178@example.in,Lucknow,2024-12-07,marketing
K001045,C004696,Arjun Reddy,7844354630,arjun.reddy.4696@example.in,Mumbay,2023-12-14,crm
K001046,C000854,Krishna Subramanian,7063561219,krishna.subramanian.0854@example.in,Kochi,2024-04-03,crm
K001047,C005688,VIKRAM DAS,9835056152,vikram.das.0594@example.in,Hyderabad,2023-07-28,marketing
K001048,C003661,Saanvi Bose,9315413341,saanvi.bose.3661@example.in,Kochi,2024-08-18,crm
K001049,C001544,Pooja Mishra,6984914956,pooja.mishra.1544@example.in,Bengaluru,2024-02-19,crm
K001050,C003847,Meera Kapoor,9406499204,meera.kapoor.3847@example.in,Jaipur,2024-02-05,support
K001051,C006205,R. Banerjee,8188105176,rahul.baneree.2968@example.in,Mumbai,2023-06-15,marketing
K001052,C004263,Saanvi Sinha,7275776596,saanvi.sinha.4263@example.in,Kolkata,2024-01-09,branch
K001053,C003781,Saanvi Jain,9947216920,saanvi.jain.3781@example.in,Bhopal,2023-05-13,branch
K001054,C004535,Varun Chandra,8973727686,varun.chandra.4535@example.in,Kolkata,2025-06-30,branch
K001055,C002947,Vikram Verma,7584889806,vikram.verma.2947@example.in,AHMEDABAD,2023-03-23,branch
K001056,C001005,Rohan Mehta,9321804720,rohan.mehta.1005@example.in,Pune,2025-06-05,support
K001057,C006139,ADITYA MUKHERJEE,,ADITYA.MUKHERJEE.318@EXAMPLE.IN,Lucknow,2024-10-31,crm
K001058,C005851,A. Menon,6127244621,AARAV.MENON.4208@EXAMPLE.IN,Kolkata,2023-08-20,crm
K001059,C000826,Vikram Reddy,8895177027,vikram.reddy.0826@example.in,Pune,2024-08-19,branch
K001060,C003072,Nisha Gupta,6576722114,nisha.gupta.3072@example.in, Jaipur ,2023-06-21,branch
K001061,C005858,sneha menon,8341605233,snehamnon4003@example.in,Hyderabad,2023-10-21,marketing
K001062,C003357,Kavya Verma,8989653270,kavya.verma.3357@example.in,Bhopal,2024-08-03,crm
K001063,C002607,Shreya Khan,9286015975,shreya.khan.2607@example.in,Jaipur,2024-03-07,support
K001064,C001086,Shreya Mishra,8640563833,,Chennai,2025-09-02,crm
K001065,C001875,Sanjay Sinha,6868456901,sanjay.sinha.1875@example.in, Bhopal ,2024-11-16,crm
K001066,C005872,V. Nair,8214405163,vikra.nair.0780@example.in,Kochi,2023-07-22,branch
K001067,C002745,Pooja Das,+91 63732 35135,pooja.das.2745@example.in,Hyderabad,2024-03-19,branch
K001068,C004760,Ishita Gupta,7903554768, ishita.gupta.4760@example.in ,Delhi,2023-12-01,branch
K001069,C004005,Anika Roy,8933088372,anika.roy.4005@example.in,Bengaluru,2023-09-22,branch
K001070,C005230,Nisha Jain,9887539802,nisha.jain.5230@example.in,Lucknow,2024-12-27,marketing
K001071,C004758,Zoya Roy,(715) 137-2891,zoya.roy.4758@example.in,Kolkata,2024-03-18,branch
K001072,C002952,Ishaan Patel,7155816295,ishaan.patel.2952@example.in,Jaipur,2024-01-12,support
K001073,C001999,Arjun Mukherjee,9129698094,arjun.mukherjee.1999@example.in,Mumbai,2024-05-13,support
K001074,C003941,Ishita Tiwari, 72603-54844 ,ishita.tiwari.3941@example.in,Bhopal,2023-09-21,crm
K001075,C000651,Rahul Shah,6329409854,rahul.shah.0651@example.in,Kochi,2023-08-06,marketing
K001076,C004352,ARJUN BOSE,(731) 080-3808,arjun.bose4352@example.in,Delhi,2024-09-18,marketing
K001077,C004534,Mira Singh,9483142577,mira.singh.4534@example.in,Puna,2025-08-27,crm
K001078,C005712,Kaya Mishra,9612994275,kavyamishra0534@example.in,Ahmedabad,2024-01-19,branch
K001079,C001301,Kabir Rao,9993757650,kabir.rao.1301@example.in,Lucknow,2024-06-16,support
K001080,C000659,Varun Sharma,6577302999,varun.sharma.0659@example.in,Ahmedabad,2024-07-15,crm
K001081,C004264,Meera Subramanian,(890) 758-6137, meera.subramanian.4264@example.in ,Bengaluru,2023-12-01,crm
K001082,C003852,Tanvi Desai,6409814658,tanvi.desai.3852@example.in,CHENNAI,2024-05-26,branch
K001083,C002830,Vikram Singh,8544370398, vikram.singh.2830@example.in ,Kochi,2023-03-29,marketing
K001084,C004962,Aditya Jain,91-987-994-2670,aditya.jain.4962@example.in,Kochi,2023-04-21,support
K001085,C002474,Aditi Mukherjee,,,Kolkata,2025-02-24,crm
K001086,C003433,Sneha Sharma,7023939886,sneha.sharma.3433@example.in,Dilli,2024-12-31,marketing
K001087,C006196,Annya Sharma,8266733621,ananya.sharma.5417@example.in,Lucknow,2023-11-19,support
K001088,C005481,Mira Singh,7305588953,mira.singh.5481@example.in,Bengaluru,2025-05-31,crm
K001089,C002781,Priya Menon,8029672212,priya.menon.2781@example.in,Delhi,2024-01-01,crm
K001090,C005754,S. Kulkarni,+91 90517 17155,,Chennai,2023-08-18,support
K001091,C000037,Pooja Banerjee,7306486019,pooja.banerjee.0037@example.in,Jaipur,2025-08-28,support
K001092,C002927,Arjun Subramanian,,arjun.subramanian.2927@example.in,Mumbai,2023-06-17,branch
K001093,C005975,Kabir Pel,6677119746,kabir.patel.2271@example.in,Delhi,2023-02-18,crm
K001094,C003106,Diya Mehta,91-961-170-2335,diya.mehta.3106@example.in,Kochi,2025-09-05,support
K001095,C002126,Pooja Kulkarni,8115223783, pooja.kulkarni.2126@example.in ,Hyderabad,2023-09-09,marketing
K001096,C003739,Sanjay Singh,8601393979,snjay.singh.3739@example.in,Mumbai,2023-05-09,crm
K001097,C005988,nikhil mukherjee,7233599021,nikhil.mukherjee.0702@example.in,Mumbai,2025-11-11,marketing
K001098,C005795,pranav patel,6688000894,pranav.patel.4629@example.in, Pune ,2023-02-19,branch
K001099,C003813,Nisha Joshi,,nisha.joshi.3813@example.in,Lucknow,2025-07-22,support
K001100,C005456,Aditya Kapoor,,aditya.kapoor.5456@example.in,Lucknow,2023-07-25,support
K001101,C006120,Kabir Subramanin, 76351-81571 ,kabir.subramanian.3046@example.in, Bangalore ,2024-03-21,support
K001102,C004919,PRANAV MENON,6684041225,pranavmenon4919@example.in,Ahmedabad,2023-08-30,support
K001103,C002076,Ananya Khan,(904) 410-2116,ananya.khan.2076@example.in,Lucknow,2023-05-09,branch
K001104,C003536,Kabir Kapoor,8936108401,kabir.kapoor.3536@example.in,Ahmedabad,2023-06-25,crm
K001105,C003351,Aditya Sharma,9644266496,aditya.sharma.3351@example.in,Kochi,2023-07-28,branch
K001106,C003970,Kavya Sharma,(777) 764-8436,kavya.sharma.3970@example.in,Delhi,2023-03-19,crm
K001107,C001290,Kabir Nair,8577926613, kabir.nair.1290@example.in ,Bhopal,2025-08-18,marketing
K001108,C000829,Akshay Patel,7780298874,akshay.patel.0829@example.in,Jaipur,2025-04-19,branch
K001109,C002894,Meera Snha,8179751779,meera.sinha.2894@example.in,Chennai,2023-07-25,crm
K001110,C002378,Seha Shah,9914072234,sneha.sha.2378@example.in,Jaipur,2024-06-05,branch
K001111,C002298,Tanvi B.,6900064727,tanvi.bose.2298@example.in,Kolkata,2023-07-11,marketing
K001112,C003576,Zoya Khan,6334931708,zoya.khan.3576@example.in,Madras,2024-08-19,support
K001113,C004275,  saanvi   nair  ,6430873369,saanvinair.4275@example.in,Jaipur,2023-04-09,crm
K001114,C006036,Sanay Sinh,(983) 473-4157,sanjay.singh.0481@example.in,Mumbai,2024-11-21,support
K001115,C000292,Meera Kulkarni,6492108522,meera.kulkarni.0292@example.in,Bengluru,2024-02-10,branch
K001116,C002672,Zoya Kapoor,(879) 580-5220,zoya.kapoor.2672@example.in,Jaipur,2025-01-29,branch
K001117,C003488,Aditi Mukherjee,9698443540,aditi.mukherjee.3488@example.in,Delhi,2024-08-30,branch
K001118,C001159,Meera Joshi,6395253773,meera.joshi.1159@example.in,Kochi,2023-11-13,support
K001119,C000093,Sanjay Agarwal, 75971-09904 ,sanjay.agarwal.0093@example.in,Kolkata,2023-02-12,marketing
K001120,C004739,Ishita Mukerjee,7132572286,ishita.mukherjee.4739@example.in,Delhi,2024-08-08,support
K001121,C004245,S. Chandra,7135355401,,Pune,2025-12-21,support
K001122,C000067,Shreya Sharma,+91 98064 10482,shreya.sharma.0067@example.in,Mumbai,2025-08-05,support
K001123,C002180,Nisha Menon,,nisha.menon.2180@example.in,Bengaluru,2024-06-27,marketing
K001124,C003164,Saanvi Sinha,9355361544,saanvi.sinha.3164@example.in,Ahmedabad,2024-08-02,branch
K001125,C002382,Priya Sinha,7698081819,priya.sinha.2382@example.in,Lucknow,2023-04-25,branch
K001126,C000351,Aarav Roy,9410210819,aarav.roy.0351@example.in,Bengaluru,2024-02-14,branch
K001127,C000722,Sneha Nair,8701697009,sneha.nair.0722@example.in,Mumbai,2023-12-09,marketing
K001128,C005279,Krishna Kulkarni,(831) 726-2609,KRISHNA.KULKARNI.5279@EXAMPLE.IN,Bengluru,2023-07-21,support
K001129,C005706,PRANAV REDDY,6486961975,pranav.reddy.0683@example.in,Kochi,2023-08-10,branch
K001130,C002495,Meera Kulkarni,+91 98170 12479,meera.kulkarni.2495@example.in,Lucknow,2025-01-18,marketing
K001131,C001598,Arjun Mukherjee,8884768301,arjun.mukherjee.1598@example.in,Bhopal,2025-07-25,support
K001132,C002332,Rhea Rao,7086794943,RHEA.RAO.2332@EXAMPLE.IN,Bengaluru,2023-09-23,branch
K001133,C004514,Pooja Nair,6087526150,poojanair4514@example.in,Delhi,2024-09-12,marketing
K001134,C005153,  aditya   tiwari  ,6383626155,aditya.tiwari.5153@example.in,Delhi,2023-04-18,marketing
K001135,C000215,Mira C.,8249005389,mira.chandra.0215@example.in,Bhopal,2023-04-21,marketing
K001136,C002260,Tanvi Iyer,9999351387,tanvi.iyer.2260@example.in,Lucknow,2024-10-02,support
K001137,C005591,Zoya Shah,6795616044,zoya.shah.5591@example.in,Kochi,2024-03-09,crm
K001138,C004637,Mira Banerjee,8170953768,mira.banerjee.4637@example.in,Ahmedabad,2025-03-01,marketing
K001139,C003170,Mira Mishra,6881387462,mira.mishra.3170@example.in,Calcutta,2024-09-17,marketing
K001140,C004385,SAANVI MEHTA,7383326591,saavi.mehta.4385@example.in,Chennai,2024-03-25,crm
K001141,C003562,Rahul Singh,9600037776,rahul.singh.3562@example.in,KOCHI,2024-03-02,crm
K001142,C005777,SHREYA SEN,8854807830,shreya.sen.0628@example.in,Mumbai,2024-07-27,branch
K001143,C005892,SAHIL MEHTA,9349512691,sahilmehta0387@example.in,Chennai,2024-03-19,branch
K001144,C000952,Pooja Gupta,7108442160,pooja.gupta.0952@example.in,Mumbai,2023-12-22,support
K001145,C002592,Ishita Gupta,7094734919,ishita.gupta.2592@example.in,Bengaluru,2023-11-28,crm
K001146,C005651,Shreya S.,8807291277,shreya.shah.3018@example.in,Pune,2023-09-10,support
K001147,C002849,  aarav   mehta  , 79655-20866 ,aaravmehta2849@example.in,Delhi,2023-07-20,crm
K001148,C002340,Pranav Patel,+91 76131 70751,pranav.patel.2340@example.in,Bhopal,2023-06-29,branch
K001149,C000105,Rohan Joshi,8397893445,rohan.joshi.0105@example.in,Kochi,2023-05-30,support
K001150,C001040,Mira Mehta,8673824300,mira.mehta.1040@example.in,Kochi,2023-11-08,crm
K001151,C004330,Sanjay Menon,9033587779,sanjay.menon.4330@example.in,HYDERABAD,2023-08-22,crm
K001152,C002881,Diya Desai,9166658349,diya.desai.2881@example.in,Bengaluru,2023-09-05,branch
K001153,C003319,Rhea Singh,9176422492,rhea.singh.3319@example.in,Pune,2025-09-26,support
K001154,C002577,Nikhil Das,91-808-315-1905,nikhil.das.2577@example.in,Pune,2024-04-13,support
K001155,C002667,S. Nair,91-963-578-3833,sanjay.nair.2667@example.in,Jaipur,2024-08-31,support
K001156,C005415,Shreya Patel,8876008158,shreya.patel.5415@example.in,Kochi,2024-01-27,branch
K001157,C006126,A. Verma,7782879627,aditya.verma.0841@example.in,Delhi,2025-04-02,crm
K001158,C_CONTACT_BAD_008,Nikhil Khan,6610197677,nikhil.khan.0463@example.in,Mumbai,2025-12-13,marketing
K001159,C003345,Sneha Banerjee,7519037631,sneha.banerjee.3345@example.in,Ahmedabad,2024-11-13,branch
K001160,C002118,  aarav   mukherjee  ,6092760725,aarav.mukherjee.2118@example.in,Jaipur,2025-05-31,crm
K001161,C002761,Kavya Sharma,9843197087,kavya.sharma.2761@example.in,Delhi,2025-08-31,crm
K001162,C004881,Rhea Meon,8075793254,rhea.menon.4881@example.in,Mumbai,2024-05-21,support
K001163,C000966,N. Shah,6470240627,nikhil.shah.0966@example.in,Mumbai,2025-10-07,crm
K001164,C002572,Mira Reddy,7945429354,mira.reddy.2572@example.in,Lucknow,2024-04-03,marketing
K001165,C001137,Akshay Singh,7805552092,akshay.singh.1137@example.in,Pune,2023-07-10,marketing
K001166,C003311,Aditi Jain, 75044-76856 ,aditi.jain.3311@example.in,Kolkata,2025-09-08,marketing
K001167,C006145,Aarav N.,7643245549,aarav.nair.5536@example.in,Bhopl,2025-10-21,branch
K001168,C005120,Arjun Mehta,9784634703,arjunmehta5120@example.in,Pune,2023-12-14,support
K001169,C001824,Aditya Menon,6785001058,aditya.menon.1824@example.in,Bengaluru,2024-06-25,support
K001170,C003993,Sanjay Jain,6514038558,sanjay.jain.3993@example.in,Pune,2023-10-06,marketing
K001171,C004336,Pooja Joshi,9421265318,pooja.joshi.4336@example.in,Kochi,2024-12-13,support
K001172,C005007,Priya Gupta,7957244360,priya.gupta.5007@example.in,Bhopal,2023-10-23,branch
K001173,C005178,Pranav Gupta,8393509860,pranav.gupta.5178@example.in,Mumbai,2025-04-02,crm
K001174,C001910,Aditi Desai,8209227076,aditi.desai.1910@example.in,Hyderabad,2025-03-23,marketing
K001175,C001874,Tanvi Das,7551492295,tanvi.das.1874@example.in,Puna,2023-01-10,crm
K001176,C003138,Aditya Jain,+91 65433 48336,aditya.jain.3138@example.in,Bengaluru,2023-12-21,support
K001177,C005048,Zoya Patel,9913302811,zoya.patel.5048@example.in,Mumbai,2024-09-20,marketing
K001178,C000834,Pranav Jain,6534303237,pranav.jain.0834@example.in,Kochi,2025-02-19,marketing
K001179,C000186,Rohan Kulkarni,91-903-382-6969,rohan.kulkarni.0186@example.in,Kolkata,2024-03-17,branch
K001180,C002235,Niha Jain, 80907-26092 ,nisha.jain.2235@example.in,Delhi,2023-06-30,crm
K001181,C002730,Ananya Mehta,9684311612,ananya.mehta.2730@example.in,Kolkata,2023-12-02,marketing
K001182,C000811,Kabir Jain,8966239493,kabir.jain.0811@example.in,Ahmedabad,2024-05-02,crm
K001183,C005457,PRIYA TIWARI,7627199608,priya.tiwari.5457@example.in, Delhi ,2025-11-29,crm
K001184,C000597,Kabir Menon,9495355486,kabirmenon0597@example.in,Bengaluru,2025-01-31,marketing
K001185,C006018,varun mukherjee,6421442036,varun.mukherjee.0969@example.in,Kochi,2024-09-16,marketing
K001186,C004521,Rahul Sharma, 78275-79439 ,RAHUL.SHARMA.4521@EXAMPLE.IN,Cochin,2025-09-21,support
K001187,C002736,Saanvi Subramanian,6141843033,saanvi.subramanian.2736@example.in,Ahmedabad,2025-05-27,branch
K001188,C004458,Sahil P.,91-880-616-3048,shil.patel.4458@example.in,Mumbai,2023-12-08,marketing
K001189,C003119,Mira Subramanian,,mira.subramanian.3119@example.in,Hyderabad,2023-11-23,branch
K001190,C005810,Z. Roy,7151372891,ZOYA.ROY.4758@EXAMPLE.IN,Kolkatta,2023-01-19,branch
K001191,C000351,Aarav Roy,9410210819,,Bengaluru,2025-03-27,support
K001192,C004194,Kabir M.,9893196331,kabir.mehta.4194@example.in, Ahmedabad ,2024-04-17,branch
K001193,C002395,Diya Khan,9823568286,diya.khan.2395@example.in,Mumbai,2024-02-14,branch
K001194,C004688,Rahul Verma,6336952924, rahul.verma.4688@example.in ,Pune,2025-03-28,support
K001195,C002067,Priya Banerjee,7144536885,priya.banerjee.2067@example.in,Hyderabad,2023-01-20,support
K001196,C002749,Aarav Subramanian,9982997182,aarv.subramanian.2749@example.in,Chennai,2024-05-28,branch
K001197,C001724,ISHAAN GUPTA,7128057396,ishaan.gupta.1724@example.in,Pune,2023-07-27,marketing
K001198,C004585,  sanjay   menon  ,7873609613, sanjay.menon.4585@example.in ,Delhi,2025-11-07,crm
K001199,C004020,ISHITA VERMA,6065724038,,BENGALURU,2024-11-24,marketing
K001200,C004821,Sanjay Reddy,,sanjay.reddy.4821@example.in,Hyderabad,2023-02-19,support
K001201,C005141,Sahil B.,+91 61386 36057,sahil.bose.5141@example.in,Pune,2023-09-15,branch
K001202,C005444,Saanvi Kulkarni,9599792380,saanvi.kulkarni.5444@example.in,Hyderabad,2025-06-04,branch
K001203,C003430,S. Sinha,+91 92969 91482,sanjay.sinha.3430@example.in,Bhopal,2024-07-16,crm
K001204,C002893,Sahil Rao,7550905489,sahil.rao.2893@example.in,Ahmedabad,2025-12-16,marketing
K001205,C001747,Nisha Desai,(875) 503-1214,nisha.desai.1747@example.in,Ahmedabad,2024-02-09,marketing
K001206,C000868,Tanvi Gupta,8216400899,tanvi.gupta.0868@example.in,Delhi,2024-12-06,marketing
K001207,C002859,Saanvi Mukherjee,7246232078,saanvi.mukherjee.2859@example.in,Bhopal,2024-08-29,crm
K001208,C005689,Vikram Misha,6983576684,vikram.mishra.2754@example.in,Delhi,2024-04-25,marketing
K001209,C000555,Ananya Desai,8941768435,ananya.desai.0555@example.in,Lucknow,2025-05-30,support
K001210,C004788,Shreya Sen,,shreya.sen.4788@example.in,Kolkata,2023-03-02,support
K001211,C003987,Rea Roy,9448505494,rhea.roy.3987@example.in,Hyderabad,2024-11-23,crm
K001212,C000388,Vikram Reddy,6623728379,vikram.reddy.0388@example.in,Jaipur,2023-02-16,marketing
K001213,C005212,Kabir Reddy,9140938973,kabir.reddy.5212@example.in,Lucknow,2025-10-12,support
K001214,C001373,Rohan Tiwari,6205860971,rohan.tiwari.1373@example.in,Ahmedabad,2025-07-07,crm
K001215,C003922,Rhea Desai,6163155067,rhea.desai.3922@example.in,Jaipur,2025-04-18,branch
K001216,C001975,P. Khan,6515544615,pranav.khan.1975@example.in,Kolkatta,2024-10-03,marketing
K001217,C_CONTACT_BAD_004,SHREYA DAS,6975218791,shreya.das.3269@example.in,Mumbai,2024-08-09,crm
K001218,C006061,Rohan A.,8196720688,rohan.agrwal.1241@example.in, Ahmedabad ,2025-04-19,crm
K001219,C004510,Mira Desai,7172602307,mira.desai.4510@example.in,Pune,2023-06-26,support
K001220,C002611,Akshay Khan,9147495738,akshaykhan2611@example.in,Bengaluru,2024-06-13,marketing
K001221,C001687,Kavya Joshi,7560211769,kavya.joshi.1687@example.in,Jaipur,2025-05-26,branch
K001222,C003677,Ananya Tiwari,9006762324,ananya.tiwari.3677@example.in,Bhopal,2023-10-14,branch
K001223,C001562,Rohan Rao,8737644395,rohan.rao.1562@example.in,Dilli,2024-12-11,crm
K001224,C001229,Varun Roy,6102631087,varun.roy.1229@example.in,Bhopal,2024-06-14,branch
K001225,C000484,Sneha Iyer,9676642628,sneha.iyer.0484@example.in,Lucknow,2023-01-28,branch
K001226,C002013,Aditya Banerjee,6305942038,aditya.banerjee.2013@example.in,Bhopal,2024-06-10,branch
K001227,C002500,Nisha Shah,8187607722,nisha.shah.2500@example.in,Madras,2024-06-22,support
K001228,C000013,Pooja Singh, 74796-34349 ,pooja.singh.0013@example.in,Pune,2025-05-17,crm
K001229,C003270,Tanvi Subramanian,7329250834,tanvi.subramanian.3270@example.in,Pune,2024-02-15,branch
K001230,C005907,ISHAAN SINHA,,ishaan.sinha.2898@example.in,Lucknow,2024-09-20,branch
K001231,C005182,Rahul Kapoor,7584220279,rahul.kapoor.5182@example.in,Chennai,2024-02-06,marketing
K001232,C005607,Rohn C.,6737708232,rohan.chandra.4405@example.in,Chenai,2025-07-22,marketing
K001233,C004628,Akshay Joshi,8770749558,akshay.joshi.4628@example.in,Chennai,2025-11-09,branch
K001234,C000851,Nisha Mukherjee, 65882-17986 ,nisha.mukherjee.0851@example.in,Mumbai,2024-06-14,crm
K001235,C002974,Aditi Joshi, 92889-20192 ,aditi.joshi.2974@example.in,Bhopal,2025-06-02,branch
K001236,C003980,Krishna Subramanian,6704000690,krishna.subramanian.3980@example.in,Bhopal,2023-07-22,crm
K001237,C003151,Saanvi Verma,91-718-807-8493,saanvi.verma.3151@example.in,Kochi,2023-07-10,marketing
K001238,C000705,ADITYA RAO,6963749118,aditya.rao.0705@example.in,Bhopal,2025-10-28,marketing
K001239,C005008,Kabir Bose,7661132048,kabir.bose.5008@example.in,Mumbai,2023-03-02,crm
K001240,C005982,Aksay Misha,9125101768, akshay.mishra.4055@example.in ,Kochi,2024-07-24,crm
K001241,C004068,Priya Mukherjee,6402921816,,Jaipur,2025-08-27,crm
K001242,C002704,Pooja Chandra,7136533442,pooja.chandra.2704@example.in,Bhopal,2023-04-25,marketing
K001243,C005509,Pranav Das,7803062732,prnav.das.5509@example.in,Mumbai,2025-04-25,marketing
K001244,C001481,Rahl Shah,8946147327,rahul.shah.1481@example.in,Ahmedabad,2023-02-15,support
K001245,C003856,Rhea Khan,7087829398,rhea.khan.3856@example.in,Lucknow,2025-04-15,branch
K001246,C001644,Ishita Kapoor,9038569585,ishita.kapoor.1644@example.in,Delhi,2023-10-01,marketing
K001247,C000634,Sahil Tiwari,8890169416,sahil.tiwari.0634@example.in,Chennai,2023-04-25,marketing
K001248,C005611,Ishita J.,7692813236,ishitajain4386@example.in,Bhopal,2025-06-23,crm
K001249,C001841,Rahul Mehta,7474970410,rahul.mehta.1841@example.in,Pune,2024-10-19,branch
K001250,C004040,Pooja Agarwal,,pooja.agarwal.4040@example.in,Chennai,2025-02-06,branch
K001251,C005619,Rhan Reddy,7045783911,rohan.reddy.2537@example.in,Bhopal,2024-04-19,branch
K001252,C002664,Shreya Patel,6604462668,shreya.patel.2664@example.in,Puna,2025-10-13,crm
K001253,C003532,Aditya Kapoor,7601082338,aditya.kapoor.3532@example.in,Ahmedabad,2024-06-20,support
K001254,C003730,Varun Mehta,9446138439,varun.mehta.3730@example.in, Kochi ,2023-05-02,marketing
K001255,C002913,Tanvi Reddy,7974810653,tanvi.reddy.2913@example.in,Kolkata,2023-05-28,marketing
K001256,C000378,Rahul Iyr,7491109911,rahul.iyer.0378@example.in,Chennai,2024-08-26,marketing
K001257,C003903,Ishaan Banerjee,8159421373,ishaan.banerjee.3903@example.in,Hyderabad,2024-06-23,branch
K001258,C005232,Nikhil Verma,,nikhil.verma.5232@example.in,Bengaluru,2024-11-19,support
K001259,C001970,Varun Joshi,7253757560,varun.joshi.1970@example.in,Chennai,2023-03-25,branch
K001260,C002288,Diya Sharma,6695796723,diya.sharma.2288@example.in,Lucknow,2025-11-22,support
K001261,C004512,Meera Joshi,6450270078,MEERA.JOSHI.4512@EXAMPLE.IN,Jaipur,2023-12-30,branch
K001262,C000989,Mira Chandra,8687545123,mira.chandra.0989@example.in,Ahmedabad,2025-02-28,crm
K001263,C005938,  krishna   kapoor  ,,krishna.kapoor.0406@example.in,Bhopal,2023-03-14,marketing
K001264,C002088,Saanvi Tiwari,,saanvi.tiwari.2088@example.in,Bengaluru,2023-03-13,crm
K001265,C004636,Aarav Subramanian, 85191-01216 ,aarav.subramanian.4636@example.in,Mumbai,2023-12-07,marketing
K001266,C005127,Varun Mishra,8423970480, varun.mishra.5127@example.in ,Bhopal,2023-02-08,branch
K001267,C000483,Sanjay Kulkarni,7058179354,sanjay.kulkarni.0483@example.in,Chennai,2025-01-02,branch
K001268,C005567,Pranav Kapoor,8916194075,pranav.kapoor.5567@example.in,Kolkata,2025-03-11,marketing
K001269,C003725,Rahul Subramanian,,rahul.subramanian.3725@example.in,Mumbai,2025-05-10,branch
K001270,C000649,R. Mishra,9915447313,rohan.mishra.0649@example.in,Mumbai,2023-07-03,support
K001271,C002144,Ishaan Banerjee,6126528795,ishaan.banerjee.2144@example.in,Kochi,2023-08-14,marketing
K001272,C003622,Sanjay Jain, 63186-61709 ,,Ahmedabad,2024-10-16,support
K001273,C004270,K. Gupta,+91 60283 30389,kabir.gupta.4270@example.in,Mumbai,2023-12-11,support
K001274,C003601,Varun Mukherjee,6744896602,,Ahmedabad,2023-02-14,branch
K001275,C004073,Zoya Khan,9686084197,zoya.khan.4073@example.in,Bhopal,2024-12-27,crm
K001276,C002965,Pranav Shah,9535502188,pranav.shah.2965@example.in,Lucknow,2023-07-24,crm
K001277,C001154,Anika Mehta,6887477910,anika.mehta.1154@example.in,Bengaluru,2025-06-21,marketing
K001278,C000406,Krishna Kapoor,8237471203,krishna.kapoor.0406@example.in,Bhopal,2024-11-09,support
K001279,C002455,Ishita Mehta,6985173526,ishita.mehta.2455@example.in,Pune,2025-09-08,support
K001280,C004354,Arjun Mehta,7676454156,arjun.mehta.4354@example.in,Pune,2024-05-31,branch
K001281,C001853,Rohan Banerjee,+91 82280 77038,rohan.banerjee.1853@example.in,Bhopal,2025-07-18,marketing
K001282,C003460,Shreya Reddy,6618916720,shreya.reddy.3460@example.in,Delhi,2023-05-02,marketing
K001283,C002825,V. Reddy,7878362335,varun.reddy.2825@example.in,Bhopal,2023-11-19,marketing
K001284,C005400,Rahul Banerjee,91-951-954-6219,rahul.banerjee.5400@example.in,MUMBAI,2023-09-03,crm
K001285,C001913,Ishita Nair, 94911-45603 ,ishita.nair.1913@example.in,Bhopal,2025-03-01,support
K001286,C004735,Priya Khan,6717806100,priya.khan.4735@example.in,Lucknow,2024-03-26,marketing
K001287,C003783,Varun Nair,8587640242,VARUN.NAIR.3783@EXAMPLE.IN,Bhopal,2023-09-16,crm
K001288,C001134,R. Verma,7742056118,rohan.verma.1134@example.in,Delhi,2024-10-03,crm
K001289,C005160,Mira Iyer,9461708249,mira.iyer.5160@example.in,Kolkata,2023-05-23,branch
K001290,C004922,Pooja Menon,(766) 406-1972,pooja.menon.4922@example.in,Kolkatta,2024-06-04,crm
K001291,C004407,Aditi Mhta,7763528415,aditi.mehta.4407@example.in,Bhopal,2025-04-11,marketing
K001292,C004647,Arjun Shah,7802724717,arjun.shah.4647@example.in,Jaipur,2023-07-31,support
K001293,C002536,Meera Patel,6015233549,meerapatel2536@example.in,Delhi,2025-05-21,marketing
K001294,C004147,Priya Nair,6993354339,priya.nair.4147@example.in,Bhopal,2025-04-28,crm
K001295,C004304,Pooja Menon,91-945-090-3629,pooja.menon.4304@example.in,Bengaluru,2024-09-05,crm
K001296,C004493,Zoya Bose,6226464052,zoya.bose.4493@example.in,Bengaluru,2025-04-30,support
K001297,C003893,Rahul S.,8718008447,rahul.sinha.3893@example.in, Jaipur ,2024-04-17,branch
K001298,C004697,Nisha Kapoor,(879) 120-7862,nisha.apoor.4697@example.in,Bhopl,2025-10-11,support
K001299,C003257,Sanjay Sen,9916898020,sanjay.sen.3257@example.in,Hyderabad,2024-09-26,crm
K001300,C004318,Nisha Roy,7623806697,nisha.roy.4318@example.in,Lucknow,2023-08-07,marketing
K001301,C000503,Akshay Mehta,8493384240,akshay.mehta.0503@example.in,Chennai,2024-09-05,marketing
K001302,C000466,Nisha Menon,8565564616,nisha.menon.0466@example.in,Hyderabad,2025-10-04,support
K001303,C000291,Sneha Rao,8358336106,sneha.rao.0291@example.in,Kolkata,2023-11-16,branch
K001304,C000929,Priya Menon,91-930-968-2060,priya.menon.0929@example.in,KOCHI,2025-01-11,support
K001305,C003974,Akshay Jain,9653491712,akshayjain3974@example.in,Ahmedabad,2025-10-14,crm
K001306,C005679,Mira G., 84028-40284 , mira.guta.1307@example.in ,Pune,2025-11-26,crm
K001307,C005172,Ishita Khan,8496437140,ishita.khan.5172@example.in,Bhopal,2024-02-15,marketing
K001308,C003680,Kabir Tiwari,8862736371,kabir.tiwari.3680@example.in,Mumbai,2025-10-15,marketing
K001309,C004089,Krishna Shah,8334594733,krishna.shah.4089@example.in,Kochi,2025-01-01,support
K001310,C003863,Meera Mishra,91-980-713-1258,meera.mishra.3863@example.in,Kolkata,2023-04-09,branch
K001311,C001354,Rhea Shah,6763881078,rhea.shah.1354@example.in,Pune,2025-02-14,crm
K001312,C004968,  kavya   gupta  ,6922494319,kavya.gupta.4968@example.in,Kolkata,2024-07-22,crm
K001313,C004516,Krishna Kapoor,8567589889,krishna.kapoor.4516@example.in,Mumbai,2023-01-14,crm
K001314,C001345,Ishaan Iyer,9111365056,ishaan.iyer.1345@example.in,Chennai,2023-04-30,branch
K001315,C005841,Sahil V.,9241481533,sahil.verma.4609@example.in,Hyderabad,2024-06-07,marketing
K001316,C003991,Rohan Mukherjee,7877945880,,Pune,2023-11-08,branch
K001317,C000990,Krishna Iyer,6953010733,krishna.iyer.0990@example.in,Kochi,2024-06-24,crm
K001318,C005518,Tanvi Singh,8412813548,tanvi.singh.5518@example.in,Kochi,2023-06-08,support
K001319,C000365,Nisha Nair,9174607463,nisha.nair.0365@example.in,Lucknow,2024-07-10,support
K001320,C003886,Arjun Verma,91-868-288-3119,arjun.verma.3886@example.in,Lucknow,2024-03-29,marketing
K001321,C005829,akshay banerjee,8098734752,akshay.banerjee.2778@example.in,Jaipur,2025-01-03,branch
K001322,C001201,Aditya Chandra, 68449-86755 ,aditya.chandra.1201@example.in,Bengaluru,2023-09-23,support
K001323,C004693,Krishna Nair,9888375303,krishna.nair.4693@example.in,Pune,2025-08-24,branch
K001324,C005134,Nikhil Patel,+91 76053 44456,nikhil.patel.5134@example.in,Mumbai,2023-03-13,branch
K001325,C000083,Aditya Verma,6370045023,aditya.verma.0083@example.in,Pune,2025-11-02,marketing
K001326,C000399,Anika M.,8885212590,anika.mishra.0399@example.in,Lucknow,2023-07-22,support
K001327,C000609,Aarav Nair,6291814423,aarav.nair.0609@example.in,Hyderabad,2024-02-17,crm
K001328,C004273,Aarav Subramanian,6216985882,aarav.subramanian.4273@example.in,Kochi,2025-01-16,marketing
K001329,C005697,A. Roy,,arjun.roy.423@example.in,Bengaluru,2025-11-27,branch
K001330,C004283,Rohan Mehta,7407248805,,Bengaluru,2024-12-02,marketing
K001331,C004910,Zoya Reddy,8717288118,zoya.reddy.4910@example.in,Mumbai,2025-10-17,crm
K001332,C000077,Mira Roy,91-601-304-4815,mira.roy.0077@example.in,Chennai,2025-01-17,marketing
K001333,C000834,Pranav Jain,6534303237,pranav.jain.0834@example.in,Kochi,2025-11-14,crm
K001334,C003236,Rhea Chandra,9293196225,rhea.chandra.3236@example.in,Bhopal,2023-02-23,crm
K001335,C002165,Ananya Kulkarni,+91 88252 26373,ananya.kulkarni.2165@example.in,Kolkata,2025-01-26,branch
K001336,C003950,Sanjay Kulkarni,7937111596,sanjay.kulkarni.3950@example.in,Kochi,2024-02-10,branch
K001337,C000494,Kavya Singh,9620149153,kavya.singh.0494@example.in,Lucknow,2024-06-27,support
K001338,C003355,Varun Jain,,varun.jain.3355@example.in,Mumbai,2023-01-05,crm
K001339,C004985,Zoya Banerjee,6900629820,zoya.banerjee.4985@example.in,Chennai,2023-04-22,marketing
K001340,C001264,Priya Patel,7115212658,priya.patel.1264@example.in,Kochi,2024-01-03,branch
K001341,C002153,Sahil Desai,7826152282,sahil.desai.2153@example.in,Bhopal,2025-04-06,branch
K001342,C002649,Pranav Mukherjee,7832671057,pranav.mukherjee.2649@example.in,Jaipur,2025-05-18,crm
K001343,C002892,Nikhil Mukherjee,9190946545,,Mumbai,2025-11-27,branch
K001344,C000428,Ishita Subramanian,6488268731,ISHITA.SUBRAMANIAN.0428@EXAMPLE.IN,Hyderabad,2025-05-30,marketing
K001345,C003253,Nikhil Menon,6589096843,nikhil.menon.3253@example.in,Pune,2023-09-18,branch
K001346,C001314,Rahul Mehta,6355814287,rahul.mehta.1314@example.in,Mumbai,2023-12-30,support
K001347,C003354,Saanvi Sharma,8770766688,saanvi.sharma.3354@example.in,Mumbai,2025-08-08,marketing
K001348,C000889,Ishita Mukherjee,8937096888,ishita.mukherjee.0889@example.in,Bengaluru,2025-03-08,crm
K001349,C004890,Aditya Das, 83193-45451 ,aditya.das.4890@example.in, Pune ,2024-08-12,branch
K001350,C005518,Tanvi Singh,8412813548,tanvi.singh.5518@example.in,Kochi,2023-06-16,crm
K001351,C003921,Aarav Desai,91-904-740-6805,aaravdesai3921@example.in,Hyderabad,2024-03-05,marketing
K001352,C002624,Pooja Mehta,8032781069,pooja.mehta.2624@example.in,Chennai,2023-11-03,marketing
K001353,C005185,Adii Iyer,6116780862,aditi.iyer.5185@example.in,Pune,2025-03-10,support
K001354,C003780,Aditya Tiwari,8485471815,aditya.tiwari.3780@example.in,Lucknow,2024-12-24,support
K001355,C004903,Aarav Shah,+91 70237 14451,aarav.shah.4903@example.in,Ahmedabad,2023-08-29,branch
K001356,C002441,Rohan Rao,7066623568,rohan.rao.2441@example.in,Bengaluru,2023-10-18,branch
K001357,C006147,Shreya B.,91-627-763-8350,shreya.ose.2858@example.in,Jaipur,2025-07-27,branch
K001358,C004671,Diya Chandra,7855078409,diya.chandra.4671@example.in,Lucknow,2025-12-23,support
K001359,C004148,Priya Mehta,9463467077,priya.mehta.4148@example.in,Bengaluru,2025-11-20,support
K001360,C005301,SHREYA IYER,,shreya.iyer.5301@example.in,Bengaluru,2024-02-23,branch
K001361,C003540,Rohan Kulkarni,6994786934,rohan.kulkarni.3540@example.in,Kolkata,2025-09-26,support
K001362,C005251,Saanvi D.,8823383364,saanvi.das.5251@example.in,Hyderabad,2024-09-08,marketing
K001363,C001518,Nisha Iyer,,nisha.iyer.1518@example.in,Ahmedabad,2023-02-22,marketing
K001364,C000413,Sanjay Mukherjee,9249161687,sanjay.mukherjee.0413@example.in,Ahmedabad,2024-03-23,support
K001365,C004119,Varun Nair,7581730037,varun.nair.4119@example.in,Mumbai,2025-12-06,crm
K001366,C002553,Meera Khan,6044572475,meera.khan.2553@example.in,Kolkata,2024-02-06,branch
K001367,C004337,M. Shah, 78995-02273 ,mira.shah.4337@example.in,Delhi,2024-02-15,support
K001368,C002915,Anika Roy,7664924306,anika.roy.2915@example.in,Kochi,2024-02-14,marketing
K001369,C001974,Ananya Desai,9161478586,ananya.desai.1974@example.in,Kochi,2024-01-23,support
K001370,C005199,M. Subramanian,6220372339,mira.subramanian.5199@example.in,Lucknow,2025-05-17,support
K001371,C000193,Akshay Banerjee,9225697681,akshay.banerjee.0193@example.in,Hyderabad,2025-03-19,support
K001372,C004142,Diya Singh,6563111237,diya.singh.4142@example.in,Bengaluru,2024-03-26,branch
K001373,C004610,Anika Tiwari,8018504620,anika.tiwari.4610@example.in,KOLKATA,2024-02-13,support
K001374,C000614,Rahul Kulkarni,+91 61870 19793,,Jaipur,2023-11-12,branch
K001375,C003686,Kabir Sinha, 78081-04220 ,, Bangalore ,2024-10-10,crm
K001376,C000497,Sneha Chandra,,sneha.chandra.0497@example.in,Delhi,2025-06-15,crm
K001377,C002448,Rahul Sharma,8666763988,RAHUL.SHARMA.2448@EXAMPLE.IN,BHOPAL,2024-08-13,support
K001378,C002826,Anika Rao,91-755-057-9375,,Mumbai,2023-10-27,branch
K001379,C003929,Vikram Subramanian,8021689361,vikram.subramanian.3929@example.in,Chennai,2023-02-12,branch
K001380,C005914,Snea Reddy,91-996-976-3548,snea.reddy.2274@example.in,Kolkata,2025-05-19,support
K001381,C002130,Varun Mishra,6577435927,varun.mishra.2130@example.in,Jaipur,2023-03-25,crm
K001382,C000283,Pranav Menon,6071046051,pranav.menon.0283@example.in,JAIPUR,2023-06-24,marketing
K001383,C003370,Nisha Subramanian,7912941339,nisha.subramanian.3370@example.in,Ahemdabad,2024-01-30,branch
K001384,C002215,Meera Shah,8455297878,meerashah2215@example.in,Jaipur,2025-11-13,crm
K001385,C001668,Ishita Rao,7652639439,ishita.rao.1668@example.in,Ahmedabad,2025-09-21,support
K001386,C001350,Pranav Patel,6675722338,pranav.patel.1350@example.in,Lakhnau,2024-11-22,branch
K001387,C002806,Shreya Agarwal,(764) 262-2970,shreya.agarwal.2806@example.in,Mumbai,2023-04-15,marketing
K001388,C000040,Varun Rao,7145008591,varun.rao.0040@example.in,Kolkata,2023-12-05,crm
K001389,C005220,Rahul Reddy,7786946043,rahul.reddy.5220@example.in,Mumbai,2023-01-21,support
K001390,C003674,ARJUN SINGH,8750916907,arjunsingh3674@example.in,Pune,2023-09-15,support
K001391,C002983,Nikhil Agarwal,8658195254,nikhil.agarwal.2983@example.in,Jaipur,2024-01-04,marketing
K001392,C003978,Sanjay Subramanian,91-718-800-9155,sanjay.subramanian.3978@example.in,Jaipur,2023-12-31,branch
K001393,C006035,S. Banerjee,7440415858,shreyabanerjee1144@example.in,Pune,2023-03-10,crm
K001394,C002783,Aditya Bose,9675934851,aditya.bose.2783@example.in,Ahmedabad,2025-02-16,branch
K001395,C003641,Ishaan Sah,+91 74348 70291,ishan.shah.3641@example.in,Ahmedabad,2023-11-06,branch
K001396,C005823,ANANYA CHANDRA,8715156700,ananya.chandra.2748@example.in,Ahmedabad,2024-02-27,marketing
K001397,C000115,Aditya Rao,(782) 443-7386, aditya.rao.0115@example.in ,Jaipur,2024-10-19,crm
K001398,C001288,Vikram R.,8069347228,vikram.rao.1288@example.in,Pune,2023-12-03,marketing
K001399,C002006,Shreya Kapoor,7103106285,shreya.kapoor.2006@example.in,Mumbai,2025-12-02,marketing
K001400,C004580,Krishna Kpoor,9268022038,krishna.kapoor.4580@example.in,Kochi,2024-10-20,support
K001401,C002139,  aditya   singh  ,91-888-810-8919,aditya.singh.2139@example.in,Jaipur,2023-12-09,marketing
K001402,C003980,Krishna Subramanian, 67040-00690 ,krishna.subramanian.3980@example.in,Bhopal,2024-01-22,crm
K001403,C000656,Aditya Das,8569925040,aditya.das.0656@example.in,Mumbai,2025-11-22,crm
K001404,C004450,I. Patel,9786568488,ishita.patel.4450@example.in,Kochi,2025-10-14,crm
K001405,C002515,Saanvi Roy,9389309012,saanvi.roy.2515@example.in,Pune,2023-05-13,marketing
K001406,C003105,Kabir Subramanian,8675901068,kabir.subramanian.3105@example.in,Chennai,2025-04-30,branch
K001407,C001791,Vikram Agarwal,6098320030,vikram.agarwal.1791@example.in,Jaipur,2023-11-29,support
K001408,C004241,Varun Verma,9628658175,varun.verma.4241@example.in,Ahmedabad,2024-08-18,branch
K001409,C002746,Rahul Mishra,(706) 119-7677,rahul.mishra.2746@example.in,Jaipur,2023-03-30,crm
K001410,C005754,S. Kulkarni,+91 90517 17155,sahil.kulkarni.2922@example.in,Chennai,2023-11-27,support
K001411,C003412,  shreya   menon  ,8893666402,shreya.menon.3412@example.in,Bengaluru,2023-03-02,branch
K001412,C001409,Kavya Banerjee,,kavya.banerjee.1409@example.in,Chennai,2024-02-29,support
K001413,C006162,Ananya Sina,8022809514,ananya.sinha.2192@example.in,HYDERABAD,2024-07-30,crm
K001414,C001594,Sanjay R.,6152017623,sanjay.rao.1594@example.in,Kochi,2023-11-08,marketing
K001415,C004798,Nisha Joshi,6467053007,NISHA.JOSHI.4798@EXAMPLE.IN,Kochi,2024-02-16,support
K001416,C001524,Rhea Shah,6380219063,rhea.shah.1524@example.in,Chennai,2023-06-11,marketing
K001417,C002799,Rahul Tiwari,8806042621,rahul.tiwari.2799@example.in,Kochi,2025-04-14,crm
K001418,C006031,Diya Redy,6387035135,diy.reddy.4499@example.in,Bengaluru,2023-07-03,crm
K001419,C002352,Rhea Mishra,8666286582,rhea.mishra.2352@example.in,Mumbai,2023-09-27,branch
K001420,C003423,Nisha Gupta,(944) 397-0096,nisha.gupta.3423@example.in,Bengaluru,2023-12-29,branch
K001421,C004542,Aarav Bse,8299827346,aarav.bose.4542@example.in,Bhopal,2024-07-29,marketing
K001422,C001681,Pooja Gupta,+91 98667 15921,pooja.gupta.1681@example.in,Chennai,2025-06-09,support
K001423,C002943,Tanvi Reddy,9646015259,tanvi.reddy.2943@example.in,LUCKNOW,2023-10-01,support
K001424,C001972,Rahul Mehta,7859814542,rahul.mehta.1972@example.in,Jaipur,2024-05-08,crm
K001425,C000392,Ishaan Singh,9777331717,ishaan.singh.0392@example.in,Lucknow,2025-09-15,marketing
K001426,C001818,Arjun Sharma,9769162660,arjun.sharma.1818@example.in,Bengaluru,2025-02-11,marketing
K001427,C002680,Vikram Singh,7620906425,,LUCKNOW,2025-05-31,branch
K001428,C002025,Rhea Agarwal,7831959437,rheaagarwal2025@example.in,Chennai,2023-09-02,marketing
K001429,C001767,Krihna Bose,6268689871,krishna.bose.1767@example.in,Bengaluru,2023-05-23,branch
K001430,C003160,Zoya Mehta,7466479513,zoya.mehta.3160@example.in,Pune,2024-10-23,branch
K001431,C000365,Nisha Nair,(917) 460-7463,nisha.nair.0365@example.in,Lucknow,2025-12-23,branch
K001432,C005431,Priya Sinha,9379397638,priya.sinha.5431@example.in,Bhopal,2023-09-26,branch
K001433,C006169,Shrea Singh,9543980976,,Kochi,2023-04-27,crm
K001434,C006025,M. Mishra,9586796806, miramishra4066@example.in ,Pune,2025-07-25,marketing
K001435,C004427,Saanvi Reddy,6067793506,saanvi.reddy.4427@example.in,Jaipur,2025-08-22,branch
K001436,C004603,Vikram Singh,6988228120,vikram.singh.4603@example.in,Hyderabad,2024-09-10,marketing
K001437,C003397,Ananya Mehta,8396983014,ananya.mehta.3397@example.in,LUCKNOW,2023-04-13,crm
K001438,C004152,Rahul Bose,7757549021,rahul.bose.4152@example.in,Jaipur,2025-04-14,branch
K001439,C_CONTACT_BAD_005,Arjun Tiwri,6529320757, arjun.tiwari.4234@example.in ,Jaipur,2023-01-29,branch
K001440,C005455,Varun Joshi,6547669297,varun.joshi.5455@example.in,Kolkata,2024-09-19,branch
K001441,C000168,Varun Iyer,6934935465,varun.iyer.0168@example.in,Bengaluru,2025-12-03,branch
K001442,C000358,Kavya Shah,7715981000,kavya.shah.0358@example.in,Bengaluru,2025-11-25,marketing
K001443,C005601,Aarav R.,9036252153,aaravroy1783@example.in,AHMEDABAD,2024-09-30,marketing
K001444,C003706,Krishna Mishra,6861295622,krishna.mishra.3706@example.in,Bhopal,2025-04-06,support
K001445,C003653,Sahil Joshi,7307438383,sahil.joshi.3653@example.in,Bengaluru,2024-09-24,crm
K001446,C002881,Diya Desai,9166658349,diya.desai.2881@example.in,Bengaluru,2025-08-17,support
K001447,C000425,Pranav Roy,6936457801,pranav.roy.0425@example.in,Lucknow,2024-06-12,crm
K001448,C003660,Krishna D.,6796266060,krishnadesai3660@example.in,Bangalore,2024-01-23,branch
K001449,C001225,Rahul Roy,6318636513,rahul.roy.1225@example.in,MUMBAI,2024-01-24,branch
K001450,C000514,Pranav Nair,,pranav.nair.0514@example.in,Bhopal,2025-02-26,support
K001451,C005343,Arjun Rao,7596387183,arjun.rao.5343@example.in,Bengaluru,2025-04-03,branch
K001452,C002506,Rohan Gupta,8257997386,rohan.gupta.2506@example.in,Bengaluru,2023-12-23,marketing
K001453,C001134,Rohan Verma,7742056118,,Delhi,2023-07-02,branch
K001454,C001399,Shreya Singh,9676322390,shreya.singh.1399@example.in,Kolkata,2023-07-06,branch
K001455,C004973,Sneha Banerjee, 74522-19223 ,sneha.banerjee.4973@example.in,Pune,2023-09-15,marketing
K001456,C001779,Mira Tiwari,6739830441,mira.tiwari.1779@example.in,Kochi,2023-08-06,support
K001457,C002914,Kavya S.,9249034923,,Kolkatta,2024-02-27,support
K001458,C005054,Kavya Shah,8466717897,kavya.shah.5054@example.in,Bengaluru,2024-05-31,crm
K001459,C002952,Ishaan Patel,,ishaan.patel.2952@example.in,Jaipur,2024-09-07,marketing
K001460,C004282,Kavya Bose,8460777052,kavya.bose.4282@example.in,Mumbai,2025-04-28,marketing
K001461,C002025,Rhea A.,7831959437,rhea.agarwal.2025@example.in,Chennai,2023-07-07,crm
K001462,C003708,Akshay Banerjee,9151844388,akshay.banerjee.3708@example.in,Kolkata,2023-05-14,support
K001463,C005618,S. Khan,6385472585,shreya.khan.2958@example.in,Chennai,2023-08-19,support
K001464,C003287,Kabir Jain,6953909698,kabir.jain.3287@example.in,Chennai,2025-09-07,branch
K001465,C004709,Nikhil Das,8845425431,nikhil.das.4709@example.in,DELHI,2023-05-09,marketing
K001466,C003987,RHEA ROY,+91 94485 05494,rhea.roy.3987@example.in,Hyderabad,2023-11-06,branch
K001467,C002643,Shreya Verma,+91 90082 73733,shreya.verma.2643@example.in,Bhopl,2024-06-29,branch
K001468,C005613,Varun C.,7328540892,varun.chandra.0836@example.in,Mumbai,2025-06-10,crm
K001469,C000269,Mira Reddy,8846972648,mira.reddy.0269@example.in,Kochi,2025-10-17,crm
K001470,C004061,Tanvi Sen,9552063424,tanvi.sen.4061@example.in,Chennai,2025-10-31,marketing
K001471,C000840,Sneha Rao,9004713279,sneha.rao.0840@example.in,Pune,2024-03-11,crm
K001472,C005983,MIRA ROY,6524340127,miraroy.2930@example.in,Lucknow,2024-05-01,support
K001473,C002285,Mira Sharma,9377237164,mira.sharma.2285@example.in,Mumbai,2025-07-11,crm
K001474,C002056,Priya Mihra,6086706664,priya.mishra.2056@example.in,Jaipur,2023-01-06,marketing
K001475,C002303,Pranav Mukherjee,9985166314,pranav.mukherjee.2303@example.in,Hyderabad,2024-05-29,support
K001476,C001887,Aditi Das,9618343127,aditi.das.1887@example.in,JAIPUR,2023-09-16,branch
K001477,C004675,Sanjay Sharma,91-858-078-2334,sanjay.sharma.4675@example.in,Ahmedabad,2024-02-28,branch
K001478,C002188,ADITI REDDY,6735441587,aditi.reddy.2188@example.in,Lucknow,2023-09-21,crm
K001479,C005391,Ishita Mishra,9675885027,ishita.mishra.5391@example.in,Bengaluru,2023-08-30,marketing
K001480,C006226,Krshna Das,6575824347,krishnadas1782@example.in,Hyderabad,2023-05-25,branch
K001481,C001470,Mira K.,9419913602,mira.khan.1470@example.in,Pune,2025-03-27,marketing
K001482,C003061,Saanvi Sinha,7525812548,saanvi.sinha.3061@example.in,Delhi,2024-06-18,branch
K001483,C003654,Rohan Sharma,6469662160,rohan.sharma.3654@example.in,Bengaluru,2024-09-06,support
K001484,C002437,Sahil Mehta,7974956874,sahil.mehta.2437@example.in,CHENNAI,2025-06-23,branch
K001485,C005198,Saanvi Rao,91-833-861-9200,saanvi.rao.5198@example.in, Bhopal ,2024-06-17,marketing
K001486,C002045,Diya Iyer,,,Hyderabad,2023-05-28,marketing
K001487,C003820,Zoya Tiwari,8156590502,zoya.tiwari.3820@example.in, Ahmedabad ,2023-08-31,branch
K001488,C000339,Varun Kapoor,(838) 927-6872,varun.kapoor.0339@example.in,Kochi,2025-09-13,support
K001489,C000288,Zoya Subramanian,7841772174,,Jaipur,2024-09-26,crm
K001490,C003941,Ishita Tiwari,7260354844,ishita.tiwari.3941@example.in,Bhopal,2024-05-03,support
K001491,C003103,Kabir Shah,9234207533,kabir.shah.3103@example.in,Jaipur,2023-01-24,marketing
K001492,C000736,Priya Singh,9849366465,priya.singh.0736@example.in,Jaipur,2023-11-30,support
K001493,C003697,Krishna Mishra, 84643-04908 ,krishna.mishra.3697@example.in,Bhopal,2025-08-26,branch
K001494,C003405,Vikram Roy,6085207229,vikram.roy.3405@example.in,Jaipur,2024-10-09,branch
K001495,C001840,Sneha Rao,(920) 044-2251,,Bhopal,2024-06-13,support
K001496,C003565,Nikhil Agarwal,9999619936,nikhil.agarwal.3565@example.in,Kolkata,2025-04-25,support
K001497,C000499,Vikram Kularni,7867699342,vikram.kulkarni.0499@example.in,Bhopal,2025-01-06,support
K001498,C004049,Sanjay Kulkarni,8304495184,sanjay.kulkarni.4049@example.in,Jaipur,2024-10-27,crm
K001499,C001883,Nikhil Reddy,7042767447,nikhil.reddy.1883@example.in, Ahmedabad ,2025-10-10,crm
K001500,C002458,Nisha Roy,,nisha.roy.2458@example.in,Bengaluru,2024-05-03,marketing
K001501,C002388,Nisha Mishra,8072602741, nisha.mishra.2388@example.in ,Bengaluru,2025-03-05,support
K001502,C000271,Kabir Subramanian,8327221229,kabir.subramanian.0271@example.in,Bombay,2025-10-22,branch
K001503,C001203,Akshay Menon,6900943963,akshay.menon.1203@example.in,Ahmedabad,2024-01-05,branch
K001504,C002441,ROHAN RAO,,rohan.rao.2441@example.in,Bangalore,2023-01-27,support
K001505,C002053,Shreya Rao,6877338409,shreya.rao.2053@example.in,Kolkata,2024-09-16,marketing
K001506,C004923,Ananya Agarwal,8543799652,ANANYA.AGARWAL.4923@EXAMPLE.IN,Delhi,2024-09-22,branch
K001507,C004866,Varun Shah,+91 64527 10964,varun.shah.4866@example.in,Hyderabad,2023-10-28,branch
K001508,C003426,Kavya Reddy,9258373024,kavya.reddy.3426@example.in,Kolkata,2025-06-29,marketing
K001509,C004291,Aditya Rao,7003256106,aditya.rao.4291@example.in,Lucknow,2025-07-22,marketing
K001510,C005598,Shreya Iyer,6688602472,shreyaiyer5598@example.in,Kochi,2023-02-02,branch
K001511,C003964,Sahil Menon,6110612607,sahil.menn.3964@example.in,Ahmedabad,2024-02-20,crm
K001512,C005427,Rahul Roy,(783) 044-4004,rahul.roy.5427@example.in,Chennai,2023-01-12,crm
K001513,C004176,Ishita Kulkarni,7560539986,ishita.kulkarni.4176@example.in,Hyd,2024-12-30,support
K001514,C001255,Kabir Banerjee,7887592961,kair.banerjee.1255@example.in,Hyderabad,2025-07-12,branch
K001515,C001381,Anika Kapoor,7224310573,anika.kapoor.1381@example.in,Delhi,2024-03-07,marketing
K001516,C001419,Arjun Chandra,91-942-796-1994,ARJUN.CHANDRA.1419@EXAMPLE.IN,Pune,2025-03-02,branch
K001517,C003912,Varun Mishra,+91 68469 79853,varun.mishra.3912@example.in,CHENNAI,2023-07-07,marketing
K001518,C000366,Ishaan Bose, 94478-79524 ,ishaan.bose.0366@example.in,Bengaluru,2025-04-07,support
K001519,C002801,Aditi Mishra,91-945-112-8848,aditi.mishra.2801@example.in,Ahmedabad,2025-10-08,marketing
K001520,C001027,Varun Sen,9644371291,varun.sen.1027@example.in,Lucknow,2025-07-03,support
K001521,C000924,Rhea Gupta,9893716169,,Kochi,2024-11-11,marketing
K001522,C005722,VARUN SHARMA,7321398400,varun.sharma.5072@example.in,Mumbai,2023-12-08,branch
K001523,C002427,Pranav Shah,8939914771,pranav.shah.2427@example.in,Jaipur,2024-02-09,support
K001524,C004153,Sanjay Sharma,9790195926, sanjay.sharma.4153@example.in ,Kochi,2024-12-29,support
K001525,C002439,Ishita Kulkarni,9615892133,ishita.kulkarni.2439@example.in,Ahmedabad,2024-08-12,branch
K001526,C003061,  saanvi   sinha  ,7525812548,saanvi.sinha.3061@example.in,Delhi,2023-04-30,marketing
K001527,C003390,Rahul S.,8898887902,rahul.shah.3390@example.in,Jaipur,2023-01-11,marketing
K001528,C002918,DIYA BANERJEE,7595738891,diya.banerjee.2918@example.in,Kolkata,2023-04-07,marketing
K001529,C000527,Saanvi Agarwal,6178344533,saanvi.agarwal.0527@example.in,Delhi,2025-10-09,marketing
K001530,C003368,Sneha Banerjee,7446563396,sneha.banerjee.3368@example.in,Bengaluru,2024-08-28,marketing
K001531,C003708,Akshay Banerjee,9151844388,akshay.banerjee.3708@example.in,Kolkata,2025-10-02,support
K001532,C005236,Meera Singh,8677064887,meera.singh.5236@example.in,Jaipur,2023-08-23,support
K001533,C003664,Ishaan Reddy,7867499660,ishaan.reddy.3664@example.in,Kolkata,2025-02-18,branch
K001534,C000818,Krishna Mukherjee,,krishna.mukherjee.0818@example.in,Bhopal,2024-04-22,marketing
K001535,C005553,Rahul Patel,,rahul.patel.5553@example.in, Bangalore ,2025-05-01,branch
K001536,C004872,Aditya B., 81445-87635 ,aditya.banerjee.4872@example.in,Hyderabad,2023-06-23,crm
K001537,C002958,Shreya Khan,6385472585,shreya.khan.2958@example.in,Chennai,2025-07-05,marketing
K001538,C005382,Nisha Chandra,6137635310,nisha.chandra.5382@example.in, Bhopal ,2025-06-18,support
K001539,C000643,Sneha Reddy,,sneha.reddy.0643@example.in,Bhopal,2024-02-17,crm
K001540,C003759,Sneha Iyer,(778) 497-4733,sneha.iyer.3759@example.in,Jaipur,2023-03-01,support
K001541,C005456,Aditya Kapoor, 82207-53112 ,aditya.kapoor.5456@example.in,Lucknow,2024-10-15,branch
K001542,C000144,Rhea Reddy,8803176343,rhea.reddy.0144@example.in,Pune,2024-01-16,crm
K001543,C003019,Akshay Jain,+91 95730 92618,,Jaipur,2024-07-09,crm
K001544,C000202,Ananya Reddy,8759533808,ananya.reddy.0202@example.in,Bengaluru,2024-05-09,crm
K001545,C002048,Sahil Roy,8326234823,sahil.roy.2048@example.in,Jaipur,2025-06-30,branch
K001546,C003920,Shreya Mishra,7203515257, shreya.mishra.3920@example.in ,Bengaluru,2024-03-27,support
K001547,C004493,Zoya Bose,6226464052,zoya.bose.4493@example.in,Bengaluru,2024-04-28,crm
K001548,C002444,Sanjay Patel,8240720924,sanjay.patel.2444@example.in,Pune,2023-04-30,branch
K001549,C005050,Arjun Gupta, 67524-99418 ,arjun.gupta.5050@example.in,Chennai,2023-07-26,marketing
K001550,C006255,Roan Jain,6838793413,rohan.jain.0819@example.in,Mumbai,2025-01-25,branch
K001551,C004280,Aditi Gupta,8519679640,aditi.gupta.4280@example.in,Hyderabad,2025-03-15,branch
K001552,C003247,Sneha Reddy,9250204777,sneha.reddy.3247@example.in,Lucknow,2024-10-03,support
K001553,C004087,Arjun Kapoor,6777165316,arjun.kapoor.4087@example.in,Hyderabad,2025-06-03,marketing
K001554,C004417,Saanvi Desai,9036609476,saanvi.desai.4417@example.in,Pune,2024-04-23,crm
K001555,C000111,Diya Tiwari,,diya.tiwari.0111@example.in,Hyderabad,2024-08-13,marketing
K001556,C002941,Kabir Banerjee,6576664646,kabir.banerjee.2941@example.in,Lucknow,2023-08-06,crm
K001557,C001730,Ananya Sinha,7751556820,ananya.sinha.1730@example.in,Ahmedabad,2023-05-17,crm
K001558,C003059,Rohan Kularni,8464984629, rohan.kulkarni.3059@example.in ,Chennai,2023-11-24,marketing
K001559,C003455,Anika Jain,7049922137,,Delhi,2023-05-19,support
K001560,C000610,Kavya Roy,9768136656,kavya.roy.0610@example.in, Ahmedabad ,2024-07-23,support
K001561,C006224,Isaan T.,6893822340,ishaan.tiwari.3271@example.in,Hyderabad,2024-07-18,crm
K001562,C003537,Shreya Verma,7133463312,shreya.verma.3537@example.in,Kochi,2025-07-31,branch
K001563,C002247,Saanvi Sinha,9816557472,saanvi.sinha.2247@example.in,Mumbai,2025-05-12,branch
K001564,C006008,S. Banerjee,8413901346,sahilbanerjee2176@example.in,Hyderabad,2024-11-29,support
K001565,C002080,Meera Kulkarni,7279466289,meera.kulkarni.2080@example.in,Pune,2023-09-13,support
K001566,C006103,Rohan B.,9231434683,rohanbanerjee3858@example.in,Bhopal,2024-11-05,crm
K001567,C005734,Krishna M.,7568698903,krishna.mishra.4300@example.in,Chennai,2023-10-23,branch
K001568,C003300,Krishna Mishra,,krishna.mishra.300@example.in,Chennai,2023-08-29,support
K001569,C003573,Aditi Mehta,9912905770,aditi.mehta.3573@example.in, Jaipur ,2024-09-09,branch
K001570,C004587,Aarav Shah,(841) 948-3965,aarav.shah.4587@example.in,Bhopal,2025-01-25,crm
K001571,C004245,Saanvi Chandra,+91 71353 55401,saanvi.chandra.4245@example.in,Pune,2025-10-27,support
K001572,C002755,Aarav Mukherjee,6868971538,aarav.mukherjee.2755@example.in,Ahmedabad,2024-05-26,branch
K001573,C003704,Priya Chandra,+91 79554 03363,priya.chandra.3704@example.in,Delhi,2024-11-24,branch
K001574,C004425,Diya Singh,,diya.singh.4425@example.in,Delhi,2025-06-10,support
K001575,C006148,Kavya M., 82642-66639 ,kavya.mihra.0991@example.in,Mumbai,2023-05-30,support
K001576,C001773,Kavya Bse,91-899-787-1686,kavya.bose.1773@example.in,Delhi,2024-11-02,branch
K001577,C003063,Shreya Mishra,8885367519,shreya.mishra.3063@example.in,Lucknow,2025-07-12,crm
K001578,C006103,Rhan B.,9231434683,rohanbanerjee3858@example.in,Bhopal,2024-09-01,branch
K001579,C004751,Shreya Joshi,9519292544,shreya.joshi.4751@example.in, Lucknow ,2023-07-01,support
K001580,C000276,Aarav Patel,6672988310,aarav.patel.0276@example.in,Jaipur,2024-05-30,crm
K001581,C002889,Akshay C.,8664514640,akshay.chandra.2889@example.in,Mumbai,2024-12-30,branch
K001582,C006170,ROHAN MISHRA,9915447313,rohn.mishra.0649@example.in,Mumbai,2024-09-11,branch
K001583,C001016,  krishna   verma  ,6072144465,krishna.verma.1016@example.in, Mumbai ,2025-04-24,marketing
K001584,C005192,Zoya Bose, 67800-82423 ,zoya.bose.5192@example.in,Hyderbad,2025-02-15,marketing
K001585,C003006,Rohan Bose,91-779-134-0656,rohan.bose.3006@example.in,Mumbai,2025-06-01,crm
K001586,C002294,Rohan Banerjee,6139556785,rohan.banerjee.2294@example.in,Kochi,2025-03-13,branch
K001587,C002126,Pooja Kulkarni,8115223783,pooja.kulkarni.2126@example.in,Hyd,2025-09-02,support
K001588,C002192,Ananya Sinha,+91 80228 09514,annya.sinha.2192@example.in,Hyderbad,2025-03-05,branch
K001589,C002303,P. Mukherjee,9985166314,pranav.mukherjee.2303@example.in,Hyderabad,2024-05-27,support
K001590,C000430,Arjun Sinha,8433996502,arjun.sinha.0430@example.in,Bhopal,2023-05-08,marketing
K001591,C000726,Varun Kulkarni,91-715-526-8704,varun.kulkarni.0726@example.in,Lucknow,2023-03-17,branch
K001592,C005183,Saanvi Kulkarni,7603381326,saanvi.kulkarni.5183@example.in,Mumbai,2024-12-20,support
K001593,C004738,Shreya Desai,9557033311,shreya.desai.4738@example.in,Bengaluru,2024-10-06,marketing
K001594,C003039,Pranav Verma,8131037451,,Bhopal,2024-03-19,marketing
K001595,C001404,A. Banerjee,9264869885,aarav.banerjee.1404@example.in,Mumbai,2024-07-13,crm
K001596,C005134,Nikhil Patel,7605344456,nikhil.patel.5134@example.in,Mumbai,2025-03-06,marketing
K001597,C005190,S. Agarwal,9978418598,saanvi.agarwal.5190@example.in, Delhi ,2025-07-04,branch
K001598,C005721,Sanvi Rao,8735186825,saanvi.rao.1968@example.in,Pune,2023-04-06,marketing
K001599,C001356,Varun Reddy,6001699953,varun.reddy.1356@example.in,Hyd,2023-12-08,branch
K001600,C000982,Diya Reddy,9640881109,diya.reddy.0982@example.in,Jaipur,2025-10-20,crm
K001601,C002461,Meera Tiwari,6706989902,meera.tiwari.2461@example.in,Pune,2025-06-29,branch
K001602,C000556,Aditya Mishra,(951) 110-3369,adityamishra0556@example.in,Lakhnau,2023-07-27,branch
K001603,C002451,Rohan Tiwari,8733767975,rohan.tiwari.2451@example.in,Kolkata ,2023-01-14,support
K001604,C001573,Nikhil Rao, 61247-48603 ,nikhil.rao.1573@example.in,Kolkata,2024-01-11,crm
K001605,C002470,Pooja Mukhrjee,9030879705,pooja.mukherjee.2470@example.in,Lucknow,2025-08-17,crm
K001606,C000619,Rohan T.,7752937757,ROHAN.TIWARI.0619@EXAMPLE.IN,Bhopal,2025-03-14,crm
K001607,C003765,Anika Mishra,8108256353,anika.mishra.3765@example.in,Chennai,2024-08-11,branch
K001608,C003245,Rahul Roy,,rahul.roy.3245@example.in,Bhopal,2024-11-07,support
K001609,C005762,Meera I.,,meeraiyer4914@example.in,Mumbai,2023-11-01,marketing
K001610,C005199,Mira Subramanian,6220372339,mira.subramanian.5199@example.in,Lucknow,2023-09-01,crm
K001611,C004432,Aiti Jain,7014323941,aditi.jain.4432@example.in,Lucknow,2024-07-08,marketing
K001612,C003947,Nikhil Reddy,91-664-367-9810,nikhil.reddy.3947@example.in,Lucknow,2023-01-09,crm
K001613,C005537,Tanvi Nair,(601) 650-6988,tanvi.nair.5537@example.in,Lucknow,2024-10-08,marketing
K001614,C002699,Rohan Das,7002221081,ROHAN.DAS.2699@EXAMPLE.IN,Kolkata,2025-04-06,crm
K001615,C000554,Ishaan Jain,9608686911,ishaan.jain.0554@example.in,Bhopal,2024-11-11,crm
K001616,C006090,Vikam Patl,+91 92963 64497,vikram.patel.3226@example.in,Mumbai,2024-10-03,marketing
K001617,C003584,Shreya Johi, 95429-02241 ,shreyajoshi3584@example.in,Delhi,2024-10-20,support
K001618,C000697,Sahil Menon,9323032138,sahil.menon.0697@example.in,Kolkata,2025-12-09,branch
K001619,C005219,Shreya Menon,,shreyamenon5219@example.in,Kolkata,2024-12-24,branch
K001620,C002355,Rohan Joshi,9127357112,rohan.joshi.2355@example.in,Hyderabad,2024-05-21,crm
K001621,C002141,Nikhil Agarwal,9609129088,nikhil.agarwal.2141@example.in,Bhopal,2025-01-25,support
K001622,C001838,Arjun Reddy,9376163759,arjun.reddy.1838@example.in,Bengaluru,2025-07-17,crm
K001623,C000141,Varun Bose,9769378217,varun.bose.0141@example.in,Mumbai,2024-04-15,marketing
K001624,C002727,Tanvi Ptel,8265912155,,Chennai,2025-03-02,marketing
K001625,C003228,Rhea Shah,6229919838,rhea.shah.3228@example.in,Jaipur,2025-12-12,branch
K001626,C001733,Snea Desai,9747044700,sneha.desai.1733@example.in,Bengaluru,2023-11-28,crm
K001627,C001575,Rohn Verma,9420227185,rohan.verma.1575@example.in,Delhi,2023-12-31,crm
K001628,C004381,Sneha Desai,7741118279,sneha.desai.4381@example.in,Jaipur,2025-09-01,support
K001629,C005220,Rahul Reddy,7786946043,rahul.reddy.5220@example.in,Mumbai,2025-10-13,crm
K001630,C003806,Varun Gupta,9905905571,varun.gupta.3806@example.in,Hyderabad,2025-05-26,crm
K001631,C005398,Rohan Shah,9396832346,rohan.shah.5398@example.in,Pune,2023-09-02,marketing
K001632,C001118,S. Mishra,,sneha.mishra.1118@example.in,Bhopal,2024-01-15,crm
K001633,C003126,Rahul Roy,8822922629,rahul.roy.3126@example.in,Bhopal,2023-12-21,branch
K001634,C001979,Krishna Mehta,6738816392,krishna.mehta.1979@example.in,Kolkata ,2024-02-06,support
K001635,C005190,Saanvi Agarwal, 99784-18598 ,saanvi.agarwal.5190@example.in,Delhi,2023-07-19,support
K001636,C005021,Arjun Das,6265119130,arjun.das.5021@example.in,Hyderabad,2024-10-12,support
K001637,C000685,Ishaan Agarwal,7601523890,ishaan.agarwal.0685@example.in,Ahmedabad,2024-03-15,support
K001638,C003808,Vikram Singh,9340914447,vikram.singh.3808@example.in,Mumbai,2024-12-09,marketing
K001639,C004747,Rhea A.,9337640305,rhea.agarwal.4747@example.in,Pune,2025-11-17,crm
K001640,C005559,A. Joshi,9778460525,aarav.joshi.5559@example.in,Kochi,2023-02-20,marketing
K001641,C004153,Sanjay Sharma,9790195926,sanjay.sharma.4153@example.in,Kochi,2025-05-07,support
K001642,C003589,Pooja K.,(924) 618-0038,pooja.khan.3589@example.in,Delhi,2024-09-10,marketing
K001643,C001524,Rhea Shah,6380219063,rhea.shah.1524@example.in,Chennai,2023-04-09,crm
K001644,C000709,Sahil Roy,6896107184,sahil.roy.0709@example.in, Kochi ,2023-08-15,branch
K001645,C003156,Akshay Verma,9308050233,akshay.verma.3156@example.in, Jaipur ,2024-03-07,crm
K001646,C000051,Saanvi Banerjee,6646734179,saanvi.banerjee.0051@example.in,Bhopal,2024-11-24,support
K001647,C003756,Sahil Mishra,6494160209,sahil.mishra.3756@example.in,Ahmedabad,2024-10-12,marketing
K001648,C001863,Nikhil Reddy,7093091372,nikhil.reddy.1863@example.in,Kochi,2025-12-18,crm
K001649,C005113,Nisha Rao,7406500951,nisha.rao.5113@example.in,Lucknow,2023-10-15,marketing
K001650,C002846,Meera M.,7693602267,meera.mehta.2846@example.in,Kochi,2025-07-27,crm
K001651,C000275,Ishaan V.,9058571867,ishaan.verma.0275@example.in,Kochi,2023-06-14,branch
K001652,C003585,Aditi Jain,,aditi.jain.3585@example.in,Bengaluru,2024-07-13,marketing
K001653,C004436,Rhea M.,7662015896,rhea.mukherjee.4436@example.in,Jaipur,2025-08-11,marketing
K001654,C003976,Sneha Kaoor,8430562837,sneha.kapoor.3976@example.in,Jaipur,2025-12-26,support
K001655,C004889,Rhea Agarwal,6515951568,rheaagarwal4889@example.in,Kolkata,2024-06-04,marketing
K001656,C002045,Diya Iyer,7545883346,diya.iyer.2045@example.in,Hyderabad,2024-12-24,crm
K001657,C002903,Aditya Roy,8197487819,aditya.roy.2903@example.in,Bhopl,2024-12-12,support
K001658,C004638,Pooja Roy,7463033844,pooja.roy.4638@example.in,Pune,2025-06-20,support
K001659,C000758,Mira Khan,8179181849,mira.khan.078@example.in,Bhopal,2025-08-04,marketing
K001660,C000298,POOJA CHANDRA,7140213196,,Mumbai,2024-07-05,crm
K001661,C002678,Krishna Khan, 68482-84598 ,krishna.khan.2678@example.in,Hyd,2023-09-02,marketing
K001662,C003487,Kavya Jain,9649793055,kavya.jain.3487@example.in,Delhi,2024-11-28,marketing
K001663,C000121,Arjun Singh,8322453657,arjun.singh.0121@example.in,Pune,2023-04-30,marketing
K001664,C003270,Tanvi Subramanian,7329250834,tanvi.subramanian.3270@example.in,Pune,2025-08-21,support
K001665,C001663,Rohan Shah,7632954103,rohan.shah.1663@example.in, Jaipur ,2025-11-17,support
K001666,C002915,Anika Roy,7664924306,anika.roy.2915@example.in,Kochi,2025-07-23,support
K001667,C004459,Rahul Kulkarni,8937894075,rahulkulkarni4459@example.in,Kochi,2025-04-17,crm
K001668,C006167,Anika Siha,9816030413,anika.sinha5404@example.in,Ahmedabad,2024-03-08,crm
K001669,C000964,Rohan Tiwari,7615902782,rohan.tiwari.0964@example.in,Kochi,2025-11-27,support
K001670,C002420,Saanvi Sharma,7848527167,saanvi.sharma.2420@example.in,Jaipur,2025-04-11,support
K001671,C000505,Nikhil Tiwai,9687544815,nikhil.tiwari.0505@example.in,Ahmedabad,2025-11-05,support
K001672,C005257,Ishita Reddy,7747886994,ishita.reddy.5257@example.in,Pune,2023-05-23,branch
K001673,C003597,Nisha Nair,7334817733,nisha.nair.3597@example.in,Chennai,2023-06-22,marketing
K001674,C006251,Pooja Sah,8138940186,pooja.shah.2997@example.in, Delhi ,2023-10-07,branch
K001675,C002834,Aditya Kulkarni,9552164326,aditya.kulkarni.2834@example.in,Kolkata,2023-06-04,crm
K001676,C000743,Saanvi Iyer,8254630891,saanvi.iyer.0743@example.in,Kochi,2024-01-06,crm
K001677,C000629,Sneha Patel,8276953441,sneha.patel.0629@example.in,Bengaluru,2025-06-02,crm
K001678,C002345,SHREYA PATEL,,shreya.patel.2345@example.in,Chennai,2023-07-26,branch
K001679,C002186,Rahul Agarwal,8754075208,rahul.agarwal.2186@example.in,Dilli,2023-02-27,crm
K001680,C000312,Ishaan Menon,7571277602,ishaan.menon.0312@example.in,Mumbai,2025-06-11,support
K001681,C002452,Varun Bose,7180750303,VARUN.BOSE.2452@EXAMPLE.IN,Kochi,2023-07-04,support
K001682,C004059,Arjun Chandra,7240363306,arjun.chandra.4059@example.in,Lucknow,2023-08-16,crm
K001683,C000561,Aditya Jain,7961564302,aditya.jain.0561@example.in,Mumbai,2024-07-23,branch
K001684,C002560,Sanjay Patel,7081315082,sanjay.patel.2560@example.in,Delhi,2024-09-04,crm
K001685,C002148,Ishaan Banerjee,6446702856,ishaan.banerjee.2148@example.in,Bhopal,2025-05-28,support
K001686,C005097,Varun Bose,8276406259,varun.bose.5097@example.in,Lucknow,2023-01-12,branch
K001687,C001342,Rohan Nair,9125576169,rohan.nair.1342@example.in,Bhopal,2023-09-15,marketing
K001688,C003868,Vikram Iyer,7231681934,vikram.iyer.3868@example.in,Jaipur,2025-05-05,branch
K001689,C003344,Nisha Singh,8278538446,nisha.singh.3344@example.in,DELHI,2024-11-25,support
K001690,C003736,Nisha Joshi,9183881903,nisha.jshi.3736@example.in,Bengaluru,2023-05-12,marketing
K001691,C000876,Pooja Sen,7630083820,POOJA.SEN.0876@EXAMPLE.IN,Lucknow,2025-02-28,branch
K001692,C000639,Priya Sinha,6083960371,priya.sinha.0639@example.in,Bengaluru,2025-04-11,crm
K001693,C002467,Akshay Mukherjee,9622825082,aksay.mukherjee.2467@example.in,Lucknow,2023-04-16,support
K001694,C005917,ADITYA S.,+91 93182 37157,adityasingh5566@example.in,Chennai,2023-07-03,crm
K001695,C005762,M. I.,,meeraiyer4914@example.in,Mumbai,2024-10-23,marketing
K001696,C001968,Saanvi Rao,+91 87351 86825,saanvi.rao.1968@example.in,Pune,2025-01-28,branch
K001697,C000013,Pooja Singh,7479634349,pooja.singh.0013@example.in,Pune,2025-05-23,crm
K001698,C003720,N. Gupta, 60596-86436 ,nikhil.gupta.3720@example.in,Pune,2023-07-28,crm
K001699,C003284,Annya Sen,8624994724,ananya.sen.3284@example.in,Bhopal,2024-09-05,crm
K001700,C003897,Shreya Das,+91 70463 80712,,Lucknow,2023-05-18,branch
K001701,C003444,Pooja Tiwari,8094884484,pooja.tiwari.3444@example.in,Bengaluru,2024-11-19,crm
K001702,C005253,Sahil Patel,8840892579,sahil.patel.5253@example.in,Kochi,2024-08-27,support
K001703,C004276,Meera Joshi,7173414596,meera.joshi.4276@example.in,Lucknow,2023-12-08,marketing
K001704,C003816,Anika Reddy,9871582545,anika.reddy.3816@example.in,Bhopal,2025-06-13,crm
K001705,C001323,Kabir Mehta,9871065300,kabir.mehta.1323@example.in,Bengaluru,2023-11-06,marketing
K001706,C002013,Aditya Banerjee,6305942038,aditya.banerjee.2013@example.in,Bhopal,2023-03-03,crm
K001707,C002351,Tanvi Mukherjee,7534205671,tanvi.mukherjee.2351@example.in,Chennai,2025-06-25,crm
K001708,C004057,Ananya Sinha,6044620544,ananya.sinha.4057@example.in,Cochin,2023-07-30,crm
K001709,C002464,Diya Agarwal,,diya.agarwal.2464@example.in,Cochin,2023-08-11,crm
K001710,C005923,TANI MUKHERJEE,7373034731,tanvi.mukherjee.2361@example.in,Bengaluru,2024-02-05,marketing
K001711,C003869,Meera Joshi,8954474536,meera.joshi.3869@example.in,Lucknow,2023-09-10,branch
K001712,C005453,Pooja Jain,7557620731,pooja.jain.5453@example.in,Bengaluru,2023-04-08,branch
K001713,C002166,Zoya Banerjee,7318787665,zoya.banerjee.2166@example.in,Kochi,2025-02-19,marketing
K001714,C006076,M. Tiwari,6858678285,meera.tiwari.4460@example.in,Jaipur,2023-05-30,crm
K001715,C002159,Ashay Sinha,6616829653,akshay.sinha.2159@example.in,Pune,2025-12-01,support
K001716,C001152,Priya Menon,6888184526,priya.menon.1152@example.in,Chennai,2025-09-27,support
K001717,C004953,Priya Joshi,9367808286,priya.joshi.4953@example.in,Kochi,2023-04-24,crm
K001718,C004300,Krishna Mishra,7568698903,krishna.mishra.4300@example.in,Chennai,2024-08-11,crm
K001719,C005822,S. Rao, 92671-99272 ,sneha.rao.1285@example.in,CHENNAI,2024-05-08,crm
K001720,C001283,Mira Mishra,7580452837,mira.mishra.1283@example.in,Kolkata,2024-06-07,support
K001721,C001314,Rahul Mehta,6355814287,rahul.mehta.1314@example.in,Mumbai,2025-07-15,support
K001722,C000363,Nikil Sharma,9331562032,nikhil.sharma.0363@example.in,Pune,2023-08-14,marketing
K001723,C005051,Aditi Singh,6343374619,aditi.singh.5051@example.in,Jaipur,2025-06-29,crm
K001724,C000625,Sahil Das,9728722112,sahil.das.0625@example.in,Lucknow,2024-06-28,branch
K001725,C004079,Pranav Nair,6617040632,pranav.nair.4079@example.in,Bengaluru,2024-09-01,support
K001726,C004913,Kavya Patel,9177186234,kavya.patel.4913@example.in,Bhopal,2024-07-26,branch
K001727,C003310,Anika Sharma,9528616976,anika.sharma.3310@example.in,Chennai,2025-02-17,marketing
K001728,C001013,Ishaan Singh,6729297101,ishaan.singh.1013@example.in,Bengaluru,2025-02-13,support
K001729,C000483,Sanjay Kulkarni,7058179354,sanjay.kulkarni.0483@example.in,Chennai,2025-10-20,support
K001730,C003613,Krishna Iyer,7476987455,krishna.iyer.3613@example.in,Kolkata,2025-10-13,crm
K001731,C002273,Rhea Mehta,6427309770,RHEA.MEHTA.2273@EXAMPLE.IN,Chennai,2024-03-09,crm
K001732,C005116,Priya Subramanian, 69634-99955 ,priya.subramanian.5116@example.in,Kolkata,2024-08-07,crm
K001733,C006110,Tavi Roy,91-675-984-1642,tanvi.roy.1097@example.in,Chennai,2024-02-23,branch
K001734,C001968,Saanvi Rao,8735186825,saanvi.rao.1968@example.in,Pune,2025-07-15,branch
K001735,C002476,Nikhil Kulkarni,9248099004,nikhil.kulkarni.2476@example.in,Bengaluru,2024-08-12,branch
K001736,C003734,Ananya Nair,8772604828,ananya.nair.3734@example.in,Hyderabad,2023-04-30,crm
K001737,C004620,Rhea Mukherjee,7868503582,rheamukherjee4620@example.in,Kochi,2024-05-29,marketing
K001738,C002070,Krishna Shah,91-839-840-0072,,Jaipur,2023-03-05,support
K001739,C004805,Arjun Singh,8618323192,arjun.singh.4805@example.in,Bengaluru,2025-01-04,crm
K001740,C002338,Anika Chandra,9996390627,anikachandra2338@example.in,Delhi,2024-04-18,support
K001741,C006139,ADITYA MUKHERJEE,9213627952,aditya.mukherjee.318@example.in,Lucknow,2024-10-16,branch
K001742,C003441,Aarav Jain,8333607383,aarav.jain.3441@example.in,Bengluru,2024-10-03,marketing
K001743,C002881,Dia Desai,9166658349,diy.desai.2881@example.in,Bengaluru,2025-07-04,branch
K001744,C001981,Aditya Banerjee,(887) 671-8327,aditya.banerjee.1981@example.in,Lucknow,2025-04-27,marketing
K001745,C001504,  sanjay   singh  ,9495258263,sanjay.singh.1504@example.in,Kochi,2024-11-04,marketing
K001746,C006210,roan bose,6099159920,rohan.bose.1609@example.in,Bengaluru,2025-06-16,crm
K001747,C001397,Zoya Singh,8171651172,zoya.singh.1397@example.in, Kochi ,2024-10-22,support
K001748,C003568,Priya Mukherjee,6548593668,priya.mukherjee.3568@example.in,Delhi,2024-12-01,crm
K001749,C004865,Aarav Patel,,aarav.patel.4865@example.in,Kolkata,2023-04-09,marketing
K001750,C003900,Anika Menon,+91 74654 96780,ANIKA.MENON.3900@EXAMPLE.IN,Chennai ,2024-06-04,branch
K001751,C005818,Shreya Vrma,8731614390,shreya.verma.5197@example.in,Pune,2025-04-07,crm
K001752,C000096,Kabir Mukherjee,9650489358,kabir.mukherjee.0096@example.in,Pune,2024-09-27,branch
K001753,C001785,Priya Menon,8838756597,priya.menon.1785@example.in,Bengaluru,2023-07-14,marketing
K001754,C005854,shreya kapoor,8735901182,shreyakapoor3131@example.in,Lucknow,2025-05-24,marketing
K001755,C002500,Nisha Shah,8187607722,nisha.shah.2500@example.in,Chennai,2025-07-23,branch
K001756,C003243,Arjun M.,7535281312,arjun.mishra.3243@example.in, Ahmedabad ,2024-07-21,crm
K001757,C004593,Aditi Mukherjee,9908447036,aditi.mukherjee.493@example.in,Delhi,2025-12-21,branch
K001758,C004450,Ishita Patel,9786568488,ishita.patel.4450@example.in,Kochi,2023-08-15,branch
K001759,C000079,Shreya Das,+91 61650 54436,shreyadas0079@example.in,Ahmedabad,2024-06-19,support
K001760,C005288,Anika Menon,9277455391,anika.menon.5288@example.in,Pune,2023-05-31,branch
K001761,C003451,Mira Mukherjee,9611115825,mira.mukherjee.3451@example.in,Kolkata,2025-03-05,marketing
K001762,C003105,Kabir Subramanian,8675901068,kabir.subramanian.3105@example.in,Chennai,2025-07-05,support
K001763,C003490,Ishita Bose,7144057777,ISHITA.BOSE.3490@EXAMPLE.IN,Jaipur,2024-11-16,marketing
K001764,C005356,Nikhil Mehta,8688315526,nikhil.mehta.5356@example.in,Kolkata,2024-11-17,branch
K001765,C005350,Rohan Shah,7953655070,rohan.shah.5350@example.in,Bengaluru,2023-10-15,branch
K001766,C004235,Nikhil Mukherjee,6902469328,nikhil.mukherjee.4235@example.in,Ahmedabad,2024-09-03,branch
K001767,C002343,Adita Agarwal,9039166882,aditya.agarwal.2343@example.in,Delhi,2023-06-18,crm
K001768,C004465,Sanjay Menon,6554397840,sanjay.menon.4465@example.in,Bhopal,2025-05-20,marketing
K001769,C002191,Saanvi Rao,7051340837,saanvi.rao.2191@example.in,Delhi,2025-07-23,support
K001770,C000865,  kabir   kulkarni  ,8990997493,kabir.kulkarni.0865@example.in,Mumbai,2023-06-12,crm
K001771,C003904,K. Mukherjee,,kavya.mukherjee.3904@example.in,Bhopal,2025-01-24,branch
K001772,C001692,  ishita   menon  ,9590814043,ishita.menon.1692@example.in,Delhi,2023-01-01,branch
K001773,C000604,Rhea Tiwari,91-829-206-6501,rhea.tiwari.0604@example.in,Ahmedabad,2023-02-01,branch
K001774,C001801,Aditya Bose,9568748280,aditya.bose.1801@example.in,Lucknow,2024-03-08,support
K001775,C000911,Diya Menon,,diya.menon.0911@example.in,Jaipur,2024-01-07,branch
K001776,C002303,Pranav Mukherjee,91-998-516-6314,pranav.mukherjee.2303@example.in,Hyderabad,2025-09-11,support
K001777,C006134,Rhea Guta,9814058674,rhea.gupta.5562@example.in,Bengaluru,2024-01-21,branch
K001778,C005552,Sneha Reddy,,sneha.reddy.5552@example.in,Kochi,2023-09-01,branch
K001779,C001260,Aditya Sen,7879311479,aditya.sen.1260@example.in,Kolkata,2024-06-14,crm
K001780,C003838,Ishaan Mehta,8088990965,ishaan.mehta.3838@example.in,Hyderbad,2025-05-10,marketing
K001781,C002654,Kabir Bose,7951573862,kabir.bose.2654@example.in,Ahmedabad,2025-11-23,crm
K001782,C003298,Sahil Khan,91-740-448-8962,sahil.khan.3298@example.in,Jaipur,2025-11-12,support
K001783,C002736,Saanvi Subramanian,6141843033,saanvi.subramanian.2736@example.in,Ahmedabad,2023-05-09,support
K001784,C003058,Priya Das,7270059706,priya.das.3058@example.in,Bengaluru,2024-01-10,support
K001785,C004746,TANVI SUBRAMANIAN,8805288525,tanvi.subramanian.4746@example.in,Bengaluru,2024-10-30,branch
K001786,C001197,Shreya Roy,9701576618,shreya.roy.1197@example.in,Hyderabad,2023-11-29,branch
K001787,C004600,Rahul Mishra,6779098977,rahul.mishra.4600@example.in,Bhopal,2025-01-12,support
K001788,C000479,Meera Gupta,(652) 631-4829,,Mumbai,2024-11-26,branch
K001789,C004906,Diya Sinha, 61410-12099 ,diya.sinha.4906@example.in,Bhopal,2025-11-14,marketing
K001790,C003636,Ishaan Kapoor,91-741-055-7807,ishaan.kapoor.3636@example.in,Bengaluru,2024-06-06,crm
K001791,C004691,M. Chandra,6756027688,mira.chandra.4691@example.in,Pune,2024-09-28,branch
K001792,C004954,Varun Banerjee,,varun.banerjee.4954@example.in,Delhi,2023-05-05,support
K001793,C004432,Aditi Jain,7014323941,aditi.jain.4432@example.in,Lucknow,2023-11-19,crm
K001794,C005882,K. Sigh,+91 93480 02821,kavyasingh0523@example.in,Bhopal,2024-04-03,support
K001795,C004554,SHREYA SHARMA,7840114675,shreya.sharma.4554@example.in,Hyderabad,2025-06-22,branch
K001796,C004856,P. Joshi,9209251856,priya.joshi.4856@example.in,Chennai,2024-08-27,branch
K001797,C004536,Anika Subramanian,7300897669,anika.subramanian.4536@example.in, Lucknow ,2025-11-09,branch
K001798,C003102,Sanvi Sharma,7691230725,saanvi.sharma.3102@example.in,Ahmedabad,2023-05-23,support
K001799,C004150,Ishaan Kulkarni,6995031973,ishaan.kulkarni.4150@example.in,Jaipur,2025-01-06,support
K001800,C003631,M. Das,9372864037,mira.das.3631@example.in,Lucknow,2024-05-18,branch
K001801,C002258,Tanvi Gupta,91-645-057-1096,tanvi.gupta.2258@example.in,Hyderabad,2024-01-22,branch
K001802,C004718,Sahil Mukherjee,6706148109,sahil.mukherjee.4718@example.in,Kochi,2025-03-10,branch
K001803,C005040,K. Banerjee,9051318719,kabir.banerjee.5040@example.in,Kochi,2025-09-07,marketing
K001804,C005155,Anika Sen,8315908219, anika.sen.5155@example.in ,Hyderabad,2024-12-16,support
K001805,C004484,Sahil Sen,8447390116,sahil.sen.4484@example.in,Ahmedabad,2025-12-10,support
K001806,C005556,Priya Verma,7031899024,priyaverma5556@example.in,Kolkata,2024-12-19,crm
K001807,C002280,Tanvi Roy,7802439621,tanvi.roy.2280@example.in,Delhi,2024-11-26,branch
K001808,C003377,Sneha Tiwari,7369394878,sneha.tiwari.3377@example.in,Pune,2024-04-06,crm
K001809,C002340,PRANAV PATEL,7613170751,pranav.patl.2340@example.in,Bhopal,2023-11-05,crm
K001810,C004719,Aditi Banerjee,,aditi.banerjee.4719@example.in,AHMEDABAD,2025-12-14,branch
K001811,C000474,Ananya Tiwari,(881) 594-2029,ananya.tiwari.0474@example.in,Mumbai,2025-04-21,support
K001812,C002233,Aditya Chandra,91-927-121-7711,aditya.chandra.2233@example.in,Kolkata,2023-05-25,support
K001813,C005670,Vikram V.,6794080510,vikram.verma.2465@example.in,Jaipur,2024-08-28,marketing
K001814,C004083,Akshay Mehta, 99688-94877 ,akshay.mehta.4083@example.in,Kolkata,2025-11-07,branch
K001815,C003455,Anika Jain, 70499-22137 ,anika.jain.3455@example.in,Delhi,2024-12-02,branch
K001816,C005263,Shreya Sharma,9365572697,shreya.sharma.5263@example.in,Ahmedabad,2023-11-25,marketing
K001817,C003906,Priya Shah,7852454777,priya.shah.3906@example.in,Delhi,2025-10-06,crm
K001818,C000451,Rohan Chandra,7969303699,rohan.chandra.0451@example.in,Lucknow,2024-12-22,crm
K001819,C001950,Sneha Gupta,+91 76441 15923,sneha.gupta.1950@example.in,Delhi,2024-09-21,marketing
K001820,C004615,Sanjay Nair,8837217058,sanjay.nair.4615@example.in,Kolkata,2024-02-25,marketing
K001821,C004642,Sahil Gupta,6630807744,sahil.gupta.4642@example.in,Hyderabad,2025-01-18,marketing
K001822,C003829,Ishita P.,7121171995,ishita.patel.3829@example.in,Chennai,2025-10-26,marketing
K001823,C005882,K. Singh,91-934-800-2821,kavyasingh0523@example.in,Bhopal,2023-11-19,support
K001824,C005215,Ananya Shah,,ananya.shah.5215@example.in,Hyderabad,2023-11-28,support
K001825,C000662,Ishita Khan,6556351363,ishita.khan.0662@example.in,Lucknow,2024-08-11,support
K001826,C000521,Shreya Mukherjee,+91 94453 18331,shreya.mukherjee.0521@example.in,Jaipur,2024-04-23,crm
K001827,C005368,Kabir Reddy,9615768349,KABIR.REDDY.5368@EXAMPLE.IN,Chennai,2024-08-15,support
K001828,C000691,Zoya Sen,6356228819,zoya.sen.0691@example.in,Kolkata,2024-07-20,crm
K001829,C002817,Mira Roy,8810610717,mira.roy.2817@example.in,Mumbai,2023-05-30,branch
K001830,C002052,Kavya Banerjee,9693779716,kavya.banerjee.2052@example.in,Jaipur,2024-12-20,marketing
K001831,C000316,Rhea Kulkarni,9281144200,,Pune,2023-05-13,branch
K001832,C004284,Shreya Kulkarni,(965) 767-7715,shreya.kulkarni.4284@example.in,Jaipur,2024-07-25,branch
K001833,C000772,Arjun Nair,7245234936,arjun.nair.0772@example.in,Hyderabad,2025-07-23,crm
K001834,C001243,KABIR SINHA,9341095601,kabir.sinha.1243@example.in,Kolkata ,2024-01-14,crm
K001835,C005813,POOJA MEHTA,7598409045,pooja.mehta.113@example.in,Mumbai,2024-09-17,crm
K001836,C005082,Shreya Khan,6085948916,shreya.khan.5082@example.in,Delhi,2024-01-02,marketing
K001837,C001469,Akshay Reddy,6969978396,akshay.reddy.1469@example.in,Bhopal,2025-05-04,support
K001838,C002517,Varun Tiwari,,varun.tiwari.2517@example.in,Bhopal,2024-08-16,marketing
K001839,C002739,Aditya Tiwari,8706186453,aditya.twari.2739@example.in,Hyderabad,2023-08-20,marketing
K001840,C003597,Nisha Nair,7334817733,nisha.nair.3597@example.in,Chennai,2025-04-22,crm
K001841,C003230,Krishna Mukherjee,8663318877,krishna.mukherjee.3230@example.in,Pune,2024-01-24,support
K001842,C001842,Kavya Desai,6806276467,,Ahmedabad,2023-04-12,crm
K001843,C001341,Arjun Gupta,6196547463,arjun.gupta.1341@example.in,Chennai,2023-11-25,branch
K001844,C004562,KRISHNA GUPTA,6702936142,krishna.gupta.4562@example.in,Jaipur,2024-05-21,crm
K001845,C002177,Nikhil Das,9976480420,, Jaipur ,2023-07-25,branch
K001846,C002087,Krishna Kapoor,7732236521,krishna.kapoor.2087@example.in,Ahmedabad,2024-01-14,support
K001847,C001197,Shreya Roy,9701576618,shreya.roy.1197@example.in,Hyderabad,2025-03-20,crm
K001848,C001785,Priya Menon,8838756597,priya.menon.1785@example.in,Bengaluru,2025-08-28,branch
K001849,C004773,Ishaan Gupta,7279419424,ishaan.gupta.4773@example.in,Delhi,2025-11-29,crm
K001850,C003186,Sanjay Shah,6364779995,sanjay.shh.3186@example.in,New Delhi,2023-08-21,support
K001851,C003594,Tanvi Das,6841783588,tanvi.das.3594@example.in,Ahmedabad,2023-07-27,marketing
K001852,C000485,Arjun S., 74252-71995 ,arjun.singh.0485@example.in,Hyderabad,2023-09-20,marketing
K001853,C004470,Kabir Kapoor,7455645898,kabirkapoor4470@example.in,Pune,2024-11-05,support
K001854,C004079,Pranav Nair,6617040632,pranav.nair.4079@example.in,Bengaluru,2023-04-01,support
K001855,C000690,Kavya Gupta,8914232568,kavya.gupta.0690@example.in,Ahmedabad,2023-11-03,support
K001856,C000933,Rohan Patel,7652883603,rohan.patel.0933@example.in,Delhi,2025-06-07,crm
K001857,C000292,Meera Kulkarni,6492108522,meera.kulkarni.0292@example.in,Bengaluru,2025-06-24,marketing
K001858,C001800,Diya Sinha,(962) 268-9817,diya.sinha.1800@example.in,Pune,2025-03-05,crm
K001859,C000226,Ishita Shah,9564102610,ishita.shah.0226@example.in,Delhi,2024-08-02,branch
K001860,C000802,Aditi Banerjee,9029499685,aditi.banerjee.0802@example.in,Kochi,2024-11-03,branch
K001861,C003695,Kabir Bose,6238858673,kabir.bose.3695@example.in,Bengaluru,2025-02-13,crm
K001862,C002131,Aarav Rao,8866884332,aarav.rao.2131@example.in,Kolkata,2025-01-09,crm
K001863,C004588,Varun Nair,+91 71016 30691,varun.nair.4588@example.in,Kochi,2023-07-22,crm
K001864,C005464,Vikram Kulkarni,6606976237,vikram.kulkarni.5464@example.in,Hyderabad,2024-11-04,support
K001865,C003119,  mira   subramanian  ,,mira.subramanian.3119@example.in,Hyderabad,2025-09-03,branch
K001866,C005430,Meera Agarwal,9724687925,meera.agarwal.5430@example.in,Jaipur,2025-02-03,crm
K001867,C002875,Ishaan Subrmanian,7869310605,ishaan.subramanian.2875@example.in,Kolkata,2025-09-15,crm
K001868,C002246,Anika Banerjee,9173915852,anika.banerjee.2246@example.in,Bengaluru,2023-11-13,crm
K001869,C004328,Kabir Jain,7808894535,kabir.jain.4328@example.in,Lucknow,2024-07-23,crm
K001870,C001408,Saanvi Desai,91-758-498-1128,saanvi.desai.1408@example.in,Ahmedabad,2024-02-10,branch
K001871,C006187,A. Mehta,9912905770,aditi.mehta.3573@example.in,Jaipur,2023-05-08,crm
K001872,C002318,Aditya Mukherjee,(878) 469-8160,aditya.mukherjee.2318@example.in,Pune,2024-11-22,branch
K001873,C000384,Akshay Nair,6691973308,akshay.nair.0384@example.in,Mumbai,2024-04-30,marketing
K001874,C002089,Krishna Shah,9135823713,krishna.shah.2089@example.in,Pune,2023-06-06,support
K001875,C004504,Aditi Chandra,,aditi.chandra.4504@example.in,Bengaluru,2025-02-05,branch
K001876,C001102,Aditya Joshi,91-741-109-7395,aditya.joshi.1102@example.in,Pune,2025-03-04,branch
K001877,C003801,Aarav Nair,9503938424,aarav.nair.3801@example.in,Ahmedabad,2025-11-10,support
K001878,C005426,Priya Sinha,7021960063,priya.sinha.5426@example.in,Pune,2025-10-06,branch
K001879,C004543,Sanjay Joshi,+91 83403 92074,sanjay.joshi.4543@example.in,Kochi,2024-01-15,marketing
K001880,C000104,AKSHAY RAO,6372675807,akshay.rao.0104@example.in,Kochi,2024-08-24,marketing
K001881,C003124,SHREYA SINGH,8021292753,shreya.singh.3124@example.in,Bengaluru,2025-04-17,marketing
K001882,C005903,SNEHA AGARWAL,9170703993,sneha.agarwal.3088@example.in,Dilli,2023-04-23,branch
K001883,C002879,Priya Menon,7102576753,priya.menon.2879@example.in,Kochi,2025-05-13,marketing
K001884,C004477,Pranav Bose,+91 65516 16456,pranav.bose.4477@example.in,Chennai,2024-12-26,support
K001885,C005716,A. Rao,6614565833,aditi.ra.2422@example.in,Hyderabad,2025-08-27,branch
K001886,C005576,Pooja Mehta,+91 98457 09032,pooja.mehta.5576@example.in,Mumbai,2024-08-31,crm
K001887,C005857,PRIYA BOSE,7090961598,priyabose2980@example.in,Kolkata,2025-07-05,support
K001888,C004462,Aarav Joshi,9408211016,aarav.joshi.4462@example.in,Jaipur,2023-03-13,branch
K001889,C002237,Priya Gupta,6933385743,priya.gupta.2237@example.in,Jaipur,2023-08-15,crm
K001890,C005951,KABIR VERMA,,kabir.verma.1069@example.in,Ahmedabad,2023-05-21,support
K001891,C004628,A. Joshi,8770749558,akshay.joshi.4628@example.in,Chennai,2025-05-13,marketing
K001892,C003783,Vaun Nair,8587640242,varunnair3783@example.in,BHOPAL,2023-09-08,marketing
K001893,C001738,Ananya M.,6302430443,ananya.mukherjee.1738@example.in,Delhi,2023-05-06,branch
K001894,C005516,Rohan Banerjee,,rohan.banerjee.5516@example.in,Ahmedabad,2025-11-27,marketing
K001895,C002125,Ishaan Mehta,7980048807,ishaan.mehta.2125@example.in,Ahmedabad,2023-01-27,marketing
K001896,C001250,Kabir Sarma,6929265313,kabir.sharma.1250@example.in,Kolkata,2025-04-11,marketing
K001897,C001152,Priya Menon,6888184526,priya.menon.1152@example.in,Chennai,2025-04-13,marketing
K001898,C003143,Saanvi Mukherjee,7948703904,saanvi.mukherjee.3143@example.in,Cochin,2023-02-08,support
K001899,C004575,Sneha Kulkarni,7564539949,sneha.kulkarni.4575@example.in,Bhopal,2024-03-20,support
K001900,C000411,Aditya Kulkarni,9010029730,aditya.kulkarni.0411@example.in,Chennai,2024-04-15,branch
K001901,C001477,Sneha Kapoor, 97456-73153 ,sneha.kapoor.1477@example.in,Ahmedabad,2023-10-10,marketing
K001902,C004507,Nisha Rao,8326009736,nisha.rao.4507@example.in, Bangalore ,2025-12-07,marketing
K001903,C001157,Aditya Joshi,7874201305,aditya.joshi.1157@example.in,Ahmedabad,2024-02-21,branch
K001904,C000804,Diya Mishra,8198382686,diya.mishra.0804@example.in,Jaipur,2024-12-04,support
K001905,C002069,  rohan   verma  ,8354958890,rohan.verma.2069@example.in,Pune,2024-01-29,marketing
K001906,C004533,Rhea Mishra,7217303924,rhea.mishra.4533@example.in,Jaipur,2023-06-12,crm
K001907,C006173,ISHITA K.,91-666-516-1528,ishita.kulkarni.4594@example.in,Lucknow,2023-05-02,marketing
K001908,C005897,priya sinha,6083960371,priya.sinha.0639@example.in,Bengaluru,2024-03-25,crm
K001909,C002796,Sanjay Desai,6675542757,sanjay.desai.2796@example.in,Ahmedabad,2023-02-21,support
K001910,C003906,Priya Shah,7852454777,priya.shah.3906@example.in,Delhi,2023-10-06,branch
K001911,C005161,Zoya Kulkarni,(743) 461-1402,zoya.kulkarni.5161@example.in,Bhopal,2025-03-31,marketing
K001912,C005370,P. Sen,,pooja.sen.5370@example.in,Chennai,2025-05-06,marketing
K001913,C000110,Pooa Rao,6263345882,pooja.rao.0110@example.in,Puna,2023-10-13,branch
K001914,C002493,Nisha Khan,8806883766,nisha.khan.2493@example.in,Pune,2023-12-06,crm
K001915,C002858,Shreya Bose,91-627-763-8350,shreya.bose.2858@example.in,Jaipur,2024-06-02,branch
K001916,C004865,Aarav Patel,6677839842,aarav.patel.4865@example.in,Kolkata ,2024-01-27,branch
K001917,C003857,Kabir Chandra,8931296578,kabir.chandra.3857@example.in,Jaipur,2025-11-05,marketing
K001918,C002475,Ishita Singh,9025454276,ishita.singh.2475@example.in,Bhopal,2023-04-25,marketing
K001919,C003338,Nikhil Singh,8116017097,nikhil.singh.3338@example.in,Ahmedabad,2025-09-14,crm
K001920,C002173,Saanvi Patel,+91 94813 71064,saanvi.patel.2173@example.in,Bombay,2024-10-09,branch
K001921,C004435,Mira Rao,7469928981,mira.rao.4435@example.in,Delhi,2024-03-12,crm
K001922,C006237,S. Chandra,7165420066,shreyachandra1094@example.in,Bhopal,2024-08-28,crm
K001923,C005434,Vikram Menon,9285118247,vikram.menon.5434@example.in,Bhopal,2023-04-22,marketing
K001924,C002901,Rhea Singh,7236733599,rhea.singh.2901@example.in,Jaipur,2024-12-18,marketing
K001925,C004748,S. Nair,(871) 294-1515,sahil.nair.4748@example.in,Chennai,2023-05-03,support
K001926,C005710,MEERA KULKARNI,9817012479,meerakulkarni2495@example.in,Lucknow,2023-05-16,crm
K001927,C004375,  pooja   desai  ,7802366188,POOJA.DESAI.4375@EXAMPLE.IN,Bhopal,2024-08-19,crm
K001928,C003697,Krishna Mishra,8464304908,krishna.mishra.3697@example.in,Bhopal,2025-08-04,branch
K001929,C000061,Rea Desai,6826504783,rhea.desai.061@example.in,Bengaluru,2024-02-13,crm
K001930,C003456,Sanjay Nair,6505955083,sanjay.nair.3456@example.in,Lucknow,2025-01-29,marketing
K001931,C001907,Krishna Khan,9291668041,krishna.khan.1907@example.in,Jaipur,2025-03-22,crm
K001932,C003706,Krishna Mishra,6861295622,krishna.mishra.3706@example.in,Bhopal,2024-01-26,crm
K001933,C004666,Aarav Iyer,9412168761,aarav.iyer.4666@example.in,Ahmedabad,2025-10-19,crm
K001934,C005989,vikram tiwari,(664) 532-9624,,Ahmedabad,2023-08-28,support
K001935,C000914,Aditya Das,8914194232,aditya.das.0914@example.in,Bhopal,2023-12-28,marketing
K001936,C006061,Rhan A.,(819) 672-0688,rohan.agrwal.1241@example.in,Ahmedabad,2024-08-13,crm
K001937,C005472,Mira Gupta,6502873402,mira.gupta.5472@example.in,Jaipur,2025-06-01,marketing
K001938,C001549,Zoya Kapoor,9180843430,zoya.kapoor.1549@example.in,Delhi,2024-12-03,branch
K001939,C003666,Krishna Nair,9004709209,krishna.nair.366@example.in,Pune,2023-11-09,marketing
K001940,C003091,Meera Agarwal,9311155196,meera.agarwal.3091@example.in,Chennai,2023-11-30,support
K001941,C000478,N. Bose,6316622534,nikhil.bose.0478@example.in,Delhi,2024-09-14,crm
K001942,C004404,Sanjay Subramanian,7859950656,sanjay.subramanian.4404@example.in,Hyderabad,2024-12-19,support
K001943,C002114,Varun Joshi,6530737765,varun.joshi.2114@example.in, Ahmedabad ,2023-11-09,support
K001944,C004318,Nisha Roy,7623806697,nisha.roy.4318@example.in,Lakhnau,2025-03-01,support
K001945,C000659,Varun Sharma,6577302999,varun.sharma.0659@example.in,Ahmedabad,2024-11-17,support
K001946,C002250,Zoya Agarwal,7492149956,zoya.agarwal.2250@example.in,Hyderabad,2023-12-10,marketing
K001947,C005903,SNEHA AGARWAL,9170703993,,Delhi,2024-08-30,branch
K001948,C004213,Saanvi J.,8521478003,saanvi.joshi.4213@example.in,Delhi,2024-12-08,crm
K001949,C006230,Rohan R.,7072347441,rohanreddy4983@example.in,Lucknow,2024-08-01,marketing
K001950,C004753,Rohan D.,8370739882,rohan.das.4753@example.in,Lucknow,2024-09-08,branch
K001951,C003107,Pooja Rao,,pooja.rao.3107@example.in,Chennai,2024-05-10,crm
K001952,C006186,Annya Menon,8626093245,ananya.menon.1647@example.in,Hyderabad,2024-10-17,support
K001953,C004326,Nisha Gupta,8865343036,nisha.gupta.4326@example.in,Hyderabad,2024-10-22,crm
K001954,C006088,arjun bose, 80505-96256 ,,Hyderabad,2024-11-22,crm
K001955,C002782,Akshay Rao,8880823254,akshay.ra.2782@example.in,Delhi,2023-01-09,marketing
K001956,C000738,Sahil Das,8382224662,sahil.das.0738@example.in,Mumbai,2024-10-04,crm
K001957,C001587,Priya Agarwal,9476842886,priya.agarwal.1587@example.in,Lucknow,2025-06-11,marketing
K001958,C001052,DIYA DESAI,9386474451,diya.desai.1052@example.in,Chennai,2023-02-07,branch
K001959,C004635,Aarav Singh,9427568620,aarav.singh.4635@example.in,Jaipur,2025-03-22,support
K001960,C005741,Rhan Kulkarni,7610717723,rohan.kulkarni.4657@example.in,Mumbai,2023-04-04,branch
K001961,C001402,Nisha Menon,9046895664,nisha.menon.1402@example.in,Mumbai,2024-09-11,branch
K001962,C002982,Nikhil Agarwal,9554249751,nikhil.agarwal.2982@example.in,Delhi,2023-11-06,support
K001963,C006150,Sanjay P.,7081315082,sanjay.pate.2560@example.in, Delhi ,2025-03-10,branch
K001964,C005359,Ishita Joshi,9726861356,ishita.joshi.5359@example.in,Bhopal,2025-01-08,crm
K001965,C004051,Kavya Mukherjee,91-740-955-3288,kavya.mukherjee.4051@example.in,Lucknow,2023-08-22,branch
K001966,C001514,Sneha Bose,6682095823,sneha.bose.1514@example.in,Hyderbad,2024-03-07,branch
K001967,C004474,Shreya Kapoor,8437253974,shreya.kapoor.4474@example.in,Jaipur,2024-08-20,marketing
K001968,C004922,Pooja Menon,7664061972,pooja.menon.4922@example.in,Kolkata,2025-06-03,support
K001969,C004365,Sanjay Kapoor,7611879615,SANJAY.KAPOOR.4365@EXAMPLE.IN,Lucknow,2024-10-22,marketing
K001970,C001680,Pranav Kapoor, 97037-94407 ,pranav.kapoor.1680@example.in,Ahmedabad,2024-02-23,support
K001971,C004427,Saanvi Reddy,6067793506,,Jaipur,2024-12-03,crm
K001972,C005327,Sahil Banerjee,9656539690,sahil.banerjee.5327@example.in,Delhi,2025-11-05,crm
K001973,C001223,Arjun Chandra,7577362057,arjun.chandra.1223@example.in,Kochi,2024-04-22,crm
K001974,C004898,Sneha Mehta,+91 69485 61355,sneha.mehta.4898@example.in,Mumbai,2024-06-01,support
K001975,C001486,Ishaan Mishra,7435284546,ishaan.mishra.1486@example.in,Jaipur,2023-09-09,crm
K001976,C003509,Saanvi Reddy,,saanvi.reddy.3509@example.in,Mumbai,2023-07-02,crm
K001977,C001664,Aarav Kapoor,8588995917, aarav.kapoor.1664@example.in ,Kochi,2024-12-22,branch
K001978,C004497,Ania Banerjee,6606110707,anika.banerjee.4497@example.in,Ahmedabad,2024-12-10,crm
K001979,C006263,Krishna S.,9536893722,krishna.subramanian.4306@example.in,Bhopal,2024-06-06,crm
K001980,C005878,sahil singh,9853953997, sahil.singh.2296@example.in ,Pune,2023-01-03,support
K001981,C004456,RAHUL BOSE,9435049548,rahul.bose.4456@example.in,Kolkata,2025-04-13,marketing
K001982,C000639,Priya Sinha,6083960371,priya.sinha.0639@example.in,Bengaluru,2024-10-03,branch
K001983,C004741,Aditya Gupta,7624629540,aditya.gupta.4741@example.in,Mumbay,2024-10-28,crm
K001984,C004237,Mira Desai,9699563792,mira.desai.4237@example.in,Pune,2025-11-15,branch
K001985,C001249,Mira Khan,9661050046,mira.khan.1249@example.in,Pune,2024-06-11,support
K001986,C000985,Rahul Menon,9745145168,,Delhi,2024-08-15,crm
K001987,C003788,Mira Iyer,8080823007,mira.iyer.3788@example.in,Delhi,2024-11-24,crm
K001988,C006273,SAANVI ROY,+91 81184 77353,saanvi.roy.2478@example.in,Hyderabad,2023-10-08,crm
K001989,C003535,Rhea Khan,7447103664,RHEA.KHAN.3535@EXAMPLE.IN,Bengaluru,2023-07-19,support
K001990,C003479,Pranav Jain,8340708788,pranav.jain.3479@example.in,Pune,2025-05-11,marketing
K001991,C002651,Diya Reddy,6149851275,diya.reddy.2651@example.in,Mumbai,2023-10-20,support
K001992,C002263,Tanvi Nair,7828883931,tanvi.nair.2263@example.in,Kochi,2023-10-06,marketing
K001993,C000728,Sahil Nair,+91 80241 46348,sahil.nair.0728@example.in,Delhi,2024-06-30,crm
K001994,C005731,Kabir Jan,8966239493,kabir.jain.0811@example.in,Ahmedabad,2025-12-29,crm
K001995,C001134,Rohn Verma,7742056118,rohan.verma.1134@example.in,DELHI,2024-05-06,support
K001996,C006125,A. Banerjee,6305942038,aditya.banerjee.2013@example.in,Bhopal,2025-09-15,support
K001997,C005856,Saanvi A.,7248057249,saanvi.agarwal.4701@example.in,Hyderabad,2024-07-26,support
K001998,C000407,Nikhil Jain,(759) 054-1319,nikhil.jain.0407@example.in,Jaipur,2023-04-08,branch
K001999,C004917,Anika Subramanian, 60953-03328 ,anika.subramanian.4917@example.in,Delhi,2025-05-29,support
K002000,C006048,ISHITA BSE,7144057777,, Jaipur ,2023-04-26,marketing
K002001,C000206,Zoya Sen,9473810664,zoya.sen.0206@example.in,Kolkata,2024-06-13,crm
K002002,C005297,Vikram Tiwari,7487417942,vikram.tiwari.5297@example.in,Lucknow,2025-11-21,crm
K002003,C004178,Aditi Das, 78096-64503 ,aditi.das.4178@example.in,Kochi,2023-03-04,support
K002004,C003720,Nikhil Gupta,6059686436,nikhil.gupta.3720@example.in,Pune,2023-04-15,marketing
K002005,C001189,Vikram Reddy, 65240-21654 ,vikram.reddy.1189@example.in,Lucknow,2023-02-07,branch
K002006,C001628,Arjun Mukherjee,9616569468,arjun.mukherjee.1628@example.in,Lucknow,2025-10-08,support
K002007,C003598,Aditi Patl,7564781420,aditi.patel.3598@example.in,Bangalore,2025-05-03,branch
K002008,C005796,Aditya Siha,7828935324,aditya.sinha.0257@example.in, Kochi ,2023-10-27,support
K002009,C005375,R. Mishra,8152866587,rohan.mishra.5375@example.in,Pune,2023-01-28,marketing
K002010,C004021,Sanjay Joshi,6214827599,sanjay.joshi.4021@example.in,Chennai,2023-08-05,branch
K002011,C005029,Sanjay Subramanian,9764164525, sanjay.subramanian.5029@example.in ,Jaipur,2024-06-17,support
K002012,C000998,Ishita Tiwari,+91 69056 51198,ishita.tiwari.0998@example.in,Mumbai,2025-10-11,crm
K002013,C001239,Aarav Singh,7478765018,aarav.singh.1239@example.in,Ahmedabad,2023-03-26,marketing
K002014,C003044,Zoya Rao,7211907432,zoya.rao.3044@example.in,Jaipur,2024-08-30,branch
K002015,C004844,Zoya Chandra,6042603243,zoya.chandra.4844@example.in,Ahmedabad,2023-09-28,support
K002016,C005338,Nikhil Nair,7289340756,nikhil.nair.5338@example.in,Chennai,2025-02-28,support
K002017,C004772,Saanvi Sharma,9215801854,saanvi.sharma.4772@example.in,Hyderabad,2023-06-14,marketing
K002018,C002139,Aditya Singh, 88881-08919 ,aditya.singh.2139@example.in,Jaipur,2025-02-21,marketing
K002019,C002365,Kabir Roy,+91 73582 38164,kabir.roy.2365@example.in,Kolkata,2023-05-10,support
K002020,C001867,A. Das,91-760-147-4610,arjun.das.1867@example.in,Chennai,2024-12-01,support
K002021,C001604,Vikram Kapoor,6903480262,vikram.kapoor.1604@example.in,Kochi,2024-03-20,support
K002022,C004683,Mira Mishra,6574413143,mira.mishra.4683@example.in,Chennai,2025-01-05,support
K002023,C002726,Z. Iyer,+91 77198 58833,zoya.iyer.2726@example.in,Kolkata,2024-09-17,support
K002024,C003310,Anika Sharma,(952) 861-6976,anika.sharma.3310@example.in,CHENNAI,2024-12-10,branch
K002025,C006119,RHEA BOSE,6500226287,rhea.bose.1428@example.in,Kochi,2025-01-25,branch
K002026,C001758,Saanvi Nair,7172864556,saanvi.nair.1758@example.in,Delhi,2023-09-05,marketing
K002027,C005274,Varun Sina,9898239336,varun.sinha.5274@example.in,Bhopal,2023-07-03,support
K002028,C004848,Arjun Mukherjee,8975343426,arjun.mukherjee.4848@example.in,Jaipur,2025-07-25,marketing
K002029,C003488,Aditi Mukherjee,9698443540,aditimukherjee3488@example.in,Delhi,2023-10-14,branch
K002030,C003921,Arav Desai,9047406805,aarav.desai.3921@example.in,Hyderabad,2023-05-03,crm
K002031,C000414,Sanjay D.,7330509945,sanjay.das.0414@example.in, Bhopal ,2024-01-15,crm
K002032,C000002,Ihaan Das, 67692-37943 ,ishaan.das.0002@example.in, Jaipur ,2025-01-17,crm
K002033,C001144,Shreya Banerjee,7440415858,shreya.banerjee.1144@example.in,Pune,2023-05-21,marketing
K002034,C004783,Priya Nair,8081952049,priya.nair.4783@example.in,Chennai,2024-09-06,crm
K002035,C002195,Priya Subramanian,7039335114,piya.subramanian.2195@example.in,Bhopal,2023-05-12,marketing
K002036,C004488,Aika Tiwari,8009161178,anika.tiwari.4488@example.in,Chennai,2023-11-28,crm
K002037,C004345,Aarav Kapoor,9086968108,aarav.kapoor.4345@example.in,Delhi,2024-06-03,crm
K002038,C005409,Shreya Sharma,9991824263,shreya.sharma.5409@example.in,Bengaluru,2024-03-06,branch
K002039,C005064,Arjun Kulkarni,9316436046,arjun.kulkarni.5064@example.in,Bengaluru,2023-03-24,support
K002040,C000686,Pooja Sinh, 71494-05082 ,pooja.singh.0686@example.in,Bengaluru,2024-09-29,crm
K002041,C000072,Aditya Shah,9576828358,aditya.shah.0072@example.in,Mumbay,2025-03-15,branch
K002042,C003656,Anika Khan, 92073-22563 ,anika.khan.3656@example.in,Mumbai,2023-08-24,support
K002043,C004688,Rahul Verma,6336952924,rahul.verma.4688@example.in,Pune,2025-05-13,marketing
K002044,C003972,Rhea Jain,7378917801,rhea.jain.3972@example.in,Lucknow,2025-08-07,support
K002045,C004629,Pranav Patel,+91 66880 00894,pranav.patel.4629@example.in,Pune,2024-02-10,crm
K002046,C002602,Shreya Gupta,6850245984,,Chennai,2024-01-02,crm
K002047,C000863,Arjun Joshi,9795591846,arjun.joshi.0863@example.in,Delhi,2025-10-10,support
K002048,C003327,Meera Sharma,8285478008,meerasharma3327@example.in,Ahmedabad,2023-08-24,crm
K002049,C000542,  nikhil   joshi  ,9534243287,nikhil.joshi.0542@example.in,Kochi,2024-08-03,branch
K002050,C001235,Krishna Subramanian,6700860883,krishna.subramanian.1235@example.in,Bhopal,2024-08-27,branch
K002051,C002610,Priya Rao,(643) 537-0967,priyarao2610@example.in,Jaipur,2024-08-11,support
K002052,C004109,Nikhil Chandra,6069737053,nikhil.chandra.4109@example.in,Ahmedabad,2025-04-06,marketing
K002053,C003686,Kabir Sinha,7808104220,kabir.sinha.3686@example.in,Bengaluru,2025-03-07,support
K002054,C003275,Kavya Singh,9672737104,kavya.singh.3275@example.in,Lucknow,2025-04-13,branch
K002055,C000276,Aarav Patel,(667) 298-8310,aarav.patel.0276@example.in,Jaipur,2023-07-08,branch
K002056,C000944,Meera Sharma,9208354793,meera.sharma.0944@example.in,Chennai,2023-12-19,marketing
K002057,C001687,Kaya Joshi,,kavya.joshi.1687@example.in,Jaipur,2023-06-02,support
K002058,C002021,Sahil Menon,91-906-224-4717,sahil.menon.2021@example.in,Chennai,2023-09-25,support
K002059,C003577,  kavya   bose  ,6305952002,kavya.bose.3577@example.in,Bengaluru,2025-09-10,crm
K002060,C000058,Rhea Banerjee,7770898814,RHEA.BANERJEE.0058@EXAMPLE.IN,Bengaluru,2025-01-23,marketing
K002061,C004854,Aarav Chandra,7408063091,aarav.chandra.4854@example.in,Mumbai,2023-02-02,branch
K002062,C001719,Priya Sen,7493576582,priya.sen.1719@example.in,Jaipur,2023-03-16,support
K002063,C006105,A. M.,8880010282,ANIKAMUKHERJEE0732@EXAMPLE.IN,Pune,2024-04-01,support
K002064,C001500,ZOYA DESAI,8994090961,zoya.desai.1500@example.in,Delhi,2024-01-30,crm
K002065,C000154,Ishaan Kulkarni,9968952633,ishaan.kulkarni.0154@example.in,Kolkata,2023-05-08,marketing
K002066,C005237,Sahil Menon,6590473835,sahil.menon.5237@example.in,Pune,2023-07-23,branch
K002067,C005601,A. R.,9036252153,aaravroy1783@example.in,Ahmedabad,2024-01-06,marketing
K002068,C004664,Arjun Mishra,7151171740,arjun.mishra.4664@example.in,Kochi,2025-08-23,branch
K002069,C001247,Rahl Verma,6691105453,rahul.verma.1247@example.in,Ahemdabad,2024-04-05,branch
K002070,C003569,Pooja Reddy,6584458478,pooja.reddy.3569@example.in,Hyderabad,2024-01-05,branch
K002071,C003345,Sneha Banerjee,7519037631,sneha.banerjee.3345@example.in,Ahmedabad,2024-10-09,support
K002072,C002434,Mira Subramanian,8860396562,mira.subramanian.2434@example.in,Bengaluru,2023-03-18,crm
K002073,C000266,POOJA SEN,7274750412,pooja.sen.0266@example.in,Lucknow,2025-07-11,marketing
K002074,C001816,S. Kulkarni,6617088930,sahil.kulkarni.1816@example.in,Bhopal,2025-10-04,crm
K002075,C001964,Shreya Kapoor,8309206080,shreya.kapoor.1964@example.in,Lucknow,2024-11-28,crm
K002076,C002653,Kabir Mukherjee,7192877397,kabir.mukherjee.2653@example.in,Kolkata,2023-12-11,marketing
K002077,C005813,POOJA MEHTA,7598409045,POOJA.MEHTA.113@EXAMPLE.IN,Mumbai,2025-05-25,crm
K002078,C001885,Ananya Banerjee,7071490174,ananya.banerjee.1885@example.in,Mumbai,2024-03-01,branch
K002079,C005336,Vaun Singh,9058492035,varun.singh.5336@example.in,Pune,2025-07-24,marketing
K002080,C000472,Kabir Verma,8577950301,kabir.verma.0472@example.in,Lucknow,2023-09-10,crm
K002081,C001769,  ananya   gupta  ,8134839790,ananya.gupta.1769@example.in,Ahemdabad,2025-05-13,branch
K002082,C003486,Pranav Bose,6149167423,pranav.bose.3486@example.in,Chennai,2024-07-31,support
K002083,C003671,Ishaan Menon,7577049737,ishaan.menon.3671@example.in,Pune,2025-03-12,branch
K002084,C003442,Arjun Tiwari,91-793-867-8009,arjun.tiwari.3442@example.in, Ahmedabad ,2025-02-17,support
K002085,C001153,Rhan Sen, 61661-21884 ,rohan.sen.1153@example.in,Kochi,2025-05-08,support
K002086,C006022,  diya   pael  ,9121917525,diya.patel.278@example.in,Lucknow,2025-03-14,marketing
K002087,C002242,Anika Mukherjee,6788619334,anika.mukherjee.2242@example.in,Bengaluru,2023-06-15,marketing
K002088,C003688,Pranav Khan,9163061984,pranav.khan.3688@example.in, Lucknow ,2025-07-10,branch
K002089,C001288,Vikram Rao, 80693-47228 ,vikram.rao.1288@example.in,Pune,2023-05-01,support
K002090,C003777,Priya Mehta,,priya.mehta.3777@example.in,Kochi,2023-12-09,branch
K002091,C003039,Pranav Verma,8131037451,pranav.verma.3039@example.in,Bhopal,2023-06-02,crm
K002092,C002885,Varun Tiwari,8669253414,varun.tiwari.2885@example.in,Bengaluru,2024-11-11,support
K002093,C002386,Zoya Mukherjee,9834927001,zoya.mukherjee.2386@example.in,Bengaluru,2025-12-06,crm
K002094,C000271,Kabir Subramanian,8327221229,kabir.subramanian.0271@example.in,Mumbai,2025-01-31,support
K002095,C000783,Vikram Desai,9232744260,vikram.desai.0783@example.in,Jaipur,2024-05-28,marketing
K002096,C003996,Priya N.,8153071839,priya.nair.3996@example.in,Delhi,2025-02-23,crm
K002097,C003456,Sanjay Nair,,sanjay.nair.3456@example.in,Lucknow,2024-05-16,branch
K002098,C000891,Shreya Joshi,7923002878,shreya.joshi.0891@example.in, Pune ,2025-07-16,crm
K002099,C000498,Saanvi Khan,6861235766,saanvi.khan.0498@example.in,Mumbai,2025-09-30,branch
K002100,C005312,Anika Mukherjee,8287833094,anika.mukherjee.5312@example.in,Kochi,2025-08-11,branch
K002101,C005832,SHREYA DSAI,9557033311,shreya.desai.4738@example.in,Bengaluru,2023-05-17,crm
K002102,C006034,MEERA NAIR, 91747-85450 ,meera.nair.1299@example.in,BHOPAL,2025-07-02,support
K002103,C005622,Kabir J.,9123866863,kabir.joshi.4884@example.in,Bengaluru,2025-02-19,branch
K002104,C003955,Arjun Mehta,(689) 609-4865,arjun.mehta.3955@example.in,Pune,2025-10-06,crm
K002105,C000498,Saanvi Khan,6861235766,saanvi.khan.0498@example.in,Mumbai,2025-08-16,crm
K002106,C000485,Arjun Singh,7425271995,arjun.singh.0485@example.in,Hyderabad,2023-08-25,branch
K002107,C005919,varun verma,7495920859,varun.verma.3586@example.in,Pune,2023-03-07,support
K002108,C005265,Zoya Das,8881052589,zoya.das.5265@example.in,Lucknow,2025-02-06,branch
K002109,C002600,Pooja Das,9412250669,pooja.das.2600@example.in,Chennai,2024-10-21,branch
K002110,C004453,Akshay Joshi,7252578078, akshay.joshi.4453@example.in ,Jaipur,2024-01-30,marketing
K002111,C002775,Ishita Menon,6617177731, ishita.menon.2775@example.in ,Kochi,2024-04-13,branch
K002112,C003976,Sneha Kapor,(843) 056-2837,sneha.kapoor.3976@example.in,Jaipur,2024-10-09,branch
K002113,C005155,Anika Sen,8315908219,anika.sen.5155@example.in,Hyderabad,2024-01-13,marketing
K002114,C002844,Pooja Mukherjee,6692415379,POOJA.MUKHERJEE.2844@EXAMPLE.IN,Kolkata,2023-10-19,branch
K002115,C000704,  vikram   mishra  ,8601400484,vikram.mishra.0704@example.in,Ahmedabad,2024-04-18,marketing
K002116,C004112,Sanjay Desai,,sanjay.desai.4112@example.in,Ahmedabad,2024-12-21,support
K002117,C001271,A. Tiwari,(823) 586-6123,arjun.tiwari.1271@example.in,Pune,2024-07-17,crm
K002118,C000666,Ishita Joshi,6465059039,ishita.joshi.0666@example.in,Jaipur,2023-11-04,branch
K002119,C004962,Aditya J.,91-987-994-2670,aditya.jain.4962@example.in,Kochi,2023-02-16,marketing
K002120,C004423,Ishaan Subramanian,6207316511,ishaan.subramanian.4423@example.in,Kolkatta,2023-05-11,crm
K002121,C002273,Rhea Mehta,91-642-730-9770,rhea.mehta.2273@example.in,CHENNAI,2025-11-05,crm
K002122,C004756,Aditi Nair,8787409400,aditi.nair.4756@example.in,Mumbai,2025-06-20,branch
K002123,C000942,Ishaan J.,9847899381,ishaan.joshi.0942@example.in,Mumbai,2023-06-21,crm
K002124,C005107,Mira Mehta,,mira.mehta.5107@example.in,Jaipur,2023-06-27,support
K002125,C004618,Priya Khan,8332658252,priya.khan.4618@example.in,HYDERABAD,2024-09-27,crm
K002126,C003036,Aditya Sen,9916892946,aditya.sen.3036@example.in,Ahmedabad,2024-10-21,support
K002127,C000548,Pranav Kapoor,7949522105,pranav.kapoor.0548@example.in,Hyderabad,2024-05-24,crm
K002128,C002833,Meera Mukherjee,8958904607,meera.mukhrjee.2833@example.in,Kolkata,2024-02-19,marketing
K002129,C006112,Nisha V.,8722307404,,Ahmedabad,2023-02-07,marketing
K002130,C002242,Anika Mukherjee,6788619334,anika.mukherjee.2242@example.in,Bengaluru,2023-05-15,branch
K002131,C000407,Nikhil Jan,91-759-054-1319,nikhil.jain.0407@example.in,Jaipur,2024-12-17,branch
K002132,C000031,Sanjay Sharma,8999033070,sanjay.sharma.0031@example.in,Kolkata,2023-12-18,marketing
K002133,C000441,Aditi Sinha,8316587944,aditi.sinha.0441@example.in,Kochi,2025-04-06,branch
K002134,C004035,Kabir Sharma,8795835160,kabir.sharma.4035@example.in,Mumbai,2023-04-19,branch
K002135,C005107,Mira Mehta,9028587265,mira.mehta.5107@example.in,Jaipur,2024-10-17,crm
K002136,C004369,Pranav Banerjee,6395076237,pranav.banerjee.4369@example.in,Kochi,2023-04-25,branch
K002137,C003340,Sanjay Desai,8200455969,sanjay.desai.3340@example.in,Hyderabad,2024-09-05,branch
K002138,C005015,Rohan Singh,7005870948,rohan.singh.5015@example.in,Chennai,2024-06-04,marketing
K002139,C004791,Rhea Gupta,9369572173,rhea.gupta.4791@example.in,Jaipur,2023-04-20,branch
K002140,C004964,Krishna Joshi,6557006590,krishna.joshi.4964@example.in,Delhi,2023-01-31,branch
K002141,C002603,Aditi Shah,9486280150,aditi.shah.2603@example.in,Lucknow,2023-09-05,crm
K002142,C003932,Rhea Desai,7831875542,rhea.desai.3932@example.in,Bhopal,2024-10-21,marketing
K002143,C006029,A. REDDY,9548212833,akshay.reddy.1834@example.in,Ahmedabad,2023-10-28,marketing
K002144,C002746,Rahul Mishra,7061197677,rahul.mishra.2746@example.in,Jaipur,2025-01-02,marketing
K002145,C003126,R. Roy,8822922629,rahul.roy.3126@example.in,Bhopal,2023-05-28,marketing
K002146,C000386,Panav Joshi,6767451348,pranav.joshi.0386@example.in,Kochi,2025-04-24,crm
K002147,C006128,Kabir M.,7289284066,kabir.meta.2057@example.in,Delhi,2024-02-16,marketing
K002148,C005666,Sanjay K.,6173162331,,Jaipur,2024-01-26,crm
K002149,C000360,Rhea Joshi,91-818-613-5769,rhea.joshi.0360@example.in,Hyderabad,2023-02-03,branch
K002150,C006015,Nihil Mishra,7704329845,nikhilmishra2479@example.in,Kolkata,2024-08-08,crm
K002151,C002946,Ananya Shah,+91 77726 81915,ananya.shah.2946@example.in, Jaipur ,2023-06-15,crm
K002152,C002051,Aarav Iyer,9604861273,aarav.iyer.2051@example.in,New Delhi,2024-12-08,marketing
K002153,C002423,Kavya Kapoor,8020134791,kavya.kapoor.2423@example.in,Lucknow,2025-02-19,marketing
K002154,C005414,Sahil Banerjee,8934337055,sahil.banerjee.5414@example.in,Bengaluru,2023-08-15,support
K002155,C003490,Ishita Bose,7144057777,ishita.bose.3490@example.in,Jaipur,2024-10-23,marketing
K002156,C004427,Saanvi Reddy,6067793506,saanvi.reddy.4427@example.in, Jaipur ,2023-12-05,support
K002157,C005162,Aditya Sen,,aditya.sen.5162@example.in,Ahmedabad,2023-08-26,marketing
K002158,C002939,Arjun Mehta,(960) 855-5899,arjun.mehta.2939@example.in,Ahmedabad,2024-11-14,support
K002159,C004938,Pooja Gupta,8848782292, pooja.gupta.4938@example.in ,Chennai,2024-05-12,support
K002160,C003806,Varun Gupta,9905905571,varun.gupta.3806@example.in,Hyderabad,2024-09-24,support
K002161,C004079,Pranav Nair,6617040632,pranav.nair.4079@example.in,Bengaluru,2023-10-24,branch
K002162,C001058,Kavya Patel,6225643585,kavyapatel1058@example.in,New Delhi,2024-01-10,support
K002163,C006179,Aanya Sinha,91-926-657-4072,ananya.sinha.5545@example.in,Kochi,2024-09-01,crm
K002164,C002300,Shreya Kulkarni,7180343559,shreya.kulkarni.2300@example.in,Ahmedabad,2023-05-20,branch
K002165,C002848,Aditi Mishra,6984582543,aditi.mishra.2848@example.in,KOCHI,2024-07-29,branch
K002166,C003052,Pooja Shah,7514455452,pooja.shah.3052@example.in, Mumbai ,2023-08-20,marketing
K002167,C003566,Aditi Chandra,7860478123,aditi.chandra.3566@example.in,Hyderbad,2025-06-10,crm
K002168,C002025,Rhea Agarwal, 78319-59437 ,RHEA.AGARWAL.2025@EXAMPLE.IN,Chennai,2023-04-03,marketing
K002169,C003973,Ishita Mishra,8049341905,ishita.mishra.3973@example.in,Hyderabad,2025-09-19,support
K002170,C003180,Zoya Subramanian,8653108352,zoya.subramanian.3180@example.in,Chennai,2023-04-06,crm
K002171,C003069,Sahil Menon,,sahil.menon.3069@example.in,Pune,2024-04-05,branch
K002172,C002403,Ishaan Verma,9963440352,ishaan.verma.2403@example.in,Lucknow,2024-08-14,branch
K002173,C004512,Meera Joshi,6450270078,meera.joshi.4512@example.in,Jaipur,2023-12-02,branch
K002174,C003294,Akshay Menon,6647857914, akshay.menon.3294@example.in ,Bhopal,2024-06-06,branch
K002175,C003425,Sanjay Khan,6844754956,sanjay.khan.3425@example.in,Calcutta,2024-08-20,crm
K002176,C004819,Sneha Khan,9226258156,sneha.khan.4819@example.in,Delhi,2024-03-04,branch
K002177,C005719,Diya C.,6360577891,diya.chandra.2075@example.in,Kochi,2024-08-20,crm
K002178,C005543,Ananya Iyer,91-653-207-2371,ananya.iyer.5543@example.in,Kolkata,2025-11-30,crm
K002179,C000906,Sahil Kulkarni,7729227176,sahil.kulkarni.0906@example.in,Delhi,2025-12-01,branch
K002180,C000604,Rhea Tiwari,8292066501,rhea.tiwari.0604@example.in,Ahmedabad,2023-10-29,marketing
K002181,C001692,Ishia Menon,,ishita.menon.1692@example.in,Delhi,2024-07-25,branch
K002182,C003186,Sanjay Shah,6364779995,sanjay.shah.3186@example.in,Delhi,2025-09-04,branch
K002183,C000222,Meera Subramanian,91-934-312-6874,meera.subramanian.0222@example.in,Kochi,2025-03-16,crm
K002184,C004317,Nikhil Bose,7448983613,nikhil.bose.4317@example.in,Delhi,2023-06-29,marketing
K002185,C001560,Ananya Roy,7510906914, ananya.roy.1560@example.in ,Ahmedabad,2025-06-24,crm
K002186,C001215,Pranav Shah,8862867479,pranav.shah.1215@example.in,Hyderabad,2023-10-22,crm
K002187,C004928,Pooja Das,91-946-966-3165,pooja.das.4928@example.in, Ahmedabad ,2025-09-10,support
K002188,C001710,Ishita Das,8709266786,ishita.das.1710@example.in,Delhi,2025-10-22,crm
K002189,C005008,Kabir Bose,7661132048,kabir.bose.5008@example.in,Mumbai,2024-01-27,crm
K002190,C001640,Nisha Chandra,6100214071,nisha.chandra.1640@example.in,Kochi,2025-12-10,branch
K002191,C002227,Sanjay Sinha,7318356029,sanjay.sinha.2227@example.in,Pune,2023-06-18,crm
K002192,C004682,Kavya Patel,6701102251,kavya.patel.4682@example.in,Kolkata,2024-10-01,branch
K002193,C001668,Ishita Rao,7652639439, ishita.rao.1668@example.in ,Ahmedabad,2025-04-07,branch
K002194,C000545,Varun Iyer,9549831249,varun.iyer.0545@example.in,Hyderabad,2024-02-21,marketing
K002195,C001427,Mira Menon,9532011432,mira.menon.1427@example.in,Pune,2023-03-30,crm
K002196,C005884,Nisha Bse,,nisha.bose.3418@example.in,Bengaluru,2023-04-18,branch
K002197,C004492,Rahul Agarwal,8896245086,rahul.agarwal.4492@example.in,Mumbai,2025-09-23,crm
K002198,C003716,Meera Chandra,6425492023,MEERA.CHANDRA.3716@EXAMPLE.IN,Mumbai,2023-04-23,support
K002199,C002470,P. Mukherjee,9030879705,pooja.mukherjee.2470@example.in,Lucknow,2025-10-02,marketing
K002200,C001083,Aarav Das,6603790235,aarav.das.1083@example.in,Delhi,2024-03-14,branch
K002201,C003411,Tanvi Tiwari,8797611138,tanvi.tiwari.3411@example.in,Kochi,2024-09-01,crm
K002202,C002392,Sahil Joshi,8382477039,sahil.joshi.2392@example.in,Jaipur,2024-03-19,marketing
K002203,C002426,Anika Sinha,7359449983,anika.sinha.2426@example.in,Pune,2024-05-17,marketing
K002204,C005118,Ananya Khan,(792) 520-1478,ananya.khan.5118@example.in,Chennai,2025-05-09,marketing
K002205,C001062,Pranav Chandra,,pranav.chandra.1062@example.in,Bengaluru,2025-08-20,branch
K002206,C002783,Aditya Bose,,aditya.bose.2783@example.in,Ahmedabad,2024-05-24,crm
K002207,C002085,Aarav Khan,,aarav.khan.2085@example.in,Lucknow,2025-07-25,marketing
K002208,C001857,Rahul Agarwal,+91 96134 10238,rahul.agarwal.1857@example.in,Delhi,2023-02-05,crm
K002209,C006138,Seha C.,7899048206,sneha.chandra.2527@example.in,Mumbai,2024-10-06,support
K002210,C006245,SAHIL ROY,8326234823,sahil.roy.2048@example.in,Jaypur,2023-06-12,branch
K002211,C005163,Aarav Joshi,7665308278,aarav.joshi.5163@example.in,Ahmedabad,2024-01-19,marketing
K002212,C006214,Pooja Mukherje,9030879705,pooja.mukherjee.2470@example.in,Lucknow,2024-07-18,support
K002213,C003065,Ananya Reddy,9489101941,ananya.reddy.3065@example.in,Ahmedabad,2024-05-08,marketing
K002214,C004173,Pranav Verma,91-758-126-3223,pranav.verma.4173@example.in,Hyderabad,2023-06-30,marketing
K002215,C002516,Sneha Nair,9706240279,sneha.nair.2516@example.in,Chennai,2024-04-05,marketing
K002216,C004622,Saanvi Mukherjee, 92028-01047 ,saanvi.mukherjee.4622@example.in,Hyderabad,2025-03-26,branch
K002217,C001468,Rhea Menon,9618939561,rhea.menon.1468@example.in,KOCHI,2025-10-23,support
K002218,C002056,Priya Mishra,6086706664,priya.mishra.2056@example.in,Jaipur,2024-04-20,support
K002219,C001553,Ananya Mukherjee,9077238103,ananya.mukherjee.1553@example.in,Hyderabad,2023-01-27,crm
K002220,C005745,Anika Kapor,91-971-466-7271,anikakapoor5226@example.in,Hyderabad,2024-11-30,support
K002221,C001891,Ananya C.,6626045767,ananya.chandra.1891@example.in,Lucknow,2023-07-06,branch
K002222,C002365,Kabir Roy, 73582-38164 ,kabir.roy.2365@example.in,Kolkata,2023-01-01,branch
K002223,C001890,Ananya Reddy,7368550944,ananya.reddy.1890@example.in,Mumbai,2024-09-02,branch
K002224,C002422,Aditi Rao,6614565833,aditi.rao.2422@example.in,Hyderabad,2024-10-21,marketing
K002225,C004987,Shreya Verma,(857) 737-9631,SHREYA.VERMA.4987@EXAMPLE.IN,Ahmedabad,2025-10-01,marketing
K002226,C004629,  pranav   patel  ,6688000894,pranav.patel.4629@example.in,Pune,2025-07-15,marketing
K002227,C005305,Kabir Agarwal,8318174154,kabir.agarwal.5305@example.in,Pune,2024-01-01,marketing
K002228,C002709,Rahul Singh,(887) 114-7737,rahul.singh.2709@example.in,Kochi,2025-08-15,crm
K002229,C000874,Sanjay Sen,6157723041,sanjay.sen.0874@example.in,Bengaluru,2023-04-06,support
K002230,C001141,Pooja Mehta,6352069650,pooja.mehta.1141@example.in,Chennai,2023-03-08,crm
K002231,C004413,Priya Mehta,6343231685,priya.mehta.4413@example.in,Bengaluru,2023-10-01,support
K002232,C002857,Sneha Jain,8235810805,,Hyderbad,2025-05-17,crm
K002233,C002921,Aditi I.,7873849016,aditi.iyer.2921@example.in,Pune,2024-08-25,marketing
K002234,C001180,Zoya Patel,9853200478,zoya.patel.1180@example.in,Hyderabad,2025-01-08,support
K002235,C006034,MEERA NAIR,9174785450,meera.nair.1299@example.in,Bhopal,2024-07-29,marketing
K002236,C004259,Ananya Subramanian,8783818227,ananya.subramanian.4259@example.in,Delhi,2025-08-28,marketing
K002237,C006182,Mera Siha,7334565687,meera.sinha.5110@example.in,Bengaluru,2023-05-28,marketing
K002238,C004249,Aditi Shah,8766740797,aditi.shah.4249@example.in,Kolkata,2023-08-09,support
K002239,C001962,Nisha Tiwari,6483314473,nisha.tiwari.1962@example.in,Kolkata,2023-02-22,marketing
K002240,C004887,ANANYA RAO,6736453438,,Ahmedabad,2024-02-03,support
K002241,C004582,Sahil Mishra,8663680382,sahil.mishra.4582@example.in,Mumbay,2024-12-23,support
K002242,C001332,Aarav Roy,6853999500,aarav.roy.1332@example.in,Kochi,2025-08-10,support
K002243,C004363,Meera Shah,9786351983,meea.shah.4363@example.in,Lucknow,2024-02-02,support
K002244,C001224,Sanjay Agarwal,7575165005,sanjay.agarwal.1224@example.in,Kochi,2025-10-10,support
K002245,C005369,Tanvi Subramanian,8630182669,tanvi.subramanian.5369@example.in,Hyderabad,2023-05-08,branch
K002246,C003465,Anika Joshi,7111346353,,Lucknow,2025-04-08,support
K002247,C004635,  aarav   singh  ,9427568620,aarav.singh.4635@example.in,Jaipur,2024-04-01,branch
K002248,C004145,Kavya Menon,9472616251,kavya.menon.4145@example.in,Chennai ,2025-02-23,crm
K002249,C001902,Saanvi Desai,6000507005,saanvi.desai.1902@example.in,Hyderabad,2023-04-16,branch
K002250,C005055,Vikram Menon,6484235659,vikram.menon.5055@example.in,Mumbai,2023-11-09,marketing
K002251,C004841,Kabir Sharma,9083646757,kabir.sharma.4841@example.in,Bengaluru,2024-04-05,marketing
K002252,C002493,Nisha Khan,8806883766,nishakhan2493@example.in,Pune,2023-01-02,branch
K002253,C004430,Meera R.,8889690792,meera.reddy.4430@example.in,Mumbai,2023-02-04,marketing
K002254,C004851,Sneha Chandra,7195443215,sneha.chandra.4851@example.in,Mumbai,2025-12-24,support
K002255,C002523,  rohan   reddy  ,(886) 550-7860,rohan.reddy.2523@example.in,Bengaluru,2023-10-24,branch
K002256,C002793,Tanvi Patel,9855075655,tanvi.patel.2793@example.in,Chennai,2023-05-12,crm
K002257,C002944,Nisha Mehta,7799309326,nisha.mehta.2944@example.in,Bengaluru,2024-02-21,branch
K002258,C001766,Aditya Kulkarni,91-860-679-6211,aditya.kulkarni.1766@example.in, Jaipur ,2023-08-30,branch
K002259,C000537,Sahil Desai,,sahil.desai.0537@example.in,Lucknow,2024-12-06,support
K002260,C003935,Rohan Patel,+91 75793 09671,rohan.patel.3935@example.in,Ahmedabad,2023-05-09,branch
K002261,C000782,Diya Sinha,8950758660,diya.sinha.0782@example.in,Mumbai,2025-08-08,support
K002262,C004716,Zoya Jain,6201345561,zoya.jain.4716@example.in,Lucknow,2024-10-20,marketing
K002263,C002320,Nikhl Khan,6825564271,nikhil.khan.2320@example.in,Chennai,2024-03-27,support
K002264,C006090,Vikam Patel,91-929-636-4497,,Mumbai,2024-10-27,support
K002265,C005307,Aditya Kulkarni,(960) 408-2412,aditya.kulkarni.5307@example.in,Mumbai,2024-03-08,marketing
K002266,C004588,Varun Nair,+91 71016 30691,varun.nair.4588@example.in, Kochi ,2024-08-23,marketing
K002267,C005094,Nikhil Desai,8910385105,nikhil.desai.5094@example.in,Bengaluru,2023-08-10,crm
K002268,C002920,Ananya Desai,8448960752,ananya.desai.2920@example.in,Mumbai,2025-10-09,crm
K002269,C001667,Zoya Tiwari,8191590703,zoya.tiwari.1667@example.in,Jaipur,2024-10-10,branch
K002270,C004326,Nisha Gupta,8865343036,nisha.gupta.4326@example.in,Hyderabad,2024-12-20,crm
K002271,C003463,Ananya Chandra,9907151279,ananya.chandra.3463@example.in,Chennai,2023-11-09,support
K002272,C004216,Ananya Mehta,+91 68127 31655,ananya.mehta.4216@example.in,Delhi,2024-11-02,marketing
K002273,C003376,Pranav Jain,7949352564,pranav.jain.3376@example.in,Bhopal,2024-05-02,marketing
K002274,C006049,R. Rao,8374735724,rohan.rao.3998@example.in,Kolkata,2024-12-19,support
K002275,C001394,Aditi Iyer, 69858-89872 ,aditi.iyer.1394@example.in,Hyderabad,2024-04-25,crm
K002276,C001666,Sanjay Reddy,8795704155,sanjay.reddy.1666@example.in,Pune,2025-08-25,crm
K002277,C005225,Vikram S., 84751-71618 ,vikramsingh5225@example.in,Mumbai,2024-10-21,support
K002278,C006007,Nikil Patel,7605344456,nikhil.patel.5134@example.in,Mumbay,2025-08-24,crm
K002279,C002290,Priya Singh,9146909362,priyasingh2290@example.in,HYDERABAD,2023-12-29,support
K002280,C002426,Anika Sinha,7359449983,anika.sinha.2426@example.in,Pune,2023-08-24,crm
K002281,C006232,Nsha Shah,8695416335,nisha.shh.0652@example.in,Hyd,2024-07-20,crm
K002282,C003842,Mira Agarwal,7630876758,,Chennai,2023-11-01,branch
K002283,C002871,Vikram Mukherjee,8430044983,vikram.mukherjee.2871@example.in,Chennai,2023-06-16,branch
K002284,C006113,Aditya M.,(660) 671-7270,adityamehta3448@example.in,Ahmedabad,2025-07-28,crm
K002285,C005038,Ananya S., 63209-68623 ,ananya.sinha.5038@example.in,Ahmedabad,2024-09-15,crm
K002286,C005632,S. Mishra,8254220731,saanvi.mishra.470@example.in,Pune,2023-04-18,crm
K002287,C005184,Ananya Verma,,ananya.verma.5184@example.in,Chennai,2025-07-03,crm
K002288,C003514,Sahil Mishra,7792847502,sahil.mishra.3514@example.in,Pune,2023-06-05,crm
K002289,C002303,Pranav Mukherjee,9985166314,pranav.mukherjee.2303@example.in,Hyderabad,2023-05-24,support
K002290,C002652,Anika Jshi,+91 66637 83743,anika.joshi.2652@example.in,Bengaluru,2025-01-09,crm
K002291,C005769,Arjun Sngh,8574207270,arjn.sigh.0009@example.in,Bhopal,2023-12-09,branch
K002292,C001572,Sanjay Subramanian,9724734959,sanjay.subramanian.1572@example.in,Bhopal,2025-11-11,crm
K002293,C001663,Rohan Shah,7632954103,rohan.shah.1663@example.in,Jaipur,2025-07-16,marketing
K002294,C000964,Rohan Tiwari, 76159-02782 ,rohan.tiwari.0964@example.in,Kochi,2025-10-13,marketing
K002295,C005115,Ishita Reddy,9590547702,ishita.reddy.5115@example.in,Kolkata,2025-09-18,crm
K002296,C000395,Anika Banerjee,7562310204,anika.banerjee.0395@example.in,Hyderabad,2023-12-29,marketing
K002297,C005427,Rahul Roy, 78304-44004 ,rahul.roy.5427@example.in,Chennai,2025-07-09,branch
K002298,C000147,Rhea Patel,+91 62054 49847,rhea.patel.0147@example.in,Hyderbad,2025-12-08,crm
K002299,C003259,Meera Tiwari,+91 83517 01901,meera.tiwari.3259@example.in,Chennai,2023-04-17,marketing
K002300,C002464,Diya Agarwal,+91 90814 77195,diya.agarwal.2464@example.in,Kochi,2024-12-29,crm
K002301,C003251,Ananya Reddy,9657233682,ananya.reddy.3251@example.in,Kochi,2025-12-15,crm
K002302,C005020,Tanvi Shah,,tanvi.shah.5020@example.in,Chenai,2024-12-26,crm
K002303,C003769,Tanvi Sinha,9371137542,tanvi.sinha.3769@example.in,Kochi,2024-07-29,marketing
K002304,C004591,Nisha Subramanian,, nisha.subramanian.4591@example.in ,Pune,2023-01-08,support
K002305,C001636,Diya Jain,6723565456,diya.jain.1636@example.in,Jaipur,2025-07-10,marketing
K002306,C001324,Ishita Nair,6828497661,ishita.nair.1324@example.in,Lucknow,2023-05-29,branch
K002307,C002442,Shreya Joshi,91-615-212-2516,shreya.joshi.2442@example.in,Kochi,2023-09-02,branch
K002308,C002561,Diya Joshi,8929263670,diya.joshi.2561@example.in, Bhopal ,2024-04-27,crm
K002309,C000700,Aarav Singh, 61050-18581 ,aarav.singh.0700@example.in,Lucknow,2023-12-14,marketing
K002310,C003632,Nikhil Desai,6844657022,nikhil.desai.3632@example.in,Kolkata,2024-04-17,marketing
K002311,C001862,Sneha Mukherjee,7775386206,snehamukherjee1862@example.in,BHOPAL,2025-06-18,crm
K002312,C000730,Krishna Mukherjee,8392679116,krishna.mukherjee.0730@example.in,Hyderabad,2023-08-05,branch
K002313,C000382,Sanjay Verma,6485361871,sanjay.verma.0382@example.in,Kochi,2025-12-27,marketing
K002314,C002521,Kavya Tiwari,6921705448,kavya.tiwari.2521@example.in,CHENNAI,2024-07-09,branch
K002315,C001216,Akhay Agarwal,7215306860,aksay.agarwal.1216@example.in,Delhi,2024-02-01,support
K002316,C003398,Arjun Sbramanian,8498280188,arjun.subramanian.3398@example.in,JAIPUR,2025-03-19,support
K002317,C001156,Kavya Mukherjee,6591923064,KAVYA.MUKHERJEE.1156@EXAMPLE.IN,Delhi,2025-08-16,crm
K002318,C001408,Saanvi Desai,7584981128,saanvi.desai.1408@example.in,Ahmedabad,2025-01-17,marketing
K002319,C004857,  meera   mishra  ,6439105924,MEERA.MISHRA.4857@EXAMPLE.IN,Lucknow,2025-08-29,crm
K002320,C006234,Snea Kulkarni,(930) 945-1703,snehakulkarni.2374@example.in,Kolkata,2023-01-10,crm
K002321,C000730,Krishna Mukherjee,8392679116,krishna.mukherjee.0730@example.in,Hyderabad,2023-11-04,crm
K002322,C001139,Aditya Shah,7419713158,aditya.shah.1139@example.in,Delhi,2025-05-01,crm
K002323,C005377,Saanvi Sinha,6371410190,saanvi.sinha.5377@example.in, Lucknow ,2023-03-14,branch
K002324,C004442,Tanvi Tiwari,9201397202,tanvi.tiwari.4442@example.in,Ahmedabad,2023-08-05,support
K002325,C000385,Zoya Rao,6495632927,zoya.rao.0385@example.in,Delhi,2023-06-23,crm
K002326,C003192,Sneha Joshi,6401575248,sneha.joshi.3192@example.in,Jaipur,2025-05-02,branch
K002327,C003135,KRISHNA PATEL,6981656864,krishna.pate.3135@example.in,Hyderabad,2024-02-04,support
K002328,C002894,Meera Sinha,8179751779,meera.sinha.2894@example.in,Chennai,2024-03-22,support
K002329,C004474,Shreya Kapoor, 84372-53974 ,shreya.kapoor.4474@example.in,Jaipur,2024-10-26,branch
K002330,C004394,Anika Sharma,8779562795,anika.sharma.4394@example.in,Kolkata,2023-06-12,marketing
K002331,C004106,Pooja Sinha,6608859724,pooja.sinha.4106@example.in,Kochi,2024-06-16,marketing
K002332,C002867,Arjun Singh,8405073608,arjun.singh.2867@example.in,Delhi,2023-12-11,support
K002333,C004757,Sanjay Menon,+91 75437 13430,sanjay.meon.4757@example.in,Kolkata,2023-08-04,crm
K002334,C001857,Rahul Agarwal,9613410238,rahul.agarwal.1857@example.in,Delhi,2025-02-09,crm
K002335,C001229,Varun Roy,6102631087,varun.roy.1229@example.in,Bhopal,2024-11-01,support
K002336,C003259,Meera Tiwari,8351701901,meera.tiwari.3259@example.in,Chennai,2023-04-19,support
K002337,C002547,Vikram Desai,,vikram.desai.2547@example.in,Lucknow,2025-01-11,crm
K002338,C003887,Aditi Iyer,(607) 837-3787,aditi.iyer.3887@example.in,Lucknow,2025-03-02,marketing
K002339,C004350,  meera   mishra  ,9306567796,meera.mishra.4350@example.in,Ahmedabad,2025-10-06,marketing
K002340,C000488,Krishna Mehta,9371204285,krishna.mehta.0488@example.in,Lucknow,2025-10-09,support
K002341,C002036,N. Roy,9330612688,nisha.roy.2036@example.in,Kolkata,2023-05-28,branch
K002342,C006197,sneha das,9345056338,snehadas5300@example.in,Pune,2025-09-02,branch
K002343,C003534,Diya Gupta,9518655141,diya.gupta.3534@example.in,Cochin,2024-08-17,marketing
K002344,C004087,Arjun Kapoor,6777165316,arjun.kapoor.4087@example.in,Hyderbad,2024-03-31,support
K002345,C003076,Ishita Gupta,6726482294,ishita.gupta.3076@example.in,Pune,2025-05-06,support
K002346,C002474,Aditi Mukherjee,6260292510,aditi.mukherjee.2474@example.in,Kolkata ,2023-12-31,crm
K002347,C004730,Shreya Chandra,+91 80319 65923,shreya.chandra.4730@example.in,Jaipur,2025-02-19,marketing
K002348,C000339,Varun Kapoor,8389276872,varun.kapoor.0339@example.in,Kochi,2024-08-07,marketing
K002349,C002056,Priya Mishra,6086706664,priya.mishra.2056@example.in,Jaipur,2025-02-07,marketing
K002350,C005395,Nkhil Shah,9648799365,nikhil.shah.5395@example.in, Lucknow ,2023-10-23,support
K002351,C006041,Pranv Kulkarni,7710064043,pranav.kulkarni.4297@example.in,Madras,2024-05-20,branch
K002352,C002729,Nisha Kulkarni,91-861-842-4941,nisha.kulkarni.2729@example.in,Jaipur,2023-04-02,crm
K002353,C003109,Akshay Kulkarni,(908) 315-4406,akshay.kulkarni.3109@example.in,Chennai,2025-12-19,marketing
K002354,C000147,Rhea Patel,6205449847,rhea.patel.0147@example.in,Hyd,2025-09-21,crm
K002355,C004302,Tanvi Sen,6142534467,tanvi.sen.4302@example.in,Jaipur,2024-02-23,support
K002356,C005085,ANIKA CHANDRA, 84485-09512 ,anika.chandra.5085@example.in,Bhopal,2024-07-05,support
K002357,C005940,Nikil Chandra,6330447999,nikhil.chanra.1656@example.in,Bombay,2023-04-28,branch
K002358,C000350,Rahul Iyer,8948489485,rahul.iyer.0350@example.in,Hyderabad,2025-04-10,branch
K002359,C001337,Ishaan Patel,6811400377,ishaan.patel.1337@example.in,Hyderabad,2025-10-13,crm
K002360,C004868,Ishita R.,7610911634,ishita.reddy.4868@example.in,Bengaluru,2024-03-16,marketing
K002361,C004972,Tanvi Subramanian,8399664352,tanvi.subramanian.4972@example.in,Lucknow,2025-05-31,branch
K002362,C004805,Arjun Singh,8618323192,arjun.singh.4805@example.in,Bengaluru,2023-09-27,support
K002363,C002801,Aditi Mishra,9451128848, aditi.mishra.2801@example.in ,Ahmedabad,2023-09-04,branch
K002364,C005013,Pooja Bose,6170061906,pooja.bose.5013@example.in,Jaipur,2023-10-24,support
K002365,C001283,Mira Mishra,,mira.mishra.1283@example.in,Kolkata,2024-08-06,crm
K002366,C005510,Aditi Joshi,9071996573,aditi.joshi.5510@example.in,Chennai,2024-05-05,support
K002367,C002820,Kabir Gupta,6362782605,kabir.gupta.2820@example.in,Pune,2025-06-08,branch
K002368,C005315,V. Kulkarni,7470243565,varun.kulkarni.5315@example.in,Ahmedabad,2024-08-21,branch
K002369,C000900,Kabir B.,7530592722,kabir.banerjee.0900@example.in,Hyderabad,2023-04-07,crm
K002370,C000025,Nikhil Rao,9811833449,nikhil.rao.0025@example.in,Hyderabad,2024-10-23,crm
K002371,C004305,Zoya Das,7046807585,zoya.das.4305@example.in,Hyderabad,2023-11-30,marketing
K002372,C000551,A. Agarwal,8960242079,akshay.agarwal.0551@example.in,Kochi,2023-10-03,crm
K002373,C003631,Mira Das,9372864037,mira.das.3631@example.in,Lucknow,2023-04-19,branch
K002374,C001173,Rhea Iyer,6079660346, rhea.iyer.1173@example.in ,Mumbai,2024-01-20,crm
K002375,C004708,Sanjay Verma,(725) 962-2032,sanjay.verma.4708@example.in,MUMBAI,2023-04-12,branch
K002376,C003820,Zoya Tiwari,8156590502,zoya.tiwari.3820@example.in,Ahmedabad,2023-04-23,crm
K002377,C001116,Rahul Das,7669749800,rahul.das.1116@example.in,Jaipur,2024-06-26,crm
K002378,C001152,Piya Menon,6888184526,priya.menon.1152@example.in,Chennai,2024-02-02,crm
K002379,C000034,Saanvi Kapoor,7258557547,saanvi.kapoor.0034@example.in,Bengaluru,2025-10-04,support
K002380,C006146,  ishita   p.  ,9727159065,,Chennai,2025-09-26,branch
K002381,C005396,  kavya   gupta  ,91-882-464-4152,kavya.gupta.5396@example.in,Chennai,2023-06-08,marketing
K002382,C002905,Rhea Agarwal,8964290334,rhea.agarwal.2905@example.in,Mumbai,2024-01-17,marketing
K002383,C003642,Pranav Verma,7620757747,,Kochi,2023-04-03,marketing
K002384,C002181,Rhea Iyer,9200749027,rhea.iyer.2181@example.in,Hyderbad,2025-03-18,crm
K002385,C000006,Rhea Kapoor,7761312870, rhea.kapoor.0006@example.in ,Pune,2024-08-12,support
K002386,C005067,Diya Iyer,9194433645,diya.iyer.5067@example.in,Bengaluru,2023-11-02,branch
K002387,C003306,Arjun Shah,8744808785,,Pune,2023-04-23,support
K002388,C004847,Zoya Roy,7952375952,zoya.roy.4847@example.in,Mumbai,2024-04-11,branch
K002389,C005242,Ishita Banerjee,(697) 395-5190,ishita.banerjee.5242@example.in,Delhi,2024-10-28,marketing
K002390,C002631,Diya Tiwari,8037470688,diya.tiwari.2631@example.in,Hyderabad,2024-03-04,marketing
K002391,C001542,Rohan Banerjee, 76947-32496 ,rohan.banerjee.1542@example.in,Delhi,2023-03-19,marketing
K002392,C001849,Nisha Mukherjee,6576480017,nisha.mukherjee.1849@example.in,Lucknow,2025-03-29,branch
K002393,C002963,Pooja B., 61948-17616 ,pooja.bose.2963@example.in,Kochi,2024-03-03,marketing
K002394,C003738,Pooja Mishra,6564634311,pooja.mishra.3738@example.in,Bengaluru,2024-07-03,branch
K002395,C004756,Aditi N.,(878) 740-9400,aditi.nair.4756@example.in,Mumbai,2024-03-30,support
K002396,C005458,Arjun Jain,7904664017,arjun.jain.5458@example.in,Bengaluru,2024-09-12,marketing
K002397,C002927,Arjun Subramanian,8918540898,arjun.subramanian.2927@example.in,Bombay,2025-07-27,branch
K002398,C004256,Pranav Mehta,6013754434,pranav.mehta.4256@example.in,Mumbai,2024-06-21,branch
K002399,C003569,Pooja Reddy,6584458478,pooja.reddy.3569@example.in,Hyderabad,2024-03-13,crm
K002400,C000152,Aditi Menon,6739012153,,Bhopal,2023-02-03,crm
K002401,C000528,Zoya M.,9180161733,zoya.mishra.0528@example.in,Mumbai,2024-02-08,marketing
K002402,C001601,Diya Desai,8004204167,diya.desai.1601@example.in,Jaipur,2024-05-07,branch
K002403,C002079,Zoya Sharma,9957327190,zoya.sharma.2079@example.in,Ahmedabad,2025-01-19,crm
K002404,C002319,Kabir Mukherjee,7065839155,kabirmukherjee2319@example.in,Delhi,2023-03-10,support
K002405,C006241,K. Roy,8431267745,kavya.roy.4787@example.in,Pune,2025-08-26,support
K002406,C001969,Tanvi Mukherjee,7168257757,TANVI.MUKHERJEE.1969@EXAMPLE.IN,Mumbai,2023-12-10,support
K002407,C004100,Mira Iyer,6144841077,mira.iyer.4100@example.in,Bhopal,2025-11-19,branch
K002408,C000428,Ishita Subramanian,6488268731,ishita.subramanian.0428@example.in,HYDERABAD,2024-06-16,support
K002409,C004313,Ishita Shah,91-638-371-5459,ishita.shah.4313@example.in,Chennai ,2024-04-13,marketing
K002410,C002267,Sanjay Gupta, 81129-39068 ,sanjay.gupta.2267@example.in,Chennai,2024-01-25,branch
K002411,C000934,Sahil Das,7735650823,sahil.das.0934@example.in,Ahmedabad,2024-11-20,support
K002412,C002241,Sneha Kulkarni,(965) 782-9706,sneha.kulkani.2241@example.in,Bengaluru,2023-01-29,support
K002413,C001140,Kavya Kapoor,7879120546,kavya.kapoor.1140@example.in,Pune,2023-07-11,crm
K002414,C004793,Ishita Sharma,9111017137,ISHITA.SHARMA.4793@EXAMPLE.IN,Kochi,2024-12-29,crm
K002415,C006250,akshay tiwari,6131337426,akshay.tiwri.5053@example.in,Mumbai,2025-06-04,branch
K002416,C001354,Rhea Shah,6763881078,rhea.shah.1354@example.in,Pune,2024-07-08,branch
K002417,C005224,Shreya Shah,9478745713,,Lucknow,2024-11-18,branch
K002418,C004184,Kavya Desai,6136039550,kavya.desai.4184@example.in,Kolkata,2023-12-10,support
K002419,C005534,Diya Das,7770902319,diya.das.5534@example.in,Jaipur,2024-02-22,support
K002420,C002431,Anika Chandra,,anika.chandra.2431@example.in,Mumbai,2023-09-26,crm
K002421,C005411,Aarav Verma,6377860026,aarav.verma.5411@example.in,Jaipur,2024-01-21,marketing
K002422,C005607,Rohan C.,6737708232,ROHAN.CHANDRA.4405@EXAMPLE.IN,Chennai,2023-06-01,branch
K002423,C004526,Rhea Chandra,9956443907,rhea.chandra.4526@example.in,Ahmedabad,2023-12-22,branch
K002424,C002284,Rahul Banerjee,9095634218,rahul.banerjee.2284@example.in,Delhi,2024-05-04,crm
K002425,C001661,Meera Subramanian,6373682582,meera.subramanian.1661@example.in,Delhi,2023-10-31,branch
K002426,C000775,  rhea   mehta  ,9842056793,rhea.mehta.0775@example.in,Ahmedabad,2023-04-05,crm
K002427,C003239,Sanjay Reddy,9422994533,sanjay.reddy.3239@example.in,Kochi,2024-07-21,branch
K002428,C006138,Sneha C.,7899048206,sneha.chandra.2527@example.in,Mumbai,2024-09-02,marketing
K002429,C003599,  pooja   khan  ,91-965-074-5731,pooja.khan.3599@example.in,Kolkata,2025-10-30,support
K002430,C005213,Aarav Reddy,8134530115,aarav.reddy.5213@example.in,Mumbai,2023-03-18,branch
K002431,C000425,Pranav Roy,6936457801,pranav.roy.0425@example.in,Lucknow,2024-01-03,crm
K002432,C002750,SNEHA GUPTA,9040054761,sneha.gupta.2750@example.in,Hyderabad,2023-10-22,branch
K002433,C005035,Priya Menon,8698471547,priya.menon.5035@example.in,Puna,2023-06-02,support
K002434,C001454,Pranav Joshi,8877425528,pranav.joshi.1454@example.in,Hyderabad,2025-09-02,crm
K002435,C004036,Pranav Joshi,7966130772,pranav.joshi.4036@example.in,Delhi,2024-08-01,crm
K002436,C004889,RHEA AGARWAL,6515951568,,Kolkata,2024-10-20,support
K002437,C003328,Ishaan Banerje,6108180042,ishaan.banerjee.3328@example.in,Ahmedabad,2024-05-24,marketing
K002438,C001663,Rohan Shah,7632954103,,Jaipur,2023-07-15,marketing
K002439,C005486,Saanvi Desai,91-801-402-6777,saanvi.desai.5486@example.in,Bhopal,2024-08-30,branch
K002440,C001444,Saanvi Mukherjee,+91 83102 48055,saanvi.mukherjee.1444@example.in,Jaipur,2023-10-05,marketing
K002441,C002596,Sahil Sen,8065886941,sahil.sen.2596@example.in,Delhi,2023-09-26,branch
K002442,C002285,Mira Sharma,9377237164,mira.sharma.2285@example.in,Mumbai,2024-04-19,crm
K002443,C004787,Kavya Roy,(843) 126-7745,kavya.roy.4787@example.in,Pune,2025-08-03,marketing
K002444,C003505,Aditi Jain,8450200200,aditi.jain.3505@example.in,Jaipur,2024-10-02,crm
K002445,C003099,Tanvi B.,8122094826,tanvi.bose.3099@example.in,Lucknow,2023-06-07,branch
K002446,C004413,Priya Mehta,6343231685,priya.mehta.4413@example.in,Bengaluru,2023-07-30,crm
K002447,C003921,Aarav Desai,9047406805,aarav.desai.3921@example.in,Hyderabad,2025-04-18,marketing
K002448,C004491,Kabir Menon,6051443955,kabir.menon.4491@example.in,Pune,2024-06-23,branch
K002449,C000783,Vikram Desai,9232744260,vikram.desa.0783@example.in,Jaipur,2023-10-03,crm
K002450,C001749,Vikram Banerjee, 97145-96936 ,vikram.banerjee.1749@example.in,Pune,2023-06-11,crm
K002451,C005824,R. Reddy,+91 96603 66256,rohan.reddy.3359@example.in,Kochi,2023-09-26,marketing
K002452,C000496,Ishita Das,91-931-378-5596,ishita.das.0496@example.in,Lucknow,2025-05-21,marketing
K002453,C004302,Tanvi Sen,+91 61425 34467,tanvi.sen.402@example.in,Jaipur,2024-07-22,support
K002454,C000555,Ananya Desai,8941768435,ananya.desai.0555@example.in,Lucknow,2024-09-30,marketing
K002455,C_CONTACT_BAD_007,Sanjay Sinh,9834734157,sanjay.singh.0481@example.in,Mumbai,2025-04-18,support
K002456,C005344,Mira Desai,+91 68799 10780, mira.desai.5344@example.in ,Kolkata,2024-03-10,crm
K002457,C000896,Ishita Agarwal,7312396738,ishita.agarwal.0896@example.in,Ahmedabad,2024-05-28,marketing
K002458,C003473,ANIKA DESAI,9380224100,anika.desai.3473@example.in,Chennai,2024-06-02,branch
K002459,C000001,Sneha Khan,6594940869,sneha.khan.0001@example.in,Kochi,2024-11-01,support
K002460,C004456,Rahul Bose,9435049548,rahl.bose.4456@example.in,Kolkata,2025-04-25,marketing
K002461,C004758,Zoya Roy,7151372891,zoya.roy.4758@example.in,KOLKATA,2023-03-26,crm
K002462,C000975,Sahil Singh,7927289133,sahil.singh.0975@example.in, Bangalore ,2023-09-01,marketing
K002463,C000996,Aarav Chandra,,aarav.chandra.0996@example.in,Bengaluru,2024-06-11,branch
K002464,C003638,Ishaan Mukherjee,7052949699,ishaan.mukherjee.3638@example.in,Ahmedabad,2025-06-21,support
K002465,C005929,AKSHAY JOSHI,7252578078,akshay.joshi4453@example.in,Jaipur,2025-10-20,support
K002466,C004838,Ananya Khan,+91 61734 91478,ananya.kan.4838@example.in,Bengaluru,2025-04-23,marketing
K002467,C000980,Kavya Tiwari,7683796093,kavya.tiwari.0980@example.in,Bhopal,2025-03-31,crm
K002468,C002754,Vikram Mishra,6983576684,vikram.mishra.2754@example.in,Delhi,2024-06-13,crm
K002469,C000861,Vikram Sharma,7485431112,vikramsharma0861@example.in,Kochi,2025-11-16,support
K002470,C005112,Kabir Rao,7274420890,kabir.rao.5112@example.in,Dilli,2024-01-04,crm
K002471,C005550,Nikhil Mishra,91-748-848-0776,nikhil.mishra.5550@example.in,Chennai,2025-04-17,marketing
K002472,C006095,meera shah,(988) 599-4110,mera.shah.5436@example.in,Bengaluru,2023-12-19,marketing
K002473,C002495,Meera Kulkarni,9817012479,meera.kulkarni.2495@example.in,Lucknow,2025-10-08,support
K002474,C002272,Kavya Desai,8084882506,kavya.desai.2272@example.in,Bhopal,2023-07-22,branch
K002475,C000460,Ananya Verma,7791721524,ananya.verma.0460@example.in,Kolkata,2023-02-14,marketing
K002476,C005126,  rohan   mehta  ,91-865-195-4796,rohan.meha.5126@example.in,Pune,2025-08-24,support
K002477,C002921,Aditi Iyer,7873849016,ADITI.IYER.2921@EXAMPLE.IN,Puna,2024-11-01,branch
K002478,C001507,KAVYA BOSE,91-668-394-2921,kavya.bose.1507@example.in,Bengaluru,2024-01-20,crm
K002479,C002182,Sanjay Desai,6789619084,sanjay.desai.2182@example.in,Hyderabad,2023-07-18,marketing
K002480,C002337,Nisha Joshi,8015270682,nisha.joshi.2337@example.in,Bhopal,2023-12-27,crm
K002481,C002641,Pooja Mishra,9152872966,,Pune,2023-12-23,support
K002482,C004355,Rohan Gupta,9663196393,rohan.gupta.4355@example.in,Bengaluru,2023-08-17,crm
K002483,C004673,Kabir Mishra,7330604582,kabir.mishra.4673@example.in,Hyderabad,2023-01-17,marketing
K002484,C004745,Pooja Mkherjee,9342092436,pooja.mukherjee.4745@example.in,Ahemdabad,2025-07-25,crm
K002485,C005447,Anika Shah,(842) 748-4151,anika.shah.5447@example.in,Jaipur,2023-12-12,marketing
K002486,C001665,Rohan B.,9776009662,rohan.banerjee.1665@example.in,Bhopal,2023-04-30,crm
K002487,C002269,Akshay Verma,9748334426,akshay.verma.2269@example.in,Ahmedabad,2024-01-29,branch
K002488,C000427,Mira P.,91-910-406-0641,mira.patel.0427@example.in,Jaipur,2024-04-19,marketing
K002489,C003768,Rhea Roy,7078205142,rhea.roy.3768@example.in,BHOPAL,2023-05-05,branch
K002490,C006038,Aarv Mehta,7965520866,,Delhi,2025-01-27,branch
K002491,C001045,Saanvi Kapoor,9353969618,saanvi.kapoor.1045@example.in,Mumbai,2023-03-06,branch
K002492,C004266,Sneha Subramanian,(669) 717-5677,sneha.subramanian.4266@example.in,Lucknow,2024-07-15,crm
K002493,C002472,Tanvi Tiwari,6970032078, tanvi.tiwari.2472@example.in ,Bengaluru,2023-02-22,marketing
K002494,C004386,Ishita Jain,7692813236,ishita.jain.4386@example.in,Bhopl,2025-11-12,branch
K002495,C000165,Zoya Subramanian,7997749784,zoya.subramanian.0165@example.in,JAIPUR,2025-05-12,branch
K002496,C004343,Akshay Rao,9283394139,akshay.rao.4343@example.in,Hyderabad,2024-10-13,branch
K002497,C001912,Ishaan S.,+91 95209 00038,ishaan.sharma.1912@example.in,Chennai,2023-07-17,branch
K002498,C004447,Sanvi Khan,(728) 008-5796,saanvi.khan.4447@example.in,Bengaluru,2023-02-03,crm
K002499,C004095,Saanvi Joshi,,saanvi.joshi.4095@example.in,Jaipur,2023-10-13,support
K002500,C000510,Ananya Sen, 73748-07599 ,,Delhi,2025-08-06,branch
K002501,C004637,Mira Banerjee,8170953768,mira.banerjee.4637@example.in,Ahmedabad,2025-06-21,branch
K002502,C003739,Sanjay Singh,8601393979,sajay.singh.3739@example.in,Mumbai,2025-01-09,crm
K002503,C004597,Vikram Kapoor,91-821-080-1552,vikram.kapoor.4597@example.in, Mumbai ,2023-03-27,marketing
K002504,C002221,Tanvi Mishra,8577684245,tanvi.mishra.2221@example.in,Hyderabad,2025-03-15,branch
K002505,C005826,Diya N.,(869) 769-6227,diyanair4555@example.in,Hyderabad,2025-06-30,support
K002506,C003202,  meera   sen  ,6212768392,meera.sen.3202@example.in,Lucknow,2023-10-15,branch
K002507,C003051,Ishita S.,6627394854,ishita.subramanian.3051@example.in,Chennai,2023-11-21,crm
K002508,C000000,Sahil I.,9416714230,,Jaipur,2025-11-09,branch
K002509,C005729,R. Nair,9909509443,rohannair.3140@example.in,Kolkata,2023-10-02,crm
K002510,C004760,  ishita   gupta  ,7903554768,ishita.gupta.4760@example.in,Delhi,2025-01-09,crm
K002511,C000242,Kabr Nair,8997987023,kabir.nair.0242@example.in,Chennai,2024-10-19,crm
K002512,C002618,Nisha Patel,6279797295, nisha.patel.2618@example.in , Jaipur ,2023-01-21,marketing
K002513,C002057,K. Mehta,7289284066,kabir.mehta.2057@example.in,Delhi,2025-12-15,branch
K002514,C006199,Roan Verma,8661519535,rohan.verma.3600@example.in,Kolkata,2023-03-26,marketing
K002515,C000673,Kabir Verma,(751) 559-8384,kabir.verma.0673@example.in,Kochi,2024-04-06,branch
K002516,C001546,Pranav Sinha,9638011122,pranav.sinha.1546@example.in,Delhi,2023-03-28,branch
K002517,C005621,V. REDDY,8426323123,varun.reddy.3274@example.in,Pune,2025-01-20,crm
K002518,C001942,Shreya Sharma,7193528226,shreya.sharma.1942@example.in,Pune,2024-05-27,branch
K002519,C002219,Priya Mehta,6341006980,priya.mehta.2219@example.in,Pune,2024-09-04,marketing
K002520,C001665,Rohan Banerjee,9776009662,rohan.banerjee.1665@example.in,Bhopal,2023-10-27,crm
K002521,C003250,Aditya Desai,7783362608,aditya.desai.3250@example.in,Mumbai,2024-12-13,branch
K002522,C001117,Aditi Chandra,6699612133,aditi.chandra.1117@example.in,Bengaluru,2025-01-02,support
K002523,C000627,Zoya Menon,7759694514,zoya.menon.0627@example.in,Kolkata,2025-11-27,support
K002524,C001728,Ishita Iyer,6059460970,ishita.iyer.1728@example.in,Jaipur,2023-06-13,marketing
K002525,C005816,S. Kulkarni,9786710705,sahilkulkarni5538@example.in,Bengaluru,2024-06-08,branch
K002526,C001260,Aditya Sen,7879311479,aditya.sen.1260@example.in,Kolkata,2023-05-01,marketing
K002527,C006232,Nsha Shah,8695416335,nisha.shh.0652@example.in,Hyderabad,2023-07-24,branch
K002528,C000536,  sanjay   patel  ,(833) 603-4666,sanjay.patel.0536@example.in,Ahmedabad,2025-01-20,marketing
K002529,C005305,Kabir Agarwal,8318174154,kabir.agarwal.5305@example.in,Pune,2023-09-20,support
K002530,C000565,Kavya Josi,+91 80752 18776,kavya.joshi.0565@example.in,Kochi,2025-08-20,crm
K002531,C001749,Vikram Banerjee,9714596936,vikram.banerjee.1749@example.in,Pune,2024-12-30,marketing
K002532,C000782,Diya Sinha,8950758660,diyasinha0782@example.in,Mumbai,2025-11-19,marketing
K002533,C001184,Rohan Chandra,8105432640,rohan.chandra.1184@example.in,Kochi,2023-02-06,branch
K002534,C000522,Rhea Nair,9252072948,rhea.nair.0522@example.in,Jaipur,2024-01-26,support
K002535,C003076,Ishita Gupta,6726482294,ishita.gupta.3076@example.in,Pune,2023-02-25,marketing
K002536,C002233,Aditya Chandra,9271217711,,Kolkata,2024-03-16,crm
K002537,C006165,kabir menon,,kabir.menon.0597@example.in,Bengaluru,2024-09-03,crm
K002538,C004215,Ishita Patel,(658) 252-3351,ishita.patel.4215@example.in,Ahmedabad,2024-09-20,branch
K002539,C005176,VARUN BOSE,6730431760,varun.bose.5176@example.in,Jaipur,2023-07-05,support
K002540,C003951,Nisha Deai,9827387649,nisha.desai.3951@example.in,Lucknow,2024-04-04,support
K002541,C000163,Sahil Joshi,8321915133,sahiljoshi0163@example.in,Bhopal,2025-06-23,crm
K002542,C000052,Shreya Tiwari,8326682847,shreya.tiwari.0052@example.in,Bengaluru,2024-01-04,support
K002543,C005102,Sahil Joshi, 98616-53744 ,sahil.joshi.5102@example.in,Pune,2023-04-10,marketing
K002544,C005104,Arjun Shah,91-652-756-1943,arjun.shah.5104@example.in,Kolkata,2023-05-30,support
K002545,C001396,V. Gupta,,vikram.gupta.1396@example.in,Lucknow,2023-07-30,crm
K002546,C003783,Varun Nair,8587640242,varun.nair.3783@example.in,Bhopal,2025-06-27,branch
K002547,C005897,priya sinha,+91 60839 60371,priyasinha0639@example.in, Bangalore ,2024-03-10,marketing
K002548,C000843,Aditi Iyer,7880897611,aditi.iyer.0843@example.in,Lucknow,2024-09-07,crm
K002549,C001182,Akshay Sharma,8128713935,akshay.sharma.1182@example.in,Bhopal,2023-06-08,support
K002550,C005143,Saanvi Shah,8235495920,saanvi.shah.5143@example.in,Mumbai,2024-07-01,crm
K002551,C003523,Pooja K.,7971453101,poojakapoor3523@example.in,Chennai,2023-01-02,marketing
K002552,C001759,Kavya Sharma,8219929443,kavya.sharma.1759@example.in,Mumbai,2025-07-16,marketing
K002553,C004854,Aarav Chandra,7408063091,aarav.chandra.4854@example.in,Mumbai,2024-10-05,branch
K002554,C005399,Pranav Jain,8134013925,pranav.jain.5399@example.in,Kochi,2024-07-16,support
K002555,C005536,Aarav Nair,7643245549,aarav.nair.5536@example.in,Bhopal,2025-12-24,branch
K002556,C003397,Ananya Mehta,8396983014,ananya.mehta.3397@example.in,Lucknow,2024-06-20,support
K002557,C000136,Ishaan Menon,+91 97722 31680,ishaan.menon.0136@example.in,Delhi,2023-02-01,branch
K002558,C005145,Akshay Roy,9545904501,akshay.roy.5145@example.in,Bhopal,2023-09-11,marketing
K002559,C002542,Varun Snha,8237712016,varun.sinha.2542@example.in,Mumbai,2024-09-11,crm
K002560,C005542,Varun Verma,9462351033,varun.verma.5542@example.in,Mumbai,2023-04-30,support
K002561,C006105,Ania M., 88800-10282 ,,Pune,2024-10-10,crm
K002562,C001643,Priya Mishra,8124692796,priya.mishra.1643@example.in,Mumbai,2023-09-06,crm
K002563,C004154,Sanjay Tiwari,91-958-697-0595,SANJAY.TIWARI.4154@EXAMPLE.IN,Ahmedabad,2023-03-15,marketing
K002564,C002435,Krishna Gupta,7086642531,krishna.gupta.2435@example.in,Lucknow,2023-03-20,branch
K002565,C005000,Tanvi Nair,7532728629,tanvi.nair.5000@example.in,Mumbai,2023-05-29,support
K002566,C003534,Diya Gupta,9518655141,diya.gupta.3534@example.in,Kochi,2024-11-01,marketing
K002567,C004058,Varun Desai,9097401058,varun.desai.4058@example.in,Chennai,2025-02-03,marketing
K002568,C005771,Nisha K.,8618424941,nisha.kulkarni.2729@example.in,Jaipur,2023-02-01,support
K002569,C003788,Mira Iyer,+91 80808 23007,miraiyer3788@example.in,Delhi,2024-09-03,branch
K002570,C005163,Aarav Joshi,+91 76653 08278,aarav.joshi.5163@example.in,Ahmedabad,2023-04-05,branch
K002571,C004994,Meera Desai,,meera.desai.4994@example.in,Bengaluru,2024-02-22,crm
K002572,C000464,Sahil Sinha,7074139019,sahil.sinha.0464@example.in,KOLKATA,2025-05-07,crm
K002573,C003556,Tanvi Sharma,6901200811,tanvi.sharma.3556@example.in,Mumbai,2024-02-04,crm
K002574,C004064,Akshay Mukherjee,8423058093,akshay.mukherjee.4064@example.in,Chennai,2023-06-10,crm
K002575,C001809,Aarav Reddy,8811625676,aarav.reddy.1809@example.in,Mumbai,2025-08-19,marketing
K002576,C004411,Sahil Jain,9413048145,sahil.jain.4411@example.in, Mumbai ,2025-06-21,marketing
K002577,C001830,Dya Joshi,6347761473,diya.joshi.1830@example.in,Bhopal,2025-04-16,branch
K002578,C003059,Rohan Kulkarni,8464984629,rohan.kulkarni.3059@example.in,Chennai,2025-06-13,crm
K002579,C000234,Sanjay Shara, 89705-20270 ,sanjay.sharma.0234@example.in,Pune,2023-01-04,crm
K002580,C001724,Ishaan Gupta,7128057396,,Pune,2023-01-21,support
K002581,C003045,Ishaan Sen,8118717152,ishaan.sen.3045@example.in,Kochi,2025-03-02,crm
K002582,C004559,Saanvi Mishra,9848500526,saanvi.mishra.4559@example.in,Kochi,2024-10-10,crm
K002583,C005828,K. Patel,9177186234,kavya.patel.4913@example.in,Bhopal,2024-01-06,branch
K002584,C005328,Priya Mishra,8418610028,priya.mishra.5328@example.in,Jaypur,2024-06-10,crm
K002585,C002018,Sahil Banerjee,6609438071, sahil.banerjee.2018@example.in ,Ahmedabad,2024-08-03,support
K002586,C001700,Aditi Mukherjee,6596879293,aditi.mukherjee.1700@example.in,Puna,2025-01-16,crm
K002587,C002409,Vikram M.,8115846574,vikram.mukherjee.2409@example.in,Bhopal,2024-06-17,support
K002588,C005489,Varun Sen,,varun.sen.5489@example.in,Mumbai,2024-03-02,branch
K002589,C004567,Varun Reddy,8603539924,varun.reddy.4567@example.in,Delhi,2023-03-27,marketing
K002590,C005901,Sanjay Agaral,9910917707,sanja.agarwal.3025@example.in,Lucknow,2025-04-20,marketing
K002591,C003729,Pranav Singh,8724910886,pranav.singh.3729@example.in,Bengaluru,2024-10-31,branch
K002592,C005150,Pranav Shah,9837230191,pranav.shah.5150@example.in,MUMBAI,2025-08-24,branch
K002593,C004967,Aditi Sinha,9814580212,aditi.sinha.4967@example.in,Kolkata,2024-12-10,crm
K002594,C000705,A. Rao,6963749118,aditya.rao.0705@example.in,Bhopal,2025-05-30,crm
K002595,C003537,Shreya V.,7133463312,shreyaverma3537@example.in,Kochi,2025-03-08,support
K002596,C000025,Nikhil Rao,9811833449,nikhil.rao.0025@example.in,Hyderabad,2024-07-07,support
K002597,C001495,Anika Khan,,anika.khan.1495@example.in,Bhopal,2023-10-31,support
K002598,C001032,Sanjay Verma,(830) 812-2794,sanjay.verma.1032@example.in,Hyderbad,2024-03-05,branch
K002599,C002957,Rahul Sen,8044839697,rahul.sen.2957@example.in,LUCKNOW,2024-03-19,marketing
K002600,C000014,Tanvi Nair,+91 91696 11842,tanvi.nair.0014@example.in,Bengaluru,2023-08-11,marketing
K002601,C000507,Mira Nair, 87649-06117 ,mira.nair.0507@example.in,Hyderabad,2025-10-02,marketing
K002602,C001267,Vikram Singh, 70981-66052 ,vikram.singh.1267@example.in,Bhopal,2024-06-27,support
K002603,C000846,Rhea Iyer,7605283929,rhea.iyer.0846@example.in,Bhopal,2023-09-01,branch
K002604,C_CONTACT_BAD_003,Aditi R.,7699753644,aditi.roy.1447@example.in,Kochi,2024-09-06,crm
K002605,C002189,Aarav Tiwari,8488030034,aarav.tiwari.2189@example.in,Jaipur,2025-06-15,support
K002606,C004472,Pranav Mukherjee,9877452577,pranav.mukherjee.4472@example.in,Kochi,2023-11-29,marketing
K002607,C000199,Ishita Nair,7350358209,ishita.nair.0199@example.in,Mumbai,2025-04-10,support
K002608,C000585,Nisha Mishra,8045687024,nisha.mishra.0585@example.in,Jaipur,2024-09-21,support
K002609,C005220,Rahul Reddy,,rahul.reddy.5220@example.in,Mumbai,2025-04-14,support
K002610,C003536,Kabir Kapoor,8936108401,kabir.kapoor.3536@example.in,Ahmedabad,2025-04-13,marketing
K002611,C004756,Aditi Nair,8787409400,aditi.nair.4756@example.in,Mumbai,2024-10-08,marketing
K002612,C002885,Varun Tiwari,8669253414,varun.tiwari.2885@example.in,Bengaluru,2023-08-27,marketing
K002613,C005485,Aditi Menon,7063040158,aditi.menon.5485@example.in,PUNE,2023-08-01,marketing
K002614,C005450,Krishna Bose,8473336463,krishna.bose.5450@example.in,Pune,2025-01-02,branch
K002615,C_CONTACT_BAD_001,Pranav Agawal,6470196683,pranav.agarwa.1900@example.in,Mumbai,2025-03-10,support
K002616,C001751,Ishita Sen,+91 72780 61742,ishita.sen.1751@example.in,Lucknow,2024-03-15,crm
K002617,C005576,Pooja Mehta,9845709032,pooja.mehta.5576@example.in,Mumbai,2023-09-29,branch
K002618,C005362,Arjun Bose,9270917224, arjun.bose.5362@example.in ,Jaipur,2024-07-29,crm
K002619,C000954,Rahul Sharma,,rahul.sharma.0954@example.in,Bhopal,2023-03-07,crm
K002620,C004516,Krishna Kapoor,8567589889,krishna.kapoor.4516@example.in,Mumbai,2024-03-18,marketing
K002621,C000515,VARUN CHANDRA,8348186413,varun.chandra.0515@example.in,Hyderabad,2025-06-16,crm
K002622,C003259,Meera Tiwari, 83517-01901 ,meera.tiwari.3259@example.in,Chennai,2025-11-03,support
K002623,C001956,  krishna   agarwal  ,9781786418,krishna.agarwal.1956@example.in,Ahmedabad,2024-03-19,support
K002624,C001245,Tanvi Desai, 80265-44651 ,tanvi.desai.1245@example.in,Chennai,2024-11-26,support
K002625,C005128,Arjun Das,6144488562,arjun.das.5128@example.in,Chennai,2023-01-02,branch
K002626,C004561,ROHAN MISHRA,7160186826,rohan.mishra.4561@example.in,Hyderabad,2023-08-17,crm
K002627,C002236,Priya Agarwal,9247337130,priya.agarwal.2236@example.in,Bhopal,2024-03-13,branch
K002628,C000417,Saanvi J.,8977157354,,Bhopal,2025-12-09,marketing
K002629,C000669,Pooja Subramanian,9592897895,pooja.subramanian.0669@example.in,Jaipur,2023-07-06,branch
K002630,C000564,Vikram Rao,6092908098,vikram.rao.0564@example.in,Kochi,2023-11-27,crm
K002631,C002270,Anika Mukherjee,9243203405,ANIKA.MUKHERJEE.2270@EXAMPLE.IN,Kochi,2023-07-16,marketing
K002632,C003042,Pranav Mukherjee,7542127841,pranav.mukherjee.3042@example.in,Bengaluru,2023-02-08,marketing
K002633,C004773,Ishaan G.,7279419424,ishaan.gupta.4773@example.in,Delhi,2025-05-20,crm
K002634,C000370,Nikhil Patel,9923623329,nikhil.patel.0370@example.in,Bhopal,2023-01-01,marketing
K002635,C005012,Sanjay Verma,9574547258,sanjay.verma.5012@example.in,Chennai,2023-07-08,crm
K002636,C000431,Ishita Tiwari,7722930530,ishita.tiwari.0431@example.in,Jaipur,2025-11-17,branch
K002637,C001007,Vikram Sinha,7366352089,vikram.sinha.1007@example.in,Ahmedabad,2024-12-15,branch
K002638,C005083,Zoya Sen,91-614-801-9416,zoya.sen.5083@example.in,Bhopal,2025-05-21,crm
K002639,C004232,Krishna Mehta,7889644946,,Bhopal,2024-03-24,crm
K002640,C001255,Kabir Banerjee,7887592961,kabir.banerjee.1255@example.in,Hyderabad,2025-01-31,crm
K002641,C003223,Mira Menon,6915029328,MIRA.MENON.3223@EXAMPLE.IN,Bhopal,2025-05-21,crm
K002642,C006163,Ishan Iyer,6164176083,ishaaniyer0446@example.in,Pune,2023-04-11,branch
K002643,C002200,Aarav Chandra,7300385794,aarav.chandra.200@example.in,Jaipur,2025-02-27,branch
K002644,C002781,Priya Menon,91-802-967-2212,priya.menon.2781@example.in,DELHI,2025-03-31,support
K002645,C005092,Nikhil Sen,9520963081,nikhil.sen.5092@example.in,Jaipur,2025-10-15,crm
K002646,C000790,Varun Mishra,(864) 060-9915, varun.mishra.0790@example.in ,Hyderabad,2025-02-02,marketing
K002647,C000704,Vikram Mishra,8601400484,vikram.mishra.0704@example.in,Ahmedabad,2025-10-23,marketing
K002648,C005178,Pranav Gupta, 83935-09860 ,pranav.gupta.5178@example.in,Mumbai,2025-07-10,crm
K002649,C000559,Ananya Sharma,8598326182,ananya.sharma.0559@example.in,Mumbai,2025-01-31,marketing
K002650,C002411,Kavya Joshi,8700753309,kavya.joshi.2411@example.in,MUMBAI,2023-12-13,marketing
K002651,C000628,Shreya Sen,(885) 480-7830,shreya.sen.0628@example.in,Mumbai,2024-05-01,support
K002652,C004574,Mira Banerjee, 92298-21240 ,mira.banerjee.4574@example.in,Pune,2024-01-12,crm
K002653,C002957,Rahul Sen,8044839697,rahul.sen.2957@example.in,Lucknow,2025-04-08,crm
K002654,C004130,Mira Das,8365849361,MIRA.DAS.4130@EXAMPLE.IN,Mumbay,2023-01-12,branch
K002655,C000887,ISHAAN CHANDRA,6364807065,ishaan.chandra.0887@example.in,Mumbai,2023-01-21,support
K002656,C000861,Vikram Sharma,7485431112,vikram.sharma.0861@example.in,Kochi,2025-12-30,crm
K002657,C005490,Pranav Kulkarni,7111853441,pranav.kulkarni.5490@example.in,Delhi,2025-01-24,support
K002658,C006042,Nisha Jshi, 64670-53007 ,nisha.joshi.4798@example.in,Kochi,2025-07-19,support
K002659,C002868,Shreya Subramanian,8579368477,shreya.subramanian.2868@example.in,Kolkata,2023-02-12,support
K002660,C001423,  nisha   menon  ,9606381318,nisha.menon.1423@example.in,Bhopal,2024-01-07,support
K002661,C001038,Priya Roy,6388882696,priya.roy.1038@example.in,Pune,2023-11-12,crm
K002662,C003126,Rahul Roy,8822922629,rahul.roy.3126@example.in,Bhopal,2024-08-30,marketing
K002663,C006067,AKSHAY SINHA,7736736097,akshay.sinha.3901@example.in,Mumbai,2024-07-25,support
K002664,C003196,Sahil Reddy,7513878931,sahil.reddy.3196@example.in,Ahmedabad,2023-07-14,branch
K002665,C003889,Pooja Pael,7251983336,,Hyderabad,2025-10-15,branch
K002666,C003729,Pranav Singh,8724910886,pranav.singh.3729@example.in,Bengaluru,2025-02-15,marketing
K002667,C000727,Akshay Roy,9201724230,akshay.roy.0727@example.in,Delhi,2023-05-07,support
K002668,C001739,Nisha Patel,9906138599,nisha.patel.1739@example.in,Lucknow,2024-02-05,branch
K002669,C002210,Akshay Jain,6892782110,akshay.jain.2210@example.in,Pune,2025-06-09,support
K002670,C006192,S. Rao,6652877429,sneharao4261@example.in,Chennai,2024-04-16,marketing
K002671,C002726,Z. Iyer,7719858833,zoya.iyer.2726@example.in,Kolkata,2025-04-19,branch
K002672,C004457,Tanvi Sen,8875664832,tanvi.sen.4457@example.in,Bengaluru,2025-12-29,branch
K002673,C001028,Priya Joshi,7382271008,priya.joshi.1028@example.in,Bengaluru,2023-04-28,marketing
K002674,C002249,Rahul Iyer,6597373187,rahul.iyer.2249@example.in,Bengaluru,2025-07-26,marketing
K002675,C002267,Sanjay Gupta,+91 81129 39068,SANJAY.GUPTA.2267@EXAMPLE.IN,Chennai,2024-07-08,marketing
K002676,C001761,I. Iyer,+91 93533 89696,ishaan.iyer.1761@example.in,Dilli,2023-02-10,marketing
K002677,C001317,Sahil Mehta,8844704539,SAHIL.MEHTA.1317@EXAMPLE.IN,Pune,2024-02-23,support
K002678,C002163,Nikhil Gupta,8909535276,,Mumbai,2023-11-29,marketing
K002679,C001394,Aditi Iyer,6985889872,aditi.iyer.1394@example.in,HYDERABAD,2023-09-21,crm
K002680,C005949,Rohan S.,8938039450,rohan.singh.1620@example.in,Lucknow,2024-12-03,marketing
K002681,C002952,Ishaan Patel,7155816295,ishaan.patel.2952@example.in, Jaipur ,2023-03-18,crm
K002682,C003426,Kavya Reddy,9258373024,kavya.reddy.3426@example.in,Kolkata,2023-01-21,crm
K002683,C002052,Kavya Banerjee,9693779716,kavya.banerjee.2052@example.in,JAIPUR,2023-10-06,support
K002684,C000047,Arjun Jain,6495444030,arjun.jain.0047@example.in,BHOPAL,2025-01-24,marketing
K002685,C002317,Kavya Mishra,7693884307,kavya.mishra.2317@example.in,Bengaluru,2024-05-25,crm
K002686,C003842,Mira Agarwal,7630876758,mira.agarwal.3842@example.in,Chennai,2023-04-11,support
K002687,C004542,Aarav Bose,8299827346,aarav.bose.4542@example.in,Bhopal,2024-06-24,crm
K002688,C003498,Kavya Bose,+91 73284 62014,kavya.bose.3498@example.in,Bhopal,2024-09-25,branch
K002689,C003496,  nisha   mishra  ,7760094957,,Bengaluru,2024-01-18,marketing
K002690,C001310,Rahul Kapoor,(761) 487-3559,,Kolkata,2025-01-14,branch
K002691,C004321,Rohan Mehta,8224346385,rohan.mehta.4321@example.in,Chennai,2025-11-08,support
K002692,C003429,Sneha Menon,,sneha.menon.3429@example.in,Kolkata,2025-05-28,branch
K002693,C000285,Tanvi Banerjee,,tanvi.banerjee.0285@example.in,Delhi,2025-04-28,branch
K002694,C000601,Meera Das,9383421997,meera.das.0601@example.in,Pune,2023-10-05,support
K002695,C004081,Aditi Sinha,9956941484,aditi.sinha.4081@example.in,Delhi,2024-07-15,branch
K002696,C003908,Aarav Patel,7215792143,aarav.patel.3908@example.in,Delhi,2025-09-08,crm
K002697,C002341,Aditi Rao,6197180457,aditi.rao.2341@example.in,Mumbai,2023-05-07,crm
K002698,C002497,  aditi   gupta  ,8463530254,aditi.gupta.2497@example.in,Delhi,2025-03-11,support
K002699,C005447,Anika Shah,8427484151,anika.shah.5447@example.in,Jaipur,2025-02-05,branch
K002700,C003548,Krishna Sharma,9862158184,KRISHNA.SHARMA.3548@EXAMPLE.IN,New Delhi,2024-03-21,branch
K002701,C005951,KABIR VERMA,6204758869,kabir.verma.1069@example.in,Ahmedabad,2024-03-28,support
K002702,C005247,Aditya Patel,8633372472,aditya.patel.5247@example.in,Bengaluru,2023-06-05,support
K002703,C000089,  tanvi   mukherjee  ,8104722179,tanvi.mukherjee.0089@example.in,Delhi,2024-04-27,support
K002704,C002224,Krishna Roy,8688035534,KRISHNA.ROY.2224@EXAMPLE.IN,Jaipur,2024-08-12,crm
K002705,C004661,Nikhil Mukherjee,+91 61122 25014,nikhil.mukherjee.4661@example.in,Mumbai,2024-12-19,marketing
K002706,C005657,A. P.,8388161677,arjun.patel.0200@example.in,Kolkata,2024-02-25,crm
K002707,C002955,Kavya Kulkarni,7300481348,kavya.ulkarni.2955@example.in,Bengaluru,2024-04-15,marketing
K002708,C004265,Diya Iyer,8579240885,diya.iyer.4265@example.in,Lucknow,2025-10-08,marketing
K002709,C006031,Diya Redy,6387035135,diy.reddy.4499@example.in,Bengaluru,2023-09-12,crm
K002710,C005759,aditya menon,6772861496,aditya.menon.0903@example.in,Ahmedabad,2025-10-05,crm
K002711,C002452,Varun Bose,7180750303,varun.bose.2452@example.in,Kochi,2023-01-20,branch
K002712,C002069,Rohan Verma,8354958890,rohan.verma.2069@example.in,Pune,2024-12-27,support
K002713,C002577,Nikhil Das,8083151905,nikhil.das.2577@example.in,Pune,2024-01-30,crm
K002714,C003507,Ananya Sinha,9063921673,ananya.sinha.3507@example.in,Hyderabad,2024-02-07,marketing
K002715,C006108,A. Kapoor,6777165316,arjun.kapoor.4087@example.in,Hyderabad,2025-09-17,support
K002716,C003284,Ananya Sen, 86249-94724 ,ananya.sen.3284@example.in,Bhopal,2023-06-18,marketing
K002717,C004647,Arjun Shah,,arjun.shah.4647@example.in,Jaipur,2023-01-10,support
K002718,C003747,Rhea Iyer,9196902699,rhea.iyer.3747@example.in, Ahmedabad ,2025-11-29,crm
K002719,C000393,Arjun Bose,9600439811,arjun.bose.0393@example.in, Bangalore ,2025-12-08,crm
K002720,C005598,Shreya Iyer,6688602472,shreya.iyer.5598@example.in,Kochi,2023-11-06,crm
K002721,C004112,Sanjay Desai,7794098581,sanjay.desai.4112@example.in, Ahmedabad ,2023-02-10,marketing
K002722,C002768,Saanvi Jain,7187389022,saanvi.jain.2768@example.in,Delhi,2025-09-18,crm
K002723,C002379,Tanvi Mukherjee,8045763206,tanvi.mukherjee.2379@example.in,Ahmedabad,2025-06-30,support
K002724,C005760,A. Mukherjee,8990173752,akshay.mukherjee.5394@example.in,PUNE,2024-08-29,branch
K002725,C004630,Sanjay Rao,9376925139,sanjay.rao.4630@example.in,Pune,2024-08-30,crm
K002726,C004842,Kavya Khn,6794932857,,Hyderabad,2025-01-04,branch
K002727,C001436,Krishna Iyer,+91 94520 55800,krishna.iyer.1436@example.in,Ahmedabad,2025-08-09,marketing
K002728,C003118,Arjun Mukherjee,7641156432,arjun.mukherjee.3118@example.in,Delhi,2024-10-17,crm
K002729,C002295,Pranav Roy,7785808784,pranav.roy.2295@example.in,Lucknow,2023-05-22,branch
K002730,C001820,Varun Rao,8976862197,varun.rao.1820@example.in,Lucknow,2025-01-26,crm
K002731,C002771,Pooja Sharma,9309796253,,Hyderabad,2024-06-24,branch
K002732,C000424,Saanvi Mehta,9649900381,saanvi.mehta.0424@example.in,Ahmedabad,2024-08-01,support
K002733,C005481,Mira Singh,7305588953,mira.singh.5481@example.in,Bengaluru,2025-01-05,crm
K002734,C000116,Rhea Das,9220330137,,Bhopal,2024-08-05,crm
K002735,C001331,Mira Patel,8141167651,mira.patel.1331@example.in,Bhopal,2024-05-18,branch
K002736,C004056,Sneha Roy, 77409-18780 ,sneha.roy.4056@example.in,Bhopal,2025-01-14,support
K002737,C001285,Sneha Rao,9267199272,sneha.rao.1285@example.in,CHENNAI,2025-10-07,crm
K002738,C005725,Dya Das,8319351948,diya.das.1729@example.in,Jaipur,2024-11-13,marketing
K002739,C001015,Varun Desai,7899567417,varun.desai.1015@example.in,Kochi,2025-06-19,crm
K002740,C002553,Meera Khan,91-604-457-2475,,Kolkata,2023-04-28,support
K002741,C001864,Mra Gupta,7474701828,mira.gupta.1864@example.in,Bhopal,2023-07-26,branch
K002742,C001477,Sneha Kapoor,9745673153, sneha.kapoor.1477@example.in ,Ahmedabad,2025-06-05,crm
K002743,C000221,Vikram Sharma, 74406-92501 ,vikram.sharma.0221@example.in,Kochi,2023-09-26,support
K002744,C000313,  tanvi   mukherjee  ,6499911188,tanvi.mukherjee.0313@example.in,Bhopal,2024-11-04,marketing
K002745,C003638,Ishaan Mukherjee,7052949699,ishaan.mukherjee.3638@example.in,Ahmedabad,2025-05-01,branch
K002746,C004319,Aditi Sen,(791) 466-5810,aditi.sen.4319@example.in,Hyderabad,2025-10-17,branch
K002747,C001807,Aarv Sen,+91 93273 49210,aarav.sen.1807@example.in,Pune,2023-02-02,branch
K002748,C005925,Anika M.,+91 79513 00286,anikamehta.4379@example.in,Kolkata,2024-02-06,branch
K002749,C002869,Arjun Singh,(828) 187-9417,arjun.singh.2869@example.in,Jaipur,2024-05-06,support
K002750,C004058,V. Desai,9097401058,varun.desai.4058@example.in,Chennai,2025-07-27,branch
K002751,C000885,Arjun Mehta,9638562274,arjun.mehta.0885@example.in,Ahmedabad,2023-05-02,marketing
K002752,C000817,Nikhil Snha,6453635658,nikhil.sinha.0817@example.in,Bengaluru,2025-08-29,branch
K002753,C005726,sanjay mehta,6719554250,sanjay.mehta.0162@example.in,Lucknow,2024-07-19,marketing
K002754,C003766,AARAV DAS,6519147591,aarav.das.3766@example.in,Kolkata,2025-09-03,branch
K002755,C000222,Meera Subramanian,9343126874,meera.subramanian.0222@example.in,Kochi,2023-04-16,support
K002756,C000305,Sanjay Khan,9183818099,, Mumbai ,2025-08-04,support
K002757,C006010,Sahil M.,7826389564,sahilmenon4052@example.in,Ahmedabad,2025-05-16,support
K002758,C002226,Pooja Kapoor,9053893664,pooja.kapoor.2226@example.in,PUNE,2024-05-06,marketing
K002759,C005954,Sanjay D.,9085792975,sanjay.desai.0280@example.in,Hyderabad,2025-03-09,support
K002760,C003562,Rahul Singh,9600037776,rahul.singh.3562@example.in,Kochi,2023-08-16,crm
K002761,C003432,Aarav Sen,6225611832,aarav.sen.3432@example.in,Lucknow,2025-04-12,marketing
K002762,C001251,Ishita Sinha,8986354334,ishita.sinha.1251@example.in,Lucknow,2023-12-21,branch
K002763,C001354,Rhea Shah, 67638-81078 ,rhea.shah.1354@example.in,Pune,2024-12-17,crm
K002764,C005784,  anika   khan  , 71481-06767 ,ania.khan.1495@example.in,Bhopal,2023-11-03,crm
K002765,C000538,Krishna Menon,91-801-705-7822,krishna.menon.0538@example.in,Kolkata,2025-06-22,support
K002766,C001231,Nisha Khan,7918513304,nisha.khan.1231@example.in,Delhi,2023-03-29,marketing
K002767,C001717,Pranav Roy,9235696130,pranav.roy.1717@example.in,Jaipur,2025-12-02,support
K002768,C005771,Nisha K.,8618424941,nisha.kulkarni.2729@example.in,Jaipur,2024-02-15,marketing
K002769,C004745,Poja Mukherjee,9342092436,pooja.mukherjee.4745@example.in,Ahmedabad,2023-04-26,crm
K002770,C000490,Pranav Roy,91-935-024-2792,pranav.roy.0490@example.in,Chennai,2023-05-02,marketing
K002771,C004002,Meera Jain,6901279977,meera.jain.4002@example.in,Bhopal,2024-12-20,branch
K002772,C005653,I. Reddy,9774958264,ishaan.redy.4814@example.in,Lucknow,2023-08-07,crm
K002773,C002737,Kavya Sharma,8463043136,kavya.sharma.2737@example.in,Pune,2023-04-13,crm
K002774,C005039,Shreya Subramanian,9279443129,,DELHI,2024-05-23,marketing
K002775,C000727,AKSHAY ROY, 92017-24230 ,AKSHAY.ROY.0727@EXAMPLE.IN,Delhi,2024-06-14,support
K002776,C004148,Priya Mehta,9463467077,priya.mehta.4148@example.in,Bengaluru,2025-03-04,support
K002777,C006159,pranav kapoor,91-812-561-4911,pranavkapoor1493@example.in,Ahmedabad,2025-10-08,support
K002778,C003608,Diya Khan,7360877466,diya.khan.3608@example.in,Lucknow,2024-05-30,support
K002779,C003139,NISHA PATEL,7227799549,nisha.patel.3139@example.in,Bhopal,2025-12-25,marketing
K002780,C000613,Meera Reddy,9329066671,meera.reddy.0613@example.in,Pune,2023-02-13,branch
K002781,C002731,Pranav Sharma,6860228988,pranav.sharma.2731@example.in,Chennai,2024-10-07,support
K002782,C005306,Sneha Verma,8852546678,sneha.verma.5306@example.in,Hyderabad,2023-09-08,support
K002783,C005759,aditya menon,6772861496,aditya.menon.0903@example.in,Ahmedabad,2025-09-02,crm
K002784,C003111,Mra Desai,9614502149,mira.desai.3111@example.in,AHMEDABAD,2023-01-22,support
K002785,C005285,Zoya Gupta,,zoya.gupta.5285@example.in,Delhi,2023-07-20,support
K002786,C002810,Ananya Mishra,6454642018,ananya.mishra.2810@example.in,Delhi,2025-07-16,crm
K002787,C005809,A. Mehta,8772569093,aditimehta2251@example.in,Pune,2023-07-01,crm
K002788,C005203,Arjun Joshi,7324239256,arjun.joshi.5203@example.in,Kolkatta,2023-12-12,crm
K002789,C003578,Ishaan Kapoor,6652157678,ishaan.kapoor.3578@example.in,Hyderabad,2024-08-19,support
K002790,C001015,Varun Desai,7899567417,varun.desai.1015@example.in,Kochi,2023-04-05,crm
K002791,C001125,Ananya Desai,+91 61804 67484,ananya.desai.1125@example.in,Lakhnau,2025-11-10,marketing
K002792,C003016,Sahil Sen,6739459837,sahil.sen.3016@example.in,Hyderabad,2025-02-02,marketing
K002793,C004737,Rahul Mishra,6307487130,rahul.mishra.4737@example.in,Hyderabad,2023-10-09,branch
K002794,C000697,Sahil Menon,,sahil.menon.0697@example.in,Kolkata ,2023-09-06,branch
K002795,C003578,Ishaan Kapoor,6652157678,ishaan.kapoor.3578@example.in,Hyderabad,2024-12-30,branch
K002796,C002966,Ishita Reddy,91-693-035-7967,ishita.reddy.2966@example.in,Chennai,2024-11-06,marketing
K002797,C002693,Pooja Verma,7871595435,pooja.verma.2693@example.in,Lucknow,2025-06-04,marketing
K002798,C006231,Krishna S.,6057086185,krishna.sinha.5408@example.in,Kolkata,2025-11-21,branch
K002799,C004192,Sneha Verma,8310764078, sneha.verma.4192@example.in ,Lucknow,2025-05-17,marketing
K002800,C000415,Rahul Kapoor,8783586460,rahul.kapoor.0415@example.in,Jaipur,2023-12-13,branch
K002801,C001604,Vikram Kapoor,6903480262,vikram.kapoor.1604@example.in,Kochi,2024-09-05,marketing
K002802,C001924,NIKHIL SEN,,nikhil.sen.1924@example.in,Jaipur,2025-10-12,marketing
K002803,C004504,Aditi Chandra,+91 70816 96224,aditi.chandra.4504@example.in,Bengaluru,2024-05-01,crm
K002804,C005947,ANANYA TIWARI,6193786677,ananyatiwari0864@example.in,Kolkata,2025-04-19,marketing
K002805,C000000,Sahil Iyer,9416714230,sahil.iyer.0000@example.in,Jaipur,2023-10-05,support
K002806,C001795,Sanjay Sharma,9709073315,sanjay.sharma.1795@example.in,Lucknow,2023-03-10,marketing
K002807,C002096,Ishita Patel,+91 69884 47779,ishita.patel.2096@example.in,Lucknow,2024-01-21,crm
K002808,C004809,Aarav Singh,8265703602,aarav.singh.4809@example.in,Chennai,2023-04-14,marketing
K002809,C001123,Nisha Sen, 87025-32090 ,nisha.sen.1123@example.in,Bengaluru,2025-10-21,support
K002810,C003008,Rohan Roy,7345266694,rohan.roy.3008@example.in,Ahmedabad,2025-10-27,support
K002811,C001416,Varun Iyer,7609092448,varun.iyer.1416@example.in,New Delhi,2025-06-19,support
K002812,C003606,Diya Mukherjee,8055842639,diya.mukherjee.3606@example.in,Delhi,2023-04-17,marketing
K002813,C001615,Priya Menon, 64908-69415 ,priya.menon.1615@example.in,Kochi,2023-08-24,crm
K002814,C000438,Sanjay Subramanian,6782069793,sanjay.subramanian.0438@example.in,Pune,2024-04-24,branch
K002815,C005982,Aksay Mishra,9125101768,akshay.mishra.4055@example.in,Kochi,2025-09-14,support
K002816,C005234,Ishita Kapoor,8368142764,ishita.kapoor.5234@example.in,Bhopal,2024-11-27,support
K002817,C001091,Saanvi Gupta,8251620060,saani.gupta.1091@example.in,Chennai,2025-04-09,branch
K002818,C001158,Saanvi Shah,(970) 304-7454,saanvi.shah.1158@example.in,Delhi,2024-05-25,branch
K002819,C003822,Kabir Sen,(809) 812-7958,kabir.sen.322@example.in,Chennai,2024-09-05,support
K002820,C002380,Mira Kapoor,6473665024,mira.kapoor.2380@example.in,Mumbay,2024-08-18,marketing
K002821,C004799,Nisha Chandra,6857622114,nisha.chandra.4799@example.in,Kochi,2025-07-30,marketing
K002822,C002193,Ishita Sharma, 82854-79537 ,ishita.sharma.2193@example.in,Delhi,2024-11-09,branch
K002823,C002809,Vikram Iyer,9939813327,vikram.iyer.2809@example.in,Kolkata,2025-01-05,branch
K002824,C004419,Akshay Menon,+91 70944 62793,akshay.menon.4419@example.in,Hyderabad,2023-10-03,support
K002825,C000618,Pranav Singh,+91 72548 52156,pranav.singh.0618@example.in,Hyderbad,2025-08-28,marketing
K002826,C004358,Rahul Sinha,9284054299,rahul.sinha.4358@example.in,Mumbai,2024-05-28,support
K002827,C005350,Rohan Shah,7953655070,rohan.shah.5350@example.in,Bengluru,2024-12-10,marketing
K002828,C002148,Ishaan Banerjee,6446702856, ishaan.banerjee.2148@example.in ,Bhopal,2023-11-16,marketing
K002829,C005069,Nikhil Kulkari,8619512608,nikhil.kulkarni.5069@example.in,Pune,2023-12-02,branch
K002830,C005842,varun sen,,varun.sen.1027@example.in,Lucknow,2024-02-16,marketing
K002831,C004502,Aditi Das,9578923647, aditi.das.4502@example.in ,Kolkata,2024-07-13,crm
K002832,C003806,Varun G.,9905905571,,Hyderabad,2025-01-15,support
K002833,C002107,Sneha Mishra,6519365024,sneha.mishra.2107@example.in,Calcutta,2024-11-18,branch
K002834,C004633,Shreya Joshi,6130974812,shreya.joshi.4633@example.in,Ahmedabad,2024-01-31,support
K002835,C000337,Meera Mukherjee,7149571357,meera.mukherjee.0337@example.in,Bhopal,2024-01-05,support
K002836,C005360,Ishaan Iyer,6707913456,ishaan.iyer.5360@example.in,Kochi,2023-11-04,marketing
K002837,C005488,Zoya Reddy,9497528507,zoya.reddy.5488@example.in,Hyd,2025-10-23,crm
K002838,C003336,Rhea Khan,8152756895,rhea.khan.3336@example.in,Kolkata,2023-10-11,crm
K002839,C000472,Kabir Verma,91-857-795-0301,kabirverma0472@example.in,Lakhnau,2025-08-06,support
K002840,C004469,Rohan Kapoor,6475740869,rohan.kapoor.4469@example.in,Delhi,2024-12-16,branch
K002841,C003374,Pooja Menon,(863) 831-9574,pooja.menon.3374@example.in, Kochi ,2025-07-07,support
K002842,C003429,Sneha Menon,9616189204,sneha.menon.3429@example.in,Kolkata,2025-06-07,crm
K002843,C000157,Nikhil Mishra,8746795880,nikhil.mishra.0157@example.in, Bhopal ,2023-04-01,marketing
K002844,C005268,Anika Joshi,6925615057,anika.joshi.5268@example.in,Bengaluru,2025-03-03,marketing
K002845,C001519,Rohan Sen,9968468440,rohan.sen.1519@example.in,Hyderabad,2025-01-29,branch
K002846,C002322,Arjun Sinha, 72842-26479 ,arjun.sinha.2322@example.in,Jaipur,2025-08-30,marketing
K002847,C001919,Rahul Mukherjee,9338805596,rahul.muherjee.1919@example.in,Mumbai,2024-10-22,crm
K002848,C003191,Ishaan Joshi,9902191813,,Bhopal,2025-09-17,marketing
K002849,C004487,Tanvi Patel,9200907685,tanvi.patel.4487@example.in,Bengaluru,2025-08-05,marketing
K002850,C004225,Ishita Mishra,7113294790,ishita.mishra.4225@example.in,Delhi,2024-04-07,branch
K002851,C005580,Rahul Reddy,7906243700,rahul.reddy.5580@example.in,Kolkata,2023-11-19,support
K002852,C005268,Aika Joshi,+91 69256 15057,anika.joshi.5268@example.in,Bengaluru,2023-10-12,crm
K002853,C000225,Pranav Mukherjee,6783079756,pranav.mukherjee.0225@example.in,Bengaluru,2024-10-24,support
K002854,C002450,Ananya Agarwal,6870511702,ananya.agarwal.2450@example.in,Chennai,2024-06-04,crm
K002855,C000130,Rohan B.,6183991439,rohan.bose.0130@example.in,Pune,2023-09-08,support
K002856,C000159,Ishita Khan,9005439468,ishita.khan.0159@example.in,Kolkata,2024-07-04,branch
K002857,C005003,Varun Joshi,+91 91935 64953,varun.joshi.5003@example.in,Jaipur,2024-05-06,marketing
K002858,C003955,Arjun Mehta, 68960-94865 ,arjun.mehta.3955@example.in,Pune,2024-09-27,support
K002859,C000707,Varun Kapoor,7818434489,varun.kapoor.0707@example.in,Lucknow,2024-09-24,branch
K002860,C002922,Sahil Kulkarni,9051717155,sahil.kulkarni.2922@example.in,Chennai,2025-04-17,crm
K002861,C005872,V. Nair,8214405163,vikra.nair.0780@example.in,Kochi,2023-08-01,support
K002862,C000587,Sanjay Roy,8668443160,sanjay.roy.0587@example.in,Chennai,2025-07-02,branch
K002863,C000596,Rhea Sinha,6967002281,,Jaipur,2024-03-20,branch
K002864,C001844,Sneha Sen,8994508407,sneha.sen.1844@example.in,Bengaluru,2024-03-16,marketing
K002865,C002917,Diya Joshi,6625473002,diyajoshi2917@example.in,Kolkata,2024-02-03,branch
K002866,C005940,Nikil Chandra,6330447999,nikhil.chanra.1656@example.in,Mumbai,2024-09-01,support
K002867,C003522,Tani Rao,6235995661,,Bhopal,2024-09-29,marketing
K002868,C002998,Nikhil Kapoor,8746874701,nikhil.kapoor.2998@example.in,Bengaluru,2023-10-18,crm
K002869,C004223,Aarav Nair,7350351156,aarav.nair.4223@example.in,Jaipur,2023-02-26,support
K002870,C000130,Rohan Bose,6183991439,rohan.bose.0130@example.in,Pune,2024-01-13,crm
K002871,C001643,P. Mishra,8124692796,priya.mishra.1643@example.in,Mumbai,2023-10-02,marketing
K002872,C002717,Ishita Kapoor,7993048760,isita.kapoor.2717@example.in,Kolkata,2025-03-05,support
K002873,C_CONTACT_BAD_011,Pooja Kapoor,7685823131,pooja.kapoor.0458@example.in,Bhopal,2023-08-26,branch
K002874,C003383,Pranav Sen,8988745973,pranav.sen.3383@example.in,Ahmedabad,2024-11-21,support
K002875,C002173,Saanvi Patel,9481371064,saanvi.patel.2173@example.in,Mumbai,2024-05-04,support
K002876,C000569,Priya Reddy,6809574674,priya.reddy.0569@example.in,Lucknow,2023-07-10,crm
K002877,C003241,Rohan Subramanian,9664209055,rohan.subramanian.3241@example.in,Lucknow,2023-07-23,crm
K002878,C005160,  mira   iyer  ,9461708249,mira.iyer.5160@example.in,Kolkata,2024-08-05,marketing
K002879,C000633,V. Banerjee,7926664463,vikram.banerjee.0633@example.in,Mumbai,2023-02-20,crm
K002880,C005967,N. Shah,,nikhilshah0966@example.in,Mumbai,2023-01-20,marketing
K002881,C000080,Rohan Chandra,91-655-687-2591,rohan.chandra.0080@example.in,Lucknow,2024-07-16,crm
K002882,C000422,Aditi Mishra,+91 63904 47254,aditi.mishra.0422@example.in,Pune,2025-05-07,marketing
K002883,C004889,R. Agarwal,,rhea.agarwal.4889@example.in,Kolkata,2024-03-18,branch
K002884,C001439,Sanjay Banerjee,6989303913,sanjay.banerjee.1439@example.in,Pune,2024-04-07,crm
K002885,C002531,Nisha Menon,6555354942,nisha.menon.2531@example.in,Lucknow,2024-11-01,branch
K002886,C000331,Vikram Iyer,8467994029,vikram.iyer.0331@example.in,KOLKATA,2024-07-09,crm
K002887,C003125,Kavya Reddy,7900876828,KAVYA.REDDY.3125@EXAMPLE.IN,Chennai,2025-11-15,marketing
K002888,C001007,Vikram Sinha, 73663-52089 ,vikram.sinha.1007@example.in,Ahemdabad,2023-11-10,marketing
K002889,C000189,Priya Das,8395190171,priya.das.0189@example.in,Pune,2023-07-25,branch
K002890,C005547,Meera Das,+91 73112 48442,,Bengaluru,2025-11-01,marketing
K002891,C005738,Varun D.,6273452808,,Pune,2025-02-18,crm
K002892,C002889,Akshay Chandra,8664514640,akshay.chandra.2889@example.in,Mumbai,2024-03-21,marketing
K002893,C005680,Sanvi Verma,7040108676,saanvi.verma3684@example.in,Pune,2025-12-03,branch
K002894,C000340,Rhea Kapoor,7303598249,rhea.kapoor.0340@example.in,Bhopal,2025-08-21,crm
K002895,C002230,Mira Sharma,7245303641,mira.sharma.2230@example.in,Mumbai,2025-10-25,support
K002896,C001682,Meera Sen,,meera.sen.1682@example.in,Bhopal,2024-01-26,support
K002897,C003922,Rhea Desai,91-616-315-5067,rhea.desai.3922@example.in,Jaipur,2025-06-17,crm
K002898,C005810,Z. Roy,7151372891,zoya.roy.4758@example.in,Kolkata,2023-12-27,crm
K002899,C000648,Nikhil Sharma,7643403083,nikhil.sharma.0648@example.in,Ahmedabad,2025-12-29,branch
K002900,C001775,Rhea Reddy,91-900-918-3479,rhea.reddy.1775@example.in,Chennai,2023-05-09,marketing
K002901,C000571,Ishaan Bose,6284107948,ishaan.bose.0571@example.in,Mumbai,2025-08-18,branch
K002902,C005537,Tanvi Nair,+91 60165 06988,tanvi.nair.5537@example.in,Lucknow,2023-04-23,branch
K002903,C000487,Pranav Subramanian,,,Jaypur,2025-02-02,branch
K002904,C002951,Mira K., 90908-73165 ,mira.khan.2951@example.in,Lucknow,2024-02-19,crm
K002905,C003088,Sneha Agarwal,9170703993,sneha.agarwal.3088@example.in,Delhi,2025-03-06,crm
K002906,C000409,Pranav Singh,6388580040,,Delhi,2023-11-08,crm
K002907,C002796,Sanjay Dsai,91-667-554-2757,sanjay.desai.2796@example.in,Ahmedabad,2023-07-21,support
K002908,C005250,Aditi Sinha,8543980607,aditi.sinha.5250@example.in,Mumbai,2025-10-23,support
K002909,C005952,R. Menon,9618939561,rhea.menon.1468@example.in,Kochi,2024-04-09,branch
K002910,C002029,Priya Mehta,7818993520,priya.mehta.2029@example.in,Lucknow,2024-05-22,support
K002911,C001020,Rahul Desai,8902905919,rahul.desai.1020@example.in,Bombay,2023-09-24,marketing
K002912,C004496,ARJUN AGARWAL,8064124712,arjun.agarwal.4496@example.in, Kochi ,2024-07-15,marketing
K002913,C006097,Anika Sinh, 63252-30080 ,ania.singh.2950@example.in,Jaipur,2024-05-08,marketing
K002914,C000013,Pooja Sinh,7479634349,pooja.singh.0013@example.in,PUNE,2023-12-16,marketing
K002915,C000171,S. Singh,6679929198,saanvi.singh.0171@example.in,Lucknow,2025-04-18,marketing
K002916,C003738,Pooja Mishra,6564634311,pooja.mishra.3738@example.in,Bengaluru,2025-09-21,crm
K002917,C006096,V. Rao,9193656909,varunrao1478@example.in,Jaipur,2024-09-29,support
K002918,C003095,Vikram Agarwal,91-680-181-8118,vikram.agarwa.3095@example.in,Jaipur,2025-11-28,crm
K002919,C004368,Sanjay Iyer,,sanjay.iyer.4368@example.in,Bengaluru,2025-03-23,marketing
K002920,C003292,Raul Agarwal,8137495421,rahul.agarwal.3292@example.in,Mumbai,2024-08-30,crm
K002921,C003051,Ishita Subramanian,6627394854,ishita.subramanian.3051@example.in,Chennai,2023-05-14,branch
K002922,C000232,MEERA ROY,8632547243,meera.roy.0232@example.in,Ahmedabad,2023-03-05,marketing
K002923,C001597,Varun Rao,6978523212,varun.rao.1597@example.in,Jaipur,2025-05-20,branch
K002924,C005572,Z. Nair,,zoya.nair.5572@example.in,Bengaluru,2023-07-12,marketing
K002925,C003461,  zoya   rao  ,7724871739,zoya.rao.3461@example.in,Mumbai,2023-10-24,branch
K002926,C001598,A. Mukherjee,8884768301,arjunmukherjee1598@example.in, Bhopal ,2025-08-02,branch
K002927,C003260,Aarav Shah,8970349181,aarav.shah.3260@example.in,Pune,2024-11-24,marketing
K002928,C003540,Rohan Kulkarni,6994786934,rohan.kulkarni.3540@example.in,Kolkata,2024-01-19,crm
K002929,C006006,K. Banerjee,,kabi.banerjee.1431@example.in,Bengaluru,2025-06-03,branch
K002930,C001121,Nikhil Desai,(958) 769-2767,nikhil.desai.1121@example.in,Chennai,2024-12-15,branch
K002931,C004473,  diya   kulkarni  ,8670464311,diya.kulkarni.4473@example.in,Bhopal,2023-04-01,branch
K002932,C004954,Varun Banerjee,8851956216,varun.banerjee.4954@example.in,Delhi,2024-03-21,support
K002933,C004306,Krishna Subramanian,+91 95368 93722,krishna.subramanian.4306@example.in,Bhopal,2023-01-25,branch
K002934,C002549,Diya Kpoor,(708) 506-1018,diya.kapoor.2549@example.in,Lucknow,2025-02-24,branch
K002935,C000149,Sneha Agarwal,9780737964,sneha.agarwal.0149@example.in,Hyderbad,2025-07-25,crm
K002936,C005050,Arjun Gupta,6752499418,arjun.gupta.050@example.in,Chennai,2025-08-29,crm
K002937,C003812,Saanvi Tiwari,91-688-873-8840,saanvi.tiwari.3812@example.in,DELHI,2023-11-15,support
K002938,C004729,Nisa Chandra,91-664-422-9880,nisha.chandra.4729@example.in,Hyderabad,2024-08-20,marketing
K002939,C006138,Sneha C.,7899048206,sneha.chandra.2527@example.in,Mumbai,2025-07-28,marketing
K002940,C005523,Nisha Desai,7718186245,nisha.desai.5523@example.in,Kochi,2024-08-08,branch
K002941,C000637,  mira   roy  ,7382428273,,Chennai,2023-08-02,crm
K002942,C006011,S. Verma,9565556575,,Bengaluru,2024-02-24,support
K002943,C000854,Krishna Subramanian,7063561219,krishna.subramanian.0854@example.in, Kochi ,2025-07-17,support
K002944,C002118,Aarav Mukherjee,6092760725,aarav.mukherjee.2118@example.in,Jaipur,2023-09-29,crm
K002945,C001803,Nikhil Kapoor,9375198824,nikhil.kapoor.1803@example.in,Bhopal,2023-08-30,crm
K002946,C002813,Ishaan Patel,9932315535,ishaan.patel.2813@example.in,Bengaluru,2024-04-14,marketing
K002947,C000055,Sneha Menon,7628219706,sneha.menon.0055@example.in,Lucknow,2024-05-23,branch
K002948,C000105,Rohan Joshi, 83978-93445 ,rohan.joshi.0105@example.in,Kochi,2024-06-13,support
K002949,C002062,Mira Joshi,7265447242,mira.joshi.2062@example.in,Madras,2023-09-26,branch
K002950,C003011,Mira Sah,8581510321,mira.shah.3011@example.in,Lucknow,2023-08-10,support
K002951,C001954,Aditya Mukherjee,7656218310,aditya.mukherjee.1954@example.in,Ahmedabad,2024-04-11,marketing
K002952,C005367,Rohan Subramanian,8678352310,rohan.subramanian.5367@example.in,Jaipur,2023-06-02,support
K002953,C000266,Pooja Sen,7274750412,pooja.sen.0266@example.in,Lucknow,2024-06-17,branch
K002954,C004846,  priya   mishra  ,9003387516,priya.mishra.4846@example.in,Kochin,2025-03-10,branch
K002955,C003047,Arjun Kapoor,8614758269,arjun.kapoor.3047@example.in,AHMEDABAD,2025-06-29,marketing
K002956,C006186,Annya Menon,91-862-609-3245,ananya.menon.1647@example.in,Hyderabad,2023-04-25,branch
K002957,C003276,Rahul Mishra,9402749481,rahul.mishra.3276@example.in,Delhi,2023-01-18,branch
K002958,C001788,Sneha Sinha,7215043008,sneha.sinha.1788@example.in,Ahmedabad,2024-10-12,support
K002959,C003777,Priya Meta,9715178654,,Kochi,2024-08-19,branch
K002960,C005072,Varun S.,(732) 139-8400,varun.sharma.5072@example.in,Mumbai,2024-11-18,support
K002961,C001034,KAVYA KAPOOR,, kavya.kapoor.1034@example.in ,Jaipur,2023-07-18,branch
K002962,C001236,Aarav Rao,9613680758,aarav.rao.1236@example.in,Bhopal,2023-09-26,crm
K002963,C005833,R. Reddy,7869122487,rohanreddy4513@example.in,Delhi,2024-03-31,support
K002964,C004111,Aditya Mishra,9743573286,aditya.mishra.4111@example.in,Hyderabad,2023-03-10,support
K002965,C004567,Varun Reddy,8603539924, varun.reddy.4567@example.in ,Delhi,2023-10-27,support
K002966,C003574,Zoya Sinha,6516282603,zoya.sinha.3574@example.in,Chennai,2023-08-02,branch
K002967,C002616,Anika Das,,anika.das.2616@example.in,Bhopal,2025-07-24,support
K002968,C005003,  varun   joshi  ,9193564953,varun.johi.5003@example.in,Jaipur,2025-06-21,crm
K002969,C003400,Aarav Gupta,+91 85681 16053,aarav.gupta.3400@example.in,Kolkata,2024-06-10,crm
K002970,C002039,Pranav Kulkarni,9450023262,pranav.kulkarni.2039@example.in,Kolkata,2025-12-25,crm
K002971,C004805,A. Singh,8618323192,arjun.singh.4805@example.in,Bangalore,2025-09-07,crm
K002972,C000160,Ishaan Singh,8951146186,ishaan.singh.0160@example.in,Ahmedabad,2024-09-11,crm
K002973,C002051,Aarav Iyer,+91 96048 61273,aarav.iyer.2051@example.in,Delhi,2025-10-03,branch
K002974,C004752,Zoya Mukherjee,7255485616,zoya.mukherjee.4752@example.in,Hyderabad,2023-01-06,branch
K002975,C000533,Tanvi Sharma,7313264256,tanvi.sharma.0533@example.in,Mumbai,2024-03-23,crm
K002976,C004049,Sanjay Kulkarni,8304495184,sanjay.kulkarni.4049@example.in,Jaipur,2024-03-25,crm
K002977,C000077,M. Roy,6013044815,,Chennai,2023-05-21,branch
K002978,C006111,Saanvi S.,91-980-644-6732,saavi.sinha.4026@example.in,Kochi,2023-09-19,marketing
K002979,C005827,ANIKA KHAN,7927580145,anika.khan.3866@example.in,Jaipur,2024-02-15,marketing
K002980,C003111,Mira Desai,9614502149,mira.desai.3111@example.in,Ahmedabad,2023-02-01,crm
K002981,C000985,Rahul Menon,9745145168,rahul.menon.0985@example.in,Delhi,2023-11-13,crm
K002982,C005788,priya mukherjee,9967847452,priya.mukerjee.4955@example.in,Kolkata,2024-10-23,crm
K002983,C001160,Diya Jain,6162271429,diya.jain.1160@example.in,Jaipur,2023-07-09,marketing
K002984,C006162,Ananya Sina,8022809514,ananya.sinha.2192@example.in,Hyderabad,2024-07-18,support
K002985,C002587,Kabir Verma,8568241768,kabir.verma.2587@example.in,CHENNAI,2023-08-04,marketing
K002986,C003443,Zoya T.,8958425746,zoya.tiwari.3443@example.in,Pune,2024-11-20,marketing
K002987,C005063,Anika Mnon,7943962483,anika.menon.5063@example.in,Chennai,2023-02-25,support
K002988,C002811,Nikhil Mehta,6453760060,nikhil.mehta.2811@example.in,Bengaluru,2025-11-19,marketing
K002989,C002463,SANJAY SINHA,6753925721,sanjay.sinha.2463@example.in,Kolkata,2023-05-28,marketing
K002990,C005789,Saani Reddy,8184127519,saanvi.reddy.0839@example.in,Bhopal,2023-02-14,branch
K002991,C005468,Meera Nair,91-961-385-7041,meera.nair.5468@example.in,Delhi,2023-09-27,branch
K002992,C004253,Anika Tiwari, 99609-78991 ,anikatiwari4253@example.in,Mumbai,2025-01-14,branch
K002993,C006099,Zya Menon,7759694514,zoya.menon.0627@example.in,Kolkata,2025-11-10,crm
K002994,C002777,Sneha Chandra,9944085240,sneha.chandra.2777@example.in,Kolkata,2023-10-25,marketing
K002995,C002912,Varun Sharma,8358385809,varun.sharma.2912@example.in,Kolkata,2023-08-28,branch
K002996,C004873,Ishaan Tiwari,6793002275,ishaan.tiwari.4873@example.in,Kochi,2025-11-12,marketing
K002997,C006168,ISHAAN DAS,6769237943,ishaandas0002@example.in,Jaipur,2025-10-26,support
K002998,C003450,Pooja Sen,8407850947,pooja.sen.3450@example.in,Delhi,2023-12-28,support
K002999,C004682,Kavya Patel,(670) 110-2251,kavya.patel.4682@example.in,Kolkata,2025-12-18,marketing
