customer_id,name,dob,age,city,phone,email,annual_income,household_size,signup_date
C000000,Sahil Iyer,1992-05-29,33,Jaypur, 94167-14230 ,sahil.iyer.0000@example.in,633800.0,3.0,2020-05-24
C000001,Sneha Khan,1977-11-26,48,Kochi,6594940869,sneha.khan.0001@example.in,1228700.0,7.0,2020-02-16
C000002,Ishaan Das,1970-08-02,55,Jaipur,6769237943,ishaan.das.0002@example.in,1425700.0,1.0,2024-04-03
C000003,Arjun Bose,1980-08-11,45,Chennai,8182639133,arjun.bose.0003@example.in,866300.0,6.0,2021-12-25
C000004,Priya Shah,1961-09-16,64,Hyderabad,7219249056,priya.shah.0004@example.in,529300.0,3.0,2024-03-04
C000005,Vikram Roy,1985-01-29,40,Mumbai,6464293415,vikram.roy.0005@example.in,436400.0,4.0,2024-07-04
C000006,Rhea Kapoor,2000-10-20,25,Pune,7761312870,rhea.kapoor.0006@example.in,811700.0,3.0,2018-07-20
C000007,Rohan Banerjee,1987-06-10,38, Kochi ,8048563517,rohan.banerjee.0007@example.in,818100.0,5.0,2017-04-12
C000008,Sanjay Jain,1987-03-30,38,Kolkatta,6042232912,sanjay.jain.0008@example.in,3048600.0,6.0,2016-10-08
C000009,Arjun Singh,1994-03-21,31,Bhopal,8574207270,arjun.singh.0009@example.in,313500.0,5.0,2019-09-02
C000010,Varun Mishra,1963-05-30,62,Jaipur,7501491126,varun.mishra.0010@example.in,586900.0,2.0,2023-05-02
C000011,Rhea Menon,1963-12-26,62,Kochi, 76927-03254 ,rhea.menon.0011@example.in,1151100.0,6.0,2022-04-29
C000012,Pranav Sen,1954-10-10,71,Hyderabad,91-827-094-1593,pranav.sen.0012@example.in,587600.0,4.0,2020-01-08
C000013,Pooja Singh,2004-07-29,21,Pune,7479634349,pooja.singh.0013@example.in,869400.0,4.0,2022-08-14
C000014,Tanvi Nair,1965-03-22,60,Bengaluru,,tanvinair0014@example.in,509800.0,,2024-11-09
C000015,Varun Jain,1958-03-10,67,Kochi,9670874182,varun.jain.0015@example.in,1623800.0,7.0,2018-06-08
C000016,Arjun Mukherjee,1964-12-12,61,Mumbai, 74727-58105 ,arjun.mukherjee.0016@example.in,814500.0,6.0,2017-07-07
C000017,Krishna Mishra,1983-02-02,42,Lucknow,9992136414,krishna.mishra.0017@example.in,365600.0,7.0,2025-10-11
C000018,Shreya Mukherjee,1961-09-18,64,Bangalore,91-616-983-6378,shreya.mukherjee.0018@example.in,616200.0,,2025-04-18
C000019,Priya Rao,1965-05-17,60,Ahmedabad,9043644449,priya.rao.0019@example.in,,1.0,2015-06-02
C000020,Kabir Sharma,1972-09-02,53,Chennai,8206211185,kabir.sharma.0020@example.in,1432300.0,6.0,2017-02-12
C000021,Zoya Bose,2000-10-22,25,Hyderabad, 91641-46769 ,zoya.bose.0021@example.in,418200.0,1.0,2020-01-11
C000022,Akshay Tiwari,1974-01-06,51,Jaipur,(874) 945-0361,akshay.tiwari.0022@example.in,372100.0,,2020-07-22
C000023,Rhea Mishra,1956-02-18,69,Delhi,9041395014,rhea.mishra.0023@example.in,1039200.0,5.0,2017-04-15
C000024,Kabir Khan,1952-07-19,73,PUNE,7310455153,kabir.khan.0024@example.in,,2.0,2023-04-21
C000025,Nikhil Rao,1959-11-06,66,Hyderabad,9811833449,nikhil.rao.0025@example.in,563000.0,3.0,2018-07-12
C000026,Aditi Roy,1969-11-18,56,Kochi,9179888966,aditi.roy.0026@example.in,1681900.0,5.0,2016-01-29
C000027,Priya Iyer,1985-01-01,41,Ahmedabad,8022527157,priya.iyer.0027@example.in,578100.0,1.0,2024-02-13
C000028,Pooja Verma,1960-10-02,65,Kochi,6208444239,pooja.verma.0028@example.in,1526100.0,3.0,2017-07-26
C000029,Arjun Nair,2004-01-19,21,Lucknow,,arjun.nair.0029@example.in,1049800.0,7.0,2017-05-05
C000030,Zoya Singh,1984-01-16,41,Jaipur,8438724410,,1240600.0,3.0,2019-09-04
C000031,Sanjay Sharma,1981-09-25,44,Kolkata,8999033070,sanjay.sharma.0031@example.in,478900.0,,2017-03-09
C000032,Sanjay Sharma,1994-03-15,31,Kolkata,6655258185, sanjay.sharma.0032@example.in ,1464900.0,3.0,2020-08-21
C000033,Meera Nair,1998-07-20,27,Dilli,9330429819,meera.nair.0033@example.in,1696500.0,,2021-02-20
C000034,Saanvi Kapoor,2000-12-24,25,Bengaluru,7258557547,saanvi.kapoor.0034@example.in,1034600.0,4.0,2019-05-19
C000035,Diya Bose,1960-10-12,65,Pune,9048014198,diya.bose.0035@example.in,670500.0,6.0,2015-09-03
C000036,Kavya Nair,1983-06-22,42,Bengaluru,6053102237,kavya.nair.0036@example.in,780000.0,4.0,2024-02-08
C000037,Pooja Banerjee,1993-04-04,32,Jaipur,7306486019,pooja.banerjee.0037@example.in,960000.0,7.0,2016-08-03
C000038,Ishita Roy,1964-08-03,61,Bengaluru,8989271285,ishita.roy.0038@example.in,360200.0,4.0,2024-12-15
C000039,Nikhl Shah,1952-08-20,73,Mumbai,9688613902,nikhil.shah.0039@example.in,525100.0,7.0,2022-11-02
C000040,Varun Rao,1980-06-16,45,Kolkata,7145008591,varun.rao.0040@example.in,395000.0,,2017-09-22
C000041,Arjun Desai,1974-05-07,51,Bengaluru,6991719455,arjun.desai.0041@example.in,834200.0,2.0,2024-05-07
C000042,Sahil Gupta,1952-04-13,73,Lucknow,6537562672,sahil.gupta.0042@example.in,511600.0,2.0,2021-01-10
C000043,Shreya Singh,1988-09-13,37,Bhopal,8005691872,shreya.singh.0043@example.in,1239000.0,1.0,2023-02-27
C000044,Sahil Mehta,2002-01-05,23,Delhi,9455825763,sahil.mehta.0044@example.in,237600.0,5.0,2025-12-17
C000045,Diya Jain,1981-10-11,44,Kochi,8741310193,diya.jain.0045@example.in,900400.0,1.0,2019-08-21
C000046,Tanvi Singh,2004-11-28,21,MUMBAI,9925742881,tanvi.singh.0046@example.in,,2.0,2021-09-19
C000047,Arjun Jain,1991-08-29,34,Bhopal,6495444030,arjun.jain.0047@example.in,609800.0,4.0,2022-12-22
C000048,Kabir Mehta,1952-05-26,73,Delhi,8737661233,kabir.mehta.0048@example.in,602600.0,1.0,2015-03-20
C000049,Sneha Das,1958-06-25,67,Jaipur,7522021069,sneha.das.0049@example.in,584800.0,3.0,2021-04-24
C000050,Kavya Rao,1966-07-04,59,Bhopal,8747058506,kavya.rao.0050@example.in,959000.0,1.0,2017-11-13
C000051,Saanvi Banerjee,1997-04-22,28,Bhopal,6646734179,saanvi.banerjee.0051@example.in,1178900.0,5.0,2018-07-10
C000052,Shreya Tiwari,1960-05-12,65,Bengaluru,8326682847,shreya.tiwari.0052@example.in,528700.0,6.0,2019-02-26
C000053,Nikhil Rao,1993-08-15,32,Delhi, 79740-60451 ,nikhil.rao.0053@example.in,504600.0,1.0,2016-05-04
C000054,Pooja Chandra,1993-11-14,32,Chennai,6767408282,pooja.chandra.0054@example.in,778800.0,6.0,2015-09-17
C000055,Sneha Menon,1965-09-30,60,LUCKNOW,7628219706,sneha.menon.0055@example.in,,1.0,2023-01-17
C000056,Sahil Rao,1971-12-21,54,Hyderabad,7770231663,sahil.rao.0056@example.in,936800.0,4.0,2021-07-04
C000057,Saanvi Joshi,1990-04-16,35,Mumbai,7331893323,saanvi.joshi.0057@example.in,4094800.0,4.0,2025-09-24
C000058,Rhea Banerjee,1999-10-17,26,Bengaluru,7770898814,rhea.banerjee.0058@example.in,1217700.0,6.0,2016-12-13
C000059,Rohan Mukherjee,1951-10-07,74,Chennai,8665590273,rohan.mukherjee.0059@example.in,388600.0,3.0,2015-04-19
C000060,Kabir Patel,1954-01-02,71,Jaipur,9024915736,kabir.patel.0060@example.in,521200.0,7.0,2022-11-24
C000061,  rhea   desai  ,1957-12-12,68,Bengaluru,+91 68265 04783,rhea.desai.0061@example.in,1441700.0,3.0,2019-03-28
C000062,Aditya Sinha,1952-04-08,73,Bengaluru,6103763035,aditya.sinha.0062@example.in,1111200.0,7.0,2016-02-18
C000063,Kavya Singh,2003-10-24,22,Mumbai,6436294345,kavya.singh.0063@example.in,342900.0,4.0,2017-04-24
C000064,Rahul Jain,2001-08-02,24, Jaipur ,8465223193,rahul.jain.0064@example.in,619900.0,5.0,2022-03-09
C000065,Rohan Joshi,1965-12-30,60,Mumbai,9563294715,rohan.joshi.0065@example.in,2020600.0,6.0,2015-11-17
C000066,Tanvi Menon,1977-05-10,48,Mumbai,9345724914,tanvi.menon.0066@example.in,554100.0,,2023-02-22
C000067,Shreya Sharma,2001-01-29,24,Mumbai,9806410482,shreya.sharma.0067@example.in,889900.0,6.0,2015-12-22
C000068,Nikhil Das,1992-04-24,33,Hyderabad,8443064814,nikhildas0068@example.in,386500.0,3.0,2020-08-06
C000069,Mira Chandra,1986-02-01,39,Ahmedabad,7871740813,mira.chandra.0069@example.in,,1.0,2015-06-25
C000070,Sneha Banerjee,1954-01-02,71,Chennai,8414627195,sneha.banerjee.0070@example.in,,5.0,2025-03-23
C000071,Rhea Iyer,1978-03-19,47,Pune,8410512460,rhea.iyer.0071@example.in,905000.0,7.0,2017-11-12
C000072,Aditya Shah,1998-03-13,27,Mumbai,9576828358,aditya.shah.0072@example.in,861100.0,2.0,2021-10-23
C000073,Kavya Rao,1975-12-03,50,Bengaluru,6407735541,kavya.rao.0073example.in,1977700.0,6.0,2018-01-08
C000074,Nisha Shah,2005-10-31,20, Kochi ,6600136919,nisha.shah.0074@example.in,5329100.0,2.0,2021-08-28
C000075,Rohan Subramanian,1973-12-16,52,New Delhi,7478939755,rohan.subramanian.0075@example.in,279900.0,,2015-04-07
C000076,Aarav Gupta,1979-11-29,46,Jaipur,7710117309,aarav.gupta.0076@example.in,291700.0,3.0,2024-01-26
C000077,Mira Roy,1991-09-28,34,Chennai,+91 60130 44815,mira.roy.0077@example.in,1911900.0,6.0,2023-07-06
C000078,Aarav Patel,1958-09-29,67, Delhi ,7119088084,aarav.patel.0078@example.in,1104600.0,3.0,2021-02-26
C000079,SHREYA DAS,1957-04-26,68,Ahemdabad,6165054436,shreya.das.0079@example.in,,3.0,2020-09-04
C000080,Rohan Chandra,1977-08-28,48,Lucknow,(655) 687-2591,rohan.chandra.0080@example.in,1297800.0,7.0,2023-04-26
C000081,Shreya Agarwal,1996-06-16,29,Hyderabad,9322303907,shreya.agarwal.0081@example.in,792400.0,,2016-07-18
C000082,Rhea Gupta,2004-03-22,135,Chennai,9828233912,rhea.gupta.0082@example.in,1174700.0,1.0,2020-06-10
C000083,Aditya Verma,1994-05-22,31,Puna,6370045023,aditya.verma.0083@example.in,1265600.0,3.0,2020-02-16
C000084,Kavya Subramanian,1995-04-19,30,Bhopal,,kavya.subramanian.0084@example.in,1017400.0,6.0,2022-12-07
C000085,Aditi Das,1964-09-10,61,Lakhnau, 61787-12672 ,aditi.das.0085@example.in,844100.0,2.0,2024-01-08
C000086,I. Roy,1973-03-08,52,Mumbai,8142978513,ishaan.roy.0086@example.in,692700.0,3.0,2020-09-30
C000087,Mira Desai,1964-11-15,61,Chennai,9959746147,mira.desai.0087@example.in,1335400.0,7.0,2017-09-09
C000088,Priya Rao,1966-11-02,59,Lakhnau,8973374808,,666400.0,7.0,2016-12-14
C000089,Tanvi Mukherjee,1969-09-08,56,Delhi,8104722179,tanvi.mukherjee.0089@example.in,557000.0,7.0,2017-08-10
C000090,Rhea Rao,1963-07-30,62,Kolkata,8289342758,rhea.rao.0090@example.in,274300.0,7.0,2023-04-29
C000091,Priya Roy,1979-08-01,46,Lakhnau,8184065346,priya.roy.0091@example.in,571700.0,1.0,2019-09-28
C000092,Aditya Chandra,1984-10-02,41,Bengaluru,91-697-261-7736,aditya.chandra.0092@example.in,892900.0,7.0,2016-06-21
C000093,Sanjay Agarwal,1977-03-26,48,Kolkata,7597109904,sanjay.agarwal.0093@example.in,522100.0,6.0,2020-11-07
C000094,Shreya Iyer,1958-10-07,67,Hyderabad,6730292303,shreya.iyer.0094@example.in,1182300.0,4.0,2021-12-19
C000095,Aditya Khan,1972-11-06,53,Kochi,8824647469,aditya.khan.0095@example.in,847600.0,7.0,2020-09-07
C000096,Kabir Mukherjee,1967-03-04,58,Pune,9650489358,kabir.mukherjee.0096@example.in,,3.0,2016-01-21
C000097,Aditi Mukherjee,1973-11-19,52,DELHI,,aditi.mukherjee.0097@example.in,845600.0,2.0,2016-11-01
C000098,Aditya Roy,1989-01-05,36,Hyderabad,8709419879,aditya.roy.0098@example.in,788800.0,2.0,2017-07-18
C000099,Sanjay Mehta,1981-03-23,44,Jaipur,6467244219,sanjay.mehta.0099@example.in,,1.0,2018-05-16
C000100,Varun Nair,1983-02-01,42,Mumbai,6147665250,varun.nair.0100@example.in,582700.0,7.0,2023-09-01
C000101,Akshay Verma,1974-01-10,51,Delhi,8095373038,akshay.verma.0101@example.in,455100.0,,2023-04-14
C000102,Sreya Das,1985-02-19,40,Mumbai, 66066-59792 ,shreya.das.0102@example.in,651900.0,4.0,2015-08-24
C000103,Anika Shah,1983-06-21,42,Hyd,+91 76065 30868,anika.shah.0103@example.in,605500.0,7.0,2022-06-28
C000104,Akshay Rao,1990-09-09,35,Kochi,6372675807,akshay.rao.0104@example.in,418600.0,1.0,2018-07-30
C000105,Rohan Joshi,2004-12-09,21,Kochi,8397893445,rohan.joshi.0105@example.in,400300.0,4.0,2019-05-21
C000106,Nikhil Menon,1962-04-28,63,Kochi,6283315338,nikhil.menon.0106@example.in,650700.0,4.0,2021-12-24
C000107,Aditi Chandra,1980-02-01,45,Jaypur,6412371259,aditi.chandra.0107@example.in,385600.0,6.0,2016-05-12
C000108,Sanjay Jain,1982-07-19,43,Kolkata, 72918-35991 ,sanjay.jain.0108@example.in,1252200.0,2.0,2023-05-03
C000109,Shreya Kulkarni,1975-10-27,50,Pune,8760551394,shreya.kulkarni.0109@example.in,1169300.0,3.0,2021-07-04
C000110,Pooja Rao,1978-05-01,47,Pune,91-626-334-5882,pooja.rao.0110@example.in,1239000.0,5.0,2019-07-07
C000111,Diya Tiwari,1995-09-29,30,Hyderabad,7968990311,diya.tiwari.0111@example.in,1089400.0,7.0,2017-03-30
C000112,Shreya Mehta,1960-01-20,65,Chennai,6414515348,shreya.mehta.0112@example.in,1004700.0,2.0,2016-01-05
C000113,Rahul Nair,1971-06-05,54,Jaipur,8548384499,rahul.nair.0113@example.in,421700.0,2.0,2023-05-19
C000114,Rohan Roy,1955-02-26,70,Ahmedabad,6843187777,rohan.roy.0114@example.in,913500.0,5.0,2017-09-30
C000115,Aditya Rao,1954-10-22,71,Jaipur,7824437386,aditya.rao.0115@example.in,788800.0,6.0,2018-01-05
C000116,Rhea Das,1969-10-31,56,Bhopal,9220330137,,1146600.0,7.0,2020-02-03
C000117,Meera Patel,1955-01-06,70,Kochi,7614532741,meera.patel.0117@example.in,775600.0,2.0,2017-02-23
C000118,Pooja Khan,1950-08-18,75,Bengaluru,7929069623,pooja.khan.0118@example.in,2419400.0,4.0,2020-10-28
C000119,Diya Agarwal,1972-12-02,53,Pune,8162471475,diya.agarwal.0119@example.in,,4.0,2019-04-19
C000120,Varun Reddy,2005-06-12,20,Delhi,9971351251,varun.reddy.0120@example.in,1217200.0,,2022-07-28
C000121,Arjun Singh,1995-05-17,30,Pune,8322453657,arjun.singh.0121@example.in,443100.0,4.0,2021-08-26
C000122,Saanvi Gupta,1952-04-14,73,Ahmedabad,7007429548,saanvi.gupta.0122@example.in,634300.0,5.0,2023-03-13
C000123,Rhea Rao,1964-09-06,61,Pune,9259243319,rhea.rao.0123@example.in,917000.0,5.0,2024-12-20
C000124,Anika Verma,1970-03-15,55,Mumbai,7725002926,anika.verma.0124@example.in,838300.0,6.0,2025-11-13
C000125,Nikhil Sen,1980-09-25,45,Chennai,6795505185,nikhil.sen.0125@example.in,478700.0,4.0,2018-09-20
C000126,Saanvi Agarwal,1976-12-07,49,Pune,8086100792,saanvi.agarwal.0126@example.in,,6.0,2017-07-07
C000127,Aditi Nair,1961-06-20,64,Jaipur,6002394190,aditi.nair.0127@example.in,,7.0,2017-08-05
C000128,Vikram Agarwal,1973-03-02,52,Kochi,9995648486,vikram.agarwal.0128@example.in,359800.0,6.0,2025-01-04
C000129,Pranav Reddy,1995-03-09,30,Hyderabad,6714253385,pranav.reddy.0129@example.in,1224900.0,4.0,2016-03-19
C000130,Rohan Bose,1998-04-01,27,Pune,91-618-399-1439,rohan.bose.0130@example.in,233700.0,6.0,2015-09-05
C000131,Ishita Sinha,1973-09-28,52,Hyderabad, 66139-96311 ,ishita.sinha.0131@example.in,1233800.0,2.0,2017-11-12
C000132,Sanjay Tiwari,2005-12-02,20,Poona,9133994291,sanjay.tiwari.0132@example.in,,2.0,2019-08-28
C000133,Pranav Shah,1985-09-23,40,Pune,6487559879,pranav.shah.0133@example.in,608900.0,,2025-12-31
C000134,Rahul Mishra,1968-05-28,57,Hyd,91-754-435-4579,rahul.mishra.0134@example.in,,5.0,2024-04-30
C000135,Saanvi Rao,1998-03-30,27,Delhi,6658038776,saanvi.rao.0135@example.in,763100.0,7.0,2019-01-21
C000136,Ishaan Menon,1975-03-12,50, Delhi ,9772231680,ishaan.menon.0136@example.in,1199000.0,5.0,2021-11-25
C000137,Shreya Tiwari,1959-01-10,66,Lucknow,7337816108,shreya.tiwari.0137@example.in,301500.0,4.0,2023-07-15
C000138,Saanvi Desai,1953-04-02,72,PUNE,9400315957,saanvi.desai.0138@example.in,436800.0,1.0,2021-10-12
C000139,Varun Sen,1985-06-15,40,Kochi,8620791706,varun.sen.0139@example.in,310000.0,4.0,2023-05-29
C000140,Arjun Desai,1954-04-09,71,Hyderbad,6436396443,arjun.desai.0140@example.in,466300.0,7.0,2018-09-02
C000141,Varun Bose,1992-09-09,33,Mumbai,9769378217,vaun.bose.0141@example.in,748700.0,4.0,2023-02-26
C000142,Pooja Sinha,1955-03-07,70,Kochi,6426090136,pooja.sinha.0142@example.in,2239100.0,4.0,2015-09-11
C000143,Pranav Iyer,1991-05-25,34,PUNE,,pranav.iyer.0143@example.in,485000.0,3.0,2018-10-15
C000144,Rhea Reddy,1975-08-01,50,Pune,8803176343,rhea.reddy.0144@example.in,1189800.0,3.0,2023-02-10
C000145,Zoya Bose,1973-02-24,52,Hyd,9213268822,zoya.bose.0145@example.in,1595700.0,5.0,2018-03-22
C000146,Sahil Nair,2005-03-04,20,Hyderabad,7610966578,SAHIL.NAIR.0146@EXAMPLE.IN,1239600.0,4.0,2022-09-24
C000147,Rhea Patel,1970-08-04,55,Hyderabad,(620) 544-9847,rhea.patel.0147@example.in,,5.0,2021-05-15
C000148,Pranav Menon,1972-11-04,53,Kochi,8004471852,pranav.menon.0148@example.in,886000.0,4.0,2016-04-29
C000149,Sneha Agarwal,1995-02-17,30,Hyderabad,9780737964,sneha.agarwal.0149@example.in,469800.0,5.0,2017-01-27
C000150,Varun Shah,1996-08-18,29,Bengaluru,,varun.shah.0150@example.in,1061400.0,3.0,2025-12-30
C000151,Ananya Agarwal,2001-06-05,24,Bengluru,6575854325,ananya.agarwal.0151@example.in,913400.0,6.0,2018-06-27
C000152,Aditi Menon,1971-04-01,54,Bhopal,6739012153,aditi.menon.0152@example.in,687400.0,7.0,2019-03-20
C000153,Ananya Rao,1988-04-12,37,Kochi,8348131804,ananya.rao.0153@example.in,920100.0,3.0,2016-09-05
C000154,Ishaan Kulkarni,1968-05-12,57,Kolkata,9968952633,ishaan.kulkarni.0154@example.in,529900.0,,2022-05-23
C000155,Priya Subramanian,1993-10-11,32, Kochi ,9180190797,priya.subramanian.0155@example.in,2208100.0,3.0,2025-02-24
C000156,Aditya Kulkarni,1958-06-12,67,Chennai,(719) 144-5712,aditya.kulkarni.0156@example.in,3964600.0,5.0,2015-02-15
C000157,Nikhil Mishra,1951-12-25,74,Bhopal,8746795880,nikhil.mishra.0157@example.in,607100.0,1.0,2016-07-30
C000158,Diya Sen,1988-11-29,37,Lucknow,7742907593,diya.sen.0158@example.in,2679100.0,1.0,2015-04-06
C000159,Ishita Khan,1961-03-23,64,Kolkata,+91 90054 39468,ishita.khan.0159@example.in,930300.0,7.0,2022-11-15
C000160,Ishaan Singh,1993-11-19,32,Ahmedabad,8951146186,ishaan.singh.0160@example.in,,1.0,2023-06-04
C000161,Aditi Nair,1994-12-09,31,Hyderabad,9941540222,aditi.nair.0161@example.in,1309600.0,1.0,2024-01-02
C000162,Sanjay Mehta,2001-09-07,24,Lucknow,,sanjay.mehta.0162@example.in,577800.0,7.0,2022-05-06
C000163,Sahil Joshi,1972-05-18,53,Bhopal,+91 83219 15133,sahil.joshi.0163@example.in,1153400.0,6.0,2019-03-29
C000164,Akshay Sharma,1953-12-30,72,Lucknow,7003226918,akshay.sharma.0164@example.in,718000.0,7.0,2018-10-15
C000165,Zoya Subramanian,1994-05-28,31, Jaipur ,(799) 774-9784,zoya.subramanian.0165@example.in,1286900.0,6.0,2020-08-17
C000166,Rahul Mishra,1979-05-22,46,Pune,9134731249,rahul.mishra.0166@example.in,970600.0,4.0,2015-06-07
C000167,Rohan Agarwal,2004-11-11,21,Jaipur,6144391997,rohan.agarwal.0167@example.in,266500.0,1.0,2021-08-01
C000168,Vrun Iyer,1959-04-25,66,Bengaluru, 69349-35465 ,varun.iyer.0168@example.in,1884900.0,,2019-07-25
C000169,Ananya Mukherjee,2003-09-26,22,Bengaluru,6944780860,ananya.mukherjee.0169@example.in,450700.0,5.0,2024-06-10
C000170,Rhea Singh,1987-01-29,38,Bhopal,9738280306,rhea.singh.0170@example.in,594100.0,7.0,2021-12-24
C000171,Saanvi Singh,1997-08-19,28,Lucknow,6679929198,saanvi.singh.0171@example.in,952800.0,3.0,2022-02-21
C000172,Ishaan Sinha,1988-09-18,37,Kochi,8108459686,ishaan.sinha.0172@example.in,722600.0,2.0,2025-02-12
C000173,Akshay Kapoor,1993-08-18,32,Chennai,6429012073,akshay.kapoor.0173@example.in,219600.0,1.0,2019-04-15
C000174,Sanjay Menon,1952-12-08,73,Chennai ,8220552208,sanjay.menon.0174@example.in,274400.0,6.0,2020-10-07
C000175,Ishita Chandra,1959-04-29,66,Delhi,9036999861,ishita.chandra.0175@example.in,444900.0,7.0,2021-06-17
C000176,Sahil Reddy,1968-05-03,57,Mumbai,6553927676,sahil.reddy.0176@example.in,1206800.0,4.0,2023-05-31
C000177,Krishna Iyer,2005-09-17,20,LUCKNOW,7130821555,krishna.iyer.0177@example.in,2531600.0,1.0,2020-10-05
C000178,Pooja Kulkarni,1957-02-28,68,PUNE,6579343626,pooja.kulkarni.0178@example.in,1022700.0,,2024-02-04
C000179,Diya Singh,1972-06-13,53,Lucknow,7406215345,diya.singh.0179@example.in,413400.0,4.0,2017-12-02
C000180,Saanvi Joshi,1990-09-02,35,KOLKATA,9354296247,saanvi.joshi.0180@example.in,582100.0,,2024-03-07
C000181,Ananya Jain,1993-02-06,32,Ahmedabad,9705571395,ananya.jain.0181@example.in,457700.0,2.0,2016-09-26
C000182,Sahil Khan,1968-01-24,57,Chenai, 91177-47350 ,sahil.khan.0182@example.in,732500.0,6.0,2015-02-27
C000183,Kabir Nair,1957-06-22,68,Bengaluru,(666) 712-0036,kabir.nair.0183@example.in,959400.0,6.0,31-31-2024
C000184,Ananya Agarwal,2005-09-18,20,Kolkata, 76029-81939 ,ananya.agarwal.0184@example.in,571300.0,,2016-01-14
C000185,Kavya Mishra,1989-06-28,36,Hyderabad,91-624-799-8405,kavya.mishra.0185@example.in,860100.0,4.0,2021-06-12
C000186,R. Kulkarni,1954-08-09,71,Kolkata,(903) 382-6969,rohan.kulkarni.0186@example.in,1478300.0,7.0,2016-08-20
C000187,Kavya Shah,1974-05-10,51,Bhopal,9459873631,kavya.shah.0187example.in,1338400.0,7.0,2017-02-10
C000188,Tanvi Reddy,1990-07-04,35,Pune,8184975432,tanvi.reddy.0188@example.in,387500.0,7.0,2024-07-04
C000189,Priya Das,1994-07-20,31,Pune,8395190171,priya.das.0189@example.in,918100.0,5.0,2015-11-14
C000190,Saanvi Banerjee,1975-08-04,50,Chennai,9791710506,saanvi.banerjee.0190@example.in,328300.0,2.0,2019-01-07
C000191,Akshay Khan,1950-07-28,75,Hyderabad,,akshay.khan.0191@example.in,1649100.0,4.0,2017-05-18
C000192,Aditya Kulkarni,1984-02-06,41,Ahmedabad,+91 64919 11765,aditya.kulkarni.0192@example.in,1103100.0,5.0,2024-10-23
C000193,Akshay Banerjee,1968-06-18,57,Hyd,,akshay.banerjee.0193@example.in,1217400.0,5.0,2024-11-07
C000194,Meera Das,1998-04-06,27,Chennai,8222862638,meera.das.0194@example.in,641800.0,4.0,2015-05-03
C000195,Anika Khan,1992-10-31,33,Bengaluru,+91 65644 55367,anika.khan.0195@example.in,643600.0,6.0,2015-01-09
C000196,Sneha Shah,1954-04-12,71,Mumbai,7808201410,sneha.shah.0196@example.in,1559500.0,5.0,2025-01-07
C000197,Aditi Shah,1976-05-25,49,Chennai,8500683507,aditi.shah.0197@example.in,2211600.0,7.0,2022-10-14
C000198,Rahul Roy,1979-06-01,46,Bengaluru,9698070773,rahul.roy.0198@example.in,790600.0,3.0,2021-01-05
C000199,Ishita Nair,1950-10-23,75,Mumbai,7350358209,,340900.0,4.0,2019-03-26
C000200,Arjun Patel,1972-06-02,53,Kolkata,8388161677,arjun.patel.0200@example.in,126100.0,5.0,2025-09-06
C000201,Kavya Shah,1987-03-29,38,Bengaluru,7568028424,kavya.shah.0201@example.in,216100.0,1.0,2019-11-26
C000202,Ananya Reddy,1989-09-16,36,Bengaluru,91-875-953-3808,ananya.reddy.0202@example.in,353500.0,7.0,2022-01-24
C000203,Aditya Mishra,1962-06-18,63,Kolkata ,+91 68403 86160,aditya.mishra.0203@example.in,2211200.0,5.0,2024-12-15
C000204,Ananya Das,1994-08-21,31,Bengaluru,9483872109,ananya.das.0204@example.in,1290500.0,5.0,2025-08-21
C000205,Rahul Chandra,1959-05-10,66,Bhopal,9375681413,rahul.chandra.0205@example.in,380800.0,6.0,2020-02-01
C000206,Zoya Sen,1981-11-06,44,Kolkata ,9473810664,zoya.sen.0206@example.in,975500.0,6.0,2016-11-17
C000207,Tanvi Agarwal,1983-03-27,42,Pune,,tanv.agarwal.0207@example.in,,7.0,2020-08-04
C000208,Akshay Kapoor,1986-03-25,39,Jaipur,,akshay.kapoor.0208@example.in,544800.0,3.0,2021-12-23
C000209,Diya Mishra,1996-08-31,29,Kolkata,8496636686,diya.mishra.0209@example.in,1487900.0,7.0,2022-02-18
C000210,Anika Menon,1980-11-04,45,Mumbai,8666413461,anika.menon.0210@example.in,330000.0,,2018-05-29
C000211,Aditya Joshi,1978-12-25,47,Chennai,8339376758,aditya.joshi.0211@example.in,1637500.0,6.0,2016-10-11
C000212,Ananya Mishra,1994-12-29,31,Hyderabad,6085712178,ananya.mishra.0212@example.in,1203500.0,3.0,2015-02-15
C000213,Kavya Gupta,1961-03-10,64,Kochi,+91 72461 06380,kavya.gupta.0213@example.in,500700.0,6.0,2021-03-21
C000214,Saanvi Mishra,1958-11-09,67,Ahmedabad,9433524824,saanvi.mishra.0214@example.in,597400.0,2.0,2020-06-22
C000215,Mira Chandra,1994-12-18,31,Bhopal,8249005389,mira.chandra.0215@example.in,552600.0,4.0,2015-01-26
C000216,Anika Iyer,1989-02-03,36,Mumbai,6955108180,anika.iyer.0216@example.in,,6.0,2019-01-15
C000217,Akshay Kapoor,1983-07-04,42,Lucknow,8204786743,akshay.kapoor.0217@example.in,254600.0,5.0,2025-05-02
C000218,Zoya Gupta,1970-02-20,55,Pune,9456035435,zoya.gupta.0218@example.in,948900.0,2.0,2024-10-22
C000219,Pranav Kapoor,1981-12-20,44,Delhi,9877888832,pranav.kapoor.0219@example.in,586400.0,,2015-03-01
C000220,Rohan Sen,1998-12-30,27,Kolkatta,(970) 184-6094,rohan.sen.0220@example.in,518600.0,1.0,2016-04-26
C000221,Vikram Sharma,1993-01-08,32,Kochi,7440692501,vikram.sharma.0221@example.in,1331900.0,1.0,2025-09-24
C000222,Meera Subramanian,1970-02-13,55,Kochi,9343126874,meera.subramanian.0222@example.in,383900.0,3.0,2021-09-01
C000223,Sahil Patel,1966-10-04,59,Delhi,8507742544,sahil.patel.0223@example.in,363100.0,,2023-01-09
C000224,Zoya Bose,1996-01-29,29,Chennai,9496076843,,567100.0,5.0,2016-01-21
C000225,Pranav Mukherjee,1952-11-02,73,Bengaluru,6783079756,pranav.mukherjee.0225@example.in,547600.0,2.0,2025-05-10
C000226,Ishita Shah,1990-12-26,35,Delhi,9564102610,ishita.shah.0226@example.in,2253000.0,,2023-01-31
C000227,Rohan Patel,1980-09-26,45,Delhi,8558013184,rohan.patel.0227@example.in,1469100.0,,2018-12-11
C000228,Kavya Banerjee,1951-03-29,74,Pune,7066872651,kavya.banerjee.0228@example.in,815600.0,3.0,2024-06-19
C000229,Sanjay Agarwal,1993-12-02,32,Kolkatta,,sanjay.agarwal.0229@example.in,761200.0,1.0,2015-07-12
C000230,Vikram Verma,2000-06-06,25,Bengaluru,+91 81751 77769,vikram.verma.0230@example.in,1244300.0,1.0,2018-12-06
C000231,Vikram Reddy,1987-09-07,38,Chennai,9894234428,vikram.reddy.0231@example.in,457000.0,5.0,2016-05-31
C000232,Meera Roy,1982-05-25,43,Ahmedabad,8632547243,meera.roy.0232@example.in,711000.0,7.0,2023-04-26
C000233,Nikhil Khan,1958-05-27,67,Jaipur,7048349389,nikhil.khan.0233@example.in,1363500.0,5.0,2018-07-07
C000234,Sanjay Sharma,1981-03-29,44,Pune,8970520270,sanjay.sharma.0234@example.in,426300.0,7.0,2016-02-23
C000235,Nikhil Das,1951-05-08,74,Hyderabad,9521497763,nikhil.das.0235@example.in,593000.0,1.0,2024-03-21
C000236,Vikram Sen,1988-06-23,37,Jaipur,9483613973,vikram.sen.0236@example.in,1661500.0,6.0,2016-01-24
C000237,Sahil Bose,1992-11-09,33,Kolkata,6980891382,sahil.bose.0237@example.in,,7.0,2022-10-12
C000238,Tanvi Sinha,1992-01-24,33,Lucknow,9269589003,tanvi.sinha.0238@example.in,672300.0,3.0,2023-05-16
C000239,Priya Mehta,1985-09-18,40,Hyderabad,8229063762,priya.mehta.0239@example.in,449000.0,4.0,2018-06-15
C000240,Aditi Nair,1953-11-10,72,Kolkata,(998) 698-7318,aditi.nair.0240@example.in,953200.0,5.0,2022-06-21
C000241,Rohan Subramanian,1963-09-21,62,Hyderabad,7068863889,rohan.subramanian.0241@example.in,840700.0,1.0,2019-09-28
C000242,Kabir Nair,1986-01-26,39,Chennai,8997987023,kabir.nair.0242@example.in,948200.0,7.0,2017-01-02
C000243,Nikhil Das,1962-05-06,63,Jaipur,7243224641,nikhil.das.0243@example.in,515600.0,2.0,2015-08-14
C000244,Zoya Bose,1988-10-10,37,Kolkata,6723579379,zoya.bose.0244@example.in,552100.0,,2016-02-10
C000245,Meera Mishra,1965-06-24,60,Delhi,91-823-497-3058,meera.mishra.0245@example.in,646800.0,7.0,2015-07-09
C000246,Varun Shah,1998-09-23,27,Bhopal,91-962-173-8126,varun.shah.0246@example.in,1210400.0,2.0,2023-11-10
C000247,Priya Kulkarni,1972-12-18,53,Ahmedabad,,priya.kulkarni.0247@example.in,411800.0,7.0,2025-03-29
C000248,Rhea Mukherjee,1979-10-02,46,Kochi,9995792991,rhea.mukherjee.0248@example.in,1618100.0,4.0,2021-12-18
C000249,Meera Kapoor,1950-05-28,75,Kochi,7743408366,meera.kapoor.0249@example.in,373800.0,6.0,2015-01-16
C000250,Kabir Rao,1964-05-11,61,Pune,7235243063,kabir.rao.0250@example.in,212400.0,5.0,2023-10-17
C000251,Ananya Reddy,1992-07-14,33,Pune,9930615676,ANANYA.REDDY.0251@EXAMPLE.IN,439100.0,1.0,2025-10-11
C000252,Arjun Mehta,1960-04-02,65,Hyderabad,9289835164,arjun.mehta.0252@example.in,814800.0,1.0,2016-09-03
C000253,Ananya Subramanian,1962-10-19,63,HYDERABAD,7892745084,ananya.subramanian.0253@example.in,477600.0,1.0,2022-10-30
C000254,Pooja Desai,1962-03-08,63,Delhi,7031897607,pooja.desai.0254@example.in,1047900.0,5.0,2025-02-07
C000255,Aarav Gupta,1984-08-26,41,Bhopal,9231114165,aarav.gupta.0255@example.in,1133500.0,4.0,2021-01-07
C000256,Aarav Rao,2005-01-02,20,Mumbai,7516779186,aarav.rao.0256@example.in,935400.0,2.0,2016-03-01
C000257,Aditya Sinha,1962-05-02,63,Kochi,7828935324,aditya.sinha.0257@example.in,,3.0,2019-10-20
C000258,Nikhil Desai,1973-09-15,52,Chennai,9194103522,nikhil.desai.0258@example.in,648400.0,3.0,2021-12-27
C000259,Akshay Roy,1966-01-08,59,Delhi,7310325983,akshay.roy.0259@example.in,2612900.0,7.0,2023-04-24
C000260,Nikhil Kapoor,1977-01-22,48,Lucknow,9057036782,nikhil.kapoor.0260@example.in,608100.0,2.0,2024-02-27
C000261,Saanvi Desai,1974-08-13,51,Kolkata,8860719004,saanvi.desai.0261@example.in,2148000.0,,2020-09-06
C000262,Krishna Roy,2001-05-28,24,Mumbai,8782292395,krishna.roy.0262@example.in,670300.0,,2019-06-21
C000263,Pooja Iyer,2000-08-09,25,Hyderabad,7784087749,pooja.iyer.0263@example.in,699500.0,2.0,2015-08-24
C000264,Rohan Singh,1950-08-10,75,Kochi,7884102414, rohan.singh.0264@example.in ,2602000.0,3.0,2017-09-28
C000265,Krishna Joshi,1989-11-04,36,Delhi,7027084628,krishna.joshi.0265@example.in,1084500.0,5.0,2023-02-07
C000266,Pooja Sen,1952-07-18,73,Lucknow,(727) 475-0412,pooja.sen.0266@example.in,976400.0,3.0,2025-10-23
C000267,Sanjay Agarwal,2003-01-06,22,Kolkata,6118509633,sanjay.agarwal.0267@example.in,703900.0,2.0,2025-06-06
C000268,Anika Agarwal,1975-05-23,50,Kochin,6054233645,anika.agarwal.0268@example.in,446000.0,5.0,2021-05-15
C000269,Mira Reddy,1984-05-25,41,Kochi,(884) 697-2648,mira.reddy.0269@example.in,2536500.0,4.0,2019-08-25
C000270,Ishaan Kulkarni,2001-10-28,24,Bhopal,9319386776,ishaan.kulkarni.0270@example.in,2085400.0,6.0,2020-09-12
C000271,Kabir Subramanian,1993-06-14,32,Mumbai,8327221229,kabir.subramanian.0271@example.in,1733500.0,7.0,2021-06-11
C000272,A. Banerjee,2003-03-24,22,Delhi,8471929175,aditi.banerjee.0272@example.in,539800.0,,2021-10-22
C000273,Sneha Bose,1990-12-08,35,Chennai,8135392226,sneha.bose.0273@example.in,815800.0,2.0,2024-10-28
C000274,Akshay Gupta,1994-12-04,31,Ahmedabad,8160733125,akshay.gupta.0274@example.in,2069200.0,3.0,2019-04-24
C000275,Ishaan Verma,1985-08-03,40,Kochi,9058571867,ishaan.verma.0275@example.in,701100.0,4.0,2025-02-11
C000276,Aarav Patel,1987-12-05,38,Jaipur,6672988310,aarav.patel.0276@example.in,476900.0,2.0,2018-06-25
C000277,Akshay Mehta,1955-08-13,70,Delhi,9648641254,akshay.mehta.0277@example.in,1094400.0,5.0,2019-11-17
C000278,Diya Patel,1956-07-12,69,Lucknow,9121917525,diya.patel.0278@example.in,486200.0,2.0,2025-05-26
C000279,Kavya Singh,1963-03-31,62,Ahmedabad,7308100227,kavya.singh.0279@example.in,460400.0,4.0,2015-03-30
C000280,Sanjay Desai,1971-02-05,54,Hyderabad,9085792975,sanjay.desai.0280@example.in,499600.0,4.0,2023-03-03
C000281,Meera Banerjee,1962-06-18,63,Poona, 88029-15908 ,meera.banerjee.281@example.in,553800.0,6.0,2024-02-14
C000282,Kabir Mishra,1993-11-01,32,Pune,9662819129,kabir.mishra.0282@example.in,1495200.0,6.0,2021-11-25
C000283,Pranav M.,1960-12-04,65,Jaipur,6071046051,pranav.menon.0283@example.in,742600.0,6.0,2019-09-08
C000284,Arjun Kapoor,1970-09-13,55,Kochi,9539787185,arjun.kapoor.0284@example.in,1034400.0,2.0,2018-08-30
C000285,T. Banerjee,not-a-date,48, Delhi ,6746046650,tanvi.banerjee.0285@example.in,546300.0,6.0,2017-10-21
C000286,Vikram Desai,1998-01-16,27,PUNE,8553291545,vikram.desai.0286@example.in,633400.0,6.0,2021-04-05
C000287,Arjun Nair,1954-06-14,71,Bengaluru,8296850901,arjun.nair.0287@example.in,951600.0,5.0,2015-03-12
C000288,Zoya Subramanian,2003-12-17,22,Jaypur,7841772174,zoya.subramanian.0288@example.in,482700.0,6.0,2018-11-21
C000289,Anika Tiwari,1963-04-12,62,Kochi,8300119223,anika.tiwari.0289@example.in,463400.0,4.0,2017-02-20
C000290,Rahul Sinha,1955-05-21,70,Lucknow,(857) 420-7885,rahul.sinha.0290@example.in,474300.0,2.0,2023-07-11
C000291,Sneha Rao,1980-02-16,45,Kolkatta,8358336106,sneha.rao.0291@example.in,,3.0,2017-05-06
C000292,Meera Kulkarni,1973-03-30,52,Bengaluru,6492108522,meera.kulkarni.0292@example.in,453400.0,2.0,2022-07-12
C000293,Meera Agarwal,1957-04-21,68,Kolkata,8851182322,,414600.0,2.0,2024-11-17
C000294,Sanjay Kapoor,1968-04-02,57,BHOPAL,7063362318,sanjay.kapoor.0294@example.in,3581100.0,4.0,2019-06-23
C000295,Rahul Kulkarni,1980-09-15,45,Bengaluru,8572656739,rahul.kulkarni.0295@example.in,519900.0,3.0,2015-04-17
C000296,Ishita Verma,1953-05-13,72,Bombay,6328700514,ishita.verma.0296@example.in,849100.0,2.0,2016-12-07
C000297,D. Jain,1953-10-23,72,Hyderabad,9808072975,diya.jain.0297@example.in,621300.0,4.0,2024-08-01
C000298,Pooja Chandra,2000-09-04,25,Mumbai,7140213196,pooja.chandra.0298@example.in,1655500.0,7.0,2020-10-20
C000299,Sneha Reddy,1973-12-03,52,Delhi,8919023144,sneha.reddy.0299@example.in,1400100.0,,2023-10-01
C000300,Pooja Roy,2003-11-30,22,Mumbai,91-823-464-1839,pooja.roy.0300@example.in,519300.0,7.0,2023-12-19
C000301,Anika Mehta,1990-08-21,35,Mumbai,6149123797,,724600.0,,2022-07-21
C000302,Rahul Joshi,1963-12-23,62,Chennai,7275355095,rahul.oshi.0302@example.in,,1.0,2020-05-22
C000303,Diya Menon,1958-01-08,67,Ahmedabad,8362117484,diya.menon.0303@example.in,3501300.0,7.0,2021-08-02
C000304,Nikhil Kulkarni,1961-11-28,64,Kolkata,8021120231,nikhil.kulkarni.0304@example.in,,7.0,2023-01-24
C000305,Sanjay Khan,1992-06-02,33,Mumbai,9183818099,sanjay.khan.0305@example.in,780800.0,,2017-05-25
C000306,Priya Chandra,1988-10-14,37,Mumbai,6708507305,priya.chandra.0306@example.in,1056100.0,5.0,2023-08-25
C000307,Priya Sharma,1970-09-11,55,Chennai,6988790368,priya.sharma.0307@example.in,1053700.0,,2022-07-13
C000308,Anika Nair,1988-08-06,37, Bangalore ,6284912223,anika.nair.0308@example.in,569300.0,6.0,2017-03-12
C000309,Ishita Singh,1978-09-07,47,Pune,7992113295,ishita.singh.0309@example.in,2393700.0,1.0,2025-10-12
C000310,Rahul Desai,1969-06-01,56,Kochi,6736344394,rahul.desai.0310@example.in,3260200.0,4.0,2023-07-27
C000311,Nisha Agarwal,1991-10-17,34,Ahmedabad,,nisha.agarwal.0311@example.in,609700.0,5.0,2025-03-20
C000312,Ishaan Menon,1961-06-16,64,Mumbai,7571277602,ishaan.menon.0312@example.in,3442500.0,4.0,2019-04-29
C000313,Tanvi Mukherjee,1984-11-14,41,BHOPAL,6499911188,tanvi.mukherjee.0313@example.in,610700.0,7.0,2017-09-22
C000314,Aarav Kulkarni,1970-05-02,55,Hyderabad,9135497486,aarav.kulkarni.0314@example.in,417100.0,6.0,2023-02-11
C000315,Pooja Patel,1967-07-26,58,Jaipur,6495410412,pooja.patel.0315@example.in,1763300.0,7.0,2020-03-12
C000316,Rhea Kulkarni,1988-10-20,37,Poona,91-928-114-4200,rhea.kulkarni.0316@example.in,379700.0,5.0,2024-01-22
C000317,Arjun Verma,1971-09-12,54,Mumbai,+91 83409 32880,,1464000.0,6.0,2017-03-11
C000318,Meera Gupta,1974-03-01,51,Cochin,7618035027,meera.gupta.0318@example.in,429300.0,4.0,2019-02-11
C000319,Meera Reddy,1970-12-25,55,Chennai,7817914387,meera.reddy.0319@example.in,2155200.0,2.0,2019-04-10
C000320,Akshay Banerjee,1981-07-08,44, Bangalore ,6197195390,akshay.banerjee.0320@example.in,701800.0,3.0,31-31-2024
C000321,Rhea Das,1984-10-21,41,Ahmedabad,7189025492,rhea.das.0321@example.in,1167300.0,3.0,2020-08-10
C000322,Ishaan Sinha,1992-06-06,33,Kochi,8584120199,ishaan.sinha.0322@example.in,1621800.0,3.0,2019-07-12
C000323,Diya Mishra,1965-03-13,60,Jaipur,+91 76573 70708,diya.mishra.0323@example.in,338500.0,7.0,2018-05-27
C000324,Krishna Kapoor,1953-04-02,72,Kolkata,8531140224,krishna.kapoor.0324@example.in,1108800.0,3.0,2016-01-25
C000325,Shreya Iyer,1984-09-27,41,Lucknow,9045038059,shreya.iyer.0325@example.in,1958700.0,2.0,2016-08-06
C000326,R. Sharma,2000-12-18,25,Pune,7339370510,rhea.sharma.0326@example.in,2400700.0,2.0,2015-01-30
C000327,Aditi Sinha,1996-11-10,29,Lucknow,91-848-114-5599,aditi.sinha.0327@example.in,352000.0,,2018-11-28
C000328,Rahul Patel,1991-04-25,34,Lucknow,8737608810,rahul.patel.0328@example.in,753800.0,4.0,2016-09-13
C000329,Ananya Banerjee,1954-12-19,71,Bhopal,6839707426,ananya.banerjee.0329@example.in,1507700.0,5.0,2021-05-07
C000330,Anika Sinha,2002-05-31,23,Delhi,7683398738,anika.sinha.0330@example.in,895800.0,2.0,2017-01-13
C000331,Vikram Iyer,1994-04-15,31,Kolkata,8467994029,vikram.iyer.0331@example.in,502400.0,7.0,2019-07-26
C000332,Ishita Shah,1997-06-21,28,Pune, 93852-03858 ,ishita.shah.0332@example.in,2323700.0,7.0,2025-08-28
C000333,A. Nair,1952-07-06,73,Lucknow,91-956-293-6112,anika.nair.0333@example.in,504400.0,3.0,2017-11-10
C000334,Arjun Reddy,1970-11-20,55,Delhi,8386038701,arjun.reddy.0334@example.in,1359800.0,3.0,2016-10-12
C000335,Sanjay Agarwal,1985-05-01,40,Pune,6920395108,sanjay.agarwal.0335@example.in,921300.0,1.0,2020-05-11
C000336,Sahil Shah,1995-11-14,30,Pune,9451132720,sahil.shah.0336@example.in,994700.0,1.0,2021-12-08
C000337,Meera Mukherjee,1963-12-10,62,Bhopal,7149571357,meera.mukherjee.0337@example.in,1696800.0,,2015-03-02
C000338,Krishna Iyer,1965-09-23,60,Kolkata,8133720893,krishna.iyer.0338@example.in,1025100.0,4.0,2016-05-25
C000339,Varun Kapoor,1972-07-29,53,Kochi,8389276872,varun.kapoor.0339@example.in,1383400.0,2.0,2022-01-12
C000340,Rhea Kapoor,2003-07-07,22,Bhopal,+91 73035 98249,rhea.kapoor.0340@example.in,828200.0,6.0,2023-12-21
C000341,Ishita Shah,1977-02-21,48,Ahmedabad,9066115380,ishita.shah.0341@example.in,1441100.0,3.0,2022-06-07
C000342,Diya Subramanian,1961-09-19,64,Ahmedabad,8343688283,diya.subramanian.0342@example.in,481500.0,1.0,2018-10-05
C000343,Anika Mehta,1978-04-21,47,Delhi,6987581245,anika.mehta.0343@example.in,1083100.0,7.0,2019-07-09
C000344,Priya Kulkarni,1995-09-28,30,Bengluru,9927072049,priya.kulkarni.0344@example.in,2108400.0,,2025-04-10
C000345,Tanvi Verma,1993-12-25,32,Mumbai,6060292367,tanvi.verma.0345@example.in,726100.0,,2022-09-27
C000346,Anika Jain,1960-01-15,65,Delhi,9850268055,anika.jain.0346@example.in,592800.0,3.0,2019-12-03
C000347,Vikram Shah,1965-04-03,60,Hyderabad,7723501819,vikramshah0347@example.in,580300.0,4.0,2023-09-12
C000348,Aditya Desai,1965-05-28,60,Chenai,9814372383,aditya.desai.0348@example.in,363400.0,5.0,2024-09-08
C000349,Mira Chandra,1952-09-12,73,Bhopal,7804052184,mira.chandra.0349@example.in,562100.0,5.0,2019-01-21
C000350,Rahul Iyer,1998-05-09,27,Hyderabad,8948489485,rahul.iyer.0350@example.in,419600.0,4.0,2019-02-25
C000351,Aarav Roy,1957-02-12,68,Bengaluru,9410210819,aarav.roy.0351@example.in,827700.0,7.0,2025-07-22
C000352,Ananya Roy,2002-06-29,23,Hyderabad,8233557655,ananya.roy.0352@example.in,293500.0,7.0,2019-01-09
C000353,Arjun Rao,1984-06-13,41,Bhopal,9671671095,arjun.rao.0353@example.in,649000.0,3.0,2025-07-08
C000354,Aditya Singh,2004-07-06,21,Lucknow,7187446620,aditya.singh.0354@example.in,489600.0,3.0,2016-05-13
C000355,Kabir Banerjee,2002-07-27,23,Kolkata,7805470334,kabir.banerjee.0355@example.in,542500.0,2.0,2025-06-29
C000356,Rhea S.,1998-10-05,27,Bengaluru,9257989511,rhea.sinha.0356@example.in,12896420.805788875,4.0,2020-03-09
C000357,Sneha Desai,1978-11-20,47,Hyderabad,8124458562,sneha.desai.0357@example.in,720500.0,7.0,2016-04-29
C000358,Kavya Shah,1965-03-10,60,Bengaluru,7715981000,kavya.shah.0358@example.in,792300.0,2.0,2017-12-13
C000359,Arjun Singh,1963-09-01,62,Pune,7997648997,arjun.singh.0359@example.in,603500.0,4.0,2020-02-16
C000360,Rhea Joshi,1992-08-31,33,Hyderabad,8186135769,rhea.joshi.0360@example.in,1121900.0,2.0,2021-12-23
C000361,Shreya Reddy,1998-12-04,27,Delhi,9546628988,shreya.reddy.0361@example.in,991700.0,,2015-06-29
C000362,Anika Khan,1981-04-16,44,Bhopal,8484325380,anika.khan.0362@example.in,,1.0,2018-10-04
C000363,Nikhil Sharma,1979-11-17,46,Pune,9331562032,nikhil.sharma.0363@example.in,1379200.0,1.0,2025-02-14
C000364,Kabir Iyer,1972-07-02,53,Lucknow,9452519211,kabir.iyer.0364@example.in,1218200.0,1.0,2023-04-21
C000365,Nisha Nair,1956-01-24,69,Lucknow,9174607463,nisha.nair.0365@example.in,1367400.0,3.0,2017-01-20
C000366,Ishaan Bose,1997-08-01,28,Bengaluru,9447879524,ishaan.bose.0366@example.in,790200.0,2.0,2018-03-20
C000367,Priya Sah,1984-02-05,41,Hyderabad,7029811787,priya.shah.0367@example.in,714200.0,6.0,2018-08-08
C000368,Pranav Desai,1969-08-01,56,Puna,7921513381,pranav.desai.0368@example.in,670700.0,,2018-10-04
C000369,Kavya Patel,1975-04-04,50,Puna,6638285113,kavya.patel.0369@example.in,804100.0,,2022-09-05
C000370,Nikhil Patel,1992-12-05,33,Bhopal,9923623329,nikhil.patel.0370@example.in,1035500.0,6.0,2017-11-04
C000371,Aarav Singh,1985-10-05,40,Bhopal,6619338880,aarav.singh.0371@example.in,1091200.0,3.0,2018-10-22
C000372,Aarav Kulkarni,1960-01-05,65,Ahmedabad,8689778091,aarav.kulkarni.0372@example.in,774900.0,1.0,2019-01-28
C000373,Vikram Jain,1988-10-03,37,Bhopl,9156733711,vikram.jain.0373@example.in,1348600.0,4.0,2023-11-11
C000374,Diya Shah,1980-08-23,45,Bhopal,9142882174,diya.shah.0374@example.in,852200.0,3.0,2017-10-02
C000375,Nisha Joshi,1974-01-19,51,Bengaluru,6858723650,nisha.joshi.0375@example.in,218000.0,1.0,2015-06-25
C000376,Saanvi Reddy,1976-12-20,49,Jaipur,8240740286,saanvi.reddy.0376@example.in,515200.0,2.0,2020-12-18
C000377,TANVI SHAH,1957-08-14,68,Calcutta,9650263503,tanvi.shah.0377@example.in,177600.0,1.0,2025-03-01
C000378,Rahul Iyer,1967-10-24,58,Chennai,7491109911,rahul.iyer.0378@example.in,,3.0,2019-12-19
C000379,Diya Kapoor,1977-01-20,48, Delhi ,,diya.kapoor.0379@example.in,235300.0,3.0,2020-09-14
C000380,Saanvi Iyer,1977-11-16,48,Chennai,7491007833,saanvi.iyer.0380@example.in,1286300.0,6.0,2021-02-13
C000381,Rhea R.,1952-05-14,73,Jaipur,8863776663,rhea.roy.0381@example.in,,6.0,2019-10-24
C000382,Sanjay Verma,not-a-date,70,Kochi,6485361871,sanjay.verma.0382@example.in,2133500.0,7.0,2015-10-08
C000383,Nikhil Nair,1955-05-15,70,Ahemdabad,6052347228,nikhil.nair.0383@example.in,767500.0,2.0,2021-02-08
C000384,Akshay Nair,1970-04-22,55,Mumbai,6691973308,akshay.nair.0384@example.in,1354900.0,4.0,2023-12-07
C000385,Zoya Rao,1975-11-16,50,DELHI,6495632927,zoya.rao.0385@example.in,626900.0,,2024-05-14
C000386,Pranav Joshi,1971-07-20,54,Kochi,6767451348,pranav.joshi.0386@example.in,510500.0,6.0,2015-07-26
C000387,Sahil Mehta,1983-02-11,42,Chennai,,sahil.mehta.0387@example.in,14434132.729676602,7.0,2020-04-28
C000388,Vikram Reddy,1961-08-19,64, Jaipur ,6623728379,vikram.reddy.0388@example.in,4095000.0,4.0,2018-01-14
C000389,Nisha Nair,2001-05-10,24,Kochi,6582251630,nisha.nair.0389@example.in,855900.0,7.0,2022-04-18
C000390,Krishna Desai,1995-09-26,30,Bengaluru,6924466214,,1500700.0,2.0,2015-08-15
C000391,Meera Shah,1982-08-01,43,Kolkata,8939315898,meera.shah.0391@example.in,1247900.0,2.0,2021-03-26
C000392,Ishaan Singh,1996-06-17,29,Lucknow,9777331717,ishaan.singh.0392@example.in,764300.0,4.0,2025-03-16
C000393,Arjun Bose,2000-08-20,25,Bengaluru,9600439811,arjun.bose.0393@example.in,559900.0,4.0,2015-08-23
C000394,Shreya Subramanian,1976-05-24,49,Ahmedabad,7204787252,shreya.subramanian.0394@example.in,1863700.0,5.0,2016-06-24
C000395,Anika Banerjee,1968-01-06,57,Hyderabad,7562310204,anika.banerjee.0395@example.in,1557100.0,2.0,2017-08-16
C000396,Aitya Agarwal,1952-11-10,73,Hyderabad,8928126223,aditya.agarwal.0396@example.in,509100.0,6.0,2023-12-21
C000397,Diya Patel,1990-03-08,35,Mumbai,6619912406,diya.patel.0397@example.in,787000.0,1.0,2018-09-16
C000398,Pooja Tiwari,1966-04-29,59,Delhi,6474980261,pooja.tiwari.0398@example.in,149000.0,6.0,2020-09-19
C000399,Anika Mishra,1967-11-06,58,Lucknow,8885212590,anika.mishra.0399@example.in,894900.0,6.0,2020-11-25
C000400,  saanvi   roy  ,2001-02-18,24,Mumbai,7112837910,saanvi.roy.0400@example.in,483400.0,,2019-08-23
C000401,Zoya Mishra,1984-08-14,41,Bengaluru,6028374800,zoya.mishra.0401@example.in,166300.0,7.0,2018-01-28
C000402,Vikram Nair,1987-02-09,38,Bengaluru,6483961576,vikram.nair.0402@example.in,,7.0,2025-08-08
C000403,VARUN DAS,1971-07-22,54,Kolkata,6505774389,varun.das.0403@example.in,,4.0,2024-06-21
C000404,Pranav Desai,1954-11-24,71,Bengaluru,7458713503,pranav.desai.0404@example.in,432900.0,6.0,2021-08-17
C000405,Aditya Mukherjee,1971-04-17,54,Kochi, 75431-43415 ,aditya.mukherjee.0405@example.in,1505300.0,3.0,2021-12-20
C000406,Krishna Kapoor,1995-01-09,30, Bhopal ,8237471203,krishna.kapoor.0406@example.in,371600.0,4.0,2015-03-23
C000407,Nikhil Jain,1969-11-26,56,Jaipur,7590541319,nikhil.jain.0407@example.in,306300.0,5.0,2018-12-20
C000408,Meera Patel,1960-01-25,65,Ahmedabad,7867879075,meera.patel.0408@example.in,,4.0,2022-01-14
C000409,Pranav Singh,1963-03-04,62,Delhi,6388580040,pranav.singh.0409@example.in,623500.0,4.0,2019-05-20
C000410,Sneha Patel,1999-12-18,26,Jaipur,9189741587,sneha.patel.0410@example.in,324400.0,2.0,2018-05-30
C000411,A. Kulkarni,2003-05-28,22,Chennai,, aditya.kulkarni.0411@example.in ,1116900.0,5.0,2019-08-19
C000412,Arjun Patel,1996-08-10,29,Bhopal,8848074424,arjun.patel.0412@example.in,991900.0,5.0,2015-12-05
C000413,Sanjay Mukherjee,1950-11-04,75,Ahmedabad,9249161687,sanjay.mukherjee.0413@example.in,340600.0,7.0,2025-05-04
C000414,Sanjay Das,1994-08-02,31,Bhopal,7330509945,sanjay.das.0414@example.in,459100.0,3.0,2017-02-19
C000415,Rahul Kapoor,1958-10-31,67,Jaipur,8783586460,rahul.kapoor.0415@example.in,765600.0,1.0,2022-03-14
C000416,Arjun Rao,1957-11-01,68,Hyderabad,7538761867,arjun.rao.0416@example.in,2859500.0,6.0,2016-12-27
C000417,Saanvi Joshi,1963-06-10,62,Bhopal,8977157354,saanvi.joshi.0417@example.in,933500.0,1.0,2016-02-21
C000418,Ishita S.,2005-05-19,20, Bhopal , 94491-49012 ,ishita.sen.0418@example.in,836000.0,4.0,2019-08-15
C000419,Aditi Das,2003-06-10,22,Kochi,8157380612,aditi.das.0419@example.in,1700700.0,2.0,2022-09-26
C000420,DIYA SHAH,1959-04-28,66,Bhopal,7272468538,diya.shah.0420@example.in,692500.0,5.0,2017-07-09
C000421,Aditi M.,1958-09-20,67,Kolkata,7235595454,aditi.mehta.0421@example.in,1613000.0,5.0,2015-11-23
C000422,Aditi Mishra,1979-04-08,46,Pune,6390447254,aditi.mishra.0422@example.in,684700.0,2.0,2024-09-10
C000423,Zoya Chandra,1956-11-23,69,Pune,+91 96988 43698,zoya.chandra.0423@example.in,1286200.0,2.0,2020-08-10
C000424,Saanvi Mehta,2004-09-09,21,Ahemdabad,9649900381,saanvi.mehta.0424@example.in,400900.0,2.0,2021-03-26
C000425,Pranav Roy,1984-08-09,41,LUCKNOW,6936457801,pranav.roy.0425@example.in,578100.0,1.0,2017-12-27
C000426,Mira Sinha,1993-04-30,32, Bhopal ,,mira.sinha.0426@example.in,730900.0,6.0,2015-11-16
C000427,Mira Patel,1989-04-26,36,Jaipur, 91040-60641 ,mira.patel.0427@example.in,1199300.0,6.0,2024-07-28
C000428,Ishita Subramanian,1965-08-23,60,Hyderabad,,ishita.subramanian.0428@example.in,775800.0,2.0,2025-01-21
C000429,Saanvi Mishra,1986-05-03,39,Chennai,91-622-924-4227,saanvi.mishra.0429@example.in,,1.0,2025-11-04
C000430,Arjun Sinha,2004-04-05,21,Bhopl,8433996502,arjun.sinha.0430@example.in,814000.0,7.0,2015-12-24
C000431,Ishita Tiwari,1959-09-18,66,Jaipur,7722930530,ishita.tiwari.0431@example.in,351300.0,2.0,2016-07-11
C000432,Pooja Menon,1965-12-25,60,Bengaluru,7010018464,pooja.menon.0432@example.in,781200.0,6.0,2017-08-18
C000433,Saanvi Reddy,1961-06-28,64,Jaipur,7185903977,saanvi.reddy.0433@example.in,1794700.0,7.0,2019-02-12
C000434,Sanjay Rao,1962-06-04,63,Kolkata,6412700863,sanjay.rao.0434@example.in,749100.0,,2016-11-21
C000435,Krishna Das,1994-10-06,31,Bhopal,8015426227,krishna.das.0435@example.in,529300.0,1.0,2015-04-01
C000436,Meera Bose,1990-11-11,35,Hyderabad,7703654400,meera.bose.0436@example.in,817400.0,6.0,2023-02-03
C000437,Rhea Khan,1956-05-09,69,Mumbai,91-641-881-5723,rhea.khan.0437@example.in,1462600.0,6.0,2017-03-14
C000438,Sanjay Subramanian,1994-12-21,31,Pune, 67820-69793 ,sanjay.subramanian.0438@example.in,852200.0,4.0,2019-05-14
C000439,Sahil Khan,1984-08-09,41,Lucknow,8767521640,sahil.khan.0439@example.in,854200.0,6.0,2019-04-17
C000440,Sahil Agarwal,1968-09-25,57,Ahmedabad,9904329569,sahil.agarwal.0440@example.in,777700.0,4.0,2017-10-22
C000441,Aditi Sinha,1991-08-01,34,Kochi,8316587944,aditi.sinha.0441@example.in,,4.0,2015-04-16
C000442,Sneha Shah,1971-03-28,54,Delhi,9216782288,sneha.shah.0442@example.in,954400.0,4.0,2018-11-10
C000443,Aditya Mishra,1990-04-04,35,Ahemdabad,+91 65317 72565,aditya.mishra.0443@example.in,1488800.0,6.0,2022-08-26
C000444,Anika Iyer,1953-07-21,72,Kolkata,91-889-364-8502,anika.iyer.0444@example.in,1530500.0,5.0,2023-08-25
C000445,Rahul Menon,1990-04-04,35,Hyderabad,8194440491,rahul.menon.0445@example.in,1031300.0,4.0,2025-06-30
C000446,Ishaan Iyer,1958-04-06,67,Pune,6164176083,ishaan.iyer.0446@example.in,382300.0,6.0,2018-02-03
C000447,Ishita Kapoor,1976-12-27,49,Jaipur,6991931486, ishita.kapoor.0447@example.in ,1615800.0,4.0,2018-04-26
C000448,Vikram Sen,1984-02-17,41,Hyderabad,7093288106,vikram.sen.0448@example.in,273900.0,2.0,2017-05-23
C000449,Anika Mishra,1975-12-18,50,Kochi,+91 90249 25701,anika.mishra.0449@example.in,400500.0,6.0,2025-11-20
C000450,Zoya Banerjee,1972-10-19,53,Bhopal,9225730078,zoya.banerjee.0450@example.in,3021200.0,2.0,2021-08-10
C000451,Rohan Chandra,1958-09-06,67,Lakhnau,91-796-930-3699,rohan.chandra.0451@example.in,533100.0,2.0,2017-11-09
C000452,Krishna S.,1965-12-30,60,Ahmedabad,+91 81102 36560,krishna.singh.0452@example.in,1699200.0,5.0,2018-09-19
C000453,Aditya Shah,1964-11-27,61,Jaipur,8172995626,aditya.shah.0453@example.in,786600.0,5.0,2020-02-06
C000454,Akshay Joshi,1955-05-21,70,Kochi,7365002404,akshay.joshi.0454@example.in,1483300.0,,2025-01-20
C000455,Anika Tiwari,1999-12-27,26,Ahmedabad,,anika.tiwari.0455@example.in,1270800.0,6.0,2022-02-20
C000456,Nikhil Roy,1969-12-13,56,Ahmedabad,,nikhil.roy.0456@example.in,906000.0,4.0,2017-08-26
C000457,Meera Shah,1983-07-07,42,New Delhi,7551713097,meera.shah.0457@example.in,352200.0,2.0,2020-12-13
C000458,Pooja Kapoor,2001-12-03,24,Bhopal,7685823131,pooja.kapoor.0458@example.in,450700.0,6.0,2017-02-27
C000459,Aditya Desai,1958-11-25,67, Kochi ,8838388736,aditya.desai.0459@example.in,429000.0,,2015-03-28
C000460,Ananya Verma,1992-12-09,33,Kolkata,7791721524,ananya.verma.0460@example.in,246100.0,2.0,2020-03-08
C000461,Diya Mishra,1982-06-20,43,Mumbai,7518674480,diya.mishra.0461@example.in,1062800.0,2.0,2022-10-03
C000462,Diya Roy,1995-05-01,30,Kolkata,6006239528,diya.roy.0462@example.in,,2.0,2017-11-01
C000463,Nikhil Khan,1975-06-22,50,Mumbai,6610197677,nikhil.khan.0463@example.in,612100.0,2.0,2024-04-23
C000464,Sahil Sinha,2005-11-18,20,Kolkata, 70741-39019 ,sahil.sinha.0464@example.in,1285300.0,4.0,2021-08-02
C000465,Pranav Kulkarni,1968-08-17,57,Bengaluru,8512164631,pranav.kulkarni.0465@example.in,540400.0,3.0,2016-10-02
C000466,Nisha Menon,1991-09-26,34,HYDERABAD,8565564616,nisha.menon.0466@example.in,17990883.041160308,6.0,2024-01-20
C000467,Ishita Sharma,1999-11-19,26,Ahmedabad,+91 80622 86876,ishita.sharma.0467@example.in,358800.0,3.0,2017-10-01
C000468,Tanvi Gupta,1976-03-21,49,Chennai ,9971933429,tanvi.gupta.0468@example.in,1426900.0,1.0,2017-06-24
C000469,Rhea Shah,1964-05-06,61,Ahmedabad,6100043601,rhea.shah.0469@example.in,1798100.0,2.0,2016-04-07
C000470,Aditi Khan,1980-01-09,45,Mumbai,9389722326,aditi.khan.0470@example.in,,5.0,2023-06-16
C000471,Vikram Menon,1979-10-17,46,Bengaluru,6318814873,vikram.menon.0471@example.in,,5.0,2018-05-17
C000472,Kabir Verma,1996-02-22,29,Lucknow,8577950301,kabir.verma.0472@example.in,,4.0,2022-07-01
C000473,Mira Shah,1977-07-01,48,Mumbai,8526458607,mira.shah.0473@example.in,567100.0,,2025-01-23
C000474,Ananya Tiwari,2000-09-23,25,Mumbai,8815942029,ananya.tiwari.0474@example.in,780500.0,5.0,2015-09-30
C000475,Diya Desai,2004-12-10,21,Madras,7184770885,diya.desai.0475@example.in,1795100.0,6.0,2018-05-18
C000476,Kabir Tiwari,2005-06-09,20,Pune,9064809236,kabir.tiwari.0476@example.in,825700.0,6.0,2015-01-27
C000477,Arjun Tiwari,1978-05-15,47,BHOPAL,8310889973,arjun.tiwari.0477@example.in,1170200.0,2.0,2021-04-16
C000478,Nikhil Bse,2001-12-11,24,New Delhi,91-631-662-2534,nikhil.bose.0478@example.in,710700.0,,2024-09-01
C000479,Meera Gupta,1967-10-14,58,Mumbai,6526314829,meera.gupta.0479@example.in,308100.0,3.0,2021-08-26
C000480,Zoya Patel,1976-08-10,49,Ahmedabad,8590889914,zoya.patel.0480@example.in,,4.0,2024-12-17
C000481,Sanjay Singh,1975-04-03,50,Mumbai,9834734157,sanjay.singh.0481@example.in,666900.0,7.0,2023-05-02
C000482,Sneha Kapoor,2005-02-02,20,Ahmedabad,8464621302,sneha.kapoor.0482@example.in,1582800.0,6.0,2022-02-25
C000483,Sanjay Kulkarni,1967-02-10,58,Chennai,7058179354,sanjay.kulkarni.0483@example.in,1006000.0,5.0,2021-03-24
C000484,Sneha Iyer,1952-09-21,73,Lucknow,9676642628,sneha.iyer.0484@example.in,1107500.0,7.0,2015-03-23
C000485,Arjun Singh,1981-11-29,44,Hyderbad,,arjun.singh.0485@example.in,1396200.0,2.0,2019-02-10
C000486,Sneha Patel,1963-04-08,62,HYDERABAD,6666834195, sneha.patel.0486@example.in ,603900.0,5.0,2016-08-17
C000487,Pranav Subramanian,1980-07-15,45,Jaipur,+91 90132 78594,pranav.subramanian.0487@example.in,302400.0,4.0,2020-05-06
C000488,Krishna Mehta,1954-01-06,71,Lucknow,91-937-120-4285,krishna.mehta.0488@example.in,455100.0,1.0,2019-12-01
C000489,Priya Agarwal,1989-04-28,36,Jaipur,7343051243,priya.agarwal.0489@example.in,1653800.0,1.0,2015-02-14
C000490,Pranav Roy,1980-02-18,45,Chennai,9350242792,pranav.roy.0490@example.in,731900.0,,2020-07-05
C000491,Kavya Sharma,1954-10-03,71,Bhopal,(969) 833-4303, kavya.sharma.0491@example.in ,2500700.0,6.0,2024-01-05
C000492,  diya   desai  ,1976-08-22,49,Jaipur,,diya.desai.0492@example.in,1330300.0,4.0,2024-09-25
C000493,Pooja Verma,1998-06-20,27,Lucknow,6213028978,pooja.verma.0493@example.in,427100.0,7.0,2021-09-09
C000494,Kavya Singh,1963-04-15,62,Lucknow,9620149153,kavya.singh.0494@example.in,755700.0,3.0,2022-10-01
C000495,Shreya Reddy,2005-04-30,20,Pune,6615185201,shreya.reddy.0495@example.in,813800.0,5.0,2024-04-28
C000496,Ishita Das,1983-08-28,42,Lucknow,9313785596,ishita.das.0496@example.in,621100.0,4.0,2019-06-21
C000497,Sneha Chandra,1970-01-31,55, Delhi ,9492985716,sneha.chandra.0497@example.in,433100.0,2.0,2023-01-27
C000498,Saanvi Khan,1977-06-24,48,Mumbai,6861235766,saanvi.khan.0498@example.in,,7.0,2025-06-24
C000499,Vikram Kulkarni,1999-11-17,26,Bhopal,7867699342,vikram.kulkarni.0499@example.in,436300.0,5.0,2018-05-25
C000500,Zoya Mehta,1989-10-31,36,Ahmedabad,9834935752,zoya.mehta.0500@example.in,985800.0,5.0,2020-08-20
C000501,Mira Rao,1953-08-22,72,Chennai,8440272857,mira.rao.0501@example.in,474200.0,6.0,2020-06-22
C000502,Mira Sinha,1990-02-06,35,Kolkata,6482177265,mira.sinha.0502@example.in,980400.0,3.0,2023-03-25
C000503,Akshay Mehta,1999-12-29,26,Chennai,8493384240,akshay.mehta.0503@example.in,1099500.0,4.0,2019-03-25
C000504,Rahul Desai,1989-01-25,36,Lucknow,9990765553,rahul.desai.0504@example.in,,1.0,2015-10-15
C000505,Nikhil Tiwari,1980-04-28,45,Ahmedabad,9687544815,nikhil.tiwari.0505@example.in,406300.0,4.0,2020-05-27
C000506,Aditya Mehta,1976-02-11,49,Bengaluru,8787660861,aditya.mehta.0506@example.in,1035800.0,2.0,2016-09-15
C000507,Mira Nair,1990-09-04,35,Hyderabad,8764906117,mira.nair.0507@example.in,2672700.0,4.0,2018-09-25
C000508,Rhea Reddy,1998-03-14,27,Chennai,9973799293,rhea.reddy.0508@example.in,,2.0,2017-06-04
C000509,Rahul Mishra,1997-06-17,28, Pune ,7380698563,rahul.mishra.0509@example.in,997100.0,1.0,2016-03-27
C000510,Ananya Sen,1985-02-15,40, Delhi ,7374807599,ananya.sen.0510@example.in,592300.0,6.0,2025-11-06
C000511,Rahul Verma,1994-05-31,31,Delhi,7947678178,rahul.verma.0511@example.in,444000.0,,2017-05-07
C000512,Rhea Das,1968-11-15,57,BHOPAL,6513169964,rhea.das.0512@example.in,732400.0,7.0,2018-02-27
C000513,Aarav Nair,1988-01-23,37,Delhi,,aarav.nair.0513@example.in,1222100.0,6.0,2025-03-13
C000514,Pranav Nair,1961-01-02,64,Bhopal,9413215312,pranav.nair.0514@example.in,2015900.0,3.0,2022-06-22
C000515,Varun Chandra,1950-08-01,75,Hyderabad,8348186413,varun.chandra.0515@example.in,,3.0,2016-02-21
C000516,Zoya Jain,1965-12-07,60,Kochi,(941) 579-0188,zoya.jain.0516@example.in,1077000.0,7.0,2025-10-02
C000517,Rhea Sinha,2003-03-22,22,Chennai,9789321237,rheasinha0517@example.in,812300.0,4.0,2022-07-01
C000518,Nisha Shah,2000-04-30,25,Ahmedabad,91-784-544-5745,nisha.shah.0518@example.in,449000.0,5.0,2023-06-10
C000519,Mira Singh,1992-01-07,33,Kolkata, 77383-04006 ,mira.singh.0519@example.in,3476600.0,,2021-11-17
C000520,Anika Verma,1995-09-27,30,Mumbai,7627235267,anika.verma.0520@example.in,653600.0,6.0,2023-11-05
C000521,Shreya Mukherjee,1985-07-27,40,Jaipur,9445318331,shreya.mukherjee.0521@example.in,1777900.0,7.0,2016-08-12
C000522,Rhea Nair,1986-06-07,39,Jaipur,(925) 207-2948,rhea.nair.0522@example.in,738000.0,5.0,2016-01-04
C000523,Kavya Singh,1989-11-01,36, Bhopal ,(934) 800-2821,kavya.singh.0523@example.in,2093000.0,6.0,2016-11-23
C000524,Aditi Subramanian,1996-10-15,29,Lucknow,6967949455,aditi.subramanian.0524@example.in,1059900.0,1.0,2021-02-06
C000525,Ishita Singh,1999-04-01,26,Pune,9140904956,ishita.singh.0525@example.in,959000.0,3.0,2022-08-02
C000526,Kavya Iyer,1995-11-09,30,Lucknow,9367443250,,2426200.0,4.0,2020-07-24
C000527,Saanvi Agarwal,1969-08-27,56,Delhi,6178344533,saanvi.agarwal.0527@example.in,1055100.0,3.0,2016-10-25
C000528,Zoya Mishra,1978-12-04,47,Mumbai,9180161733,zoya.mishra.0528@example.in,1003000.0,6.0,2024-03-14
C000529,Pooja Nair,1953-04-15,72,Kochi,9154293154,pooja.nair.0529@example.in,299200.0,1.0,2017-01-24
C000530,Arjun Rao,1963-09-09,62,Chennai,7339727814,arjun.rao.0530@example.in,803500.0,3.0,2022-05-17
C000531,Akshay Joshi,1955-09-10,70,Chennai,8234904886,akshay.joshi.0531@example.in,431800.0,7.0,2016-04-26
C000532,Anka Reddy,1980-05-22,45,Chennai ,8345032046,anika.reddy.0532@example.in,934000.0,5.0,2024-05-05
C000533,Tanvi Sharma,1960-08-19,65,Mumbai,7313264256,tanvi.sharma.0533@example.in,588800.0,,2025-06-26
C000534,Kavya Mishra,1985-02-12,40,Ahmedabad,9612994275,kavya.mishra.0534@example.in,629100.0,6.0,2024-01-17
C000535,Saanvi Roy,1962-08-04,63,BHOPAL,9114477854,saanvi.roy.0535@example.in,596900.0,6.0,2021-02-17
C000536,Sanjay Patel,2001-10-10,24,Ahmedabad,8336034666,sanjay.patel.0536@example.in,,2.0,2016-03-01
C000537,Sahil Desai,1961-02-07,64,Lakhnau,7433831640,sahil.desai.0537@example.in,1470200.0,1.0,2018-03-23
C000538,Krishna Menon,1987-07-13,38,Kolkata,8017057822,,1075700.0,,2022-05-11
C000539,Zoya Subramanian,1970-04-09,55,Chennai, 90489-16110 ,zoya.subramanian.0539@example.in,354500.0,7.0,2018-05-11
C000540,Rahul Shah,1954-04-27,71,Lucknow,6639765484,rahul.shah.0540@example.in,,2.0,2020-02-27
C000541,Kavya Joshi,1975-05-06,50,Lucknow,7047114788,,2012600.0,3.0,2019-03-16
C000542,Nikhil Joshi,1962-12-24,63,Kochi,9534243287,nikhil.joshi.0542@example.in,503000.0,,2024-06-02
C000543,Varun Sinha,1956-10-22,69,LUCKNOW,8335480102,varun.sinha.0543@example.in,639500.0,2.0,2025-05-30
C000544,Kabir Shah,1955-06-25,70, Jaipur ,6936918512,kabir.shah.0544@example.in,,2.0,2018-12-14
C000545,Varun Iyer,1997-02-03,28,Hyderabad,(954) 983-1249,varun.iyer.0545@example.in,1939100.0,7.0,2019-07-04
C000546,Meera Subramanian,1955-04-19,70,Jaipur,6659751679,meera.subramanian.0546@example.in,,5.0,2015-11-15
C000547,Aditya Verma,1956-06-15,69,Lucknow,7000625718,aditya.verma.0547@example.in,862400.0,2.0,2015-12-20
C000548,Pranav Kapoor,1991-09-23,34,Hyderabad,7949522105,pranav.kapoor.0548@example.in,973600.0,2.0,2018-12-07
C000549,Akshay Khan,1950-09-23,75,Ahmedabad,8035575510,akshay.khan.0549@example.in,729900.0,1.0,2024-04-11
C000550,Kabir Khan,1967-12-31,58,Kolkata,6080786542,kabir.khan.0550@example.in,694800.0,,2024-12-19
C000551,Akshay Agarwal,1984-09-03,41, Kochi ,8960242079,akshay.agarwal.0551@example.in,1273300.0,3.0,2017-03-21
C000552,Shreya Tiwari,1996-05-27,29,Kochi,,shreya.tiwari.0552@example.in,2761000.0,4.0,2021-11-08
C000553,Rahul Rao,1999-10-01,26,Ahmedabad,7222336162,,976400.0,7.0,2023-12-16
C000554,Ishaan Jain,1965-04-11,60,Bhopal,91-960-868-6911,ishaan.jain.0554@example.in,1166800.0,2.0,2020-11-13
C000555,Ananya Desai,1953-07-06,72, Lucknow ,8941768435,ananya.desai.0555@example.in,767600.0,2.0,2021-01-12
C000556,  aditya   mishra  ,1983-02-15,42,Lucknow,91-951-110-3369,aditya.mishra.0556@example.in,2148400.0,7.0,2024-02-01
C000557,Sanjay Tiwari,1967-08-29,58,Mumbay,8296079835,sanjay.tiwari.0557@example.in,1327700.0,7.0,2017-01-28
C000558,Akshay Singh,1988-05-07,37,Chennai,6594608383,akshay.singh.0558@example.in,729100.0,6.0,2021-07-21
C000559,Ananya Sharma,1957-08-15,68,Bombay,8598326182,ananya.sharma.0559@example.in,802900.0,5.0,2016-09-26
C000560,Ishita Das,1995-11-11,30,Delhi,,ishita.das.0560@example.in,517500.0,7.0,2019-05-08
C000561,Aditya Jain,1950-11-02,75,Mumbai,7961564302,aditya.jain.0561@example.in,1652600.0,4.0,2022-07-23
C000562,Diya Iyer,1952-03-16,73,Chennai,9806065067,diya.iyer.0562@example.in,329400.0,1.0,2025-07-27
C000563,Rahul Roy,1994-12-10,31,Jaipur,7663977128,rahul.roy.0563@example.in,473000.0,6.0,2023-11-24
C000564,Vikram Rao,1954-03-16,71,Kochi,6092908098,vikram.rao.0564@example.in,2003600.0,5.0,2018-06-24
C000565,Kavya Joshi,1967-02-25,58,Kochi,8075218776,kavya.joshi.0565@example.in,621500.0,1.0,2022-03-22
C000566,Aditya Singh,1956-01-28,69,Bengaluru,7429660592,,2573000.0,7.0,2017-04-26
C000567,Meera Menon,1968-06-29,57,Pune,6866963983,meera.menon.0567@example.in,47600.0,3.0,2022-05-23
C000568,Meera Chandra,1993-01-14,32,Delhi,8337478578,meera.chandra.0568@example.in,,5.0,2023-09-23
C000569,Priya Reddy,1978-12-15,47,Lucknow,91-680-957-4674,priya.reddy.0569@example.in,908800.0,2.0,2015-12-01
C000570,Ananya Subramanian,1964-03-31,61,Pune,,ananya.subramanian.0570@example.in,931500.0,6.0,2019-02-12
C000571,Ishaan Bose,1966-08-20,59,Mumbai,6284107948,ishaan.bose.0571@example.in,,7.0,2023-10-16
C000572,Tanvi Chandra,1962-07-28,63,Ahmedabad,8756402819,tanvi.chandra.0572@example.in,1060600.0,3.0,2025-03-04
C000573,Pooja Kulkarni,1984-09-19,41,Lucknow,8286115260,pooja.kulkarni.0573@example.in,853300.0,,2019-10-06
C000574,Aditya Singh,1966-05-14,59,Mumbai, 88514-48805 ,aditya.singh.0574@example.in,615100.0,4.0,2018-11-09
C000575,Rhea Kapoor,1993-07-01,32,Delhi,6344634013,,,5.0,2023-01-23
C000576,Varun Sen,1965-07-20,60,Bhopl, 78524-16325 ,varun.sen.0576@example.in,1026800.0,1.0,2017-08-24
C000577,Sanjay Sen,2005-11-15,20,AHMEDABAD,91-940-980-0111,sanjay.sen.0577@example.in,667100.0,7.0,2016-04-30
C000578,Tanvi Das,1963-01-09,62,Pune,8147728720,tanvi.das.0578@example.in,901000.0,3.0,2020-04-21
C000579,Sneha Bose,1972-10-22,53,Jaipur,6013011487,sneha.bose.0579@example.in,610500.0,4.0,2020-07-22
C000580,Rahul Das,2000-04-29,25,Jaipur,8642062685,rahul.das.0580@example.in,,2.0,2019-03-02
C000581,Ishita Kapoor,1950-08-27,75,Kolkata ,7976452758,ishita.kapoor.0581@example.in,212600.0,,2021-11-22
C000582,Rahul Nair,1987-05-11,38,Hyderabad,7008581454,rahl.nair.0582@example.in,674800.0,2.0,2021-03-11
C000583,Zoya Das,1983-09-05,42,Delhi,7206137390,zoya.das.0583@example.in,820900.0,2.0,2024-12-22
C000584,Aarav Iyer,1960-07-27,65,Bhopal,6174123916,aarav.iyer.0584@example.in,497200.0,7.0,2021-06-20
C000585,Nisha Mishra,1980-07-21,45,Jaipur,8045687024, nisha.mishra.0585@example.in ,227100.0,1.0,2019-09-15
C000586,Nisha Mukherjee,1993-12-14,32,Bengaluru,9815846017,nisha.mukherjee.0586@example.in,285500.0,6.0,2018-10-30
C000587,  sanjay   roy  ,1968-09-14,57,CHENNAI,(866) 844-3160,sanjay.roy.0587@example.in,,1.0,2023-03-14
C000588,Rhea Sen,1962-02-09,63,Pune,9504221711,rhea.sen.0588@example.in,374800.0,,2021-12-04
C000589,Sanjay Kapoor,2005-12-17,20,Bengaluru,+91 79245 07302,sanjay.kapoor.0589@example.in,1728900.0,2.0,2017-03-17
C000590,Zoya Singh,1985-06-14,40,Ahmedabad,6636138862,zoya.singh.0590@example.in,2596300.0,6.0,2016-09-02
C000591,Rohan Joshi,2005-04-11,20, Mumbai ,6668486626,rohan.joshi.0591@example.in,199000.0,4.0,2018-08-06
C000592,Zoya Banerjee,1976-06-04,49,Mumbai,6972910075,zoya.banerjee.0592@example.in,,7.0,2017-09-15
C000593,Zoya Iyer,1967-05-16,58,Ahmedabad,,zoya.iyer.0593@example.in,1991000.0,5.0,2017-07-12
C000594,Vikram Das,1997-10-31,28,Hyderabad,9835056152,vikram.das.0594@example.in,2316500.0,6.0,2015-08-22
C000595,Varun Agarwal,1981-06-19,44,Chennai,6187842219,varun.agarwal.0595@example.in,421400.0,,2016-07-27
C000596,Rhea Sinha,1980-09-01,45,JAIPUR,6967002281,rhea.sinha.0596@example.in,593200.0,4.0,2018-10-05
C000597,Kabir Menon,1966-01-31,59,Bengaluru,(949) 535-5486,kabir.menon.0597@example.in,701500.0,4.0,2021-02-28
C000598,Pooja Shah,1996-03-03,29,Ahmedabad,6337110651,pooja.shah.0598@example.in,295800.0,,2018-12-05
C000599,Sneha Sharma,1989-02-12,36,Puna,7117395017,sneha.sharma.0599@example.in,1763100.0,5.0,2021-02-24
C000600,Nisha Reddy,1998-12-13,27,Kolkata,7354089004,nisha.reddy.0600@example.in,4267500.0,1.0,2023-07-24
C000601,Meera Das,1961-01-25,64,Pune,9383421997,meeradas0601@example.in,1040400.0,7.0,2019-06-22
C000602,Nikhil Nair,1997-09-15,28,Mumbai,7944125217,nikhil.nair.0602@example.in,278600.0,2.0,2021-12-02
C000603,Meera Jain,1961-11-11,64,Lucknow,,meera.jain.0603@example.in,707200.0,6.0,2020-03-27
C000604,Rhea Tiwari,1983-12-15,42,Ahmedabad,8292066501,rhea.tiwari.0604@example.in,1244700.0,2.0,2016-07-22
C000605,Sanjay Kapoor,1982-08-24,43,Hyderabad,8378986799,sanjay.kapoor.0605@example.in,453600.0,4.0,2021-09-12
C000606,Vikram Mehta,1979-05-09,46,Kolkata,,vikram.mehta.0606@example.in,720100.0,6.0,2018-05-12
C000607,Aarav Iyer,2003-04-14,22,Delhi,8535189802,aarav.iyer.0607@example.in,374600.0,3.0,2016-05-21
C000608,Nikhil Rao,1974-12-23,51,Kolkata,7061293740,nikhil.rao.0608@example.in,1180800.0,,2015-01-17
C000609,Aarav Nair,1964-07-16,61,Hyd,6291814423,aarav.nair.0609@example.in,729200.0,3.0,2023-10-16
C000610,Kavya Roy,1967-02-11,58,Ahmedabad,9768136656,kavya.roy.0610@example.in,1122800.0,4.0,2019-04-06
C000611,Meera Roy,1994-09-16,31,Delhi,,meera.roy.0611@example.in,981400.0,5.0,2021-06-30
C000612,P. Patel,1965-02-20,60,Kochi,6085188800,priya.patel.0612@example.in,804400.0,4.0,2017-05-03
C000613,Meera Reddy,1972-05-15,53,Pune,,meera.reddy.0613@example.in,816000.0,3.0,2021-07-14
C000614,Rahul Kulkarni,1961-04-23,64, Jaipur ,6187019793,rahul.kulkarni.0614@example.in,5148600.0,1.0,2021-10-31
C000615,Akshay Gupta,2005-10-27,20,LUCKNOW,6029724343,akshay.gupta.0615@example.in,188800.0,7.0,2021-10-06
C000616,Akshay Reddy,2004-02-29,21,Mumbai,6568566233,akshay.reddy.0616@example.in,1460300.0,1.0,2021-08-21
C000617,Vikram Iyer,1968-10-13,57,Hyderabad,6915731476,vikram.iyer.0617@example.in,769800.0,3.0,2022-02-17
C000618,Pranav Singh,1964-06-08,61,Hyderabad,7254852156,pranav.singh.0618@example.in,818500.0,5.0,2016-07-30
C000619,Rohan Tiwari,1986-06-22,39,Bhopal,7752937757,rohan.tiwari.0619@example.in,643100.0,2.0,2015-10-29
C000620,NIKHIL TIWARI,2000-02-27,25,Chennai,(642) 024-8458,nikhil.tiwari.0620@example.in,55354252.29626013,1.0,2023-08-09
C000621,Nikhil Shah,1996-11-10,29,Kochi,6972039447,nikhil.shah.0621@example.in,635000.0,2.0,2022-05-01
C000622,Nikhil Sen,1973-04-24,52,Jaipur,8461043741,nikhil.sen.0622@example.in,1091700.0,5.0,2024-08-05
C000623,P. Reddy,1966-05-24,59,Bhopal,6052921576,priya.reddy.0623@example.in,932500.0,1.0,2018-04-14
C000624,Nikhil Mehta,2005-09-25,20,Pune,7049082289,nikhil.mehta.0624@example.in,149200.0,5.0,2019-09-14
C000625,S. Das,1966-11-03,59,Lucknow,9728722112,sahil.das.0625@example.in,2839500.0,1.0,2016-12-22
C000626,Akshay Shah,1988-06-19,37,Delhi,7610832444,akshay.shah.0626@example.in,,6.0,2016-03-26
C000627,Zoya Menon,1976-06-03,49,Kolkata,7759694514,zoya.menon.0627@example.in,790100.0,5.0,2018-03-21
C000628,Shreya Sen,1998-10-29,27,Mumbai,8854807830,shreya.sen.0628@example.in,491500.0,3.0,2021-05-17
C000629,Sneha Patel,1967-04-25,58,Bengaluru,8276953441,sneha.patel.0629@example.in,1192900.0,7.0,2021-04-26
C000630,Rohan Sharma,1983-12-05,42,Jaipur,9032189989,rohan.sharma.0630@example.in,747800.0,2.0,2019-12-02
C000631,Varun Tiwari,1956-11-16,69,Pune,7496979211,varun.tiwari.0631@example.in,293800.0,2.0,2019-09-17
C000632,Ishita Sen,1969-12-08,56,Kolkatta,7571455670,ishita.sen.0632@example.in,787500.0,2.0,2020-12-22
C000633,Vikram Banerjee,1965-01-17,60,Mumbai,7926664463,vikram.banerjee.0633@example.in,1000600.0,,2019-06-05
C000634,Sahil Tiwari,1977-12-10,48,Chennai,8890169416,sahil.tiwari.0634@example.in,225600.0,7.0,2019-02-05
C000635,Ananya Sinha,1973-06-14,52,Delhi,7028658589,ananya.sinha.0635@example.in,724900.0,3.0,2018-09-14
C000636,Aditi Kulkarni,1987-12-05,38,Dilli,+91 75942 17413,,1172500.0,3.0,2021-11-30
C000637,Mira Roy,1993-11-16,32,Chennai,7382428273,mira.roy.0637@example.in,,7.0,2017-08-30
C000638,Meera Tiwari,1991-10-25,34,Bhopal,7702416895,meera.tiwari.0638@example.in,439600.0,6.0,2023-12-21
C000639,Priya Sinha,1966-04-08,59,Bengaluru, 60839-60371 ,priya.sinha.0639@example.in,620900.0,1.0,2015-08-08
C000640,Pranav Singh,1972-12-15,53,Bengaluru,8565358706,pranav.singh.0640@example.in,2134000.0,2.0,2017-06-27
C000641,Rohan Reddy,2003-02-19,22,Lakhnau,(785) 860-9700,rohan.reddy.0641@example.in,652500.0,4.0,2021-11-23
C000642,Akshay Mehta,1995-03-06,30,Kochi,8626333586,akshay.mehta.0642@example.in,445300.0,5.0,2021-09-12
C000643,Sneha Reddy,1960-07-04,65,Bhopl,91-890-030-3591,sneha.reddy.0643@example.in,468900.0,2.0,2021-05-21
C000644,Saanvi Patel,1973-08-17,52,Ahmedabad,7686043553,saanvi.patel.0644@example.in,900600.0,5.0,2017-06-24
C000645,MIRA CHANDRA,1988-11-05,37,Bengaluru,6599576857,mira.chandra.0645@example.in,276200.0,6.0,2017-12-26
C000646,Anika Bose,1963-10-12,62,Jaipur,8905320484,anika.bose.0646@example.in,,1.0,2023-12-18
C000647,Aarav Sharma,1979-06-04,46,Bengluru,8207890055,aarav.sharma.0647@example.in,413200.0,3.0,2024-12-08
C000648,Nikhil Sharma,1961-07-14,64,AHMEDABAD,7643403083,nikhilsharma0648@example.in,737600.0,2.0,2021-01-05
C000649,Rohan Mishra,1967-08-22,58,Mumbai,9915447313,rohan.mishra.0649@example.in,302600.0,4.0,2017-03-20
C000650,Varun Verma,1988-04-25,37,AHMEDABAD,7050052081,varun.verma.0650@example.in,1115600.0,4.0,2018-07-04
C000651,Rahul Shah,1956-02-01,69,Kochi,+91 63294 09854,rahul.shah.0651@example.in,,4.0,2025-08-27
C000652,NISHA SHAH,1960-01-27,65,Hyderabad,8695416335,nisha.shah.0652@example.in,,5.0,2018-06-25
C000653,Priya Sen,2002-07-13,23,Kolkata,8437847130,priya.sen.0653@example.in,389500.0,5.0,2020-08-02
C000654,Rahul Banerjee,2004-10-19,21,Chennai ,9622501512,rahul.banerjee.0654@example.in,631800.0,7.0,2025-01-04
C000655,Akshay Bose,2005-07-14,20,Bengaluru,(896) 130-7377,akshay.bose.0655@example.in,2452900.0,4.0,2019-09-17
C000656,Aditya Das,1978-05-03,47,Mumbai,8569925040,aditya.das.0656@example.in,2143400.0,6.0,2019-01-29
C000657,Aditi Kapoor,1978-08-12,47,Ahmedabad,7947174329,aditi.kapoor.0657@example.in,1765000.0,1.0,2016-07-14
C000658,Nisha Sinha,1951-03-17,74,Bhopl,9919819158,nisha.sinha.0658@example.in,829100.0,2.0,2020-08-30
C000659,Varun Sharma,1982-07-09,43,Ahmedabad,6577302999,varun.sharma.0659@example.in,1151600.0,3.0,2015-12-30
C000660,Varun Sen,1962-06-27,63,Pune,9756696301,varun.sen.0660@example.in,906400.0,2.0,2023-02-11
C000661,Kabir Kapoor,1994-08-25,31,DELHI,8751977488,kabir.kapoor.0661@example.in,420400.0,2.0,2016-09-27
C000662,Ishita Khan,1981-07-04,44,LUCKNOW,6556351363,ishita.khan.0662@example.in,165500.0,2.0,2018-09-09
C000663,Kavya T.,1973-01-06,52,Hyderabad,7173311771,kavya.tiwari.0663@example.in,264800.0,3.0,2024-09-05
C000664,Ananya Gupta,1984-12-05,41,Bombay,9513484734,ananya.gupta.0664@example.in,818200.0,5.0,2023-07-19
C000665,Rhea Banerjee,1967-02-11,58,Pune,6777561490,rhea.banerjee.0665@example.in,860300.0,6.0,2020-02-12
C000666,Ishita Joshi,2000-06-04,25,Jaipur,6465059039,ishita.joshi.0666@example.in,327500.0,6.0,2016-12-04
C000667,Diya Banerjee,1963-10-31,62,Ahmedabad,+91 88873 54813,diya.banerjee.0667@example.in,551900.0,,2025-11-28
C000668,Priya Patel,1963-12-14,62,BENGALURU,8378902733,priya.patel.0668@example.in,410700.0,1.0,2015-05-11
C000669,Pooja Subramanian,1951-10-31,74,Jaypur,91-959-289-7895,pooja.subramanian.0669@example.in,783600.0,3.0,2019-08-13
C000670,Mira Mukherjee,1966-03-04,59,Delhi,6811123647,mira.mukherjee.0670@example.in,,6.0,2018-02-26
C000671,Diya Subramanian,1951-02-06,74,Kolkata,7687495737,diya.subramanian.0671@example.in,716300.0,5.0,2015-06-22
C000672,Nikhil Mukherjee,1984-07-19,41, Kochi ,6924773772,nikhil.mukherjee.0672@example.in,916200.0,1.0,2024-08-14
C000673,Kabir Verma,1965-01-03,60,Kochi,7515598384,kabir.verma.0673@example.in,208000.0,1.0,2018-05-15
C000674,Priya Roy,2000-09-23,25,BHOPAL,9423842951,priya.roy.0674@example.in,548100.0,4.0,2019-07-23
C000675,Varun Sinha,1953-01-23,72,Kochin,6403063655,varun.sinha.0675@example.in,,7.0,2024-03-18
C000676,Sanjay Iyer,1957-07-30,68,Pune,6765943762,sanjay.iyer.0676@example.in,512200.0,1.0,2022-11-12
C000677,Zoya Mehta,1985-09-08,40,Ahmedabad,9866681864,zoya.mehta.0677@example.in,730200.0,,2021-09-07
C000678,Akshay Kulkarni,1994-07-14,31,Jaipur,8395447120,akshay.kulkarni.0678@example.in,211900.0,2.0,2017-10-25
C000679,Akshay Reddy,1956-01-02,70,Mumbai,8786002367,akshay.reddy.0679@example.in,1590500.0,6.0,2018-12-05
C000680,Ananya Gupta,1962-09-08,63,Ahmedabad,9960838932,ananya.gupta.0680@example.in,1461000.0,2.0,2024-10-10
C000681,Ishita Kulkarni,1984-09-15,41,Jaipur,,ishita.kulkarni.0681@example.in,626200.0,2.0,2021-12-20
C000682,Tanvi Joshi,1962-05-13,63,Kolkata,8559864768,tanvi.joshi.0682@example.in,908800.0,2.0,2015-03-24
C000683,Pranav Reddy,1952-08-17,73,Kochi,6486961975,pranav.reddy.0683@example.in,1685700.0,5.0,2020-12-29
C000684,Tanvi Patel,2003-07-05,22,Chennai,9814745829,tanvi.patel.0684@example.in,,4.0,2015-02-11
C000685,Ishaan Agarwal,1986-11-13,39,Ahemdabad,7601523890,ishaan.agarwal.0685@example.in,639700.0,7.0,2015-02-10
C000686,Pooja Singh,1980-10-07,45,Bengaluru,,pooja.singh.0686@example.in,1928300.0,6.0,2020-03-13
C000687,Ishita Menon,1974-05-14,51,New Delhi,7665511998,ishita.menon.0687@example.in,741800.0,5.0,2022-10-27
C000688,Nisha Joshi,1959-11-07,66,Ahmedabad,6542368213,nisha.joshi.0688@example.in,381800.0,,2015-11-12
C000689,Kabir Mukherjee,1972-03-04,53,Pune,9139184830,kabir.mukherjee.0689@example.in,766100.0,7.0,2020-12-15
C000690,Kavya Gupta,1995-12-14,30,Ahmedabad,8914232568,kavya.gupta.0690@example.in,754200.0,2.0,2017-02-02
C000691,Zoya Sen,1990-03-10,35,Kolkata,91-635-622-8819,zoya.sen.0691@example.in,964800.0,7.0,2022-06-27
C000692,Meera Tiwari,1989-07-04,36,BENGALURU,8762445057,meera.tiwari.0692@example.in,676900.0,5.0,2024-02-07
C000693,Aditi Tiwari,1995-01-23,30,Lucknow,8376958657,aditi.tiwari.0693@example.in,1119600.0,5.0,2016-07-07
C000694,Diya Iyer,1991-01-26,34,Chennai,6935624618,diya.iyer.0694@example.in,1818200.0,1.0,2023-05-01
C000695,Ishaan Verma,1953-12-30,72,Chennai,9365006419,ishaan.verma.0695@example.in,273100.0,2.0,2016-11-26
C000696,Priya Mukherjee,1979-04-06,46,Jaipur,6710852158,priya.mukherjee.0696@example.in,606200.0,4.0,2021-03-29
C000697,Sahil Menon,1975-06-07,50,Kolkata,9323032138,sahil.menon.0697@example.in,768000.0,5.0,2022-08-08
C000698,Pooja Joshi,1958-06-18,67,Calcutta,7701796670,pooja.joshi.0698@example.in,1967000.0,2.0,2021-08-14
C000699,Mira Verma,1965-11-26,60,Lucknow,9440030941,mira.verma.0699@example.in,,7.0,2015-09-08
C000700,Aarav Singh,1991-07-21,34,Lucknow,6105018581,aarav.singh.0700@example.in,939500.0,7.0,2019-08-16
C000701,Ishaan Desai,1994-04-02,31, Delhi ,8568140583,ishaan.desai.0701@example.in,,,2024-04-15
C000702,Nikhil Mukherjee,1985-08-22,40,Mumbai,7233599021,nikhil.mukherjee.0702@example.in,1459700.0,1.0,2021-09-10
C000703,Krishna Shah,1965-08-30,60,Mumbai,6078608987,krishna.shah.0703@example.in,622500.0,2.0,2023-05-23
C000704,Vikram Mishra,1963-11-27,62,Ahmedabad,+91 86014 00484,vikram.mishra.0704@example.in,534500.0,2.0,2023-05-10
C000705,Aditya Rao,1951-05-08,74, Bhopal ,6963749118,aditya.rao.0705@example.in,472200.0,7.0,2019-02-24
C000706,Pooja Singh,1996-06-29,29,Jaipur,6534047460,pooja.singh.0706@example.in,,5.0,2023-01-03
C000707,Varun Kapoor,1959-12-30,66,Lucknow,7818434489,varun.kapoor.0707@example.in,346300.0,3.0,2018-06-27
C000708,Saanvi Mishra,1997-01-16,28,Kolkata,7596622356,,794400.0,2.0,2024-12-21
C000709,Sahil Roy,1967-10-15,58,Kochi,6896107184,sahil.roy.0709@example.in,726400.0,1.0,2017-12-19
C000710,Saanvi Banerjee,2002-08-01,23,Lucknow,7247777058,saanvi.banerjee.0710@example.in,2617100.0,6.0,2020-10-08
C000711,Tanvi Das,2005-03-13,20,Jaypur,(659) 237-3534,tanvi.das.0711@example.in,1077400.0,3.0,2021-09-09
C000712,Rahul Reddy,1959-04-18,66,Hyderabad,+91 79247 78248,rahul.reddy.0712@example.in,1496300.0,7.0,2021-08-04
C000713,Sanjay Joshi,1988-07-06,37,Jaipur,8667441154,sanjay.joshi.0713@example.in,2940000.0,2.0,2017-12-06
C000714,Pranav Patel,1989-10-04,36,Bhopal,9630837733,pranav.patel.0714@example.in,494900.0,3.0,2017-08-20
C000715,Meera Subramanian,1961-10-28,64,Kolkata,8714383141,meera.subramanian.0715@example.in,327200.0,2.0,2025-05-14
C000716,Nisha Joshi,1986-05-25,39,Bengaluru,+91 94227 17633,nisha.joshi.0716@example.in,,1.0,2017-01-29
C000717,Rohan Mehta,1994-06-02,31,Bhopal,6171441168,rohan.mehta.0717@example.in,721900.0,5.0,2016-02-18
C000718,P. Tiwari,1986-10-18,39,Jaipur,,priya.tiwari.0718@example.in,452100.0,5.0,2015-09-19
C000719,Rohan Desai,1968-08-03,57,Bhopal,6994896480,rohan.desai.0719@example.in,438700.0,6.0,2021-11-19
C000720,Shreya Mehta,1984-04-14,41, Ahmedabad ,7357677207,shreya.mehta.0720@example.in,4313500.617591607,3.0,2025-12-18
C000721,Akshay Patel,1992-03-08,33,Hyderabad,8184303535,akshay.patel.0721@example.in,520900.0,,2022-04-03
C000722,Sneha Nair,1994-07-27,31,Mumbai,8701697009,sneha.nair.0722@example.in,1461100.0,2.0,2018-06-23
C000723,Sahil Iyer,1988-06-04,37,Pune,8264717921,sahil.iyer.0723@example.in,671900.0,6.0,2022-12-08
C000724,Arjun Sharma,1997-03-02,28,Chennai,6616639854,arjun.sharma.0724@example.in,,2.0,2023-05-26
C000725,Tanvi Mukherjee,1989-08-13,36,Bengaluru,6759126233,tanvi.mukherjee.0725@example.in,189400.0,3.0,2025-11-14
C000726,Varun Kulkarni,1983-07-18,42,Lucknow,7155268704,varun.kulkarni.0726@example.in,407700.0,4.0,2016-04-27
C000727,Akshay Roy,1985-12-15,40,Delhi,9201724230,akshay.roy.0727@example.in,1236600.0,6.0,2021-03-29
C000728,Sahil Nair,1995-11-02,30,Delhi,8024146348,sahil.nair.0728@example.in,786000.0,7.0,2017-01-02
C000729,Saanvi Banerjee,1973-01-17,52,Ahmedabad,6034067706,saanvibanerjee0729@example.in,336800.0,6.0,2021-12-05
C000730,Krishna Mukherjee,1995-05-24,30,Hyderabad,8392679116,krishna.mukherjee.0730@example.in,1518800.0,4.0,2021-07-15
C000731,Krishna Subramanian,1958-04-13,67,Delhi,6367758397,krishnasubramanian0731@example.in,547400.0,1.0,2021-02-17
C000732,Anika Mukherjee,1977-10-25,48, Pune ,8880010282,anika.mukherjee.0732@example.in,1447700.0,4.0,2017-01-05
C000733,Nikhil Menon,1976-05-11,49,Lucknow,(701) 571-5322,nikhil.menon.0733@example.in,,6.0,2022-07-30
C000734,Tanvi Sinha,1989-04-03,36,Bengaluru,9144648093,tanvi.sinha.0734@example.in,846900.0,3.0,2025-11-26
C000735,Ishita Bose,1958-10-21,67,Hyd,6749542519,ishita.bose.0735@example.in,600400.0,3.0,2021-09-28
C000736,Priya Singh,1969-07-24,56,Jaipur,9849366465,priya.singh.0736@example.in,815400.0,4.0,2016-07-20
C000737,Diya Banerjee,1954-04-25,71, Jaipur ,8651912284,diya.banerjee.0737@example.in,1840300.0,2.0,2020-05-30
C000738,Sahil D.,1968-01-20,57,Mumbay,8382224662,sahil.das.0738@example.in,1124400.0,4.0,2023-05-09
C000739,Rohan Singh,1986-12-02,39,Hyderabad,9136467038,rohan.singh.0739@example.in,1213500.0,1.0,2020-07-17
C000740,Anika Desai,1981-07-30,44,Pune,7878344604,anika.desai.0740@example.in,1226600.0,4.0,2016-09-22
C000741,Krishna Nair,1972-10-04,53,Pune,7567168291,krishna.nair.0741@example.in,3520300.0,2.0,2017-01-16
C000742,Ishita Bose,1956-08-14,69,Bengaluru,6126634120,ishita.bose.0742@example.in,704600.0,7.0,2021-04-05
C000743,Saanvi Iyer,1952-05-19,73,Cochin,8254630891,saanvi.iyer.0743@example.in,575500.0,6.0,2015-06-04
C000744,Meera Jain,1962-01-16,63,Kolkata,7051444236,meera.jain.0744@example.in,555900.0,1.0,2017-08-14
C000745,Saanvi Sharma,1988-01-31,37,Ahmedabad,9018766855,saanvi.sharma.0745@example.in,1048800.0,2.0,2018-01-30
C000746,Aditya Patel,1967-04-09,58,Puna,9683233712,aditya.patel.0746@example.in,1231900.0,4.0,2025-08-02
C000747,Sahil Agarwal,2005-01-11,20,Lucknow,9767308773,sahil.agarwal.0747@example.in,418900.0,2.0,2019-04-21
C000748,Varun Menon,1954-05-12,71,Mumbai,6672555113,varun.menon.0748@example.in,1355900.0,6.0,2023-07-31
C000749,Ishita Singh,1982-08-10,43,Mumbai,7369337711,ishita.singh.0749@example.in,,6.0,2021-08-02
C000750,Tanvi Jain,1994-02-02,31,Delhi, 72248-11469 ,tanvi.jain.0750@example.in,406300.0,7.0,2019-03-03
C000751,Diya Patel,1985-04-29,40,Hyderabad,6429268086,diya.patel.0751@example.in,652800.0,7.0,2021-02-15
C000752,Ishita Mukherjee,1989-12-05,36,Pune,9380653025,ishita.mukherjee.0752@example.in,561800.0,6.0,2025-01-07
C000753,Sneha Verma,1960-04-13,65,Hyderabad,7358830432,sneha.verma.0753@example.in,365300.0,5.0,2017-04-08
C000754,Sahil Roy,2001-06-03,24,Chennai,8795118768,sahil.roy.0754@example.in,534300.0,1.0,2017-06-19
C000755,Pranav Mishra,1952-03-28,73,Pune,6183484030,pranav.mishra.0755@example.in,,5.0,2023-08-14
C000756,Pranav Sinha,1988-08-01,37,Kochi,9200245218,pranav.sinha.0756@example.in,2539000.0,6.0,2022-09-27
C000757,Rohan Siha,2003-07-22,22,LUCKNOW,7941685693,rohan.sinha.0757@example.in,344700.0,4.0,2019-11-07
C000758,Mira Khan,1970-04-22,55,Bhopl,8179181849,mira.khan.0758@example.in,1915100.0,3.0,2023-11-26
C000759,Nisha Joshi,1989-07-01,36,Delhi,9484277776,nisha.joshi.0759@example.in,591300.0,4.0,2018-12-01
C000760,Krishna Banerjee,2003-02-06,22,Kolkata,7118260088,krishna.banerjee.0760@example.in,451900.0,1.0,2017-05-27
C000761,Nisha Verma,1952-12-09,73,Ahmedabad,7168764431,nisha.verma.0761@example.in,,4.0,2022-12-31
C000762,Ishaan Kulkarni,1953-05-12,72,Mumbai,9772624164,ishaan.kulkarni.0762@example.in,657100.0,7.0,2019-03-01
C000763,Tanvi Banerjee,1967-10-31,58,Mumbai,9780374327,tanvi.banerjee.0763@example.in,1887000.0,6.0,2021-07-17
C000764,Aarav Singh,1979-10-17,46,Bengaluru,9215445317,,314600.0,6.0,2020-08-20
C000765,Ishita Das,1993-10-24,32,Pune,7195221862,ishita.das.0765@example.in,1357300.0,6.0,2020-04-10
C000766,Aarav Singh,1959-08-03,66,Mumbai,7100924989,aarav.singh.0766@example.in,770700.0,6.0,2025-02-17
C000767,Ishita Subramanian,1990-05-25,35,Dilli,8036104628,ishita.subramanian.0767@example.in,1269500.0,2.0,2022-12-18
C000768,Kavya Joshi,1956-09-18,69,Mumbai,6149684355,kavya.joshi.0768@example.in,698000.0,1.0,2025-12-25
C000769,Kabir Kulkarni,1953-10-01,72,Bhopal,,kabir.kulkarni.0769@example.in,832600.0,3.0,2021-03-13
C000770,Nikhil Mishra,1992-03-03,33,Hyderabad,9962147447,nikhil.mishra.0770@example.in,886000.0,7.0,2018-03-01
C000771,Diya Shah,1993-02-17,32,Bhopal,7414279262,diya.shah.0771@example.in,195400.0,6.0,2020-02-22
C000772,Arjun Nair,1992-12-22,33,Hyderabad,7245234936,arjun.nair.0772@example.in,488100.0,2.0,2018-10-07
C000773,Aditya Khan,1993-10-19,32,Delhi,7907557574,aditya.khan.0773@example.in,749600.0,6.0,2019-12-17
C000774,Mira Tiwari,1953-08-12,72,Poona,7134587356,mira.tiwari.0774@example.in,1090800.0,6.0,2024-10-03
C000775,Rhea Mehta,1999-10-12,26,Ahmedabad,9842056793,rhea.mehta.0775@example.in,1553800.0,1.0,2025-11-20
C000776,Vikram Joshi,2001-09-30,24,Bengaluru,8343855545,vikramjoshi0776@example.in,2784400.0,5.0,2022-05-12
C000777,Tanvi Desai,1975-05-18,50,Kolkatta,9876986700,tanvi.desai.0777@example.in,276100.0,2.0,2022-11-22
C000778,Anika Patel,1952-05-28,73,Delhi,7239096632,anika.patel.0778@example.in,396900.0,1.0,2021-03-11
C000779,Ishita Das,1999-09-28,26,BENGALURU,8911568779,ishita.das.0779@example.in,111900.0,2.0,2021-10-26
C000780,Vikram Nair,1962-12-03,240,Kochi,8214405163,vikram.nair.0780@example.in,677100.0,1.0,2017-12-28
C000781,Tanvi Banerjee,1987-05-08,38,Pune,6855861752,tanvi.banerjee.0781@example.in,425000.0,6.0,2016-06-07
C000782,Diya Sinha,2005-01-31,20,MUMBAI,8950758660,diya.sinha.0782@example.in,1092400.0,,2015-02-16
C000783,Vikram Desai,1990-08-11,35,Jaypur,9232744260,vikram.desai.0783@example.in,,5.0,2018-12-04
C000784,Ishaan Shah,1990-06-09,35,Delhi,7899171396,ishaan.shah.0784@example.in,294100.0,2.0,2025-05-23
C000785,Ishaan Reddy,1956-10-12,69,Delhi,6772914081,ishaan.reddy.0785@example.in,859000.0,5.0,2017-10-11
C000786,Krishna Rao,1986-05-04,39,Delhi,9866762346,krishna.rao.0786@example.in,1326300.0,4.0,2019-05-16
C000787,Pooja Agarwal,1953-02-07,72,Kolkata,6670818057,pooja.agarwal.0787@example.in,,6.0,2020-08-23
C000788,Ishita Patel,1962-03-22,63,Bengaluru,6191084717,ishita.patel.0788@example.in,517300.0,6.0,2015-07-24
C000789,Meera Desai,1964-02-21,61,Delhi,7991826589, meera.desai.0789@example.in ,979800.0,,2023-03-12
C000790,Varun Mishra,1959-11-22,66,Hyderabad,8640609915,varun.mishra.0790@example.in,1571500.0,1.0,2015-07-11
C000791,Anika Desai,1968-02-23,57,Delhi,7190638473,anika.desai.0791@example.in,,1.0,2015-02-06
C000792,Zoya Mukherjee,1962-01-08,63,Jaipur,6692423434,zoya.mukherjee.0792@example.in,1162200.0,1.0,2018-05-18
C000793,Arjun Mishra,1979-03-08,46,Hyderabad,9120700305,arjun.mishra.0793@example.in,361700.0,2.0,2019-08-27
C000794,Kabir Gupta,1983-08-21,42,Pune,6934957167,kabir.gupta.0794@example.in,394500.0,,2019-02-10
C000795,Sneha Kulkarni,1971-12-02,54,Bengaluru,(808) 045-9980,sneha.kulkarni.0795@example.in,,3.0,2018-05-09
C000796,Krishna Mishra,1998-01-08,27, Ahmedabad ,6000366947,krishna.mishra.0796@example.in,301400.0,7.0,2018-08-02
C000797,Ishita Kulkarni,2000-05-04,25,Hyderabad,7908247186,,198800.0,3.0,2023-11-15
C000798,Krishna Nair,1958-05-24,67,Chenai,7063640914,krishna.nair.0798@example.in,461600.0,7.0,2020-12-10
C000799,Kabir Roy,1982-11-02,43,Mumbai,6490134593,kabir.roy.0799@example.in,863200.0,,2025-04-21
C000800,Aarav Roy,1958-04-22,67,Mumbai,9337095533,aarav.roy.0800@example.in,905100.0,5.0,2017-01-11
C000801,Sanjay Sen,1974-10-20,51,Delhi,6012625753,sanjay.sen.0801@example.in,412000.0,7.0,2020-07-09
C000802,Adii Banerjee,1971-05-12,54,Kochi,9029499685,aditi.banerjee.0802@example.in,315300.0,4.0,2018-04-15
C000803,Rohan Mukherjee,1976-04-18,49,Bengaluru,9424030227,rohan.mukherjee.0803@example.in,1068000.0,6.0,2021-07-05
C000804,Diya Mishra,1967-10-07,58,Jaipur,8198382686,diya.mishra.0804@example.in,,7.0,2023-03-31
C000805,Meera Joshi,1999-04-25,26,Chennai,9932057767, meera.joshi.0805@example.in ,2095800.0,7.0,2020-10-23
C000806,Rohan Sen,1963-04-26,62,Pune,8040907597,rohan.sen.0806@example.in,410200.0,2.0,2017-09-23
C000807,Saanvi Verma,1958-05-16,67,Kolkata,7991176163,saanvi.verma.0807@example.in,658200.0,4.0,2021-02-25
C000808,Nisha Singh,1978-10-17,47,Hyderabad,7536799565,nisha.singh.0808@example.in,1040000.0,6.0,2018-06-26
C000809,Pranav Jain,1983-07-01,42,Bhopal,6999716164,pranav.jain.0809@example.in,650900.0,4.0,2021-04-30
C000810,Arjun Singh,1955-09-06,70,Bhopal,7298357919,arjun.singh.0810@example.in,282500.0,3.0,2018-07-07
C000811,Kabir Jain,1977-11-07,48,Ahmedabad,91-896-623-9493,kabir.jain.0811@example.in,1834400.0,3.0,2019-07-26
C000812,Diya Khan,1958-12-09,67,Kochi,8464416981,diya.khan.0812@example.in,514000.0,6.0,2015-08-22
C000813,Arjun Sen,1970-12-10,55,Lucknow,8119297865,arjun.sen.0813@example.in,1220700.0,3.0,2021-11-06
C000814,Nisha Sinha,1957-03-03,68,Ahmedabad,8503408627,nisha.sinha.0814@example.in,403000.0,3.0,2016-05-24
C000815,Aditya Sinha,1978-05-18,47,Chennai,9347163344,aditya.sinh.0815@example.in,1229800.0,7.0,2022-04-03
C000816,Priya Rao,1991-03-20,34,Kolkata,9835482277,priya.rao.0816@example.in,561300.0,,2022-12-07
C000817,Nikhil Sinha,2000-08-31,25,Bengaluru,6453635658,nikhil.sinha.0817@example.in,2059400.0,,2017-08-30
C000818,Krishna Mukherjee,1982-03-04,43,Bhopal,8291734557,krishna.mukherjee.0818@example.in,3183200.0,1.0,2017-05-25
C000819,Rohan Jain,1957-09-06,68,Mumbai,(683) 879-3413,rohan.jain.0819@example.in,1143200.0,1.0,2022-10-02
C000820,Pranav Mehta,2003-03-08,22,Kolkata,8504251640,pranav.mehta.0820@example.in,403400.0,1.0,2022-11-03
C000821,Sahil Chandra,1986-07-18,39,Lucknow,9579931609,sahil.chandra.0821@example.in,1156800.0,1.0,2023-06-06
C000822,Sneha Jain,1995-04-17,30,Delhi,7026018159,sneha.jain.0822@example.in,564800.0,1.0,2022-06-10
C000823,Rahul Rao,1975-02-17,50,Jaipur,6787049238,rahul.rao.0823@example.in,1293100.0,2.0,2025-11-15
C000824,Ananya Bose,2000-03-10,25,Bhopal,7030030445,ananya.bose.0824@example.in,496700.0,7.0,2022-11-04
C000825,Kavya Sharma,1973-04-04,52,Poona,6631726058,kavya.sharma.0825@example.in,1673800.0,3.0,2019-12-16
C000826,Vikram Reddy,1985-10-03,40,Pune,8895177027,vikram.reddy.0826@example.in,2168600.0,6.0,2021-06-13
C000827,Zoya Bose,1996-09-21,29,Mumbai,91-930-665-5690,zoya.bose.0827@example.in,,,2018-10-23
C000828,Pooja Mehta,1955-06-23,70,Jaipur,9028207175,pooja.mehta.0828@example.in,593600.0,2.0,2018-11-28
C000829,Akshay Patel,1955-01-29,70,Jaipur,7780298874,akshay.patel.0829@example.in,466700.0,6.0,2025-09-14
C000830,Nikhil Mukherjee,1978-02-06,47,Bhopal,8043797787,nikhil.mukherjee.0830@example.in,1879200.0,4.0,2018-11-06
C000831,Zoya Jain,1985-09-12,40,Kochin,6985156021,zoya.jain.0831@example.in,615900.0,1.0,2020-04-11
C000832,Tanvi Nair,1961-07-16,64,Kolkata,8058155848,tanvi.nair.0832@example.in,1707700.0,,2016-12-24
C000833,Aditi Mukherjee,1973-01-27,52,Hyderabad,7658784335,aditi.mukherjee.0833@example.in,351900.0,1.0,2019-04-20
C000834,Pranav Jain,1978-04-15,47,Kochi,6534303237,pranav.jain.0834@example.in,944000.0,6.0,2017-01-06
C000835,Mira Gupta,1958-10-18,67,Mumbai,8777673020,mira.gupta.0835@example.in,1724400.0,3.0,2022-03-16
C000836,Varun Chandra,1953-05-31,72,Mumbai,,varun.chandra.0836@example.in,2615300.0,3.0,2025-01-19
C000837,Akshay Patel,1961-06-25,64,Delhi,6401450898,akshay.patel.0837@example.in,582800.0,1.0,2024-06-26
C000838,Aditya Chandra,1972-01-07,53,Mumbai,6706953090,aditya.chandra.0838@example.in,778800.0,1.0,2018-08-17
C000839,Saanvi Reddy,1972-09-30,53,Bhopal,91-818-412-7519,saanvi.reddy.0839@example.in,1341900.0,4.0,2017-07-26
C000840,Sneha Rao,2003-07-23,22,Pune,9004713279,sneha.rao.0840@example.in,1571700.0,1.0,2024-12-29
C000841,Aditya Verma,1960-09-27,65,Delhi,7782879627,aditya.verma.0841@example.in,371100.0,7.0,2021-04-03
C000842,Aditi Nair,1952-04-26,73,JAIPUR,8881811685,aditi.nair.0842@example.in,1902500.0,6.0,2020-07-24
C000843,Aditi Iyer,1954-02-19,71,Lucknow,7880897611,,779100.0,4.0,2017-05-03
C000844,Kabir Agarwal,1950-05-20,75,Kolkata,6501166603,kabir.agarwal.0844@example.in,405500.0,7.0,2019-05-23
C000845,Krishna Desai,1974-12-03,51,Ahmedabad,, krishna.desai.0845@example.in ,812800.0,7.0,2022-01-22
C000846,Rhea Iyer,1999-04-24,26,Bhopal,7605283929,rhea.iyer.0846@example.in,891200.0,3.0,2023-11-15
C000847,Tanvi Sinha,1962-11-27,63,Hyderabad,9810109743,tanvi.sinha.0847@example.in,822800.0,7.0,2016-03-31
C000848,Nisha Nair,1963-09-07,62,Jaipur,6841454364,nisha.nair.0848@example.in,1386200.0,3.0,2024-01-30
C000849,Shreya R.,1958-01-30,67,Hyderbad,9442002995,shreya.roy.0849@example.in,1217000.0,3.0,2020-02-04
C000850,Diya Shah,2005-04-04,20,New Delhi,8842654452,diya.shah.0850@example.in,738900.0,2.0,2022-07-02
C000851,Nisha Mukherjee,1956-08-22,69,Mumbai,6588217986,nisha.mukherjee.0851@example.in,353100.0,,2016-11-24
C000852,Zoya Verma,1977-05-24,48,Jaipur,7637872207,zoya.verma.0852@example.in,2311000.0,5.0,2023-09-25
C000853,Sanjay Tiwari,1991-04-13,34,AHMEDABAD,9993223710,sanjay.tiwari.0853@example.in,1169800.0,6.0,2025-03-25
C000854,Krisha Subramanian,1963-06-13,62,Kochi,7063561219,krishna.subramanian.0854@example.in,1036800.0,7.0,2016-05-01
C000855,Shreya Subramanian,1963-02-05,62,Kolkatta,9629628292,shreya.subramanian.0855@example.in,822800.0,2.0,2024-10-28
C000856,Pooja Rao,2001-12-17,24,MUMBAI,6417623292,pooja.rao.0856@example.in,289700.0,7.0,2021-08-27
C000857,Ishaan Banerjee,1992-07-22,33,Kolkata,6881067460,ishaan.banerjee.0857@example.in,,5.0,2023-01-17
C000858,Pooja Gupta,1953-10-13,72,Chennai,8928577634,pooja.gupta.0858@example.in,478000.0,5.0,2018-03-20
C000859,Ishita Patel,1984-07-11,41,Jaipur,9567621275,ishita.patel.0859@example.in,895900.0,7.0,2019-06-21
C000860,Shreya Verma,1967-06-05,58,Bhopal,7089766061,shreya.verma.0860@example.in,519000.0,4.0,2018-08-07
C000861,Vikram Sharma,1961-11-25,64,Kochi,7485431112,vikram.sharma.0861@example.in,486700.0,3.0,2018-03-17
C000862,Aditi Sen,2001-01-31,24,Bhopal,7158450533,aditi.sen.0862@example.in,569200.0,7.0,2015-02-03
C000863,Arjun Joshi,1966-12-27,59,Delhi,9795591846,arjun.joshi.0863@example.in,450300.0,5.0,2019-08-28
C000864,Ananya Tiwari,1972-09-27,53,Calcutta,6193786677,ananya.tiwari.0864@example.in,829100.0,5.0,2022-01-10
C000865,Kabir Kulkarni,1969-12-12,56,Mumbai,,kabir.kulkarni.0865@example.in,766800.0,6.0,2022-03-24
C000866,Arjun Sen,1984-11-29,41,Mumbai,9387831426,arjun.sen.0866@example.in,1941800.0,6.0,2024-07-25
C000867,Vikram Mukherjee,1954-01-07,71,Lucknow,9129994333,vikram.mukherjee.0867@example.in,1114100.0,3.0,2015-05-22
C000868,Tanvi Gupta,1994-11-04,31,Delhi,8216400899,tanvi.gupta.0868@example.in,383400.0,3.0,2023-06-01
C000869,Mira Das,2001-11-12,24,Lucknow,7544015979,mira.das.0869@example.in,2554200.0,1.0,2016-07-30
C000870,Pooja Sharma,1965-05-17,60,Kochi,7512627890,pooja.sharma.0870@example.in,507300.0,3.0,2023-05-19
C000871,Pranav Joshi,1955-03-20,70,Pune,8322950453,pranav.joshi.0871@example.in,,6.0,2023-09-06
C000872,Ananya Tiwari,1980-05-09,45,Kochin, 89998-09340 ,ananya.tiwari.0872@example.in,1051700.0,7.0,2020-05-12
C000873,Akshay Mehta,1990-12-17,35,Poona,6803799096,akshay.mehta.0873@example.in,,3.0,2019-02-15
C000874,Sanjay Sen,1959-04-29,66,Bengaluru,6157723041,sanjay.sen.0874@example.in,721400.0,7.0,2017-04-11
C000875,Varun Verma,1953-08-19,72,Bhopal,7444488111,varun.verma.0875@example.in,551100.0,6.0,2022-11-09
C000876,Pooja Sen,1953-08-12,72,Lucknow,7630083820,pooja.sen.0876@example.in,319400.0,3.0,2025-04-14
C000877,Mira Shah,2002-02-11,23,Lucknow,6616329782,mira.shah.0877@example.in,1399000.0,,2020-04-10
C000878,Sanjay Gupta,1983-01-29,42,Pune,9669883932,sanjay.gupta.0878@example.in,532700.0,1.0,2023-05-11
C000879,Shreya Verma,1977-05-25,48,Bengaluru,+91 83878 03203,shreya.verma.0879@example.in,1225700.0,6.0,2023-02-25
C000880,Aditi Shah,1957-05-27,68,Pune,6564360987,aditi.shah.0880@example.in,839900.0,6.0,2020-05-16
C000881,Kavya Joshi,1981-02-07,44,Bengaluru,7548689619,kavya.joshi.0881@example.in,721500.0,2.0,2025-01-12
C000882,Vikram Reddy,1993-09-18,32,Chennai,8310025769,vikram.reddy.0882@example.in,272100.0,3.0,2015-05-17
C000883,Aditya Patel,1967-06-15,58,Lakhnau,8554426463,aditya.patel.0883@example.in,787400.0,2.0,2018-10-21
C000884,Aarav Roy,1988-08-05,37,Bhopl,9002442749,aarav.roy.0884@example.in,1092900.0,3.0,2021-11-16
C000885,Arjun Mehta,1987-10-06,38,Ahmedabad,9638562274,arjun.mehta.0885@example.in,816000.0,3.0,2020-03-31
C000886,Priya Rao,1960-05-10,65,HYDERABAD,8600524255,priya.rao.0886@example.in,790600.0,4.0,2019-02-27
C000887,Ishaan Chandra,2003-10-03,22,Mumbay,6364807065,ishaan.chandra.0887@example.in,1288400.0,4.0,2019-02-26
C000888,Rohan Rao,1976-10-05,49, Lucknow ,9764010768,rohan.rao.0888@example.in,591200.0,4.0,2019-08-17
C000889,Ishita Mukherjee,1998-07-24,27,Bengaluru,,ishita.mukherjee.0889@example.in,826200.0,1.0,2024-09-17
C000890,Sanjay Chandra,1987-11-10,38, Ahmedabad ,6375967613,sanjay.chandra.0890@example.in,504900.0,4.0,2019-01-18
C000891,Shreya Joshi,1967-02-03,58, Pune ,7923002878,SHREYA.JOSHI.0891@EXAMPLE.IN,655800.0,7.0,2015-03-21
C000892,Ananya Rao,1971-04-01,54,Jaipur,9124479813,ananya.rao.0892@example.in,1850100.0,7.0,2019-11-14
C000893,Kavya Rao,1955-10-28,70,Pune,91-997-070-0228,kavya.rao.0893@example.in,662600.0,2.0,2018-07-25
C000894,Aditya Sharma,1991-07-24,34,Puna,6670661869,aditya.sharma.0894@example.in,517800.0,4.0,2019-02-19
C000895,Varun Mishra,1965-02-11,60,Lucknow,7581003032,varun.mishra.0895@example.in,461500.0,3.0,2019-04-23
C000896,Ishita Agarwal,1985-03-24,40,Ahemdabad,7312396738,ishita.agarwal.0896@example.in,398900.0,3.0,2023-01-11
C000897,Mira Kapoor,1977-03-31,48,Ahmedabad,7452196126,mira.kapoor.0897@example.in,366100.0,3.0,2021-07-16
C000898,Sanjay Joshi,1978-10-25,47,Kochi,(600) 482-8751,sanjay.joshi.0898@example.in,526400.0,1.0,2015-02-17
C000899,Nikhil Chandra,1977-04-22,48, Ahmedabad ,8230405327,nikhil.chandra.0899@example.in,292600.0,4.0,2025-04-13
C000900,Kabir Banerjee,1987-11-02,38,Hyderabad,7530592722,kabir.banerjee.0900@example.in,508900.0,7.0,2020-05-27
C000901,Shreya Mukherjee,1952-10-15,73,Pune,6370745636,shreya.mukherjee.0901@example.in,1696200.0,1.0,2016-12-18
C000902,Rahul Mukherjee,1954-05-02,71,Bengaluru,8293621063,rahul.mukherjee.0902@example.in,403200.0,1.0,2019-01-06
C000903,Aditya Menon,1973-04-27,52,Ahmedabad,6772861496,aditya.menon.0903@example.in,283400.0,6.0,2020-03-23
C000904,Arjun Khan,1997-01-06,28,Jaipur,+91 82080 31364,arjun.khan.0904@example.in,957400.0,6.0,2021-06-09
C000905,Pranav Joshi,1952-11-18,73,Kolkata,7023615035,pranav.joshi.0905@example.in,1324200.0,,2019-10-29
C000906,Sahil Kulkarni,1952-05-03,73,Delhi,7729227176,sahil.kulkarni.0906@example.in,1325600.0,2.0,2021-03-24
C000907,Ananya Chandra,1988-06-23,37,Chennai,6020360397,ananya.chandra.0907@example.in,1406400.0,6.0,2015-11-23
C000908,Mira Shah,1985-07-18,40,Jaipur,9788987224,mira.shah.0908@example.in,880100.0,2.0,2023-09-08
C000909,Anika Gupta,1971-03-22,54,Chennai,6341493603,anika.gupa.0909@example.in,661200.0,4.0,2024-11-29
C000910,Ishaan Das,1962-04-11,63,Bengaluru,6996401601,ishaan.das.0910@example.in,284700.0,2.0,2024-06-02
C000911,Diya Menon,1996-11-28,29,Jaipur,8793525132,diya.menon.0911@example.in,413800.0,7.0,2015-03-19
C000912,Nisha Iyer,2001-04-05,24,Chennai,7021495049,nisha.iyer.0912@example.in,623100.0,6.0,2019-05-18
C000913,Tanvi Mukherjee,1980-10-22,45,Kolkata,+91 98543 10249,tanvi.mukherjee.0913@example.in,1712800.0,2.0,2016-06-30
C000914,Adiya Das,1974-07-31,51,Bhopal,,aditya.das.0914@example.in,2447800.0,2.0,2018-10-04
C000915,Ishaan Roy,1969-04-09,56,Hyderabad, 69139-05325 ,ishaan.roy.0915@example.in,1340000.0,2.0,2022-03-04
C000916,Meera Tiwari,1966-10-24,59,Chennai,9226627653,,1943900.0,1.0,2022-08-11
C000917,Ananya Das,1998-04-10,27,Lucknow,6375356191,ananya.das.0917@example.in,448400.0,6.0,2023-06-13
C000918,Ananya Chandra,2000-01-24,25,Kolkata,8194413456,ananya.chandra.0918@example.in,185600.0,,2025-12-05
C000919,Priya Banerjee,1954-10-14,71,Kochi,,priya.banerjee.0919@example.in,815400.0,6.0,2020-02-24
C000920,Sneha Rao,1960-01-25,65,Kochi,91-807-604-9009,sneha.rao.0920@example.in,984900.0,7.0,2023-04-02
C000921,Priya Roy,1986-08-06,39,AHMEDABAD,+91 62342 15462,priya.roy.0921@example.in,,4.0,2023-07-25
C000922,Zoya Nair,1978-03-15,47,Hyderabad,6961371169,zoya.nair.0922@example.in,459500.0,3.0,2021-08-12
C000923,Vikram Sharma,1983-07-27,42,Jaipur,(870) 009-8739,vikram.sharma.0923@example.in,,2.0,2016-06-29
C000924,Rhea Gupta,1972-04-21,53,Kochi,,rhea.gupta.0924@example.in,327100.0,1.0,2024-04-19
C000925,Priya Rao,1996-12-04,29,Bengaluru,(800) 478-3805,priya.rao.0925@example.in,598700.0,,2015-05-04
C000926,Shreya Sinha,1993-02-07,32,Mumbay,9201298807,shreya.sinha.0926@example.in,692300.0,5.0,2024-02-10
C000927,Sahil Joshi,1955-08-17,70,Kochi,7137649256,sahil.joshi.0927@example.in,2615700.0,2.0,2025-02-16
C000928,Sneha Sinha,1984-07-15,41,Ahmedabad,7866525208,sneha.sinha.0928@example.in,808700.0,6.0,2018-06-25
C000929,Priya Menon,1972-11-10,53,Kochi,9309682060,priya.menon.0929@example.in,616300.0,2.0,2019-03-09
C000930,Anika Verma,1972-10-12,53,Kochi,7031853654,anika.verma.0930@example.in,866900.0,7.0,2016-03-06
C000931,Zoya Iyer,1970-04-29,55,Dilli,8871308477,zoya.iyer.0931@example.in,830800.0,1.0,2023-06-29
C000932,Aditi Verma,1971-08-05,54,Bhopal,9619443509,aditi.verma.0932@example.in,1278900.0,7.0,2016-11-06
C000933,Rohan Patel,1961-09-26,64,Delhi,7652883603,rohan.patel.0933@example.in,338300.0,1.0,2023-12-07
C000934,  sahil   das  ,1964-01-29,61,Ahmedabad,7735650823,sahil.das.0934@example.in,504900.0,6.0,2024-08-20
C000935,Rohan Das,1999-06-11,26,Kochi,9870236370,rohan.das.0935@example.in,3455800.0,2.0,2015-10-08
C000936,Rahul Khan,1990-10-21,35,Delhi,7473932259,rahul.khan.0936@example.in,1298000.0,2.0,2021-03-09
C000937,Shreya Sen,1970-01-19,55,Chennai, 73505-68583 ,shreya.sen.0937@example.in,2240400.0,,2016-10-15
C000938,Ishaan Sen,1992-02-11,33,Chennai ,8910621897,ishaan.sen.0938@example.in,492800.0,5.0,2020-11-08
C000939,Nikhil Verma,1962-08-24,63,Bhopal,7365399313,nikhil.verma.0939@example.in,1540700.0,6.0,2020-03-26
C000940,  sahil   banerjee  ,1960-06-25,65,Bhopl,8919922025,sahil.banerjee.0940@example.in,1119800.0,1.0,2020-05-04
C000941,Priya Nair,1958-04-17,67,Ahmedabad,91-741-113-0866,priya.nair.0941@example.in,629500.0,1.0,2024-06-22
C000942,Ishaan Joshi,1969-01-30,56,Mumbai,9847899381,not-an-email,,4.0,2025-03-05
C000943,Priya Shah,1988-06-28,37,Lucknow,9361273607,priya.shah.0943@example.in,2729600.0,,2023-06-14
C000944,Meera Sharma,2004-09-28,21,Chennai,9208354793,meera.sharma.0944@example.in,1611400.0,7.0,2019-09-02
C000945,Aarav Iyer,1980-12-19,45,Ahemdabad,7362934181,aarav.iyer.0945@example.in,284300.0,3.0,2025-11-27
C000946,Diya Kapoor,2001-04-10,24,Kolkata,7787296794,diya.kapoor.0946@example.in,,2.0,2020-10-28
C000947,Rohan Khan,1980-04-05,45,Kolkata,7160909689,rohan.khan.0947@example.in,1108900.0,3.0,2015-12-14
C000948,Rahul Patel,1979-01-16,46,CHENNAI,6017455201,rahul.patel.0948@example.in,1150300.0,7.0,2024-07-09
C000949,Kabir Agarwal,1965-02-06,60,Jaipur,7042357338,kabir.agarwal.0949@example.in,1270500.0,7.0,2016-07-09
C000950,Akshay Chandra,1995-09-23,30,Bengaluru,,akshay.chandra.0950@example.in,632500.0,6.0,2021-02-12
C000951,Aditya Patel,1959-10-02,66,Chennai,9314114600,aditya.patel.0951@example.in,679100.0,3.0,2024-08-01
C000952,Pooja Gupta,1978-07-19,47,Mumbai,7108442160,pooja.gupta.0952@example.in,2255300.0,1.0,2016-04-22
C000953,Saanvi Singh,1971-01-12,54,Kochi,6600123769,saanvi.singh.0953@example.in,797400.0,,2018-08-13
C000954,Rahul Sharma,1957-08-25,68,Bhopal,,rahul.sharma.0954@example.in,549300.0,1.0,2018-12-03
C000955,Arjun Das,2001-03-18,24,Bengaluru,6175061388,arjun.das.0955@example.in,1401500.0,2.0,2022-12-02
C000956,Mira Banerjee,2005-08-16,20,Hyderabad,7658740972,mira.banerjee.0956@example.in,562800.0,2.0,2020-06-08
C000957,  aditi   agarwal  ,1972-11-01,53,Chennai,7179802099,aditi.agarwal.0957@example.in,1069500.0,7.0,2024-10-11
C000958,Ananya Banerje,2003-08-07,22,Delhi,6614517924,ananya.banerjee.0958@example.in,955100.0,5.0,2021-09-02
C000959,Kabir Patel,1980-12-10,45,LUCKNOW,,kabir.patel.0959@example.in,1297800.0,4.0,2023-10-23
C000960,Sneha Reddy,1974-11-07,51,Kochi,9370894385,sneha.reddy.0960@example.in,344300.0,2.0,2023-10-10
C000961,Aditya Joshi,1982-10-21,43,Delhi,6136759180,adtya.joshi.0961@example.in,1585000.0,4.0,2017-05-11
C000962,Aditi Reddy,1994-11-09,31,Hyderabad,7007133917,aditi.reddy.0962@example.in,431800.0,1.0,2016-05-17
C000963,Mira Bose,1954-01-18,71,Lucknow,,mira.bose.0963@example.in,1212300.0,7.0,2019-03-18
C000964,Rohan Tiwari,1956-07-12,69,KOCHI,7615902782,rohan.tiwari.0964@example.in,1057800.0,1.0,2017-05-08
C000965,  ishaan   reddy  ,1954-01-18,71,Hyderabad,8898083788,ishaan.reddy.0965@example.in,395000.0,7.0,2016-12-20
C000966,  nikhil   shah  ,1980-10-01,45,Mumbai,6470240627,nikhil.shah.0966@example.in,,2.0,2024-05-13
C000967,Ishita Roy,1991-09-11,34,Bhopal,8128828197,ishita.roy.0967@example.in,857400.0,6.0,2016-12-16
C000968,Kavya Das,2000-05-23,25,Chennai,8262821878,kavya.das.0968@example.in,836300.0,7.0,2016-06-04
C000969,Varun Mukherjee,2003-01-26,22,Kochi,6421442036,varun.mukherjee.0969@example.in,1361000.0,3.0,2024-01-28
C000970,Tanvi Kapoor,1982-10-11,43,Bhopal,6508893565,tanvi.kapoor.0970@example.in,278800.0,1.0,2020-07-03
C000971,Arjun Khan,1998-01-30,27,Ahmedabad,6338670250,arjun.khan.0971@example.in,743200.0,2.0,2023-05-23
C000972,Aarav Rao,2002-05-05,23,Pune,9089348798,aarav.rao.0972@example.in,573200.0,5.0,2015-11-02
C000973,Diya Joshi,2005-02-05,20,Jaipur,7839233942,diya.joshi.0973@example.in,1245700.0,7.0,2017-07-02
C000974,Arjun Nair,1986-12-12,39,Bhopal,+91 66633 68753,ARJUN.NAIR.0974@EXAMPLE.IN,664000.0,5.0,2017-04-20
C000975,Sahil Singh,1985-10-02,40,Bangalore,7927289133,sahil.singh.0975@example.in,776900.0,5.0,2017-06-19
C000976,Ishaan Shah,1987-07-26,38,Hyderabad,9093923004,ishaan.shah.0976@example.in,,5.0,2019-01-24
C000977,Akshay Sharma,1998-07-08,27,Ahemdabad,9848593912,akshay.sharma.0977@example.in,326400.0,5.0,2025-04-17
C000978,Shreya Chandra,1965-10-29,60,Bengaluru,7731398570,shreya.chandra.0978@example.in,556600.0,6.0,2018-03-08
C000979,Ananya Rao,1994-01-29,31,Bengaluru,9452453984,ananya.rao.0979@example.in,1925700.0,4.0,2023-12-01
C000980,Kavya Tiwari,1955-05-19,70,Bhopal,7683796093,kavya.tiwari.0980@example.in,560300.0,3.0,2021-09-27
C000981,Arjun Tiwari,1990-11-02,35,Delhi,9144261151,arjun.tiwari.0981@example.in,1954200.0,1.0,2021-03-18
C000982,Diya Reddy,1974-02-08,51,Jaipur,9640881109,diya.reddy.0982@example.in,698400.0,4.0,2024-11-02
C000983,Mira Reddy,1967-06-07,58,Lucknow,(772) 225-0518,mira.reddy.0983@example.in,417400.0,6.0,2025-07-05
C000984,Shreya Verma,1977-04-12,48,Bengaluru,9565556575,shreya.verma.0984@example.in,629300.0,6.0,2020-04-11
C000985,Rahul Menn,1978-03-14,47,Delhi,,rahul.menon.0985@example.in,1550700.0,2.0,2020-10-08
C000986,Saanvi Desai,1972-02-27,53,Jaipur,6394128126,saanvi.desai.0986@example.in,643700.0,7.0,2016-10-20
C000987,Saanvi Rao,2004-12-03,21,Hyderabad,7188527993,saanvi.rao.0987@example.in,1878900.0,3.0,2018-02-19
C000988,Mira Chandra,1952-08-28,73,Bengaluru,9424667834,mira.chandra.0988@example.in,1816800.0,6.0,2021-09-03
C000989,Mira Chandra,1977-04-14,48,Ahemdabad,8687545123,mira.chandra.0989@example.in,533500.0,6.0,2021-06-22
C000990,Krishna Iyer,1969-04-09,56,KOCHI,6953010733,krishna.iyer.0990@example.in,1091500.0,3.0,2020-03-20
C000991,Kavya Mishra,2002-09-17,23,Mumbai,8264266639,kavya.mishra.0991@example.in,538500.0,,2021-04-29
C000992,Sahil Reddy,1998-03-11,27,Bengaluru,7958009743,sahil.reddy.0992@example.in,498100.0,5.0,2015-04-14
C000993,Nisha Reddy,1978-07-06,47,Kolkata,(681) 739-1814,nisha.reddy.0993@example.in,677900.0,7.0,2021-01-05
C000994,Diya Banerjee,1956-05-22,69,Lucknow,+91 72220 59741,diya.banerjee.0994@example.in,2186100.0,5.0,2025-06-02
C000995,Ishaan Kulkarni,1968-10-18,57,Pune,8899038787,ishaan.kulkarni.0995@example.in,1513300.0,3.0,2020-02-08
C000996,Aarav Chandra,1954-07-01,71,Bengaluru,9399158694,aarav.chandra.0996@example.in,1119000.0,7.0,2017-03-04
C000997,Anika Desai,1982-09-09,43,Mumbai,7541104666,anika.desai.0997@example.in,1176100.0,7.0,2017-12-30
C000998,Ishita Tiwari,1964-07-11,61,Mumbai,6905651198,ishita.tiwari.0998@example.in,478500.0,3.0,2022-11-19
C000999,Kabir Iyer,1992-11-03,33,Cochin,7764400624,,723300.0,4.0,2017-03-26
C001000,Kabir Mehta,1976-06-29,49, Kochi ,7579891045,,1003700.0,5.0,2016-09-29
C001001,Kabir Kulkarni,2002-11-11,23,Hyderabad,8572294741,kabir.kulkarni.1001@example.in,406500.0,6.0,2015-06-06
C001002,Shreya Patel,1954-09-13,71,Bhopal,7416162149,shreya.patel.1002@example.in,1457200.0,2.0,2025-03-11
C001003,Nikhil Rao,1989-03-10,36,Kochi,6607204555,nikhil.rao.1003@example.in,355100.0,3.0,2021-01-30
C001004,Rhea Kulkarni,1953-06-21,72,Chennai,7430777026,rhea.kulkarni.1004@example.in,783600.0,4.0,2019-04-08
C001005,Rohan Mehta,1988-12-18,37,Pune,9321804720,,1882500.0,5.0,2019-06-21
C001006,Rohan Gupta,1951-02-05,74,Lucknow,,rohan.gupta.1006@example.in,560400.0,2.0,2016-08-07
C001007,Vikram Sinha,2004-03-19,21,Ahmedabad, 73663-52089 ,vikram.sinha.1007@example.in,637400.0,4.0,2022-12-01
C001008,Diya Mehta,2003-08-05,22,Chennai,6603961226,diya.mehta.1008@example.in,657000.0,1.0,2021-01-26
C001009,Rohan Sinha,1977-06-06,48,Jaipur,8179462476,,1926500.0,3.0,2025-04-26
C001010,Mira Kulkarni,2002-02-08,23,Mumbai,7671417707,mira.kulkarni.1010@example.in,,5.0,2022-04-19
C001011,Ishaan Iyer,1992-11-25,33, Ahmedabad ,9606954304,ishaan.iyer.1011@example.in,748600.0,6.0,2020-08-09
C001012,Zoya Iyer,1998-04-29,27,Kolkata,9156248604,zoya.iyer.1012@example.in,927200.0,6.0,2016-12-27
C001013,Ishaan Singh,1965-05-21,60,Bengaluru,6729297101,ishaan.singh.1013@example.in,,4.0,2017-05-04
C001014,Shreya Agarwal,1993-01-01,32,New Delhi,7588734992,shreya.agarwal.1014@example.in,670800.0,,2017-02-11
C001015,Varun Desai,1990-10-30,35,Kochi,7899567417, varun.desai.1015@example.in ,609400.0,7.0,2020-06-07
C001016,Krishna Verma,1982-05-29,43, Mumbai ,91-607-214-4465,krishna.verma.1016@example.in,612300.0,6.0,2024-08-20
C001017,Vikram Mukherjee,1961-10-17,64,Bhopal,6050885769,vikram.mukherjee.1017@example.in,512600.0,5.0,2025-12-17
C001018,Saanvi Sinha,1986-02-05,39,Delhi,8979469327,saanvi.sinha.1018@example.in,634100.0,5.0,2024-06-05
C001019,Vikram Jain,2001-10-21,24,Hyderabad,9293276263,vikram.jain.1019@example.in,,4.0,2022-04-19
C001020,Rahul Desai,1997-11-26,28,Mumbai,8902905919,rahul.desai.1020@example.in,675000.0,1.0,2017-02-10
C001021,Saanvi Sen,1973-06-15,52,Pune,8181126016,saanvi.sen.1021@example.in,1843900.0,2.0,2021-01-09
C001022,Akshay Banerjee,1993-07-11,32,Kolkatta,6725361734,akshay.banerjee.1022@example.in,393000.0,,2024-01-19
C001023,Aditi Subramanan,2000-10-29,25,Kochi,,aditi.subramanian.1023@example.in,443700.0,7.0,2015-12-28
C001024,Rahul Reddy,1960-06-08,65,Mumbai,7400163439,rahul.reddy.1024@example.in,947400.0,,2020-02-08
C001025,Kabir Mishra,1973-08-01,52,Kochi,8730844025,kabir.mishra.1025@example.in,603400.0,2.0,2021-03-21
C001026,Sanjay Shah,1997-12-14,28,Pune,9720281047,sanjay.shah.1026@example.in,1682600.0,4.0,2018-08-27
C001027,Varun Sen,1961-12-13,64,Lucknow,9644371291,varun.sen.1027@example.in,915300.0,6.0,2018-04-20
C001028,Priya Joshi,2002-07-14,23,Bengluru,7382271008,priya.joshi.1028@example.in,1168900.0,,2021-01-03
C001029,Rhea Rao,1965-02-23,60,Mumbai,6977768936,rhea.rao.1029@example.in,194000.0,6.0,2025-07-10
C001030,Akshay Gupta,1984-02-15,41,Hyderabad,6349278267,akshay.gupta.1030@example.in,1062800.0,4.0,2024-09-29
C001031,Rahul Sharma,1992-09-27,33,Kolkata,6997241878,rahul.sharma.1031@example.in,1291800.0,7.0,2019-10-04
C001032,Sanjay Verma,1968-10-30,57,Hyderabad,+91 83081 22794,sanjay.verma.1032@example.in,370200.0,6.0,2025-10-05
C001033,Rhea Sinha,1991-10-03,34,Hyderabad,7489940822,rhea.sinha.1033@example.in,1011700.0,4.0,2020-08-16
C001034,Kavya Kapoor,1969-04-19,56,Jaipur,,kavya.kapoor.1034@example.in,,3.0,2025-04-20
C001035,Mira Menon,1994-02-25,31,Bhopal,7868916136,mira.menon.1035@example.in,,5.0,2023-01-14
C001036,Anika Roy,1973-02-16,52,Hyderabad,9917918225,anika.roy.1036@example.in,1713000.0,7.0,2015-07-01
C001037,Rohan Sinha,1992-07-15,33,Jaipur,9669728544,rohan.sinha.1037@example.in,955600.0,6.0,2020-05-20
C001038,Priya Roy,1951-01-04,74,Pune,6388882696,priya.roy.1038@example.in,324500.0,6.0,2015-03-02
C001039,Rahul Das,1988-07-16,37,Lucknow,7320185458,rahul.das.1039@example.in,168800.0,1.0,2018-08-11
C001040,Mra Mehta,1956-05-07,69,Kochi,8673824300,mira.mehta.1040@example.in,510300.0,7.0,2016-01-01
C001041,Aditya Tiwari,1954-07-18,71,Mumbay,6190634071,,1704900.0,5.0,2022-03-11
C001042,Priya Subramanian,1955-03-02,70,Mumbai,7324736228,priya.subramanian.1042@example.in,491300.0,1.0,2023-01-13
C001043,Priya Tiwari,1950-07-07,75,Kochi, 60920-71202 ,priya.tiwari.1043@example.in,,4.0,2021-03-24
C001044,Kavya Chandra,1976-12-06,49,Mumbai, 67264-63378 ,kavya.chandra.1044@example.in,404700.0,7.0,2015-05-29
C001045,Saanvi Kapoor,2000-02-01,25,Mumbai,9353969618,saanvi.kapoor.1045@example.in,872900.0,7.0,2022-10-16
C001046,Mira Singh,1998-04-03,27,Kolkata,(680) 976-9143,mira.singh.1046@example.in,632100.0,6.0,2021-12-23
C001047,Tanvi Nair,1978-06-03,47,Delhi,9034410013,tanvi.nair.1047@example.in,799600.0,,2025-01-06
C001048,Rhea Sinha,1979-05-19,46,Hyderabad,7087555448,rhea.sinha.1048@example.in,1571500.0,6.0,2025-12-22
C001049,Nikhil Das,1974-03-06,51,Pune,6342399401,nikhil.das.1049@example.in,756500.0,6.0,2019-07-09
C001050,Aditya Shah,1950-03-02,75,CHENNAI,9663814749,aditya.shah.1050@example.in,572100.0,1.0,2017-04-01
C001051,Kavya Chandra,1992-08-21,33,Madras,9685898988,kavya.chandra.1051@example.in,1007200.0,1.0,2024-10-13
C001052,Diya Desai,2004-04-26,21,Chennai,9386474451,diya.desai.1052@example.in,920700.0,1.0,2018-08-19
C001053,Akshay Agarwl,1953-03-08,72,Kochi,9511278759,akshay.agarwal.1053@example.in,1297500.0,2.0,2024-08-12
C001054,Sahil Chandra,1981-04-30,44,Lucknow,(618) 377-6907,sahil.chandra.1054@example.in,576000.0,7.0,2024-02-22
C001055,Arjun Banerjee,1986-12-03,39,Lucknow,91-738-417-2689,arjun.banerjee.1055@example.in,1871600.0,2.0,2023-07-08
C001056,Meera Jain,1988-01-10,37,Pune,8741519189,meera.jain.1056@example.in,673800.0,5.0,2018-08-30
C001057,Diya Patel,1996-01-24,29,Kochi,7693963549,diya.patel.1057@example.in,1005400.0,4.0,2019-12-03
C001058,Kavya Patel,1968-09-01,57,Delhi,6225643585,kavya.patel.1058@example.in,620700.0,4.0,2015-07-23
C001059,Nisha Sinha,1980-02-04,45,Bengaluru,9686041282,nisha.sinha.1059@example.in,2222500.0,6.0,2025-11-20
C001060,Kabir Khan,1978-09-17,47,Kolkata,6140571805,kabir.khan.1060@example.in,289500.0,,2025-04-29
C001061,Varun Mukherjee,1979-03-16,46,Bengaluru,9634972508,varun.mukherjee.1061@example.in,651000.0,2.0,2015-12-28
C001062,Pranav Chandra,2003-10-19,22,Bengaluru,7042803738,pranav.chandra.1062@example.in,607400.0,1.0,2018-12-15
C001063,Ishita Sinha,1952-08-02,73,Mumbai,9157243340,ishita.sinha.1063@example.in,1705100.0,7.0,2023-04-29
C001064,Priya Sinha,1967-12-28,58,Pune,8539017562,priya.sinha.1064@example.in,507900.0,1.0,2025-01-16
C001065,Diya Nair,1984-03-18,41,Ahmedabad,8696325933,diya.nair.1065@example.in,1441700.0,5.0,2021-04-14
C001066,Shreya Singh,2001-06-27,24,Kochi,9543980976,shreya.singh.1066@example.in,493700.0,4.0,2019-12-17
C001067,Ishaan Joshi,1952-01-23,73,Bengaluru,,ishaan.joshi.1067@example.in,1064500.0,1.0,2020-05-10
C001068,Rahul Chandra,1994-02-07,31, Ahmedabad ,8264299817,rahul.chandra.1068@example.in,610100.0,1.0,2018-05-07
C001069,Kabir Verma,1983-08-11,42,Ahmedabad,6204758869,kabir.verma.1069@example.in,1044000.0,5.0,2020-03-05
C001070,Vikram Rao,1998-06-23,27,Delhi,+91 82394 80962,vikram.rao.1070@example.in,,,2024-01-02
C001071,Zoya Kapoor,1958-07-14,67,Lucknow,7229163583,zoya.kapoor.1071@example.in,966900.0,1.0,2024-03-07
C001072,Vikram Patel,1958-04-20,67,Pune,6218374446,vikram.patel.1072@example.in,242800.0,6.0,2016-11-23
C001073,Pranav Banerjee,1992-10-06,33,Bhopal,6045155524,pranav.banerjee.1073@example.in,2791600.0,6.0,2019-03-07
C001074,Vikram Mehta,1993-01-04,32,Kolkata,9057170507,vikram.mehta.1074@example.in,2499500.0,6.0,2017-02-12
C001075,Aditi Subramanian,2002-08-23,23,PUNE,9000222063,aditi.subramanian.1075@example.in,658900.0,5.0,2025-07-05
C001076,Shreya Joshi,1986-10-30,39,Jaipur,8295811274,shreya.joshi.1076@example.in,512900.0,4.0,2023-07-09
C001077,Diya Agarwal,1974-11-27,51,Hyd,6488335316,diya.agarwal.1077@example.in,754700.0,1.0,2017-04-01
C001078,Aarav Chandra,1973-03-27,52,Kolkata,6881831881,aarav.chandra.1078@example.in,1502000.0,7.0,2021-07-03
C001079,Nisha Reddy,1981-06-26,44,Chennai,7531584926,nisha.reddy.1079@example.in,1062500.0,3.0,2017-07-13
C001080,Sahil B.,1977-10-25,48,Pune,6955640598,sahil.bose.100@example.in,460800.0,1.0,2023-12-04
C001081,Pooja Iyer,1962-12-09,63,Jaipur,6401053307,pooja.iyer.1081@example.in,2909800.0,3.0,2018-01-06
C001082,Krishna Shah,1983-08-05,42,Bhopal,9021797429,krishna.shah.1082@example.in,204600.0,,2015-04-25
C001083,Aarav Das,2005-11-13,20,Delhi,,aarav.das.1083@example.in,504400.0,3.0,2023-04-12
C001084,Ishita Sinha,1958-01-17,67,Bhopal,7168975476,ishita.sinha.1084@example.in,187400.0,3.0,2021-08-22
C001085,Pooja Mehta,1977-06-09,48,Pune,9830971661,,851300.0,1.0,2025-12-24
C001086,Shreya Mishra,1966-05-19,59,Chennai,8640563833,shreya.mishra.1086@example.in,452900.0,6.0,2025-04-02
C001087,Zoya Tiwari,1950-03-29,75,Bhopal,6059224586,zoya.tiwari.1087@example.in,1048700.0,7.0,2019-11-09
C001088,Pranav Bose,1955-11-08,70,Chennai,6396146384,pranav.bose.1088@example.in,751200.0,1.0,2024-09-08
C001089,Rohan Kulkarni,2004-07-30,21,Bhopal,9464131189,rohan.kulkarni.1089@example.in,756000.0,6.0,2024-09-29
C001090,Pranav Kapoor,2005-09-11,20,Chennai,7733499395,pranav.kapoor.1090@example.in,816900.0,6.0,2016-07-03
C001091,Saanvi Gupta,1950-01-20,75,Chenai,8251620060,saanvi.gupta.1091@example.in,427000.0,4.0,2018-12-06
C001092,  mira   das  ,2005-08-30,20,Chennai,6966767154,mira.das.1092@example.in,,5.0,2021-04-18
C001093,Rohan Sharma,1952-11-06,73,Mumbai,8078376108,rohan.sharma.1093@example.in,1224100.0,6.0,2022-01-29
C001094,Shreya Chandra,1997-11-25,28,Bhopal,7165420066,shreya.chandra.1094@example.in,258100.0,5.0,2019-10-22
C001095,Aditi Tiwari,1986-02-19,39,Pune,7424484154,aditi.tiwari.1095@example.in,1127700.0,4.0,2019-11-17
C001096,Vikram Mishra,1979-04-08,46,Delhi,8703550551,vikram.mishra.1096@example.in,,1.0,2024-05-20
C001097,Tanvi Roy,1987-04-05,38,Chennai,6759841642,tanvi.roy.1097@example.in,2593500.0,5.0,2022-03-27
C001098,Shreya Shah,1954-07-28,71,Chennai,9910136327,shreya.shah.1098@example.in,441900.0,2.0,2019-07-03
C001099,Mira Nair,1989-08-08,36,Ahmedabad,,mira.nair.1099@example.in,2082500.0,2.0,2019-10-31
C001100,Kabir Khan,2004-03-30,21,PUNE,9853540018,,803100.0,6.0,2023-01-25
C001101,Arjun Banerjee,1964-08-10,61,Kolkata,91-713-328-2742,arjun.banerjee.1101@example.in,363300.0,7.0,2024-03-12
C001102,Aditya Joshi,1979-09-28,46,Pune,7411097395,aditya.joshi.1102@example.in,,7.0,2024-06-25
C001103,Shreya Mukherjee,1966-12-30,59,Lucknow,8449732388,shreya.mukherjee.1103@example.in,2419300.0,4.0,2022-03-24
C001104,Akshay Shah,1992-12-09,33,Kochi,9291031548,akshay.shah.1104@example.in,699000.0,2.0,2022-02-20
C001105,Priya Sharma,1986-02-10,39,Delhi,6529029244,priya.sharma.1105@example.in,277300.0,5.0,2019-09-19
C001106,Arjun Jain,1989-11-18,36, Delhi ,6172071524,arjun.jain.1106@example.in,700700.0,1.0,2018-08-02
C001107,Varun Mishra,1971-03-06,54,Delhi,9417382015,varun.mishra.1107@example.in,1210800.0,3.0,2019-07-16
C001108,Aarav Banerjee,1969-01-27,56,Ahmedabad,7338071659,aarav.banerjee.1108@example.in,721900.0,3.0,2023-10-16
C001109,Aditya Roy,1996-11-04,29,Mumbai,6885328276,aditya.roy.1109@example.in,924500.0,2.0,2016-10-02
C001110,Sneha Jain,1966-05-18,59,Calcutta,6692747360,sneha.jain.1110@example.in,329100.0,2.0,2023-07-04
C001111,Zoya Singh,1973-11-02,52,Hyderabad,7255700168,zoya.singh.1111@example.in,1520700.0,7.0,2025-01-04
C001112,Kabir Kulkarni,2004-09-17,21,Jaipur,91-823-425-0703,kabir.kulkarni.1112@example.in,1425300.0,1.0,2022-06-29
C001113,Ishita Reddy,2005-02-20,20,Pune,8059956064,ishita.reddy.1113@example.in,1528100.0,2.0,2025-02-02
C001114,Nikhil Sen,1987-02-18,38,Mumbai,7796070473,nikhil.sen.1114@example.in,225000.0,3.0,2017-08-24
C001115,Kavya Sharma,2004-01-18,21,Pune,7192853942,kavya.sharma.1115@example.in,1266800.0,6.0,2017-02-02
C001116,Rahul Das,1969-04-19,56,JAIPUR,91-766-974-9800,rahul.das.1116@example.in,602600.0,3.0,2021-10-06
C001117,Aditi Chandra,2000-08-29,25,Bengaluru,6699612133,aditi.chandra.1117@example.in,238200.0,5.0,2025-02-10
C001118,Sneha Mishra,2002-12-04,23,Bhopal,,sneha.mishra.1118@example.in,1218300.0,4.0,2022-06-06
C001119,Ishaan Tiwari,1998-02-27,27,Bengaluru,91-935-960-7549,ishaan.tiwari.1119@example.in,1578900.0,2.0,2021-07-14
C001120,Mira Iyer,1964-09-07,61,Jaipur,8960953726,mira.iyer.1120@example.in,735600.0,1.0,2019-07-17
C001121,Nikhil Desai,1960-08-22,65,Chennai,9587692767,nikhil.desai.1121@example.in,571000.0,3.0,2020-08-07
C001122,Sneha Joshi,1982-07-11,43,Bengaluru,6926878113,sneha.joshi.1122@example.in,864800.0,1.0,2023-10-19
C001123,Nisha Sen,1961-05-28,64,Bengaluru,,nisha.sen.1123@example.in,295000.0,5.0,2018-01-08
C001124,Mira Agarwal,1966-03-09,59,Ahmedabad, 75041-90211 ,mira.agarwal.1124@example.in,447600.0,4.0,2020-10-16
C001125,Ananya Desai,1979-11-24,46,Lucknow,6180467484,ananya.desai.1125@example.in,1081500.0,4.0,2023-07-17
C001126,Nisha Desai,1983-07-18,42,Chennai, 67338-45376 ,nisha.desai.1126@example.in,,4.0,2017-05-31
C001127,Tanvi Nair,1968-10-26,57,Lakhnau,8466168696,tanvi.nair.1127@example.in,1083400.0,4.0,2023-10-14
C001128,Diya Desai,1966-09-29,59,Kochi,9313105814,diya.desai.1128@example.in,475700.0,7.0,2021-06-25
C001129,Saanvi Nair,1965-04-25,60,Kolkata ,91-651-627-6380,saanvi.nair.1129@example.in,570700.0,5.0,2016-09-14
C001130,Pooja Nair,1980-02-28,45,Bhopal,9107695094,pooja.nair.1130@example.in,1273500.0,4.0,2024-06-08
C001131,Zoya Reddy,1980-04-27,45,Kolkata,,zoya.reddy.1131@example.in,501200.0,1.0,2025-07-05
C001132,Vikram Agarwal,1986-07-29,39,Chennai,9276414614,vikram.agarwal.1132@example.in,592200.0,1.0,2022-01-01
C001133,Ishaan Verma,1989-08-17,36,Hyderabad,9943960661,ishaan.verma.1133@example.in,1610600.0,2.0,2019-04-22
C001134,Rohan Verma,1990-07-02,35,Delhi,+91 77420 56118,rohan.verma.1134@example.in,676500.0,5.0,2022-11-21
C001135,Arjun Das,1979-01-13,46,Ahmedabad,8506831580,arjun.das.1135@example.in,1053300.0,,2022-01-05
C001136,Zoya Verma,1985-12-13,40, Pune ,9395202593,zoya.verma.1136@example.in,,1.0,2017-01-14
C001137,Akshay Singh,1980-07-18,45, Pune ,7805552092,akshay.singh.1137@example.in,487200.0,7.0,2022-11-03
C001138,Meera Mukherjee,1958-11-03,67,Chennai,7537176801,meera.mukherjee.1138@example.in,1765400.0,,2020-06-07
C001139,Aditya Shah,1971-06-05,54,Delhi,7419713158,aditya.shah.1139@example.in,368700.0,1.0,2017-09-08
C001140,Kavya Kapoor,1967-10-11,58,Pune,7879120546,kavya.kapoor.1140@example.in,,7.0,2025-12-18
C001141,Pooja Mehta,2004-06-06,21,Chennai,6352069650,pooja.mehta.1141@example.in,1388100.0,7.0,2015-12-04
C001142,Pranav Verma,1980-01-02,45,Delhi,6613401783,pranav.verma.1142@example.in,426400.0,5.0,2024-11-24
C001143,Varun Roy,1996-12-24,29,Lucknow,91-683-662-8586,varun.roy.1143@example.in,1092700.0,7.0,2018-05-17
C001144,Shreya Banerjee,1993-04-13,32,Pune, 74404-15858 ,shreya.banerjee.1144@example.in,1048700.0,4.0,2017-01-08
C001145,Pooja Desai,1994-09-17,31,Jaipur,8283751871,pooja.desai.1145@example.in,763700.0,5.0,2016-08-26
C001146,Pranav Agarwal,1955-05-12,70,HYDERABAD,7546152932,pranav.agarwal.1146@example.in,737900.0,2.0,2019-05-29
C001147,Sahil Kapoor,1965-09-01,60,Pune,,sahil.kapoor.1147@example.in,124800.0,6.0,2019-07-24
C001148,Saanvi Chandra,1990-11-10,35,Delhi, 63572-18408 ,saanvi.chandra.1148@example.in,2364000.0,5.0,2024-07-08
C001149,Krishna Reddy,1990-04-19,35,Bengaluru,8917029944,krishna.reddy.1149@example.in,1751900.0,1.0,2016-02-16
C001150,Nisha Joshi,1988-08-28,37,Kochi,8056995827,nisha.joshi.1150@example.in,1613000.0,5.0,2015-04-23
C001151,Aditi Mukherjee,1966-09-14,59,Kolkata,9273316290,aditi.mukherjee.1151@example.in,541900.0,7.0,2022-02-08
C001152,Priya Menon,1957-11-29,68,Chennai,6888184526,priya.menon.1152@example.in,542100.0,7.0,2020-03-15
C001153,Rohan Sen,1965-11-11,60,Kochi,6166121884,rohan.sen.1153@example.in,,5.0,2015-09-07
C001154,Anika Mehta,1995-06-22,30,Bengaluru,6887477910,anika.mehta.1154@example.in,,3.0,2020-04-22
C001155,Arjun Kapoor,1966-06-08,59,Jaipur,6313957495,,228500.0,4.0,2020-02-29
C001156,Kavya Mukherjee,1967-12-28,58,Delhi,6591923064,kavya.mukherjee.1156@example.in,1014600.0,3.0,2020-02-25
C001157,Aditya Joshi,1980-02-09,45,AHMEDABAD,91-787-420-1305,aditya.joshi.1157@example.in,1215600.0,7.0,2017-12-25
C001158,Saanvi Shah,1966-07-15,59,Dilli,9703047454,saanvi.shah.1158@example.in,1488000.0,1.0,2017-04-30
C001159,Meera Joshi,1981-06-07,44,Kochi,+91 63952 53773,meera.joshi.1159@example.in,505900.0,2.0,2017-08-20
C001160,Diya Jain,1991-02-21,34,Jaipur,6162271429,diya.jain.1160@example.in,265200.0,5.0,2022-11-22
C001161,Arjun Rao,1950-04-29,75,Lucknow,+91 64769 29155,arjun.rao.1161@example.in,1834600.0,2.0,2024-10-18
C001162,Saanvi Agarwal,1962-01-25,63,Pune,6384968920,saanvi.agarwal.1162@example.in,186900.0,6.0,2025-03-25
C001163,Pooja Mehta,1980-04-04,45,Mumbai,7598409045,pooja.mehta.1163@example.in,577500.0,5.0,2020-12-03
C001164,Ishita Patel,1988-10-14,37,Lucknow,7403848111,ishita.patel.1164@example.in,,7.0,2020-12-09
C001165,Krishna Patel,1958-09-13,67,Delhi, 87373-98911 ,krishna.patel.1165@example.in,522400.0,4.0,2021-10-24
C001166,Zoya Singh,1978-09-25,47,Kolkata,9560625926,zoya.singh.1166@example.in,814200.0,4.0,2019-06-14
C001167,Nikhil Kulkarni,1960-03-19,65,Jaipur,6774042888,nikhil.kulkarni.1167@example.in,611500.0,6.0,2019-02-26
C001168,Pooja Das,1986-03-13,39,Hyderabad,(985) 456-8617,,538600.0,,2018-08-23
C001169,Rohan Gupta,1993-02-19,32,Hyderabad,6777068397,rohan.gupta.1169@example.in,322800.0,4.0,2021-01-20
C001170,Kavya Bose,1998-11-19,27,Jaipur,7655558724,kavya.bose.1170@example.in,3952800.0,6.0,2015-07-25
C001171,Rohan Sharma,1981-01-29,44, Mumbai ,9559377105,rohan.sharma.1171@example.in,1705700.0,,2016-11-05
C001172,Mira Kulkarni,1978-02-27,47,Jaipur,9914576327,mira.kulkarni.1172@example.in,2575800.0,6.0,2023-10-27
C001173,Rhea Iyer,1990-10-04,35,Mumbai,6079660346,rhea.iyer.1173@example.in,515400.0,7.0,2019-07-20
C001174,Aditi Reddy,1972-09-23,53,Kolkata,6321848256,aditi.reddy.1174@example.in,779900.0,5.0,2025-10-19
C001175,Diya Desai,1985-08-09,40,Hyderabad,9521187637,,1110800.0,1.0,2018-12-08
C001176,Krishna Mukherjee,1993-12-23,32, Lucknow ,6587895244,krishna.mukherjee.1176@example.in,905600.0,1.0,2021-05-10
C001177,Kavya Gupta,1951-03-20,74, Pune ,6031984141,kavya.gupta.1177@example.in,561100.0,5.0,2016-07-15
C001178,Rohan K.,1994-03-01,31,Pune,6441560382,rohan.kulkarni.1178@example.in,240400.0,7.0,2015-06-04
C001179,Pranav Kulkarni,1956-04-03,69,Lucknow,6440133625,pranav.kulkarni.1179@example.in,895600.0,7.0,2018-06-30
C001180,Zoya Patl,1977-03-24,48,Hyderabad,9853200478,zoya.patel.1180@example.in,945200.0,4.0,2015-11-18
C001181,Priya Das,1958-12-16,67,Mumbai,7466245380,priya.das.1181@example.in,692300.0,2.0,2025-09-04
C001182,Akshay Sharma,1965-12-16,60,Bhopal,8128713935,akshay.sharma.1182@example.in,934700.0,2.0,2019-05-11
C001183,Aarav Banerjee,1959-05-22,66,BHOPAL,7439649071,aarav.banerjee.1183@example.in,639900.0,7.0,2020-02-19
C001184,Rohan Chandra,1975-04-09,50,Kochi,8105432640,rohan.chandra.1184@example.in,212200.0,6.0,2024-10-12
C001185,Pooja Singh,1964-08-29,61,KOLKATA,(951) 688-8135,pooja.singh.1185@example.in,709100.0,1.0,2024-09-30
C001186,Varun Banerjee,1965-01-16,60,Kochi,(950) 113-7727, varun.banerjee.1186@example.in ,507900.0,5.0,2024-02-05
C001187,Diya Agarwal,1998-10-21,27,Kochi, 89775-84258 ,diya.agarwal.1187@example.in,197300.0,7.0,2019-06-07
C001188,Arjun Das,1979-06-26,46,Kolkata,9752760710,arjun.das.1188@example.in,658300.0,1.0,2022-04-16
C001189,Vikram Reddy,1961-01-09,64,Lucknow,91-652-402-1654,vikram.reddy.1189@example.in,883500.0,7.0,2018-01-01
C001190,Tanvi Chandra,1973-05-10,52,Hyderabad,9951821181,TANVI.CHANDRA.1190@EXAMPLE.IN,625600.0,2.0,2018-08-19
C001191,Zoya Menon,1981-02-04,44,Delhi,8079302175,zoya.menon.1191@example.in,,2.0,2024-05-14
C001192,Priya Sharma,1968-06-07,57,Ahmedabad,7883034771,priya.sharma.1192@example.in,442400.0,5.0,2022-06-17
C001193,Kabir Nair,1983-08-05,42,Pune,7324936343,kabir.nair.1193@example.in,297100.0,7.0,2022-12-27
C001194,Pranav Singh,1955-01-31,70,Delhi,9849950670,pranav.singh.1194@example.in,1104500.0,7.0,2021-03-05
C001195,Aditya Subramanian,1977-04-10,48,Kochi,9066079614,aditya.subramanian.1195@example.in,576500.0,4.0,2025-03-18
C001196,Aditya Mishra,1982-03-17,43,Mumbay,9901335957,aditya.mishra.1196@example.in,911700.0,3.0,2016-01-29
C001197,Shreya Roy,1963-03-29,62,Hyderabad,91-970-157-6618,shreya.roy.1197@example.in,336200.0,6.0,2019-06-26
C001198,Sneha Sinha,2001-08-13,24,Kochi,6194502238,sneha.sinha.1198@example.in,403900.0,6.0,2024-03-01
C001199,Sahil Singh,1955-02-12,70,DELHI,9742330126,sahil.singh.1199@example.in,2271300.0,7.0,2024-10-19
C001200,Sahil Subramanian,1955-07-04,70,Bengaluru,(612) 226-5616,sahil.subramanian.1200@example.in,738000.0,2.0,2025-07-23
C001201,Aditya Chandra,1980-06-19,45,Bengaluru,6844986755,aditya.chandra.1201@example.in,391500.0,1.0,2015-07-28
C001202,Sanjay Reddy,1970-05-16,55,Kolkata,7949776569,sanjay.reddy.1202@example.in,846700.0,7.0,2016-12-03
C001203,Akshay Menon,1987-12-26,38,Ahmedabad,6900943963,akshay.menon.1203@example.in,1333000.0,5.0,2022-11-24
C001204,Aarav Roy,1987-03-17,38,Jaipur,9575851689,aarav.roy.1204@example.in,2043900.0,7.0,2022-11-30
C001205,Saanvi Mukherjee,1967-05-21,58,Ahmedabad,91-743-172-5651,saanvi.mukherjee.1205@example.in,,2.0,2025-12-16
C001206,Tanvi Mukherjee,1970-10-27,55,Chennai,8812724017,tanvi.mukherjee.1206@example.in,345600.0,4.0,2024-08-23
C001207,Aditya Sharma,1962-04-25,63,Delhi,7660595932,aditya.sharma.1207@example.in,1011100.0,6.0,2020-07-13
C001208,Zoya Rao,1956-12-23,69,Lakhnau,8666771591,zoya.rao.1208@example.in,1051800.0,7.0,2022-11-18
C001209,Mira Rao,1998-03-01,27,Jaipur,7649656132,mira.rao.1209@example.in,,6.0,2020-12-23
C001210,Vikram Sinha,1994-01-28,31,Pune,7860636119,vikram.sinha.1210@example.in,907300.0,,2017-05-01
C001211,Ananya Subramanian,1980-08-11,45,Hyderabad, 70921-98561 ,ananya.subramanian.1211@example.in,1074700.0,1.0,2016-05-23
C001212,Anika Tiwari,1956-05-27,69,Kochi, 97051-78181 ,anika.tiwari.1212@example.in,850100.0,1.0,2017-11-08
C001213,Zoya Agarwal,1955-04-26,70,Lucknow,9176020199,zoya.agarwal.1213@example.in,379000.0,5.0,2019-11-11
C001214,Meera Nair,1978-02-21,47,Kochi,6299338983,meera.nair.1214@example.in,704300.0,7.0,2025-05-09
C001215,Pranav Shah,1985-05-05,40,Hyderabad,8862867479,,512100.0,1.0,2021-06-24
C001216,Akshay Agarwal,1952-12-26,73,Delhi,7215306860,akshay.agarwal.1216@example.in,1172200.0,4.0,2016-10-03
C001217,Ishita Iyer,1973-03-03,52,Chennai,8295611334,ishita.iyer.1217@example.in,1266500.0,5.0,2015-06-22
C001218,Zoya Sharma,1956-11-06,69,Lucknow,91-641-893-2063,zoya.sharma.1218@example.in,175600.0,5.0,2019-03-09
C001219,Rohan Tiwari,1973-11-30,52,Pune,6603018162,rohan.tiwari.1219@example.in,2271000.0,5.0,2016-06-29
C001220,Aditya Reddy,1952-08-16,73,Hyderabad,9883956489,aditya.reddy.1220@example.in,500600.0,,2019-02-16
C001221,Rohan Jain,1973-09-06,52,Kochi,6353172690,rohanjain1221@example.in,3348100.0,4.0,2017-02-15
C001222,Varun Mishra,2005-07-09,20,Kolkata,7164953440,,751000.0,,2015-11-20
C001223,Arjun Chandra,1950-09-04,75,Kochi,7577362057,arjun.chandra.1223@example.in,435300.0,7.0,2016-10-03
C001224,Sanjay Agarwal,1998-11-22,27,Kochi,,sanjay.agarwal.1224@example.in,1191700.0,5.0,2019-03-20
C001225,Rahul Roy,1955-03-10,70,Mumbai,6318636513,rahul.roy.1225@example.in,2277200.0,5.0,2022-04-27
C001226,Shreya Gupta,1968-11-22,57,Calcutta,+91 76877 07803,shreya.gupta.1226@example.in,458300.0,3.0,2015-11-01
C001227,Shreya Jain,1988-03-29,37,Ahmedabad,7735921619,shreya.jain.1227@example.in,1838900.0,6.0,2021-04-13
C001228,Sahil Mukherjee,1966-02-26,59,Jaipur,6584457634,sahil.mukherjee.1228@example.in,300000.0,3.0,2015-11-14
C001229,Varun Roy,1990-07-18,35,Bhopal,6102631087,varun.roy.1229@example.in,394900.0,3.0,2021-04-05
C001230,Rahul Jain,1954-04-13,71,Lucknow,9198617456,rahul.jain.1230@example.in,1303700.0,5.0,2019-10-23
C001231,Nisha Khan,1998-08-11,27,Delhi,7918513304,nisha.khan.1231@example.in,1167600.0,3.0,2018-10-25
C001232,Meera Patel,1954-11-12,71,Jaipur,8398317495,meera.patel.1232@example.in,468400.0,5.0,2025-03-05
C001233,Aditya Shah,1959-03-24,66,Bhopal,8254849802,aditya.shah.1233@example.in,578700.0,1.0,2018-05-17
C001234,Anika Mehta,1953-08-24,72,Lucknow,6110389690,anika.mehta.1234@example.in,387700.0,7.0,2016-04-21
C001235,Krishna Subramanian,1997-10-24,28,Bhopal,6700860883,krishna.subramanian.1235@example.in,620900.0,1.0,2017-01-17
C001236,Aarav Rao,1990-07-07,35,Bhopal,9613680758,aarav.rao.1236@example.in,,1.0,2021-03-26
C001237,Sahil Kulkarni,1957-08-11,68,PUNE,7049641884,sahil.kulkarni.1237@example.in,791000.0,1.0,2015-09-10
C001238,Aarav Chandra,1980-01-22,45,Jaipur,8337491313,aarav.chandra.1238@example.in,1533100.0,2.0,2022-12-31
C001239,Aarav Singh,1976-11-07,49,Ahmedabad,7478765018,aarav.singh.1239@example.in,548900.0,5.0,2024-09-25
C001240,Krishna Shah,1979-10-18,46,Lucknow,,krishna.shah.1240@example.in,574000.0,4.0,2022-02-11
C001241,Rohan Agarwal,2001-10-03,24,Ahmedabad,8196720688,,262300.0,6.0,2021-12-25
C001242,Pooja Tiwari,1954-09-04,71,Hyderabad,8973889309,pooja.tiwari.1242@example.in,2851400.0,5.0,2019-04-24
C001243,Kabir Sinha,1981-06-27,44,Kolkata,9341095601,kabir.sinha.1243@example.in,1930800.0,2.0,2020-08-14
C001244,Meera Subramanian,1972-05-18,53,Bengaluru, 91996-87371 ,meera.subramanian.1244@example.in,533100.0,3.0,2019-07-22
C001245,Tanvi Desai,2005-05-23,20,CHENNAI,91-802-654-4651,tanvi.desai.1245@example.in,,6.0,2019-08-18
C001246,Anika Joshi,1968-12-09,57,Delhi,9444394863,anika.joshi.1246@example.in,774600.0,4.0,2023-02-21
C001247,Rahul Verma,1955-06-02,70,Ahmedabad,6691105453,rahul.verma.1247@example.in,393600.0,2.0,2016-04-07
C001248,Rohan Shah,1986-02-25,39,Hyderabad,6062772879,rohan.shah.1248@example.in,182900.0,6.0,2018-12-11
C001249,Mira Khan,1964-10-18,61,Pune,9661050046,mira.khan.1249@example.in,1549500.0,4.0,2019-09-27
C001250,Kabir Sharma,1991-04-03,34,Kolkata,6929265313,kabir.sharma.1250@example.in,,1.0,2016-04-09
C001251,Ishita Sinha,1995-01-19,30,Lucknow,8986354334,ishita.sinha.1251@example.in,1531400.0,5.0,2024-12-11
C001252,Diya Subramanian,1982-10-27,43,Lucknow,7377821812,diya.subramanian.1252@example.in,652000.0,7.0,2017-05-16
C001253,Akshay Tiwari,1950-05-20,75,Delhi,8134783738,,520900.0,1.0,2016-01-28
C001254,Nikhil Jshi,1996-02-26,29,Kolkata,9021504375,nikhil.joshi.1254@example.in,987800.0,3.0,2021-12-19
C001255,Kabr Banerjee,1952-10-17,73,Hyderabad,,kabirbanerjee1255@example.in,590400.0,1.0,2020-02-20
C001256,Arjun Verma,1974-10-07,51,Chenai,6381277736,arjun.verma.1256@example.in,586500.0,1.0,2021-04-27
C001257,Nikhil Reddy,1951-04-14,74,Bombay,6597513514,nikhil.reddy.1257@example.in,510100.0,3.0,2019-09-15
C001258,Ishita Mehta,1993-08-21,32,Bengaluru,9357928267,,481500.0,5.0,2023-11-09
C001259,Rahul Menon,1977-12-27,48,Ahmedabad,6501742677,rahul.menon.1259@example.in,1765100.0,2.0,2025-06-20
C001260,Aditya Sen,1978-08-08,47,Kolkata ,7879311479,aditya.sen.1260@example.in,2091500.0,5.0,2017-09-18
C001261,Rhea Rao,1958-11-30,67,Bengaluru,91-934-363-1497,rhea.rao.1261@example.in,2217600.0,7.0,2023-03-04
C001262,Aarav Agarwal,1962-10-10,63,Kolkata,8351787346,aarav.agarwal.1262@example.in,1008100.0,4.0,2025-10-01
C001263,Sanjay Chandra,1953-05-26,72,Lucknow,+91 69538 25668,sanjay.chandra.1263@example.in,1553000.0,4.0,2015-11-12
C001264,Priya Patel,1977-09-10,48,Kochi,7115212658,priya.patel.1264@example.in,811600.0,7.0,2017-08-24
C001265,Zoya Sinha,1970-05-14,55,Jaipur,7994649490,zoya.sinha.1265@example.in,343100.0,5.0,2024-10-30
C001266,Ishita Patel,2002-04-20,23,Chennai,6655068594,ishita.patel.1266@example.in,616800.0,1.0,2020-07-24
C001267,Vikram Singh,1980-12-20,45,Bhopal,7098166052,VIKRAM.SINGH.1267@EXAMPLE.IN,299400.0,3.0,2021-02-12
C001268,Akshay Sinha,1986-09-03,39,Calcutta,8877179399,not-an-email,1189500.0,1.0,2021-09-06
C001269,Pranav Bose,1971-05-24,54,Ahmedabad,6678719128,pranav.bose.1269@example.in,822300.0,4.0,2015-01-10
C001270,Mira Sen,1973-08-05,52,Kolkata,6655465707,mira.sen.1270@example.in,618100.0,,2020-11-25
C001271,Arjun Tiwari,1970-07-01,55,Pune,(823) 586-6123,arjun.tiwari.1271@example.in,1146600.0,2.0,2024-05-08
C001272,M. Iyer,1979-01-07,46,Jaipur,6577581330,meera.iyer.1272@example.in,3532800.0,1.0,2021-07-18
C001273,Priya Gupta,1955-04-16,70,Jaipur,6531644082,priya.gupta.1273@example.in,1215100.0,2.0,2021-02-21
C001274,Arjun Sen,1980-12-18,45,Hyderabad,7279738375,arjun.sen.1274@example.in,674900.0,5.0,2015-07-26
C001275,Aarav Nair,1999-11-10,26,Delhi,,aarav.nair.1275@example.in,1115000.0,7.0,2016-12-09
C001276,Rhea Bose,1969-11-02,56,Bhopal,8569610385,rhea.bose.1276@example.in,1547800.0,4.0,2017-03-30
C001277,Aditya Joshi,1999-10-17,26,Delhi,7962953817,aditya.joshi.1277@example.in,1282600.0,3.0,2016-06-12
C001278,Krishna Gupta,1958-04-01,67,Mumbai,9821962933,krishna.gupta.1278@example.in,,7.0,2023-08-23
C001279,Rahul Joshi,1986-06-18,39,Bengaluru,8707640291,rahul.joshi.1279@example.in,601700.0,7.0,2020-01-03
C001280,Aditi G.,2003-06-17,22,Mumbai,9794025481,aditi.gupta.1280@example.in,1262700.0,7.0,2018-06-24
C001281,Aditi Chandra,1992-08-31,33,Jaypur,(850) 048-2079,aditi.chandra.1281@example.in,424800.0,7.0,2018-10-21
C001282,Akshay Subramanian,1977-11-21,48,Jaipur,8872615326,akshay.subramanian.1282@example.in,885700.0,2.0,2015-07-28
C001283,Mira Mishra,2000-09-22,25,Kolkata,7580452837,mira.mishra.1283@example.in,1029100.0,,2016-02-11
C001284,Akshay Reddy,1969-10-10,56,Bengluru,6233296381,akshay.reddy.1284@example.in,471500.0,7.0,2017-12-03
C001285,Sneha Rao,1959-07-29,66,Chennai,9267199272,sneha.rao.1285@example.in,651000.0,3.0,2016-02-03
C001286,Rhea Das,1968-07-23,57,Hyderabad,+91 84496 98379,rhea.das.1286@example.in,378000.0,7.0,2020-05-09
C001287,Rahul Chandra,1981-02-21,44,Bengaluru,9696508188,rahul.chandra.1287@example.in,,4.0,2020-03-09
C001288,Vikram Rao,1976-09-08,49,Pune,8069347228,vikram.rao.1288@example.in,,5.0,2022-06-15
C001289,Vikram Banerjee,1951-10-11,74,Pune,9173911478,vikram.banerjee.1289@example.in,486600.0,7.0,2016-07-23
C001290,Kabir Nair,1953-10-09,72,BHOPAL,8577926613,kabir.nair.1290@example.in,562400.0,4.0,2017-10-30
C001291,  kabir   agarwal  ,1954-08-08,71,Kolkata,(835) 919-3233,kabir.agarwal.1291@example.in,1137700.0,3.0,2019-06-19
C001292,Kavya Gupta,1977-04-28,48,CHENNAI,7068226982,kavya.gupta.1292@example.in,1871100.0,7.0,2023-11-18
C001293,Varun Joshi,1998-03-07,27,Kochi,8778297950,varun.joshi.1293@example.in,1679600.0,5.0,2023-10-03
C001294,Nisha Subramanian,1969-06-16,56,Kolkata,7030908451,nisha.subramanian.1294@example.in,835300.0,4.0,2025-08-22
C001295,Varun Joshi,2000-08-16,25,Bhopal,6358163971,varun.joshi.1295@example.in,887200.0,2.0,2019-12-29
C001296,Aditi Singh,1984-12-20,41,Ahmedabad,(746) 346-4976,aditi.singh.1296@example.in,1664000.0,7.0,2015-08-14
C001297,Aarav Bose,not-a-date,42,Jaipur,8760792011,aarav.bose.1297@example.in,1303300.0,3.0,2020-04-03
C001298,Ananya Chandra,1969-09-13,56,Jaipur,6209215550,ananya.chandra.1298@example.in,976300.0,1.0,2025-12-01
C001299,Meera Nair,1963-11-28,62,Bhopal,9174785450,meera.nair.1299@example.in,824200.0,1.0,2025-11-24
C001300,Priya Sinha,1977-05-27,48,Bombay,9102518086,priya.sinha.1300@example.in,1783900.0,4.0,2019-11-06
C001301,Kabir Rao,1966-05-28,59,LUCKNOW,,,394800.0,3.0,2021-05-18
C001302,Ananya Subraanian,1985-07-30,40,Chennai,9803117632,ananya.subramanian.1302@example.in,785600.0,3.0,2023-10-16
C001303,Ishaan Khan,1994-05-08,31,Pune,91-853-606-4144,ishaan.khan.1303@example.in,694500.0,3.0,2019-11-17
C001304,Kavya Chandra,1980-01-01,46,LUCKNOW,6115599663,kavya.chandra.1304@example.in,639200.0,6.0,2016-01-26
C001305,Varun Das,1994-04-05,31,Delhi,6183532358,varun.das.1305@example.in,993800.0,6.0,2022-02-22
C001306,Zoya Joshi,1959-11-10,66,Kolkata,9179623759,zoya.joshi.1306@example.in,1161300.0,1.0,2017-12-02
C001307,Mira Gupta,1983-01-07,42,Pune,8402840284,mira.gupta.1307@example.in,,6.0,2018-09-11
C001308,Isaan Bose,1957-06-05,68,Kolkata,+91 87992 30481,,865600.0,2.0,2020-06-15
C001309,Diya Khan,1958-04-18,67,Kochi,9566423024,diya.khan.1309@example.in,353200.0,7.0,2022-07-21
C001310,Rahul Kapoor,1971-09-21,54,Kolkata,7614873559,rahul.kapoor.1310@example.in,1609600.0,7.0,2015-08-27
C001311,Pooja Sharma,1974-02-15,51,Hyderabad,9367477539,pooja.sharma.1311@example.in,445100.0,5.0,2023-01-15
C001312,Sneha Jain,1985-02-25,40,Ahmedabad,9734860247,sneha.jain.1312@example.in,512900.0,1.0,2019-06-25
C001313,Kavya Subramanian,2001-10-24,24,Kochi,,kavya.subramanian.1313@example.in,1357700.0,4.0,2017-07-04
C001314,Rahul Mehta,1975-10-08,50,Mumbai,6355814287,rahul.mehta.1314@example.in,768900.0,2.0,2017-07-22
C001315,Shreya Mehta,1999-09-12,26,CHENNAI,6967889625,shreya.mehta.1315@example.in,358900.0,4.0,2020-10-15
C001316,Sanjay Banerjee,1980-04-27,45,Bengaluru,7399503774,sanjay.banerjee.1316@example.in,1124600.0,2.0,2025-01-13
C001317,Sahil Mehta,1978-05-18,47,Pune,8844704539,sahil.ehta.1317@example.in,789300.0,2.0,2023-10-07
C001318,Aditi Kulkarni,1987-08-06,38,Bhopal,7420517246,aditi.kulkarni.1318@example.in,810900.0,2.0,2016-08-22
C001319,Saanvi Tiwari,1986-08-15,39,Hyd,6908576444,saanvi.tiwari.319@example.in,403100.0,3.0,2016-02-06
C001320,Akshay Mishra,1959-11-21,66,Mumbai,7818102299,akshay.mishra.1320@example.in,1127800.0,3.0,2021-03-03
C001321,Varun Reddy,1979-11-06,46,Chennai,7207433132,varun.reddy.1321@example.in,1054400.0,1.0,2024-05-02
C001322,Vikram Banerjee,1977-02-05,48,Lucknow,8046947550,vikram.banerjee.1322@example.in,266100.0,3.0,2020-09-19
C001323,Kabir Mehta,2001-01-18,24,Bengaluru,9871065300,kabir.mehta.1323@example.in,666700.0,7.0,2021-11-06
C001324,Ishita Nair,1997-12-26,28,Lucknow,6828497661,ishita.nair.1324@example.in,,5.0,2023-02-25
C001325,Arjun Agarwal,1963-08-10,62,Lucknow,7266003035,arjun.agarwal.1325@example.in,663200.0,7.0,2025-10-11
C001326,Rohan Kulkarni,1976-04-25,49, Delhi ,8000470227,rohan.kulkarni.1326@example.in,1244700.0,6.0,2025-12-22
C001327,Ishita Mishra,1968-01-17,57,Bengaluru,7100172396,ishita.mishra.1327@example.in,,6.0,2024-09-21
C001328,Kabir Iyer,1967-03-16,58,Kochi,7155631613,kabir.iyer.1328@example.in,917200.0,6.0,2018-07-19
C001329,Mira Verma,1977-05-13,48, Lucknow ,6876634414,mira.verma.1329@example.in,1005100.0,5.0,2015-03-09
C001330,Nikhil Singh,2000-09-02,25,Bengaluru,9434906091,nikhil.singh.1330@example.in,538000.0,6.0,2020-11-19
C001331,Mira Patel,1973-11-27,52,Bhopal,,mira.patel.1331@example.in,775000.0,2.0,2015-11-27
C001332,Aarav Roy,1956-11-16,69,Kochi,6853999500,aarav.roy.1332@example.in,932400.0,1.0,2015-08-19
C001333,Diya Kulkarni,1962-10-15,63,Kochi,6630466027,diya.kulkarni.1333@example.in,474700.0,7.0,2015-03-30
C001334,Aarav Jain,1982-05-23,43,Chennai,6599070461,aarav.jain.1334@example.in,1159000.0,6.0,2021-09-18
C001335,Kabir Rao,2002-12-19,23,Hyderabad,(994) 674-3264,kabir.rao.1335@example.in,294500.0,5.0,2019-06-24
C001336,Sneha Mehta,1993-11-05,32,Kochi,8651680487,sneha.mehta.1336@example.in,,2.0,2019-03-11
C001337,Ishaan Pael,1961-12-21,64,Hyderabad,6811400377,ishaan.patel.1337@example.in,449100.0,5.0,2023-01-19
C001338,Pranav Iyer,1991-02-17,34,Bengaluru, 62067-63357 ,pranav.iyer.1338@example.in,1796400.0,1.0,2025-05-09
C001339,Ananya Mukherjee,1968-07-16,57,Chennai,91-976-107-6033,ananya.mukherjee.1339@example.in,737300.0,7.0,2020-03-23
C001340,Sneha Gupta,1992-01-28,33,Ahmedabad,6602331868,sneha.gupta.1340@example.in,672200.0,3.0,2023-12-04
C001341,Arjun Gupta,1984-06-12,41,Chennai,6196547463,arjun.gupta.1341@example.in,1795300.0,4.0,2018-06-20
C001342,Rohan Nair,1962-09-09,63,Bhopal,+91 91255 76169,rohan.nair.1342@example.in,939700.0,1.0,2019-06-02
C001343,Priya Sen,1972-11-12,53,Chennai,9891544372, priya.sen.1343@example.in ,637900.0,4.0,2017-04-29
C001344,Diya Sen,1969-04-28,56,Lucknow,6024553661,diya.sen.1344@example.in,1068600.0,2.0,2016-10-10
C001345,Ishaan Iyer,1958-12-21,67,Chennai ,9111365056,ishaan.iyer.1345@example.in,7514632.907103067,2.0,2023-10-04
C001346,Nisha Mishra,1951-01-26,74,Lucknow,9091679110,nisha.mishra.1346@example.in,1582900.0,7.0,2015-09-01
C001347,Ishaan Das,2001-01-07,24,Lucknow,7589406898,ishaan.das.1347@example.in,1995000.0,4.0,2021-04-20
C001348,Rohan Roy,1979-11-04,46,Jaipur,7516223349,rohan.roy.1348@example.in,685500.0,,2021-01-24
C001349,Aditi Sinha,2001-03-20,24,Kochi,8059045364,aditi.sinha.1349@example.in,431600.0,1.0,2025-06-10
C001350,Pranav Patel,2000-12-03,25,Lucknow,6675722338,pranav.patl.1350@example.in,1443300.0,2.0,2021-12-18
C001351,Ishaan Roy,1981-02-02,44,Bhopal,6907517130,ishaan.roy.1351@example.in,3069000.0,5.0,2018-06-30
C001352,Ishaan Rao,1953-08-13,72,Delhi,,ishaan.rao.1352@example.in,620400.0,4.0,2025-12-11
C001353,Mira Jain,1976-11-19,49,Bhopal,+91 80109 11117,,486600.0,4.0,2019-01-19
C001354,Rhea Shah,1968-03-27,57,Pune,6763881078,rhea.shah.1354@example.in,690100.0,2.0,2018-11-24
C001355,Pooja Sinha,1956-06-01,69,Bhopal,9923493189,pooja.sinha.1355@example.in,637900.0,6.0,2024-09-03
C001356,Varun Reddy,1970-12-11,55,Hyderabad,6001699953,varun.reddy.1356@example.in,735000.0,4.0,2022-05-27
C001357,Saanvi Agarwal,2005-07-06,20,Chennai,8022794624,saanvi.agarwal.1357@example.in,1047400.0,1.0,2017-06-27
C001358,Sneha Menon,1991-04-30,34,Kochi,6449078454,sneha.menon.1358@example.in,283600.0,7.0,2015-02-27
C001359,Pooja Joshi,1973-01-23,52,Mumbai,8324576847,pooja.joshi.1359@example.in,874000.0,7.0,2024-10-02
C001360,Saanvi Joshi,1950-08-29,75,Jaipur,6546152019,saanvi.joshi.1360@example.in,394600.0,5.0,2021-08-11
C001361,Priya Agarwal,1964-05-18,61,Kolkata,8302937325,priya.agarwal.1361@example.in,1022600.0,7.0,2018-08-22
C001362,Mira Banerjee,1957-02-14,68,Bengaluru,9696916844,mira.banerjee.1362@example.in,1846300.0,3.0,2015-09-28
C001363,Anika Sharma,1991-07-14,34,Pune,7933879832,anika.sharma.1363@example.in,1335600.0,5.0,2015-03-11
C001364,Kavya Das,1995-12-22,30,Pune,91-745-492-4074,kavya.das.1364@example.in,3200100.0,6.0,2023-05-20
C001365,Nikhil Verma,1984-08-23,41,Mumbai,91-827-609-5130,nikhil.verma.1365@example.in,798300.0,2.0,2017-01-24
C001366,Aditya Mehta,2005-05-24,20,Jaipur,(656) 068-1316,aditya.mehta.1366@example.in,1058800.0,1.0,2016-03-05
C001367,Sahil Sharma,1986-06-23,39,Chennai,9444466027,sahil.sharma.1367@example.in,1165500.0,1.0,2023-10-14
C001368,Aarav Bose,1994-04-02,31,Mumbai,8191068898,aarav.bose.1368@example.in,404100.0,6.0,2023-12-23
C001369,Shreya Jain,1962-06-02,63,Mumbai,9470217113,shreya.jain.1369@example.in,448400.0,4.0,2017-01-18
C001370,Ishita Agarwal,1967-02-27,58,Madras,,ishita.agarwal.1370@example.in,944600.0,4.0,2016-11-01
C001371,Saanvi Verma,1981-12-31,44,Kochi,,saanvi.verma.1371@example.in,2177700.0,6.0,2025-03-07
C001372,Kabir Das,1964-08-11,61,Hyderabad,,kabir.das.1372@example.in,,2.0,2023-04-03
C001373,Rohan Tiwari,1967-12-02,58,Ahmedabad,,rohan.tiwari.1373@example.in,1180700.0,4.0,2024-11-06
C001374,Varun Tiwari,1955-05-19,70,Bengaluru,6767567575,varun.tiwari.1374@example.in,592800.0,7.0,2020-06-21
C001375,Ishaan Roy,2000-12-11,25,Pune,8600917176,ishaan.roy.1375@example.in,656400.0,2.0,2016-09-10
C001376,Rahul Shah,1956-06-22,69,Chennai,9302254156,,2746300.0,3.0,2025-05-18
C001377,Mira Subramanian,1969-06-25,56,Chennai,9856281932,,564300.0,6.0,2024-05-17
C001378,Saanvi Menon,1961-10-30,64,Poona,91-956-122-0958,saanvi.menon.1378@example.in,1096500.0,2.0,2018-07-12
C001379,Akshay Jain,1961-02-14,64,Bombay,7536140580,akshay.jain.1379@example.in,857500.0,1.0,2025-08-10
C001380,Anika Das,1953-03-08,72, Jaipur ,+91 88832 28937,anika.das.1380@example.in,1227700.0,6.0,2025-05-12
C001381,Anika Kapoor,1957-04-19,68,Delhi,7224310573,anika.kapoor.1381@example.in,1087300.0,,2016-12-14
C001382,Diya Mehta,1966-06-02,59,Ahmedabad,6162256447,diya.mehta.1382@example.in,241400.0,3.0,2015-02-03
C001383,Mira Mishra,1983-10-06,42,Hyd,7003917354,miramishra1383@example.in,1186700.0,2.0,2016-04-29
C001384,Sahil Desai,1973-05-09,52,Hyderabad,6869389133,sahil.desai.1384@example.in,2632400.0,7.0,2018-07-31
C001385,Pooja Iyer,1959-09-12,66,Pune,6589244113,pooja.iyer.1385@example.in,,2.0,2024-10-19
C001386,Pooja Singh,1977-09-02,48,Mumbai,8023148272,pooja.singh.1386@example.in,,,2022-03-31
C001387,Nikhil Shah,1972-03-11,53,Chennai,9914695138,nikhil.shah.1387@example.in,1313100.0,3.0,2015-11-20
C001388,Pranav Tiwari,1970-07-07,55,Bengaluru,7180726211,pranav.tiwari.1388@example.in,463600.0,6.0,2025-07-05
C001389,Nikhil Patel,1956-02-15,69,Mumbai,9608450935,nikhil.patel.1389@example.in,823300.0,2.0,2019-11-15
C001390,Sanjay Tiwari,1998-03-06,27,Kochi, 90510-61770 ,sanjay.tiwari.1390@example.in,1064000.0,1.0,2020-07-19
C001391,Ananya Rao,1993-12-17,32, Bhopal ,6837782675,ananya.rao.1391@example.in,2559000.0,3.0,2020-03-06
C001392,Akshay Mehta,1953-05-22,72,Bengaluru,6554681680,akshay.mehta.1392@example.in,1704500.0,5.0,2025-05-01
C001393,Meera Tiwari,1960-06-17,65,Bhopal,(689) 203-9555,,542500.0,1.0,2022-02-13
C001394,Aditi Iyer,1990-12-29,35,HYDERABAD,6985889872,aditi.iyer.1394@example.in,1473100.0,7.0,2021-11-17
C001395,Rohan Mishra,1951-10-10,74,Kolkata,+91 79866 39083,rohan.mishra.1395@example.in,642400.0,5.0,2017-12-02
C001396,Vikram Gupta,1970-07-17,55,Lucknow,8849889546,vikram.gupta.1396@example.in,852600.0,4.0,2017-09-06
C001397,Zoya Singh,1959-06-25,66,Kochi,8171651172,zoya.singh.1397@example.in,,1.0,2015-11-27
C001398,Priya Mishra,1978-09-19,47,Mumbai,+91 74166 27382,priya.mishra.1398@example.in,803100.0,3.0,2024-03-05
C001399,Shreya Singh,1978-01-28,47,Kolkata,9676322390,shreya.singh.1399@example.in,331800.0,,2016-12-28
C001400,Priya Gupta,1972-09-02,53,Lucknow,8563611369,priya.gupta.1400@example.in,901600.0,7.0,2024-01-02
C001401,Sneha Subramanian,1976-02-14,49,Chennai,9869472870,sneha.subramanian.1401@example.in,701600.0,5.0,2020-09-23
C001402,Nisha Menon,1954-09-28,71,Mumbai,9046895664,nisha.menon.1402@example.in,810200.0,5.0,2021-04-13
C001403,Arjun Chandra,1980-10-23,45,Kochi,8467253642,arjun.chandra.1403@example.in,1370500.0,6.0,2019-02-27
C001404,Aarav Banerjee,1975-09-12,50,Mumbai,9264869885,aarav.banerjee.1404@example.in,977500.0,5.0,2022-06-17
C001405,Meera Roy,1952-03-25,73,Delhi,91-757-493-2961,meera.roy.1405@example.in,749800.0,4.0,2023-11-28
C001406,Kabir Kapoor,1959-01-12,66,Lucknow,7694779470,kabir.kapoor.1406@example.in,375100.0,3.0,2022-04-05
C001407,Aarav Agarwal,2001-06-11,24,Chenai,8448522610,,633300.0,2.0,2017-02-11
C001408,Saanvi Desai,2005-09-05,20,Ahmedabad,7584981128,saanvi.desai.1408@example.in,502800.0,2.0,2017-12-14
C001409,Kavya Banerjee,1954-05-25,71,Chennai,7745614145,kavya.banerjee.1409@example.in,217500.0,5.0,2015-02-25
C001410,Sanjay Patel,1981-02-26,44,Mumbai,6753129993,,428900.0,,2019-05-12
C001411,Kavya Das,2002-11-30,23,Kochi,9680075681,kavya.das.1411@example.in,554900.0,5.0,2025-05-11
C001412,Arjun Kulkarni,1982-12-17,43,Kolkata,6178248771,arjun.kulkarni.1412@example.in,,1.0,2019-10-30
C001413,Kavya Joshi,1968-05-20,57,Bengaluru,6908779474,kavya.joshi.1413@example.in,2034900.0,3.0,2023-06-03
C001414,Vikram Chandra,1988-05-15,37,Bengaluru,7526881088,vikram.chandra.1414@example.in,355700.0,2.0,2021-10-27
C001415,Sanjay Desai,2001-04-03,24,Lucknow,9806844588,sanjay.desai.1415@example.in,,5.0,2024-09-13
C001416,V. Iyer,1969-08-31,56,Delhi,7609092448,varun.iyer.1416@example.in,,3.0,2025-05-23
C001417,Sanjay Bose,1976-07-02,49,Kolkata,8154012018,sanjay.bose.1417@example.in,1962800.0,4.0,2022-10-24
C001418,Tanvi Tiwari,1961-02-03,64,Pune,6450642499,tanvi.tiwari.1418@example.in,717000.0,3.0,2018-08-15
C001419,Arjun Chandra,1957-01-30,68,Pune,9427961994,arjun.chandra.1419@example.in,1534900.0,3.0,2019-07-30
C001420,Shreya Sen,1962-11-11,63,Lucknow,8585947640,shreya.sen.1420@example.in,589900.0,3.0,2025-10-07
C001421,A. Das,2002-09-21,23,Jaipur,8624771685,aditya.das.1421@example.in,1078400.0,6.0,2016-12-28
C001422,Rhea Subramanian,1963-02-02,62,Ahmedabad,+91 69750 17291,rhea.subramanian.1422@example.in,7700516.796671876,3.0,2015-03-02
C001423,Nisha Menon,1979-03-16,46,Bhopal,9606381318,nisha.menon.1423@example.in,1006600.0,5.0,2021-03-21
C001424,Saanvi Roy,1957-03-11,68,Chennai,7569946095,saanvi.roy.1424@example.in,309300.0,6.0,2020-12-23
C001425,Priya Gupta,1982-01-06,43,Mumbai,8329941210,priya.gupta.1425@example.in,441900.0,3.0,2018-07-13
C001426,Zoya Gupta,1955-07-06,70,Delhi,9445478169,zoya.gupta.1426@example.in,380600.0,7.0,2018-09-13
C001427,Mira Menon,1977-01-27,48, Pune ,9532011432,mira.menon.1427@example.in,928200.0,1.0,2015-01-05
C001428,Rhea Bose,1979-01-13,46,Kochi,6500226287,rhea.bose.1428@example.in,496300.0,2.0,2025-02-01
C001429,Akshay Gupta,1979-07-25,46,Pune,(730) 853-2080,akshay.gupta.1429@example.in,1900000.0,1.0,2015-09-16
C001430,Sahil Desai,2003-01-08,22,Lucknow,6477394296,sahil.desai.1430@example.in,773700.0,7.0,2019-11-06
C001431,Kabir Banerjee,1974-10-06,51,Bengaluru,7121838750,kabir.banerjee.1431@example.in,755300.0,3.0,2018-12-28
C001432,Aarav Khan,1980-11-01,45,Bhopal,8279695000,aarav.khan.1432@example.in,28654928.752223164,2.0,2022-10-02
C001433,Meera Sen,1995-09-08,30,Lucknow,7261859012,meera.sen.1433@example.in,557800.0,6.0,2024-02-06
C001434,Aditi Nair,1998-05-25,27,Mumbai,9722272990,aditi.nair.1434@example.in,,7.0,2021-01-28
C001435,Aditi Desai,1993-04-11,32,CHENNAI,8575759544,aditi.desai.1435@example.in,2303000.0,1.0,2020-07-07
C001436,Krishna Iyer,1962-11-07,63, Ahmedabad ,9452055800,krishna.iyer.1436@example.in,690600.0,2.0,2020-12-22
C001437,Vikram Chandra,1972-01-27,53,Ahmedabad,6157316287,vikram.chandra.1437@example.in,732600.0,2.0,2025-05-26
C001438,Priya Shah,1995-11-29,30,Pune,,priya.shah.1438@example.in,1417100.0,3.0,2021-09-06
C001439,Sanjay Banerjee,1961-04-03,64,Pune,6989303913,sanjay.banerjee.1439@example.in,,5.0,2025-11-21
C001440,Anika Reddy,1973-09-19,52,Chennai,8336965447,anika.reddy.1440@example.in,818700.0,6.0,2016-11-26
C001441,Diya Chandra,1971-10-29,54,KOCHI,8173260125,diya.chandra.1441@example.in,381300.0,6.0,2021-02-19
C001442,Diya Joshi,1975-06-16,50,Bengaluru,7848955554,diya.joshi.1442@example.in,668000.0,6.0,2024-11-17
C001443,  priya   reddy  ,1963-05-03,62,Bhopal,7276791860,priya.reddy.1443@example.in,1298800.0,3.0,2021-12-30
C001444,Sanvi Mukherjee,1959-01-14,66,Jaipur,,saanvi.mukherjee.1444@example.in,1998600.0,7.0,2023-08-08
C001445,Ishaan Reddy,1966-12-04,59,Pune,8509348706,ishaan.reddy.1445@example.in,254800.0,3.0,2021-10-20
C001446,Akshay Khan,1970-09-09,55,Lucknow,91-674-824-8102,akshay.khan.1446@example.in,1133600.0,3.0,2021-12-06
C001447,Aditi Roy,1967-04-29,58,Kochi,7699753644,aditi.roy.1447@example.in,1259200.0,6.0,2015-02-21
C001448,SNEHA SINGH,1965-10-10,60,Hyderabad,7601152098,sneha.singh.1448@example.in,904700.0,4.0,2021-04-02
C001449,Saanvi Shah,1975-05-24,50,Bangalore,9911476200,saanvi.shah.1449@example.in,787900.0,2.0,2016-10-05
C001450,Priya Chandra,1974-07-24,51,Bengaluru,8453402695,,,5.0,2025-08-28
C001451,Arjun Kulkarni,1960-03-31,65,Pune,7812987356,arjun.kulkarni.1451@example.in,,6.0,2021-04-20
C001452,Ishaan Singh,1961-07-28,64,Jaipur,8697845894,ishaan.singh.1452@example.in,409300.0,3.0,2020-01-03
C001453,Krishna Kapoor,1952-11-25,73,Chennai,9975689889,krishna.kapoor.1453@example.in,556100.0,4.0,2025-04-08
C001454,Pranav Joshi,1998-04-15,27,Hyderabad,8877425528,pranav.joshi.1454@example.in,493900.0,1.0,2025-04-29
C001455,Kabir Jain,2003-12-24,22,KOLKATA,,kabir.jain.1455@example.in,1223100.0,1.0,2024-06-27
C001456,Priya Roy,1970-01-19,55,Pune,,priya.roy.1456@example.in,317800.0,6.0,2019-06-12
C001457,Zoya Mishra,1963-06-17,62,Chennai,7714625136,zoya.mishra.1457@example.in,889100.0,1.0,2019-10-16
C001458,Ishita Mishra,1979-12-13,46,Mumbai,7952705407,ishita.mishra.1458@example.in,1755200.0,,2020-10-31
C001459,Kabir Joshi,1993-04-22,32,Lucknow,7070154587,kabir.joshi.1459@example.in,919800.0,,2017-10-30
C001460,Kabir Verma,1986-03-18,39,Chennai,7959568890,kabir.verma.1460@example.in,862500.0,1.0,2018-06-18
C001461,Tanvi Kulkarni,1975-06-21,50,Chennai,7387300385,tanvi.kulkarni.1461@example.in,1866400.0,1.0,2024-09-12
C001462,Ananya Kulkarni,1961-09-02,64, Pune ,9962456194,ananya.kulkarni.1462@example.in,704100.0,5.0,2023-04-27
C001463,Sneha Subramanian,1998-12-15,27,Kolkatta,7623611668,sneha.subramanian.1463@example.in,1050700.0,3.0,2023-01-31
C001464,Shreya Kulkarni,1953-04-25,72,Kolkata,6389377998,shreya.kulkarni.1464@example.in,567400.0,5.0,2016-01-06
C001465,Ishita Khan,1966-03-22,59,Bhopal,8790442544,ishita.khan.1465@example.in,1423500.0,4.0,2021-07-30
C001466,Sanjay Gupta,1953-01-10,72,Ahmedabad,9814602015,sanjay.gupta.1466@example.in,1303600.0,3.0,2023-06-16
C001467,Kabir Singh,2002-03-10,23,Lucknow,9186809911,kabir.singh.1467@example.in,1304000.0,4.0,2021-11-17
C001468,Rhea Menon,2000-03-21,25,Kochi,91-961-893-9561,rhea.menon.1468@example.in,423900.0,2.0,2016-11-21
C001469,Akshay Reddy,1955-01-13,70,Bhopal,6969978396,akshay.reddy.1469@example.in,599200.0,7.0,2025-06-28
C001470,Mira Khan,1981-02-06,44,Pune,9419913602,mira.khan.1470@example.in,737700.0,1.0,2025-04-30
C001471,Varun Das,1953-01-12,72,Bengaluru,,varun.das.1471@example.in,405800.0,3.0,2024-09-25
C001472,Pranav Iyer,2004-04-09,21,Mumbai,+91 84161 41108,pranav.iyer.1472@example.in,379600.0,5.0,2021-07-07
C001473,Sneha Bose,1962-11-14,63,Bengaluru,6928985309,sneha.bose.1473@example.in,422100.0,7.0,2022-08-01
C001474,Ananya Roy,2005-11-03,20,Bengaluru,8086175797,ananya.roy.1474@example.in,703900.0,3.0,2018-10-09
C001475,  zoya   mishra  ,1962-09-18,63,Kolkata,9032240391,zoya.mishra.1475@example.in,807600.0,3.0,2021-08-14
C001476,Shreya Sen,1974-09-24,51,Kolkata,9356463161,shreya.sen.1476@example.in,2487300.0,,2018-11-25
C001477,Sneha Kapoor,1997-04-25,28,Ahmedabad,9745673153,sneha.kapoor.1477@example.in,,4.0,2021-05-17
C001478,Varun Rao,2003-09-24,22,Jaipur,9193656909,varun.rao.1478@example.in,650800.0,4.0,2015-07-23
C001479,Rohan Bose,1979-10-07,46,Chennai,9210862799,rohan.bose.1479@example.in,424600.0,1.0,2018-06-24
C001480,Sanjay Tiwari,1955-09-29,70,Lucknow,8584785763,sanjay.tiwari.1480@example.in,363000.0,6.0,2016-08-27
C001481,Rahul Shah,1984-02-18,41,AHMEDABAD,8946147327,rahul.shah.1481@example.in,670300.0,5.0,2024-05-31
C001482,Diya Gupta,1987-12-09,38,Mumbai,6798147052,diya.gupta.1482@example.in,884100.0,1.0,2015-01-08
C001483,Ananya Singh,1953-07-30,72,Bengaluru,7990574061,ananya.singh.1483@example.in,1489300.0,5.0,2015-07-04
C001484,Ananya Iyer,1959-11-01,66,Lucknow,7338181477,ananya.iyer.1484@example.in,1622800.0,3.0,2016-11-06
C001485,Nikhil Rao,1981-01-05,44,Bhopal,7325193541,nikhil.rao.1485@example.in,2787100.0,5.0,2015-06-30
C001486,Ishaan Mishra,1994-02-15,31,Jaipur,,ishaan.mishra.1486@example.in,1546100.0,1.0,2025-05-29
C001487,Zoya Kulkarni,1964-11-01,61,Bhopal,7365470803,zoya.kulkarni.1487@example.in,317600.0,6.0,2021-04-20
C001488,Mira Iyer,1999-06-10,26,Calcutta,8041069579,mira.iyer.1488@example.in,282600.0,4.0,2022-04-23
C001489,Kavya Bose,1951-02-09,74,Bhopal,(637) 766-9267,kavya.bose.1489@example.in,,5.0,2021-06-01
C001490,Priya Roy,1959-07-01,66,Pune,7302945806,priya.roy.1490@example.in,896900.0,3.0,2023-12-18
C001491,Pranav Gupta,1950-02-18,75,Bengaluru,9493449646,pranav.gupta.1491@example.in,4589900.0,5.0,2024-07-19
C001492,Kavya Mehta,2005-02-04,20,Puna,9203972754,kavya.mehta.1492@example.in,1885500.0,6.0,2015-09-14
C001493,Pranav Kapoor,not-a-date,40,Ahmedabad,8125614911,pranav.kapoor.1493@example.in,720500.0,7.0,2024-01-17
C001494,Mira Menon,1951-05-24,74,Kolkata,9001364354,mira.menon.1494@example.in,405200.0,4.0,2024-11-29
C001495,Anika Khan,1953-07-29,72,Bhopal,7148106767,anika.khan.1495@example.in,,5.0,2022-07-12
C001496,Diya Singh,1960-01-08,65,CHENNAI,8180302872,diya.singh.1496@example.in,497100.0,2.0,2024-11-03
C001497,Saanvi Jain,1996-10-27,29,Mumbai,,saanvi.jain.1497@example.in,948100.0,6.0,2018-01-22
C001498,Ishita Verma,1954-01-11,71,Kochi,9635839988,ishita.verma.1498@example.in,819300.0,7.0,2018-12-20
C001499,Krishna Shah,1999-03-30,26,Bengaluru, 93512-00995 ,krishna.shah.1499@example.in,592200.0,7.0,2017-09-13
C001500,Zoya Desai,1997-03-16,28,Delhi,8994090961,zoya.desai.1500@example.in,24816613.439046316,2.0,2021-10-11
C001501,K. Sen,1985-12-23,40,Bengaluru,6715930126,krishna.sen.1501@example.in,790600.0,5.0,2025-01-14
C001502,Zoya Sinha,1968-04-03,57,Ahemdabad,6883569675,zoya.sinha.1502@example.in,1907000.0,7.0,2015-12-31
C001503,Ishita Patel,2000-08-28,25,Chennai,7476830489,ishita.patel.1503@example.in,398300.0,4.0,2022-05-05
C001504,Sanjay Singh,1951-10-16,74,Cochin,9495258263,sanjay.singh.1504@example.in,521200.0,7.0,2018-09-14
C001505,Rohan Kapoor,1981-06-05,44,Ahmedabad,7418222746,rohan.kapoor.1505@example.in,,3.0,2015-06-16
C001506,Nisha Kapoor,1968-01-10,57,Ahmedabad,7681717944,nisha.kapoor.1506@example.in,691000.0,2.0,2025-03-31
C001507,Kavya Bose,1991-11-29,34,Bengaluru,91-668-394-2921,kavya.bose.1507@example.in,434700.0,3.0,2019-05-29
C001508,Sneha Gupta,1987-07-09,38,Kolkatta,9711884376,sneha.gupta.1508@example.in,1283600.0,3.0,2018-07-24
C001509,Ishaan Subramanian,1979-08-22,46,Hyderabad,7789665717,ishaan.subramanian.1509@example.in,682600.0,1.0,2022-10-17
C001510,Saanvi Patel,1954-12-16,71,Chennai,8301869796,saanvi.patel.1510@example.in,,3.0,2024-12-18
C001511,Vikram Jain,2005-11-04,20,Delhi,,vikram.jain.1511@example.in,675200.0,2.0,2025-10-19
C001512,Arjun Iyer,2001-10-09,24,Ahmedabad,8000427504,arjun.iyer.1512@example.in,923100.0,1.0,2019-11-20
C001513,Meera Sinha,1954-09-15,71,Hyd,6996244164,meera.sinha.1513@example.in,2117500.0,7.0,2025-08-10
C001514,Sneha Bose,1994-01-23,31,Hyd,6682095823,sneha.bose.1514@example.in,994100.0,,2015-11-01
C001515,Vikram Desai,1955-02-23,70,Bengaluru, 76080-84248 ,vikram.desai.1515@example.in,672800.0,7.0,2021-10-22
C001516,Saanvi Banerjee,1987-10-19,38, Bhopal ,9255477193,saanvi.banerjee.1516@example.in,996200.0,4.0,2015-01-08
C001517,Diya Nair,1965-01-30,60,Mumbai,8068261244,diya.nair.1517@example.in,776100.0,,2017-07-06
C001518,Nisha Iyer,1973-01-17,52,Ahmedabad,9013265563,nisha.iyer.1518@example.in,697400.0,5.0,2019-01-18
C001519,Rohan Sen,1999-01-03,26,Hyderabad,9968468440,rohan.sen.1519@example.in,946200.0,4.0,2021-07-14
C001520,Pooja Das,1989-09-14,36,Kochi,9590485843,pooja.das.1520@example.in,844300.0,,2020-11-30
C001521,Pooja Bose,1954-09-15,71,Mumbai,6529021416,pooja.bose.1521@example.in,,,2018-08-16
C001522,Pooja Verma,1967-12-10,58,Chennai,9890124070,pooja.verma.1522@example.in,1655300.0,6.0,2015-03-04
C001523,Ishaan Verma,1996-02-15,29,Chennai,9057340596,ishaan.verma.1523@example.in,1473000.0,,2020-07-28
C001524,Rhea Shah,1969-08-15,56,Chennai,6380219063,rhea.shah.1524@example.in,789800.0,5.0,2020-10-24
C001525,Meera Tiwari,1966-08-04,59,Bhopal,6280688556, meera.tiwari.1525@example.in ,831800.0,6.0,2017-11-23
C001526,Krishna Menon,2001-04-12,24,Delhi,6516168401,krishna.menon.1526@example.in,1252500.0,,2016-07-17
C001527,Varun Tiwari,1994-06-17,31,Delhi, 68968-94542 ,varun.tiwari.1527@example.in,387200.0,,2019-11-12
C001528,Krishna Sen,1955-12-05,70,Kolkata,8623511807,krishna.sen.1528@example.in,1317200.0,6.0,2022-06-27
C001529,Pooja Sinha,1988-09-28,37,Delhi,8096121647,pooja.sinha.1529@example.in,658500.0,,2017-06-14
C001530,Aarav Joshi,1979-05-13,46, Lucknow ,7363627659,aarav.joshi.1530@example.in,1243200.0,4.0,2022-12-12
C001531,Mira Sinha,1967-03-15,58,Kochi,7181261136,mira.sinha.1531@example.in,2565200.0,2.0,2019-12-31
C001532,Anika Menon,1986-08-07,39,MUMBAI,6359766218,anika.menon.1532@example.in,1175400.0,7.0,2022-05-14
C001533,Rohan Nair,1998-07-18,27, Mumbai ,7951782944,rohan.nair.1533@example.in,838500.0,5.0,2025-05-13
C001534,Ishaan Mehta,1951-09-14,74,Hyderabad,7915244830,ishaan.mehta.1534@example.in,706800.0,6.0,2023-06-20
C001535,Ananya Kapoor,1958-03-30,67,Kochi,7248376053,ananya.kapoor.1535@example.in,1076200.0,3.0,2018-07-11
C001536,Rohan Kapoor,1989-10-30,36,Chennai,8144246265,rohan.kapoor.1536@example.in,1677600.0,3.0,2018-01-28
C001537,Rahul Nair,1993-12-20,32,Bengaluru,6985321818,rahul.nair.1537@example.in,1168800.0,6.0,2023-07-29
C001538,Ishita Singh,1950-03-10,75,Bhopal,6307169285,ishita.singh.1538@example.in,781800.0,1.0,2023-12-11
C001539,Akshay Patel,1958-12-11,67,AHMEDABAD,7453731586,akshay.patel.1539@example.in,599100.0,3.0,2023-01-22
C001540,Mira Tiwari,1974-06-01,51,Delhi,7754395980,mira.tiwari.1540@example.in,428200.0,7.0,2023-04-12
C001541,Sneha Chandra,1998-06-08,27,Lucknow,7185443006,sneha.chandra.1541@example.in,1021700.0,6.0,2025-12-12
C001542,Rohan Banerjee,1982-07-23,43,New Delhi,7694732496,rohan.banerjee.1542@example.in,,3.0,2015-02-13
C001543,Aditi Reddy,1969-10-12,56,Bhopal,7092071716,aditi.reddy.1543@example.in,715500.0,1.0,2022-12-30
C001544,Pooja Mishra,1961-06-21,64,Bengaluru,6984914956,pooja.mishra.1544@example.in,647000.0,6.0,2025-12-31
C001545,Pooja Tiwari,1982-10-22,43,Kolkata,,pooja.tiwari.1545@example.in,324600.0,1.0,2017-10-10
C001546,Pranav Sinha,1988-02-05,37,Dilli,9638011122,pranav.sinha.1546@example.in,,1.0,2019-05-28
C001547,Nisha Tiwari,1980-11-15,45,Kolkata, 75976-26434 ,nisha.tiwari.1547@example.in,,7.0,2018-03-25
C001548,Nisha Desai,1993-11-15,32,Mumbai,8565438701,nisha.desai.1548@example.in,881100.0,5.0,2020-11-29
C001549,Zoya Kapoor,2005-10-16,20,Delhi, 91808-43430 ,zoya.kapoor.1549@example.in,367600.0,4.0,2015-04-08
C001550,Vikram Kapoor,1967-12-03,58, Bangalore ,9304523666,vikram.kapoor.1550@example.in,,5.0,2021-01-22
C001551,Meera Subramanian,2003-10-17,22, Bhopal ,9347329826,meera.subramanian.1551@example.in,771700.0,4.0,2018-12-26
C001552,Varun Iyer,1970-09-22,55,Lucknow,,varun.iyer.1552@example.in,1641300.0,5.0,2015-08-17
C001553,Ananya Mukherjee,1973-05-21,52,Hyderabad,9077238103,ananya.mukherjee.1553@example.in,,5.0,2017-03-08
C001554,Nisha Desai,1974-08-27,51,Delhi,(991) 849-5529,nisha.desai.1554@example.in,619100.0,6.0,2025-06-04
C001555,Anika Sen,1999-11-08,26,Kolkata,6674866734,anika.sen.1555@example.in,580000.0,6.0,2022-09-08
C001556,Pooja Sharma,1996-01-22,29,Delhi,+91 62991 28951,pooja.sharma.1556@example.in,1643900.0,7.0,2024-09-26
C001557,Shreya Reddy,1994-08-04,31,Pune,(904) 975-6319,shreya.reddy.1557@example.in,929300.0,4.0,2025-04-21
C001558,Diya Iyer,1969-03-18,56,Madras,9717926834,diya.iyer.1558@example.in,179400.0,4.0,2020-03-28
C001559,Kavya Khan,1996-07-27,29,Chennai,8740929174,,675200.0,6.0,2017-03-26
C001560,Ananya Roy,1974-12-10,51,Ahmedabad,,ananya.roy.1560@example.in,1223000.0,7.0,2025-04-13
C001561,Anika Tiwari,1993-06-14,32,Pune,7375583439,anika.tiwari.1561@example.in,,6.0,2017-03-16
C001562,Rohan Rao,1997-03-01,28,Delhi,,rohan.rao.1562@example.in,460300.0,7.0,2019-10-19
C001563,Saanvi Mehta,2005-08-22,20,Hyderabad,7103726711,saanvi.mehta.1563@example.in,591200.0,5.0,2022-01-21
C001564,Pranav K.,1995-12-06,30,Ahmedabad,8652714354,pranav.kulkarni.1564@example.in,521900.0,3.0,2021-06-27
C001565,Vikram Sen,1955-09-01,70, Ahmedabad ,(702) 456-9843,vikram.sen.1565@example.in,522000.0,7.0,2025-06-17
C001566,Nisha Gupta,1972-08-31,53,Ahmedabad,9635266164,nisha.gupta.1566@example.in,685500.0,5.0,2015-08-10
C001567,Varun Iyer,1988-02-07,37,Bhopal,6041589385,varun.iyer.1567@example.in,1407100.0,2.0,2018-02-01
C001568,Pranav Kulkarni,1964-09-18,61,Lucknow,8097001320,pranav.kulkarni.1568@example.in,2558300.0,6.0,2022-05-06
C001569,Rhea Shah,1976-12-19,49,Pune,7708500185,rhea.shah.1569@example.in,549300.0,3.0,2020-09-28
C001570,Pranav Iyer,1967-07-03,58,Kolkata ,7765754899,pranav.iyer.1570@example.in,603300.0,5.0,2025-11-09
C001571,Rohan Sinha,1957-02-10,68,Jaipur,6628328757,rohan.sinha.1571@example.in,314800.0,4.0,2020-04-03
C001572,Sanjay Subramanian,1975-08-06,50,BHOPAL,9724734959,sanjay.subramanian.1572@example.in,1258400.0,2.0,2023-02-21
C001573,Nikhil Rao,2000-11-26,25,Calcutta,6124748603,nikhil.rao.1573@example.in,,,2016-09-20
C001574,Diya Kulkarni,1952-10-27,73,Lucknow,,diya.kulkarni.1574example.in,418600.0,6.0,2019-11-19
C001575,Rohan Verma,1984-09-22,41,Delhi,9420227185,rohan.verma.1575@example.in,627100.0,3.0,2020-02-11
C001576,Nisha Nair,1950-05-13,75,BENGALURU,8532616688,nisha.nair.1576@example.in,2050400.0,1.0,2016-06-09
C001577,Rahul Sen,1985-03-17,40,Chenai,7492139467,rahul.sen.1577@example.in,620900.0,2.0,2021-12-30
C001578,Rhea Mukherjee,2005-08-05,20,Lucknow,6992275464,rhea.mukherjee.1578@example.in,1930400.0,4.0,2022-03-06
C001579,Sneha Rao,1958-12-12,67,Delhi,,sneha.rao.1579@example.in,1871200.0,7.0,2017-08-24
C001580,Saanvi Jain,1978-01-12,47,MUMBAI,8768195981,saanvi.jain.1580@example.in,499300.0,1.0,2017-03-10
C001581,Vikram Kulkarni,1984-11-05,41,Bhopal,7291305693,vikram.kulkarni.1581@example.in,985100.0,,2016-06-30
C001582,Meera Klkarni,1976-09-22,49,Delhi,6118330684,meera.kulkarni.1582@example.in,1010400.0,4.0,2020-12-21
C001583,Aditi Desai,1994-08-16,31,Hyderabad,7516765266,aditi.desai.1583@example.in,1127600.0,4.0,2021-08-30
C001584,Sneha Sinha,1984-10-18,41,Ahmedabad, 65330-62362 ,snehasinha1584@example.in,,5.0,2016-01-04
C001585,Ishita Das,1957-12-24,68,Kolkata,8766514479,ishita.das.1585@example.in,1647500.0,7.0,2019-01-03
C001586,Sneha Sen,1957-10-12,68,Jaipur,6092413731,sneha.sen.1586@example.in,322900.0,,2024-01-03
C001587,Priya Agarwal,1987-09-29,38,Lucknow,9476842886,priya.agarwal.1587@example.in,608700.0,3.0,2021-11-29
C001588,Ananya Mehta,1964-09-09,61,Lucknow,7045017687,ananya.mehta.1588@example.in,676000.0,4.0,2021-03-24
C001589,Pranav Kulkarni,1962-02-15,63,Kochi,7865382053,pranav.kulkarni.1589@example.in,799400.0,1.0,2017-05-23
C001590,Diya Chandra,1954-08-11,71,Ahmedabad,,diya.chandra.1590@example.in,257300.0,7.0,2018-09-28
C001591,Kavya Gupta,1972-06-04,53,Jaipur,7296921639,kavya.gupta.1591@example.in,880700.0,5.0,2024-04-27
C001592,Rahul Sinha,1994-12-20,31,Kolkata, 99083-59847 ,,1921800.0,5.0,2017-07-31
C001593,Tanvi Singh,1954-12-01,71,Bhopal,,tanvi.singh.1593@example.in,1668600.0,5.0,2018-12-07
C001594,Sanjay Rao,2000-10-20,25,Kochi,6152017623,sanjay.rao.1594@example.in,1072700.0,1.0,2021-10-04
C001595,Rohan Bose,1973-07-03,52, Kochi ,6921053234,rohan.bose.1595@example.in,255200.0,1.0,2022-07-12
C001596,Zoya Rao,1965-10-11,60,Bengaluru,8022768483,zoya.rao.1596@example.in,140100.0,6.0,2025-06-02
C001597,Varun Rao,1971-12-23,54,Jaipur,+91 69785 23212,varun.rao.1597@example.in,544400.0,7.0,2025-06-07
C001598,Arjun Mukherjee,1975-08-05,50,Bhopal,8884768301,arjun.mukherjee.1598@example.in,1049400.0,3.0,2025-01-02
C001599,Priya Nair,1952-08-11,73,Delhi,(795) 244-0680,priya.nair.1599@example.in,771300.0,3.0,2021-11-08
C001600,Sanjay Kulkarni,1953-02-22,72,Lucknow,8049292322,sanjay.kulkarni.1600@example.in,1551800.0,1.0,2017-06-24
C001601,Diya Desai,1985-05-19,40,Jaipur,8004204167,,831800.0,1.0,2025-10-18
C001602,Nikhil Bose,2005-06-02,20,Bengaluru,7724534502,nikhil.bose.1602@example.in,,7.0,2020-03-07
C001603,Sahil Mishra,1999-06-06,26,Ahmedabad,7445667730,sahil.mishra.1603@example.in,910400.0,3.0,2017-03-29
C001604,Vikram Kapoor,1986-11-26,39,Kochi,6903480262,vikram.kapoor.1604@example.in,1885000.0,4.0,2020-09-03
C001605,Ananya Gupta,1986-10-22,39,Bengaluru,9076378162,ananya.gupta.1605@example.in,1735600.0,5.0,2016-02-01
C001606,AARAV KULKARNI,1980-08-07,45,Bengaluru,8948735892,aarav.kulkarni.1606@example.in,1051500.0,5.0,2022-09-25
C001607,Nikhil Mukherjee,1982-03-17,43,Pune,8732873831,nikhil.mukherjee.1607@example.in,639800.0,5.0,2021-12-26
C001608,Aditi Iyer,1952-02-09,73,Bhopal,7554672133,aditi.iyer.1608@example.in,258900.0,7.0,2019-04-05
C001609,Rohan Bose,1960-07-31,65,Bengaluru,6099159920,rohan.bose.1609@example.in,1796800.0,1.0,2023-02-28
C001610,Aarav Menon,2004-05-06,21,Bhopal,7186071705,aarav.menon.1610@example.in,,1.0,2025-10-20
C001611,Varun Khan,1999-07-21,26,KOCHI,9036882985,varun.khan.1611@example.in,2299500.0,5.0,2019-02-14
C001612,Zoya Khan,1992-12-06,33,New Delhi,8496555865,zya.khan.1612@example.in,,4.0,2021-06-11
C001613,Ishita Gupta,1989-02-13,36,Kochi, 93126-47714 ,ishita.gupta.1613@example.in,788800.0,4.0,2018-10-06
C001614,Krishna Das,1976-12-30,49,Pune,7834262543,krishna.das.1614@example.in,1372600.0,3.0,2018-06-18
C001615,Priya Menon,1954-12-04,71,Kochi,6490869415,priya.menon.1615@example.in,246300.0,5.0,2016-11-18
C001616,Ishita Mehta,1985-03-30,40,Bengaluru,+91 60858 98133,ishita.mehta.1616@example.in,952100.0,2.0,2015-11-12
C001617,Sneha Banerjee,2005-05-27,20,Kochi,8133101922,sneha.banerjee.1617@example.in,994500.0,6.0,2018-06-06
C001618,Aditi Mukherjee,1969-01-10,56,Lucknow,9656801955,aditi.mukherjee.1618@example.in,507700.0,7.0,2016-04-19
C001619,Ishita Patel,1976-04-14,49,Chennai,9727159065,ishita.patel.1619@example.in,1130500.0,5.0,2015-01-04
C001620,Rohan Singh,1976-11-01,49,Lucknow,8938039450,rohan.singh.1620@example.in,440900.0,7.0,2019-01-16
C001621,Ishaan Sharma,2003-08-17,22,Hyderabad,9917391762,ishaan.sharma.1621@example.in,3683100.0,4.0,2021-08-07
C001622,Rhea Agarwal,1984-01-05,41,Mumbai,7233143721,rhea.agarwal.1622@example.in,251400.0,2.0,2022-02-01
C001623,Arjun Menon,1995-01-15,30,Kolkata,8834081113,arjun.menon.1623@example.in,715400.0,,2022-05-10
C001624,Aaav Iyer,1999-05-27,26,Delhi,,aarav.iyer.1624@example.in,828400.0,6.0,2020-10-05
C001625,Aditi Mishra,1959-01-16,66,Puna,6156149535,aditi.mishra.1625example.in,161200.0,3.0,2025-03-15
C001626,Aditya Kulkarni,1977-01-06,48,Kolkata,9249805275,aditya.kulkarni.1626@example.in,654500.0,1.0,2022-06-27
C001627,Ananya Menon,1998-11-17,27,Jaipur,8928531151,ananya.menon.1627@example.in,2355400.0,4.0,2015-04-19
C001628,Arjun Mukherjee,1988-03-02,37,Lucknow,9616569468,arjun.mukherjee.1628@example.in,2287600.0,7.0,2019-02-05
C001629,Kabir Jain,2001-02-11,24,Lucknow,91-873-408-0329,kabir.jain.1629@example.in,528700.0,6.0,2019-08-06
C001630,Rahul Rao,1975-08-24,50,Lucknow,8218349599,rahul.rao.1630@example.in,1348100.0,1.0,2024-11-05
C001631,  zoya   gupta  ,1959-10-09,66,Kolkata,7281902211,zoya.gupta.1631@example.in,455600.0,1.0,2022-04-11
C001632,Sahil Banerjee,1986-03-30,39,Kolkata,,sahil.banerjee.1632@example.in,565400.0,5.0,2020-07-02
C001633,Ananya Verma,1981-10-05,44,Jaipur,91-913-912-6502,ananya.verma.1633@example.in,374800.0,6.0,2022-12-03
C001634,Rhea Shah,1963-03-29,62,Delhi,9463151607,rhea.shah.1634@example.in,1422100.0,,2023-09-05
C001635,Anika Nair,2000-10-04,25,Chennai,6278569150,anika.nair.1635@example.in,949200.0,5.0,2024-03-06
C001636,Diya Jain,1996-10-19,29,Jaipur,6723565456,diya.jain.1636@example.in,591400.0,7.0,2024-04-29
C001637,Ishaan Rao,1982-03-22,43,Kolkata,7786830498,ishaan.rao.1637@example.in,749900.0,1.0,2025-02-09
C001638,Krishna Reddy,1984-07-23,41,Kolkata,9658008190,krishna.reddy.1638@example.in,66709170.657739654,,2023-05-21
C001639,Vikram Rao,1998-10-09,27,Kochi,7959392965,vikram.rao.1639@example.in,1602900.0,5.0,2017-02-13
C001640,Nisha Chandra,2003-01-11,22,Kochi,6100214071,nisha.chandra.1640@example.in,858400.0,6.0,2016-06-05
C001641,Pooja Joshi,1966-01-30,59, Bangalore ,9979841851,pooja.joshi.1641@example.in,214800.0,7.0,2019-01-27
C001642,Pranav Singh,1961-07-13,64,Hyderabad,8056721462,pranav.singh.1642@example.in,723000.0,4.0,2021-09-17
C001643,Priya Mishra,1988-02-21,37, Mumbai ,8124692796,priya.mishra.1643@example.in,1295400.0,1.0,2015-11-25
C001644,Ishita Kapoor,1977-02-11,48,Delhi,9038569585,ishita.kapoor.1644@example.in,392200.0,3.0,2024-09-12
C001645,Ishita Sinha,1988-05-04,37,Bhopl,9057105567,ishita.sinha.1645@example.in,2633900.0,7.0,2025-03-22
C001646,Sahil Singh,1996-09-03,29,Jaipur,9531678771,sahil.singh.1646@example.in,1006000.0,6.0,2015-09-06
C001647,Ananya Menon,1956-03-07,69,Hyderabad,,ananya.menon.1647@example.in,,4.0,2018-12-26
C001648,Sahil Rao,1960-01-02,65,Kolkata,6787998674,sahil.rao.1648@example.in,3979200.0,4.0,2017-02-11
C001649,Meera Chandra,1984-02-23,41,Jaipur,6910736695,meera.chandra.1649@example.in,1178100.0,4.0,2020-11-30
C001650,Rohan Singh,1962-12-15,63,Ahmedabad,9407636723,rohan.singh.1650@example.in,638800.0,6.0,2019-06-02
C001651,Krishna Verma,1981-09-24,44,KOLKATA,9045846954,krishna.verma.1651@example.in,,,2018-03-23
C001652,Nisha Nair,1976-02-25,49,Delhi,8836871120,nisha.nair.1652@example.in,373000.0,5.0,2015-10-05
C001653,Zoya Nair,1983-03-09,42,Poona,6832958946,zoya.nair.1653@example.in,439300.0,3.0,2018-12-17
C001654,Rohan Tiwari,1984-08-15,41,AHMEDABAD,9373434637,rohan.tiwari.1654@example.in,1028800.0,2.0,2015-10-11
C001655,Saanvi Sharma,2002-06-11,23,Kochi,6372105060,saanvi.sharma.1655@example.in,1020300.0,7.0,2018-01-01
C001656,Nikhil Chandra,1958-04-07,67,Bombay,6330447999,nikhil.chandra.1656@example.in,503000.0,3.0,2025-04-14
C001657,Varun Mehta,1985-07-03,40,Pune, 67086-39586 ,varun.mehta.1657@example.in,303200.0,4.0,2023-03-04
C001658,Pranav Mishra,2001-11-08,24,PUNE,8584930752,pranav.mishra.1658@example.in,706100.0,3.0,2023-02-11
C001659,Ishita Patel,1974-05-17,51,Bengaluru,7401570857,ishita.patel.1659@example.in,436700.0,6.0,2020-09-06
C001660,Mira Mukherjee,1982-11-17,43,Hyderbad,9503995609,mira.mukherjee.1660@example.in,673400.0,6.0,2024-07-28
C001661,Meera Subramanian,1985-07-27,40,Delhi, 63736-82582 , meera.subramanian.1661@example.in ,829800.0,6.0,2025-10-21
C001662,Kavya Agarwal,2005-07-16,20,Mumbai,6546269803,kavya.agarwal.1662@example.in,234800.0,7.0,2016-04-14
C001663,Rohan Shah,1991-11-03,34,Jaipur,7632954103,rohan.shah.1663@example.in,355000.0,3.0,2018-06-09
C001664,Aarav Kapoor,1982-09-04,43,Kochi,8588995917,aarav.kapoor.1664@example.in,2051000.0,4.0,2017-02-01
C001665,Rohn Banerjee,1955-07-14,70,Bhopal,9776009662,rohan.banerjee.1665@example.in,937600.0,3.0,2021-05-06
C001666,Sanjay Reddy,1993-08-26,32,Pune,8795704155,sanjay.reddy.1666@example.in,970000.0,1.0,2022-02-06
C001667,Zoa Tiwari,1999-05-21,26,Jaipur,8191590703,zoya.tiwari.1667@example.in,1050800.0,7.0,2018-07-26
C001668,Ishita Rao,1950-10-09,75,Ahmedabad,7652639439,ishita.rao.1668@example.in,615500.0,4.0,2023-06-14
C001669,Diya Iyer,1956-05-13,69,Jaipur,91-615-512-4296,diya.iyer.1669@example.in,1453800.0,3.0,2015-04-15
C001670,Meera Joshi,1991-04-08,34,Hyderabad,8660661370,meera.joshi.1670@example.in,1086200.0,4.0,2016-07-28
C001671,Rhea Sen,1998-02-17,27,Jaipur,7003714485,rhea.sen.1671@example.in,1750500.0,4.0,2017-07-16
C001672,Anika Nair,1962-01-26,63,Delhi,7485010992,anika.nair.1672@example.in,897700.0,5.0,2018-09-17
C001673,Diya Sharma,1960-05-07,65,Kochi,8141022960,diya.sharma.1673@example.in,1129400.0,4.0,2021-11-02
C001674,Nisha Banerjee,1987-11-07,38,Pune, 71542-05246 ,nisha.banerjee.1674@example.in,789600.0,5.0,2023-08-05
C001675,Nisha Kulkarni,1960-07-14,65,AHMEDABAD,(719) 418-0210,nisha.kulkarni.1675@example.in,,1.0,2017-04-04
C001676,Sahil Desai,1978-05-16,47,Chennai,9941040160,sahil.desai.1676@example.in,740400.0,6.0,2016-07-03
C001677,Prnav Shah,1989-01-04,36, Lucknow ,91-956-668-2481,pranav.shah.1677@example.in,987700.0,6.0,2024-01-20
C001678,Ananya Joshi,1991-02-15,34,Bhopal,9767839055,ananya.joshi.1678@example.in,546900.0,6.0,2025-11-09
C001679,Arjun Chandra,1989-03-31,36,Bombay,9224132128,arjun.chandra.1679@example.in,691100.0,2.0,2015-02-17
C001680,Pranav Kapoor,1954-05-11,71,Ahmedabad,9703794407,pranav.kapoor.1680@example.in,1696400.0,2.0,2018-11-27
C001681,Pooja Gupta,1985-03-23,40,Chennai,9866715921,pooja.gupta.1681@example.in,980800.0,,2018-09-22
C001682,Meera Sen,1979-12-01,46,Bhopal,,meera.sen.1682@example.in,1341100.0,1.0,2019-09-25
C001683,Sneha Tiwari,1965-10-07,60,Pune,9981007466,sneha.tiwari.1683@example.in,,5.0,2019-05-18
C001684,Shreya Kulkarni,1965-04-01,60,Bhopal,8724043135,shreya.kulkarni.1684@example.in,402200.0,3.0,2019-01-08
C001685,Priya Jain,1994-10-08,31,Lucknow,6510099039,priya.jain.1685@example.in,524200.0,3.0,2015-04-09
C001686,Ishaan Menon,1977-10-01,48,Hyderabad,6127847547,ishaan.menon.1686@example.in,412000.0,6.0,2017-07-19
C001687,Kavya Joshi,1970-12-08,55,Jaipur,7560211769,kavya.joshi.1687@example.in,500800.0,6.0,2017-10-02
C001688,Krishna Shah,1955-02-23,70,Ahmedabad,6521749434,krishna.shah.1688@example.in,710400.0,7.0,2019-07-10
C001689,Nisha Kapoor,1993-11-28,32,Lucknow, 84374-10963 ,nisha.kapoor.1689@example.in,1646400.0,1.0,2023-05-09
C001690,Sanjay Banerjee,1950-04-12,75,Jaipur,7938458544,sanjay.banerjee.1690@example.in,262000.0,4.0,2019-01-27
C001691,Ishaan Mishra,1991-01-02,34,Chennai,7717795144,ishaan.mishra.1691@example.in,2256600.0,1.0,2023-11-29
C001692,Ishita Menon,1998-08-18,27,Delhi,9590814043,ishita.menon.1692@example.in,596000.0,3.0,2020-11-27
C001693,Aarav Joshi,1960-09-26,65,Lucknow,8147217709,aarav.joshi.1693@example.in,735900.0,1.0,2021-09-02
C001694,Ananya Rao,1974-07-15,51,Pune,6873581904,ananya.rao.1694@example.in,,3.0,2022-09-24
C001695,Kabir Desai,1998-05-20,27,HYDERABAD,7253163701,kabir.desai.1695@example.in,881500.0,1.0,2015-03-31
C001696,Ishaan Agarwal,1950-08-25,75,Kochi,6678877257,ishaan.agarwal.1696@example.in,818000.0,5.0,2019-04-17
C001697,Aditi Jain,1955-09-22,70,Lucknow,9020266403,aditi.jain.1697@example.in,602700.0,3.0,2016-03-11
C001698,Nikhil Mishra,1959-09-06,66, Lucknow ,6127074717,nikil.mishra.1698@example.in,1440700.0,7.0,2017-11-25
C001699,Pranav Jain,1991-02-01,34,Kolkata,91-947-480-9872,pranav.jain.1699@example.in,336100.0,,2015-11-06
C001700,Aditi Mukherjee,1991-12-29,34,Pune,6596879293,aditi.mukherjee.1700@example.in,1695800.0,7.0,2025-02-22
C001701,Pooja Jain,1959-04-19,66,Lucknow,9011376979,pooja.jain.1701@example.in,518500.0,7.0,2016-08-30
C001702,Priya Mishra,1974-04-21,51,Kolkata,8287115817,priya.mishra.1702@example.in,375500.0,2.0,2025-03-22
C001703,Rhea Iyer,2003-08-02,22,Lucknow,+91 90118 80110,rhea.iyer.1703example.in,896800.0,5.0,2016-01-25
C001704,Kabr Mehta,1965-07-25,60,Kochi,8994466067,kabir.mehta.1704@example.in,882700.0,7.0,2023-07-11
C001705,Nikhil Mehta,1970-10-29,55,Jaipur,,nikhil.mehta.1705@example.in,,1.0,2023-04-25
C001706,Mira Rao,1966-09-05,59,Bhopal,6220511809,mira.rao.1706@example.in,609700.0,2.0,2021-07-17
C001707,Sanjay Menon,1987-06-23,38,Hyd,9120943406,sanjay.menon.1707@example.in,697600.0,4.0,2018-07-10
C001708,Akshay Tiwari,1995-02-13,30,Pune,8001085309,akshay.tiwari.1708@example.in,932800.0,3.0,2017-09-18
C001709,Rohan Chandra,1951-11-03,74,Puna,6223736076,rohan.chandra.1709@example.in,700600.0,6.0,2025-06-28
C001710,Ishita Das,1986-06-29,39,Delhi,8709266786,ishita.das.1710@example.in,406000.0,,2022-02-07
C001711,Nikhil Patel,1978-03-15,47,Ahmedabad,6658014713,nikhil.patel.1711@example.in,485800.0,6.0,2021-09-27
C001712,Pranav Subramanian,1995-05-09,30,Kochi,7160356329,pranav.subramanian.1712@example.in,988500.0,3.0,2019-05-18
C001713,Ishita Sharma,1991-06-13,34,Kochi,7128131494,ishita.sharma.1713@example.in,303200.0,6.0,2018-01-06
C001714,Diya Reddy,1968-02-18,57,Chennai,9548304788,diya.reddy.1714@example.in,629100.0,4.0,2024-07-09
C001715,Pranav Sharma,1985-05-22,40,Ahmedabad,9445909488,pranav.sharma.1715@example.in,600700.0,6.0,2021-01-17
C001716,Aditi Mishra,1969-05-28,56,Mumbai,9160162730,aditi.misha.1716@example.in,570500.0,2.0,2025-07-13
C001717,Pranav Roy,1998-08-01,27,Jaipur,9235696130,pranav.roy.1717@example.in,915600.0,1.0,2018-11-12
C001718,Zoya Jain,1975-11-08,50,Mumbai,8353212362,zoya.jain.1718@example.in,1919600.0,5.0,2018-07-20
C001719,Priya Sen,1988-03-25,37,Jaipur,7493576582,priya.sen.1719@example.in,906400.0,4.0,2023-06-01
C001720,Nisha Joshi,1969-07-26,56,Kolkata,+91 71702 48324,nisha.joshi.1720@example.in,788000.0,7.0,2021-03-13
C001721,Sahil Subramanian,1954-07-16,71,Chennai,6249457697,sahil.subramanian.1721@example.in,951800.0,7.0,2022-07-27
C001722,Pooja Khan,1950-10-14,75,Bengaluru,8925992060,pooja.khan.1722@example.in,561800.0,1.0,2016-01-24
C001723,Shreya Sinha,1993-01-11,32,Mumbai,91-868-459-1797,shreya.sinha.1723@example.in,673800.0,3.0,2021-02-01
C001724,Ishaan Gupta,1958-05-12,67,PUNE,(712) 805-7396,ishaan.gupta.1724@example.in,581200.0,5.0,2019-10-04
C001725,Sneha Iyer,1978-09-18,47,Mumbai,91-727-755-9230,sneha.iyer.1725@example.in,1090100.0,4.0,2015-05-20
C001726,Sneha Mishra,1960-09-28,65,Lakhnau,7020654013,sneha.mishra.1726@example.in,1763500.0,5.0,2019-05-23
C001727,Rahul Khan,1954-11-27,71,Bhopal,8879543255,rahul.khan.1727@example.in,478000.0,7.0,2017-02-28
C001728,Ishita Iyer,1996-10-16,29,Jaipur,6059460970,ishita.iyer.1728@example.in,540200.0,7.0,2020-06-06
C001729,Diya Das,1996-05-18,29,Jaipur,(831) 935-1948,diya.das.1729@example.in,,5.0,2025-12-24
C001730,Ananya Sinha,1989-07-25,36,Ahmedabad,7751556820,ananya.sinha.1730@example.in,367800.0,5.0,2019-08-05
C001731,Sreya Iyer,1975-11-04,50,Chennai,9652523202,shreya.iyer.1731@example.in,752100.0,2.0,2018-05-05
C001732,Ishita Agarwal,1973-01-02,52,Kochi,6585987153,ishita.agarwal.1732@example.in,577800.0,2.0,2024-09-15
C001733,Sneha Desai,1959-12-01,66,BENGALURU,+91 97470 44700,sneha.desai.1733@example.in,1201300.0,4.0,2020-06-23
C001734,Tanvi Iyer,1966-09-03,59,Kolkata,9207489656,tanvi.iyer.1734@example.in,994300.0,1.0,2021-01-14
C001735,Rohan Kapoor,1977-06-16,48,Chennai,6827760363,rohan.kapoor.1735@example.in,3637300.0,4.0,2016-08-30
C001736,Akshay Sharma,1960-04-03,65,LUCKNOW,6485096227,akshay.sharma.1736@example.in,962700.0,7.0,2024-11-24
C001737,Saani Subramanian,1978-05-13,47,Pune,9407488637,saanvi.subramanian.1737@example.in,2098300.0,6.0,2023-05-24
C001738,Ananya Mukherjee,1975-03-14,50,Delhi,6302430443,ananya.mukherjee.1738@example.in,,2.0,2019-10-23
C001739,Nisha Patel,1953-01-03,72,LUCKNOW,9906138599,nisha.patel.1739@example.in,,1.0,2017-10-13
C001740,Nisha Patel,1980-02-13,45,Jaipur,,nisha.patel.1740@example.in,2554700.0,5.0,2015-03-14
C001741,Ishaan Jain,1952-01-16,73,Calcutta,7113616560,ishaan.jain.1741@example.in,1842700.0,1.0,2018-07-25
C001742,Pranav Rao,1950-07-27,75,Bengaluru,7755378351,pranav.rao.1742@example.in,1801300.0,7.0,2025-04-09
C001743,Varun Shah,1988-09-17,37,Pune,6137959816,varun.shah.1743@example.in,943700.0,1.0,2020-09-16
C001744,Rohan Agarwal,1997-04-26,28,Mumbai,6138648584,rohan.agarwal.1744@example.in,636100.0,2.0,2022-08-31
C001745,Nisha Rao,1961-01-19,64, Lucknow ,(891) 291-1027,nisha.rao.1745@example.in,1434500.0,2.0,2025-08-28
C001746,Shreya Banerjee,1990-08-12,35,Mumbai,(850) 991-9731,shreya.banerjee.1746@example.in,521500.0,3.0,2019-09-28
C001747,Nisha Desai,1987-05-06,38, Ahmedabad ,(875) 503-1214,nisha.desai.1747@example.in,339000.0,5.0,2025-06-08
C001748,Zoya Chandra,1950-03-26,75,Ahemdabad,9792764397, zoya.chandra.1748@example.in ,2696300.0,4.0,2023-11-14
C001749,Vikram Banerjee,1980-03-28,45,Pune,9714596936,vikram.banerjee.1749@example.in,242500.0,,2016-03-12
C001750,Anika Nair,1964-06-04,61,Calcutta,7653247237,anika.nair.1750@example.in,2245800.0,3.0,2023-12-28
C001751,Ishita Sen,1955-04-16,70,Lucknow,7278061742,ishita.sen.1751@example.in,1540200.0,1.0,2019-11-05
C001752,Rhea Kapoor,1968-05-19,57,Kolkata,(857) 008-7931,rhea.kapoor.1752@example.in,968000.0,4.0,2020-01-07
C001753,Ananya Mukheree,1987-06-22,38,Bhopal,9954558325,ananya.mukherjee.1753@example.in,738600.0,2.0,2024-12-20
C001754,Arjun Rao,1960-09-09,65,Mumbai,7614586593,arjun.rao.1754@example.in,1041700.0,2.0,2022-02-13
C001755,Anika Kulkarni,1956-01-29,69,Pune,6941240001,anika.kulkarni.1755@example.in,,6.0,2023-10-05
C001756,Diya Patel,1982-09-14,43,Bengaluru,6503517136,diya.patel.1756@example.in,1195500.0,4.0,2018-07-27
C001757,Ishita Joshi,1987-01-12,38,Pune,7144658714,ishita.joshi.1757@example.in,796100.0,2.0,2024-03-20
C001758,Saanvi Nair,1992-09-30,33,Delhi,7172864556,saanvi.nair.1758@example.in,216700.0,5.0,2023-08-02
C001759,Kavya Sharma,1971-08-14,54,Mumbai,8219929443,kavya.sharma.1759@example.in,910400.0,6.0,2019-01-20
C001760,Shreya Nair,1979-06-03,46,Chennai,8993780836,shreya.nair.1760@example.in,4021500.0,1.0,2017-09-12
C001761,Ishaan Iyer,1967-01-27,58,Delhi,9353389696,ishaan.iyer.1761@example.in,918800.0,,2021-12-31
C001762,Aarav Agarwal,1957-04-14,68,Mumbai,8947258539,aarav.agarwal.1762@example.in,1709100.0,7.0,2022-11-12
C001763,Aditi Desai,1990-11-09,35,Ahmedabad,8202259843,aditi.desai.1763@example.in,1253200.0,4.0,2023-05-11
C001764,Aditya Khan,1979-03-09,46,Ahmedabad,7217065281,aditya.khan.1764@example.in,1433700.0,6.0,2024-01-20
C001765,Ishaan Chandra,1973-07-08,52,Bhopal,7238886492,ishaan.chandra.1765@example.in,1291000.0,1.0,2015-01-20
C001766,Aditya Kulkarni,1979-04-08,46,Jaipur,8606796211,aditya.kulkarni.1766@example.in,415400.0,1.0,2023-11-30
C001767,Krishna Bose,1978-05-04,47,Bengaluru,(626) 868-9871,krishna.bose.1767@example.in,582900.0,1.0,2016-05-31
C001768,Priya Kulkarni,2001-09-30,24,Bengaluru,8741679630,priya.kulkarni.1768@example.in,2180000.0,1.0,2023-09-04
C001769,Ananya Gupta,1970-09-13,55,Ahmedabad,8134839790,ananya.gupta.1769@example.in,798900.0,6.0,2025-06-17
C001770,Priya Rao,1986-09-30,39,New Delhi,6325667740,priya.rao.1770@example.in,728400.0,3.0,2022-03-21
C001771,  nikhil   sharma  ,1985-06-11,40,Pune,8939493659,nikhil.sharma.1771@example.in,375600.0,3.0,2021-09-01
C001772,Meera Reddy,1980-09-09,45,Chennai,,meera.reddy.1772@example.in,,,2020-03-21
C001773,Kavya Bose,2000-01-30,25,Delhi,8997871686,kavya.bose.1773@example.in,1389100.0,5.0,2015-05-05
C001774,Kavya Khan,1955-02-03,70,Delhi,8780217586,kavya.khan.1774@example.in,548200.0,1.0,2017-08-08
C001775,Rhea Reddy,1987-11-19,38,Chenai,9009183479,rhea.reddy.1775@example.in,921500.0,6.0,2017-10-31
C001776,Rohan Patel,1983-06-11,42,Bhopl,9448919022,rohan.patel.1776@example.in,328700.0,6.0,2017-03-02
C001777,Ishita Joshi,1953-01-04,72,Bengaluru,7190018646,ishita.joshi.1777@example.in,746500.0,7.0,2019-06-17
C001778,Diya Kulkarni,1981-08-26,44,Ahmedabad,6713080678,diya.kulkarni.1778@example.in,1108000.0,7.0,2019-10-21
C001779,Mira Tiwari,1977-08-25,48,Kochi,6739830441,mira.tiwari.1779@example.in,495300.0,3.0,2019-10-24
C001780,Sneha Reddy,1976-07-03,49,Bangalore,9113122402,sneha.reddy.1780@example.in,1033800.0,1.0,2025-04-22
C001781,Shreya Roy,1954-12-03,71,Delhi,6375557846,shreya.roy.1781@example.in,538300.0,5.0,2018-04-18
C001782,Krishna Das,1976-01-01,50,Hyderabad,6575824347,krishna.das.1782@example.in,1186500.0,7.0,2025-03-25
C001783,Aarav Roy,1983-02-16,42,Ahmedabad,9036252153,aarav.roy.1783@example.in,944100.0,3.0,2024-12-11
C001784,Tanvi Patel,1981-07-21,44,PUNE,6965520736,tanvi.patel.1784@example.in,2410300.0,7.0,2023-03-06
C001785,Priya Menon,1981-04-07,44,Bengaluru,8838756597,priya.menon.1785@example.in,639900.0,5.0,2019-10-31
C001786,Rahul Jain,1983-03-23,42,Bengaluru,8230024594,rahul.jain.1786@example.in,727000.0,5.0,2020-03-08
C001787,Pranav Patel,1961-11-02,64,Mumbai,8257851318,pranav.patel.1787@example.in,702200.0,3.0,2018-02-03
C001788,Sneha Sinha,1976-02-12,49,Ahemdabad,7215043008,sneha.sinha.1788@example.in,666300.0,4.0,2024-05-02
C001789,Shreya Bose,1966-09-15,59,Bengaluru,9108527441,shreya.bose.1789@example.in,790200.0,1.0,2017-04-07
C001790,Kabir Iyer,2001-01-18,24,Delhi,8005145574,kabir.iyer.1790@example.in,2462400.0,2.0,2018-12-27
C001791,Vikram Agarwal,2005-04-09,20,JAIPUR, 60983-20030 ,vikram.agarwal.1791@example.in,531800.0,4.0,2025-12-13
C001792,Kavya Banerjee,1962-10-17,63,PUNE,8023983980,kavya.banerjee.1792@example.in,1368700.0,3.0,2025-07-05
C001793,Sanjay Subramanian,1956-01-12,69, Kochi ,,sanjay.subramanian.1793@example.in,298100.0,5.0,2016-11-28
C001794,Nisha Shah,1963-03-07,62,Kochi,8980231946,nisha.shah.1794@example.in,4450100.0,2.0,2018-11-02
C001795,Sanjay Sharma,2002-09-13,23,Lucknow,9709073315,sanjay.sharma.1795@example.in,1002600.0,1.0,2023-06-24
C001796,Rhea Banerjee,1970-08-02,55,Chennai,8923000059,rhea.banerjee.1796@example.in,,4.0,2015-01-13
C001797,Varun Khan,1970-08-05,55,HYDERABAD,7708369064,varun.khan.1797@example.in,1953100.0,7.0,2025-01-08
C001798,Sneha Gupta,1969-12-22,56,Pune,+91 86808 65205,sneha.gupta.1798@example.in,1089000.0,3.0,2025-11-21
C001799,Sneha Iyer,1970-09-20,55,Chennai,6064632247,sneha.iyer.1799@example.in,1241300.0,4.0,2023-10-03
C001800,Diya Sinha,1988-04-05,37,Pune,,diya.sinha.1800@example.in,1640300.0,4.0,2022-05-20
C001801,Aditya Bose,1959-09-23,66,Lucknow,,aditya.bose.1801@example.in,661700.0,,2015-04-10
C001802,  rahul   roy  ,1951-01-05,74,Bengluru,7908618002,rahul.roy.1802@example.in,274500.0,1.0,2018-04-23
C001803,Nikhil Kapoor,1958-05-10,67,Bhopal,,,1721700.0,4.0,2022-12-03
C001804,Anika Desai,1997-12-01,28,Kochi,9727119030,anika.desai.1804@example.in,582900.0,7.0,2023-06-08
C001805,Aditi Das,1968-11-08,57,Mumbai,6732306415,aditi.das.1805@example.in,1449400.0,3.0,2018-04-14
C001806,Priya Sinha,1953-01-04,72,Jaipur,(666) 604-2756,priya.sinha.1806@example.in,727100.0,7.0,2020-03-15
C001807,Aarav Sen,1989-02-23,36, Pune ,,aarav.sen.1807@example.in,406500.0,5.0,2023-04-10
C001808,Mira Mukherjee,1957-05-24,68,Calcutta,7284420869,mira.mukherjee.1808@example.in,1423600.0,4.0,2024-10-19
C001809,Aarav Reddy,1968-08-05,57,Bombay,8811625676,,,3.0,2025-05-06
C001810,Ishita Roy,1986-07-24,39,Bhopal,7146437976,ishita.roy.1810@example.in,1908600.0,3.0,2017-07-29
C001811,Arjun Verma,1998-03-27,27,Lucknow,7862065310,arjun.verma.1811@example.in,536200.0,6.0,2021-12-15
C001812,Aarav Chandra,1985-12-08,40,Ahmedabad, 76347-68857 ,aarav.chandra.1812@example.in,4218800.0,5.0,2023-01-17
C001813,Rhea Bose,2004-12-22,21,Hyderabad,8440794538,rhea.bose.1813@example.in,234700.0,2.0,2019-10-18
C001814,Anika Gupta,1980-04-17,45,Mumbai,6154616218,anika.gupta.1814@example.in,,2.0,2023-06-12
C001815,Nisha Banerjee,1981-06-09,44,HYDERABAD,6454949873,nisha.banerjee.1815@example.in,552200.0,2.0,2017-03-20
C001816,Sahil Kulkarni,1991-10-30,34,Bhopal,6617088930,sahil.kulkarni.1816@example.in,1125800.0,2.0,2018-04-16
C001817,Nikhil Chandra,1975-12-07,50,Hyderbad,7729483616,nikhil.chandra.1817@example.in,371000.0,6.0,2025-08-19
C001818,Arjun Sharma,1967-08-27,58,Bangalore,9769162660,arjun.sharma.1818@example.in,697600.0,5.0,2023-07-27
C001819,Saanvi Singh,1992-06-11,33,Chennai,8410479673,saanvi.singh.1819@example.in,815200.0,6.0,2016-03-01
C001820,Varun Rao,1975-04-12,50,Lucknow,8976862197,varun.rao.1820@example.in,954600.0,3.0,2019-09-12
C001821,Akshay Agarwal,1973-11-02,52,Hyderabad,8089673426,akshay.agarwal.1821@example.in,1129800.0,5.0,2015-12-03
C001822,Ishita Khan,1988-01-04,37,Ahmedabad,8506136008,ishita.khan.1822@example.in,489500.0,6.0,2023-03-31
C001823,Kabir Joshi,1990-02-17,35,Pune, 66723-36140 ,kabir.joshi.1823@example.in,793000.0,3.0,2023-09-26
C001824,Aditya Menon,1956-10-09,69,Bengaluru, 67850-01058 ,aditya.menon.1824@example.in,946600.0,3.0,2015-07-08
C001825,Aditya Gupta,1993-03-03,32,Mumbai,91-648-221-8471,aditya.gupta.1825@example.in,622800.0,3.0,2022-08-02
C001826,Pranav Joshi,1957-02-26,68,Lucknow,9318507506,pranav.joshi.1826@example.in,549900.0,7.0,2017-01-10
C001827,Pooja Verma,1968-03-29,57,Kolkata,7565158359,pooja.verma.1827@example.in,1051500.0,,2021-08-20
C001828,Arjun Shah,1988-05-01,37,Bhopal,8670218556,arjun.shah.1828@example.in,591600.0,6.0,2023-10-22
C001829,Varun Desai,2003-09-05,22,BHOPAL,7604208554,varun.desai.1829@example.in,2665100.0,3.0,2023-01-10
C001830,Diya Joshi,1984-04-14,41,Bhopal,6347761473,diya.joshi.1830@example.in,822800.0,4.0,2017-04-08
C001831,Varun Mishra,1950-12-28,75,Ahmedabad,9366235359,varun.mishra.1831@example.in,1590600.0,5.0,2023-06-14
C001832,Nisha Nair,1974-11-28,51,Hyderabad,6590842529,nisha.nair.1832@example.in,847700.0,2.0,2017-06-14
C001833,Sneha Kulkarni,1979-07-18,46,Bhopal,8984805508,sneha.kulkarni.1833@example.in,467900.0,5.0,2023-10-03
C001834,Akshay Reddy,1972-04-21,53, Ahmedabad , 95482-12833 ,,1089200.0,3.0,2020-12-15
C001835,Rhea Iyer,1990-03-11,35,Mumbay,9969773215,rhea.iyer.1835@example.in,478300.0,2.0,2019-02-21
C001836,Priya Roy,1959-03-16,66,AHMEDABAD,9701646556,priya.roy.1836@example.in,309900.0,6.0,2017-06-29
C001837,Akshay Das,1954-09-16,71,New Delhi,9920616603,akshay.das.1837@example.in,254900.0,1.0,2017-04-25
C001838,Arjun Reddy,1954-01-09,71,Bengaluru,9376163759,,672000.0,5.0,2019-06-30
C001839,Zoya Gupta,1975-03-14,50,Jaipur,8578719923,zoya.gupta.1839@example.in,221000.0,6.0,2015-02-08
C001840,Sneha Rao,1999-07-05,26,Bhopal, 92004-42251 ,sneha.rao.1840@example.in,1873800.0,1.0,2017-08-01
C001841,Rahul Mehta,1988-11-19,37,Pune,7474970410,rahul.mehta.1841@example.in,,6.0,2016-08-10
C001842,Kavya Desai,1977-12-14,48,Ahmedabad,,kavya.desai.1842@example.in,746800.0,6.0,2017-10-16
C001843,Akshay Chandra,1954-07-27,71,Lucknow, 72849-08166 ,akshay.chandra.1843@example.in,1155400.0,3.0,2019-08-27
C001844,Sneha Sen,1981-02-07,44,Bengaluru,8994508407,sneha.sen.1844@example.in,433600.0,2.0,2023-09-24
C001845,Pooja Desai,1966-03-16,59,MUMBAI,9689928927,pooja.desai.1845@example.in,1197400.0,2.0,2022-05-14
C001846,Rahul Rao,1976-05-14,49,Lucknow,9037259124,rahul.rao.1846@example.in,568500.0,5.0,2023-08-02
C001847,Krishna Menon,1960-01-31,65,Kochi,91-998-406-0145,krishna.menon.1847@example.in,774400.0,6.0,2018-02-10
C001848,Varun Gupta,1994-03-18,31,Lucknow,91-860-269-6521,varun.gupta.1848@example.in,279500.0,3.0,2018-09-22
C001849,Nisha Mukherjee,1986-06-16,39,Lakhnau,6576480017,not-an-email,1168200.0,2.0,2020-07-12
C001850,Kavya Mehta,1970-02-20,55,Bengaluru,9853336362,kavya.mehta.1850@example.in,1413300.0,3.0,2018-09-10
C001851,Mira Shah,1988-02-15,37,Mumbai,8145675678,mira.shah.1851@example.in,1014300.0,,2016-01-29
C001852,Diya Banerjee,1962-03-01,63,Kolkata,7237357014,diya.banerjee.1852@example.in,1425800.0,6.0,2015-09-28
C001853,Rohan Banerjee,1987-12-24,38,Bhopal,8228077038,rohan.banerjee.1853@example.in,556800.0,4.0,2020-07-10
C001854,Zoya Sen,1996-09-29,29,Jaipur,8946735527,zoya.sen.1854@example.in,,3.0,2015-11-28
C001855,Aarav Kapoor,1975-02-20,50,Chennai,6540722409,aarav.kapoor.1855@example.in,1613600.0,3.0,2017-10-17
C001856,Ananya Mishra,1993-10-04,32,Kolkata,9433241370,ananya.mishra.1856@example.in,2371200.0,2.0,2018-07-15
C001857,Rahul Agarwal,2004-12-12,21,Delhi,9613410238,rahul.agarwal.1857@example.in,582600.0,6.0,2023-09-15
C001858,Aditi Das,1954-05-11,71,Ahmedabad,91-688-523-3991,aditi.das.1858@example.in,801200.0,6.0,2025-05-08
C001859,Nisha Joshi,1951-08-09,74,Delhi, 60519-25329 ,nisha.joshi.1859@example.in,489400.0,,2025-04-07
C001860,Arjun Nair,1967-07-02,58,Mumbai,9197554215,arjun.nair.1860@example.in,,4.0,2021-01-31
C001861,Aditi Kulkarni,1994-01-13,31,Kolkata,8039832435,aditi.kulkarni.1861@example.in,650000.0,5.0,31-31-2024
C001862,Snea Mukherjee,1970-05-30,55,Bhopal,7775386206,sneha.mukherjee.1862@example.in,407100.0,5.0,2025-11-29
C001863,Nikhil Reddy,1976-05-30,49,Kochi,7093091372,nikhil.reddy.1863@example.in,3450600.0,4.0,2019-12-11
C001864,Mira Gupta,1984-01-06,41,Bhopal,7474701828,mira.gupta.1864@example.in,790300.0,6.0,2017-12-20
C001865,Varun Iyer,1971-02-03,54,Pune,9243863712,varun.iyer.1865@example.in,1294900.0,2.0,2017-04-06
C001866,Rahul Desai,1989-09-14,36,CHENNAI,(985) 983-7770,rahul.desai.1866@example.in,1120700.0,2.0,2018-04-16
C001867,Arjun Das,1950-01-06,75,Chennai,(760) 147-4610,arjun.das.1867@example.in,134800.0,7.0,2021-09-14
C001868,Pranav Kapoor,1977-07-06,48,Hyderabad,7946581482,pranav.kapoor.1868@example.in,2041000.0,6.0,2024-12-24
C001869,Ananya Kulkarni,1998-01-17,27,Delhi,7656334445,ananya.kulkarni.1869@example.in,784500.0,6.0,2018-03-19
C001870,Priya Sinha,1969-01-12,56,Kochi,(864) 745-7250,priya.sinha.1870@example.in,729500.0,1.0,2020-03-10
C001871,Rhea Mukherjee,2001-02-24,24,Hyderabad,8322531623,rhea.mukherjee.1871@example.in,420600.0,2.0,2022-05-09
C001872,Kavya Banerjee,2002-12-21,23,Kochi,,kavya.banerjee.1872@example.in,732700.0,6.0,2021-09-04
C001873,Zoya Banerjee,1970-04-11,55,Ahmedabad,8122347277,zoya.banerjee.1873@example.in,670200.0,7.0,2025-12-11
C001874,Tanvi Das,1959-01-11,66,Pune,7551492295,tanvi.das.1874@example.in,647400.0,1.0,2020-09-15
C001875,Sanjay Sinha,1956-11-05,69,Bhopal,6868456901,sanjay.sinha.1875@example.in,1181500.0,,2016-06-09
C001876,Meera Mishra,2005-08-05,20,Bengaluru,9830048396,meera.mishra.1876@example.in,640100.0,1.0,2015-03-17
C001877,Kabir D.,2002-05-18,23,Hyderabad,9930112476,kabir.das.1877@example.in,,4.0,2015-08-30
C001878,Diya Kapoor,1951-04-13,74,Kolkata,7191772702,diya.kapoor.1878@example.in,722200.0,1.0,2016-06-28
C001879,Nisha Tiwari,2005-06-24,20,Jaipur,6283935043,nisha.tiwari.1879@example.in,830000.0,2.0,2021-05-29
C001880,Rhea Verma,1969-04-23,56,Mumbai,6411348398,rhea.verma.1880@example.in,623300.0,4.0,2024-05-04
C001881,Mira Khan,1992-04-27,33,Chennai,,mira.khan.1881@example.in,,6.0,2018-10-10
C001882,Pranav Kulkarni,1957-03-21,68,Ahmedabad, 65037-34675 ,pranav.kulkarni.1882@example.in,541900.0,2.0,2018-09-12
C001883,Nikhil Reddy,1975-08-28,50,Ahmedabad,(704) 276-7447,nikhil.reddy.1883@example.in,,2.0,2016-08-02
C001884,Kavya Patel,2001-11-01,24,Kolkata,7180697176,kavya.patel.1884@example.in,1060600.0,,2015-06-02
C001885,Ananya Banerjee,1962-01-01,64,Mumbai,7071490174, ananya.banerjee.1885@example.in ,1047100.0,7.0,2025-12-24
C001886,Zoya Iyer,1990-12-26,35,Kochi,9287582294,zoya.iyer.1886@example.in,1232900.0,1.0,2017-12-04
C001887,Aditi Das,2003-12-05,22,Jaipur,9618343127,aditi.das.1887@example.in,308200.0,4.0,2023-07-30
C001888,Ishita Sharma,1967-06-13,58,Delhi,91-760-119-0578,ishita.sharma.1888@example.in,607100.0,6.0,2019-05-07
C001889,Sahil Kulkarni,1982-05-19,43,Mumbai,8831889774,,30979070.099066902,3.0,2017-06-10
C001890,Ananya Reddy,1996-08-19,29,Mumbai,7368550944,ananya.reddy.1890@example.in,829700.0,1.0,2024-11-19
C001891,Ananya Chandra,1997-12-27,28,Lucknow,+91 66260 45767,ananya.chandra.1891@example.in,,2.0,2020-05-15
C001892,Vikram Chandra,1985-01-13,40,Mumbai,+91 97059 28491,vikram.chandra.1892@example.in,647000.0,4.0,2023-03-10
C001893,Pooja Bose,1981-05-15,44,Kolkata,9747095017,pooja.bose.1893@example.in,2075200.0,7.0,2020-09-02
C001894,Pranav Tiwari,1992-10-26,33,Bhopal,8670786723,pranav.tiwari.1894@example.in,,3.0,2018-08-04
C001895,Tanvi Mukherjee,1951-08-20,74,Hyderbad,9880957443,tanvi.mukherjee.1895@example.in,1808200.0,1.0,2019-10-13
C001896,Sneha Shah,1963-06-15,62,Mumbai,8145428982,sneha.shah.1896@example.in,1256000.0,3.0,2022-02-24
C001897,Saanvi Bose,1956-11-13,69,Jaipur,7126987722,saanvi.bose.1897@example.in,296000.0,5.0,2018-01-27
C001898,Rohan Desai,1958-05-10,67,Ahmedabad,7592628879,rohan.desai.1898@example.in,360300.0,4.0,2023-12-18
C001899,Sanjay Menon,1986-02-13,39,Mumbai,6435865930,sanjay.menon.1899@example.in,708800.0,2.0,2022-01-05
C001900,Pranav Agarwal,1997-06-19,28,Mumbai,6470196683,pranav.agarwal.1900@example.in,3432500.0,,2017-06-09
C001901,Saanvi Bose,1973-08-24,52,Jaipur, 83340-46056 ,saanvi.bose.1901@example.in,673600.0,1.0,2022-10-21
C001902,Saanvi Desai,1972-03-14,53,HYDERABAD,6000507005,saanvi.desai.1902@example.in,814500.0,3.0,2025-12-26
C001903,Pooja Menon,1959-01-30,66,HYDERABAD,+91 78370 46423,pooja.menon.1903@example.in,1098700.0,6.0,2024-05-28
C001904,  vikram   joshi  ,2003-10-05,22,Pune,7819826293,vikram.joshi.1904@example.in,1000100.0,4.0,2023-05-03
C001905,Ishaan Sen,2004-03-26,21,Hyderabad,6146094088,ishaan.sen.1905@example.in,,1.0,2019-10-06
C001906,Kavya Agarwal,1965-03-09,60,Mumbai,6510285282,kavya.agarwal.1906@example.in,850500.0,6.0,2016-02-02
C001907,Krishna Khan,1997-01-05,28,Jaipur,9291668041,krishna.khan.1907@example.in,1453700.0,3.0,2017-10-10
C001908,Tanvi Sinha,1969-03-23,56,Mumbai,7495073914,tanvi.sinha.1908@example.in,1097000.0,2.0,2025-03-30
C001909,Kabir Joshi,1960-04-11,65,Chennai,9815675053,kabir.joshi.1909@example.in,1074600.0,3.0,2015-05-09
C001910,Aditi Desai,1952-06-02,73,Hyderabad,8209227076,aditi.desai.1910@example.in,3082000.0,1.0,2025-04-28
C001911,Krishna Sharma,1981-04-08,44,Lucknow,8610122708,krishna.sharma.1911@example.in,1899500.0,1.0,2018-07-02
C001912,Ishaan Sharma,1972-07-25,53,Chennai,9520900038,ishaan.sharma.1912@example.in,1140200.0,2.0,2025-02-16
C001913,Ishita Nair,1959-08-03,66,Bhopal, 94911-45603 ,ishita.nair.1913@example.in,424100.0,6.0,2021-09-28
C001914,Nikhil Roy,1963-02-05,62,Mumbai,9784315964,nikhil.roy.1914@example.in,1192700.0,3.0,2016-11-05
C001915,Ananya Mehta,1980-06-12,45,Delhi,7620432832,ananya.mehta.1915@example.in,2828600.0,7.0,2019-02-12
C001916,Rhea Subramanian,1951-10-06,74,Chennai,7897438897,rhea.subramnian.1916@example.in,1537400.0,7.0,2017-06-14
C001917,Priya Kulkarni,1990-11-18,35,Ahmedabad,8057756654,priya.kulkarni.1917@example.in,972900.0,7.0,2024-12-30
C001918,Aditi Khan,1979-01-13,46,KOLKATA,8147332058,aditi.khan.1918@example.in,884400.0,,2018-04-29
C001919,Rahul Mukherjee,1961-05-11,64,Mumbai,9338805596,rahul.mukherjee.1919@example.in,704300.0,3.0,2025-06-13
C001920,Arun Shah,1956-02-17,69,Kolkata,7937035255,arjun.shah.1920@example.in,503600.0,3.0,2022-08-12
C001921,Ishita Banerjee,1997-02-19,28,BHOPAL,8320972323,ishita.banerjee.1921@example.in,,3.0,2017-02-03
C001922,Varun Jain,2004-03-14,21,AHMEDABAD,9259119391,varun.jain.1922@example.in,1957600.0,7.0,2025-05-23
C001923,Vikram Sen,1989-11-28,36,Bhopal,7238016978,vikram.sen.1923@example.in,1849800.0,6.0,2017-01-05
C001924,Nikhil Sen,1978-02-28,47,Jaipur,(956) 789-4421,nikhil.sen.1924@example.in,661900.0,7.0,2018-12-20
C001925,Aarav Nair,1951-04-03,74,Mumbay,8094152792,aarav.nair.1925@example.in,1258700.0,4.0,2021-04-18
C001926,Rohan Tiwari,1992-04-16,33,Bengaluru,6722586911,rohan.tiwari.1926@example.in,944700.0,4.0,2016-05-20
C001927,Ananya Kulkarni,1981-05-13,44,Kochi,6707029322,ananya.kulkarni.1927@example.in,,1.0,2017-08-31
C001928,Zoya Roy,1992-09-16,33, Lucknow ,8767923938,zoya.roy.1928@example.in,889200.0,2.0,2021-10-13
C001929,Meera Sharma,1962-04-17,63, Lucknow ,7875079976,meera.sharma.1929@example.in,1666700.0,1.0,2022-03-08
C001930,Ishita Tiwari,1983-09-21,42,Jaipur,+91 78145 69758,ISHITA.TIWARI.1930@EXAMPLE.IN,714000.0,4.0,2018-11-06
C001931,Arjun Chandra,1972-07-17,53,Pune,9589243716,arjun.chandra.1931@example.in,329200.0,4.0,2025-01-25
C001932,Priya Roy,1983-07-04,42,Delhi,9516648253,priya.roy.1932@example.in,379700.0,5.0,2015-12-13
C001933,Aditya Banerjee,2003-07-05,22,Madras,6198181433,aditya.banerjee.1933@example.in,1454700.0,3.0,2021-02-23
C001934,Ishita Das,2003-03-28,22,Lucknow,6531441780,ishita.das.1934@example.in,1535200.0,7.0,2017-07-18
C001935,Meera Kapoor,2002-08-28,23,Poona,+91 85461 59417,meera.kapoor.1935@example.in,411500.0,3.0,2024-10-16
C001936,Ananya Banerjee,1995-08-19,30,Pune,6935735239,ananya.banerjee.1936@example.in,1682500.0,3.0,2025-02-06
C001937,Aditya Mehta,2002-07-06,23,Hyderabad,7409741773, aditya.mehta.1937@example.in ,1119100.0,5.0,2022-06-14
C001938,Nikhil Sinha,1985-03-09,40,Mumbai,7941820624,nikhil.sinha.1938@example.in,1089800.0,2.0,2024-01-28
C001939,Krishna Shah,1991-03-18,34,Lakhnau,6592873254,krishna.shah.1939@example.in,1065300.0,7.0,2022-05-05
C001940,Meera Roy,1965-11-10,60,Bengaluru,7893910600,meera.roy.1940@example.in,1823700.0,6.0,2023-06-29
C001941,Aditi Banerjee,1984-07-21,41,Kolkata,,aditi.banerjee.1941@example.in,531500.0,4.0,2019-04-21
C001942,Shreya Sharma,1954-04-06,71,Pune,7193528226,shreya.sharma.1942@example.in,691200.0,7.0,2018-12-30
C001943,Sneha Kapoor,1963-01-22,62,Chennai,8444207813,sneha.kapoor.1943@example.in,1129300.0,7.0,2015-08-16
C001944,Zoya Gupta,1998-07-06,27,Ahmedabad,9780559787,zoya.gupta.1944@example.in,634600.0,4.0,2021-08-24
C001945,Sneha Nair,1989-09-03,36,Bengaluru,,sneha.nair.1945@example.in,324600.0,4.0,2024-12-02
C001946,Tanvi Kulkarni,1953-04-13,72,Bhopal,9173414090,tanvi.kulkarni.1946@example.in,1369800.0,6.0,2016-10-13
C001947,Ishita Bse,1981-08-14,44,Mumbai,(852) 091-5907,ishita.bose.1947@example.in,548000.0,,2018-10-23
C001948,Zoya Jain,1998-02-13,27,Mumbai,9819223938,zoya.jan.1948@example.in,912000.0,1.0,2015-12-18
C001949,Arjun Sen,1957-02-22,68,Poona,9517430641,arjun.sen.1949@example.in,1349400.0,1.0,2017-03-20
C001950,Sneha Gupta,1992-08-03,33,Delhi,7644115923, sneha.gupta.1950@example.in ,521100.0,4.0,2015-08-08
C001951,Saanvi Banerjee,1986-01-26,39,Mumbai,7689960773,saanvi.banerjee.1951@example.in,519000.0,1.0,2025-05-15
C001952,Tanvi Joshi,1967-11-04,58,Chennai,6390784564,tanvi.joshi.1952@example.in,,6.0,2021-07-01
C001953,Rahul Gupta,1994-07-30,31,Bengaluru,8588598714,rahul.gupta.1953@example.in,1128700.0,2.0,2017-06-11
C001954,Aditya Mukherjee,1968-02-26,57,AHMEDABAD,(765) 621-8310,aditya.mukherjee.1954@example.in,957900.0,6.0,2018-01-20
C001955,Rohan Menon,1956-08-13,69,Jaipur,9805160939,rohan.menon.1955@example.in,497600.0,7.0,2016-06-20
C001956,Krishna Agarwal,1952-06-11,73,Ahmedabad,9781786418,krishna.agarwal.1956@example.in,2610500.0,5.0,2019-01-31
C001957,Priya Khan,1969-01-14,56,Pune,7062730093,priya.khan.1957@example.in,861200.0,4.0,2016-03-25
C001958,  diya   kapoor  ,1967-05-07,58,Kolkata,7438048821,diya.kapoor.1958@example.in,280000.0,5.0,2015-08-23
C001959,Nisha Rao,1985-11-02,40,Kolkata,9181643823,nisha.rao.1959@example.in,2378000.0,,2023-09-25
C001960,Krishna Shah,1983-08-18,42,Bhopal,7836149364,krishna.shah.1960@example.in,607600.0,3.0,2016-05-27
C001961,Shreya Singh,1955-04-30,70,Hyderabad,6679440291,shreya.singh.1961@example.in,881900.0,3.0,2023-03-13
C001962,Nisha Tiwari,1965-07-29,60,Kolkata,6483314473,nisha.tiwari.1962@example.in,1173300.0,5.0,2022-05-16
C001963,Pooja Sen,1966-04-16,59,Kolkata,9729335747,pooja.sen.1963@example.in,,6.0,2017-10-15
C001964,Shreya Kapoor,1976-12-04,49,Lucknow,8309206080,shreya.kapoor.1964@example.in,1612100.0,3.0,2018-12-01
C001965,Arjun Jain,1974-01-12,51, Pune ,9110531426,arjun.jain.1965@example.in,743200.0,6.0,2018-05-29
C001966,Arjun Rao,1998-07-05,27,Hyderabad,8497728510,ARJUN.RAO.1966@EXAMPLE.IN,423900.0,1.0,2025-10-10
C001967,Nikhil Reddy,1980-12-10,45,Hyderabad,,nikhil.reddy.1967@example.in,1013000.0,2.0,2025-06-08
C001968,Saanvi Rao,1950-06-10,75,Pune,8735186825,saanvi.rao.1968@example.in,415000.0,3.0,2022-08-18
C001969,Tanvi Mukherjee,1992-09-29,33,Mumbai,,tanvi.mukherjee.1969@example.in,347900.0,6.0,2019-03-07
C001970,Varun Joshi,1966-03-03,59,Chennai,7253757560,varun.joshi.1970@example.in,,6.0,2022-03-18
C001971,Arjun Iyer,2000-07-29,25, Mumbai ,7692835382,arjun.iyer.1971@example.in,3043100.0,3.0,2020-03-20
C001972,Rahul Mehta,1957-11-20,68, Jaipur ,7859814542,rahul.mehta.1972@example.in,933000.0,2.0,2020-04-05
C001973,Saanvi Subramanian,1972-03-12,53,Delhi,9519896038,saanvi.subramanian.1973@example.in,828200.0,4.0,2016-12-27
C001974,Ananya Desai,1973-12-15,52,Kochin,9161478586,ananya.desai.1974@example.in,881300.0,4.0,2025-08-13
C001975,Pranav Khan,1971-02-24,54,Kolkata, 65155-44615 ,pranav.khan.1975@example.in,1084100.0,,2016-03-24
C001976,Aditya S.,1971-09-21,54,Lucknow,7657314748,aditya.subramanian.1976@example.in,960100.0,2.0,2016-05-05
C001977,Aditya Nair,1990-06-10,35,Kolkata,8990189994,aditya.nair.1977@example.in,417800.0,7.0,2020-05-01
C001978,Aditya Sharma,1989-09-09,36,JAIPUR,8060091131,aditya.sharma.1978@example.in,941000.0,6.0,2020-08-26
C001979,Krishna Mehta,1965-10-23,60,Kolkata,6738816392,krishna.mehta.1979@example.in,769100.0,2.0,2022-09-07
C001980,Arjun Menon,1997-05-16,28,Kolkata,9029756702,arjun.menon.1980@example.in,1242400.0,,2022-12-25
C001981,Aditya Banerjee,1998-12-29,27,Lucknow,8876718327,aditya.banerjee.1981@example.in,745200.0,2.0,2025-06-09
C001982,Varun Rao,1970-04-01,55,Pune,7954146205,varun.rao.1982@example.in,2263300.0,4.0,2019-11-18
C001983,Pranav Nair,1961-04-05,64,Lucknow,+91 79490 29753,pranav.nair.1983@example.in,432500.0,2.0,2018-07-09
C001984,Rohan Khan,1953-11-09,72,Kochi, 74883-68818 ,rohan.khan.1984@example.in,1019500.0,1.0,2023-04-30
C001985,TANVI BOSE,1977-04-11,48,Chennai,,tanvi.bose.1985@example.in,1022800.0,1.0,2020-11-07
C001986,Kavya Roy,1980-03-14,45,Kolkata,9290457791,kavya.roy.1986@example.in,1241500.0,7.0,2020-08-27
C001987,Meera Khan,1965-12-08,60,Delhi,+91 82785 46704,meera.khan.1987@example.in,,6.0,2019-09-14
C001988,Pranav Sinha,1998-02-21,27,Bhopal,7672614449,pranv.sinha.1988@example.in,689500.0,6.0,2022-04-16
C001989,Sanjay Roy,1980-10-20,45,Calcutta,91-853-920-7395,sanjay.roy.1989@example.in,927800.0,1.0,2025-12-30
C001990,Aditya Desai,1976-06-13,49,Bhopal,+91 74468 74769,aditya.desai.1990@example.in,,7.0,2016-05-28
C001991,SANJAY SUBRAMANIAN,1957-04-23,68,Pune,6450384168,sanjay.subramanian.1991@example.in,1050100.0,4.0,2025-01-11
C001992,Ananya Joshi,1982-02-26,43,Lucknow,7146036648,ananya.joshi.1992@example.in,,4.0,2016-11-28
C001993,Saanvi Shah,1989-12-05,36,Bhopal,7365474327,saanvi.shah.1993@example.in,538900.0,7.0,2016-03-25
C001994,Zoya Banerjee,1974-04-03,51,Ahmedabad,7132977423,zoya.banerjee.1994@example.in,979500.0,3.0,2017-06-10
C001995,Zoya Jain,2000-09-07,25,Chennai,7193727377,zoya.jain.1995@example.in,1077700.0,3.0,2020-01-08
C001996,Nisha S.,2005-03-06,20,Jaipur,8029160184,nisha.singh.1996@example.in,700700.0,4.0,2023-12-09
C001997,Sneha Mishra,1954-09-05,71,Pune,(758) 306-7966,sneha.mishra.1997@example.in,1554300.0,1.0,2019-09-24
C001998,Rhea Patel,1994-05-15,31,Kolkata,7434587160,rhea.patel.1998@example.in,830000.0,2.0,2025-05-21
C001999,Arjun Mukherjee,1959-05-21,66, Mumbai ,9129698094,arjun.mukherjee.1999@example.in,1236800.0,4.0,2015-07-29
C002000,Aarav Reddy,1998-05-25,27,JAIPUR,8728887465,aarav.reddy.2000@example.in,1109900.0,2.0,2019-04-14
C002001,Pooja Khan,2004-04-03,21,Ahmedabad,6278563911,pooja.khan.2001@example.in,,7.0,2019-06-04
C002002,Pooja Agarwal,2005-05-29,20,Jaipur,9042445579,pooja.agarwal.2002@example.in,,3.0,2024-02-15
C002003,Anika Chandra,1950-03-27,75,Pune,6873763869,anika.chandra.2003@example.in,471500.0,4.0,2025-10-10
C002004,Rohan Kulkarni,1958-02-07,67,Chennai,8234598304,rohan.kulkarni.2004@example.in,683300.0,1.0,2019-09-24
C002005,Diya Patel,1979-10-11,46,Lucknow,6504430617,diya.patel.2005@example.in,506000.0,6.0,2021-10-30
C002006,Shreya Kapoor,1988-11-11,37,Mumbai,7103106285,shreya.kapoor.2006@example.in,430700.0,1.0,2020-01-12
C002007,Aarav Sinha,1974-10-11,51,Bhopal,7875426705,,2025200.0,5.0,2024-01-14
C002008,Varun Shah,2000-01-01,26,Delhi,8117337745,varun.shah.2008@example.in,260800.0,6.0,2024-12-14
C002009,Shreya Subramanian,1992-04-04,33,Mumbai,9158382531,shreya.subramanian.2009@example.in,1509200.0,5.0,2020-06-16
C002010,ANIKA VERMA,1977-05-04,48,Delhi, 88676-87565 ,anika.verma.2010@example.in,681000.0,7.0,2017-08-17
C002011,Priya Agarwal,1978-06-29,47,Mumbai,7483433040,priya.agarwal.2011@example.in,,,2017-04-21
C002012,Rahul Roy,1987-08-04,38, Jaipur ,(609) 892-5826,rahul.roy.2012@example.in,,3.0,2019-11-06
C002013,Aditya Banerjee,1971-04-26,54,Bhopal,6305942038,aditya.banerjee.2013@example.in,3648800.0,4.0,2023-01-30
C002014,Tanvi Mukherjee,1957-06-22,68,Mumbai,7126702006,tanvi.mukherjee.2014@example.in,764900.0,1.0,2020-01-08
C002015,Kavya Reddy,1981-01-22,44,Delhi,6590412922,kavya.reddy.2015@example.in,594600.0,7.0,2019-03-31
C002016,Rahul Iyer,1967-05-24,58,BENGALURU,8636937254,rahul.iyer.2016@example.in,514100.0,4.0,2025-12-15
C002017,Zoya Khan,1965-08-08,60,Kolkata,(733) 210-7676,zoya.khan.2017@example.in,1620200.0,1.0,2024-01-15
C002018,Sahil Banerjee,1965-11-13,60,Ahmedabad,6609438071,sahil.banerjee.2018@example.in,6219800.0,1.0,2022-09-28
C002019,Ishita Shah,1958-03-05,67,Delhi,8861063880,ishita.shah.2019@example.in,379800.0,3.0,2025-02-17
C002020,Sahil Kulkarni,1957-05-20,68,Delhi,6660183982,sahil.kulkarni.2020@example.in,427200.0,6.0,2024-09-30
C002021,Sahil Menon,1992-02-26,33,Chennai,9062244717,sahil.menon.2021@example.in,1017400.0,,2022-11-20
C002022,Nisha Khan,1960-05-16,65,Mumbai,6546430675,nisha.khan.2022@example.in,1423400.0,6.0,2018-08-31
C002023,Rhea Desai,1969-04-11,56,Mumbai,6811655468,rhea.desai.2023@example.in,1042600.0,5.0,2025-03-11
C002024,Rhea Jain,1950-09-10,75,Chennai,91-717-350-7251,rhea.jain.2024@example.in,285400.0,3.0,2018-01-29
C002025,Rhea Agarwal,2005-08-14,20,Chennai, 78319-59437 ,rhea.agarwal.2025@example.in,1344500.0,6.0,2020-02-03
C002026,Sneha Subramanian,1984-09-17,41,Jaipur,7888481744,sneha.subramanian.2026@example.in,1230000.0,2.0,2017-02-09
C002027,Rahul Mehta,1998-10-10,27,Kolkatta,,rahul.mehta.2027@example.in,678200.0,3.0,2015-07-19
C002028,  ananya   mukherjee  ,2001-09-28,24,Pune,8918418577,ananya.mukherjee.2028@example.in,251900.0,7.0,2023-11-01
C002029,Piya Mehta,1980-01-12,45,Lucknow,7818993520,priya.mehta.2029@example.in,1521400.0,2.0,2019-06-02
C002030,Priya Rao,1974-02-01,51,Bombay,+91 91663 50775,priya.rao.2030@example.in,174700.0,4.0,2016-08-31
C002031,Sanjay Das,1988-05-20,37,Lakhnau,8314076796,sanjay.das.2031@example.in,648800.0,5.0,2020-03-22
C002032,Pooja Iyer,2004-03-12,21,Hyderabad,6004404236,pooja.iyer.2032@example.in,1205600.0,6.0,2018-12-28
C002033,Mira Chandra,1969-04-28,56,Jaipur,6720529978,mira.chandra.2033@example.in,963200.0,6.0,2020-12-19
C002034,Sahil Kapoor,1978-06-01,47,Mumbai,7431001868,sahil.kapoor.2034@example.in,850800.0,7.0,2019-07-21
C002035,Aarav Das,1978-04-05,47,Pune,9871848690,aarav.das.2035@example.in,969200.0,3.0,2017-12-28
C002036,Nisha Roy,2001-10-27,24,Kolkata,9330612688,nisha.roy.2036@example.in,1033700.0,7.0,2025-05-07
C002037,Aditi Jain,1959-09-22,66,Jaipur,7141013610,aditi.jain.2037@example.in,1906100.0,3.0,2019-01-25
C002038,Meera Das,1965-09-15,60,Kolkata,9716249854,meera.das.2038@example.in,655800.0,2.0,2025-03-10
C002039,Pranav Kulkarni,2002-10-30,23,Kolkata,9450023262,pranav.kulkarni.2039@example.in,897500.0,6.0,2024-08-07
C002040,Sahil Chandra,1964-03-15,61,Pune,6820364870,sahil.chandra.2040@example.in,911300.0,3.0,2025-05-10
C002041,Rohan Patel,1966-05-22,59,Hyderabad,7558435557,rohan.patel.2041@example.in,1289000.0,4.0,2018-02-05
C002042,Pooja Nair,1986-06-07,39,Lucknow,6979176070,pooja.nair.2042@example.in,1451500.0,5.0,2017-12-22
C002043,Nikhil Sharma,1955-11-05,70,Ahmedabad,91-772-912-4630,nikhil.sharma.2043@example.in,565500.0,6.0,2025-04-14
C002044,Anika Das,1984-05-21,41,Lucknow,6661725414,anika.das.2044@example.in,1195000.0,3.0,2016-02-02
C002045,Diya Iyer,2005-12-13,20,Hyderabad,7545883346,diya.iyer.2045@example.in,623600.0,7.0,2016-05-04
C002046,Aditi Khan,1984-10-07,41,Mumbai,8467716521,aditi.khan.2046@example.in,424700.0,3.0,2024-09-29
C002047,Pooja Mehta,1984-04-13,41,Kolkata,,pooja.mehta.2047@example.in,284700.0,4.0,2023-04-21
C002048,Sahil Roy,1972-06-15,53,Jaipur,,sahil.roy.2048@example.in,1263400.0,6.0,2025-02-06
C002049,Mira Rao,1981-11-09,44,Mumbai,9525837874,mira.rao.2049@example.in,2264300.0,,2017-10-14
C002050,Kabir Shah,1954-09-08,71,Kolkata,(995) 225-5073,kabir.shah.2050@example.in,313500.0,6.0,2025-10-04
C002051,Aarav Iyer,1956-01-11,69,Delhi,9604861273,aarav.iyer.2051@example.in,668500.0,4.0,2022-02-20
C002052,Kavya Banerjee,1993-04-23,32,Jaipur,9693779716,kavya.banerjee.2052@example.in,354500.0,5.0,2023-03-26
C002053,Shreya Rao,1960-02-24,65,Kolkata,6877338409,shreya.rao.2053@example.in,787000.0,,2023-02-06
C002054,Pooja Patel,2003-10-06,22,Delhi,+91 65881 97505,pooja.patel.2054@example.in,2060300.0,1.0,2018-04-16
C002055,Kavya Kulkarni,1954-06-30,71,Pune,7538971282,kavya.kulkarni.2055@example.in,896500.0,6.0,2023-07-06
C002056,Priya Mishra,1959-07-25,66,Jaipur,6086706664,priya.mishra.2056@example.in,541200.0,2.0,2020-08-16
C002057,Kabir Mehta,1995-12-21,30, Delhi ,,,510600.0,3.0,2024-06-12
C002058,Ishita Gupta,1963-08-16,62,Jaipur,91-909-285-3012,ishita.gupta.2058@example.in,1009700.0,4.0,2023-10-05
C002059,Arjun Nair,1997-02-11,28,Jaipur,7121951380,arjun.nair.2059@example.in,3113900.0,3.0,2021-02-06
C002060,Aarav Joshi,1965-08-23,60,Lucknow,7008440624,aarav.joshi.2060@example.in,1012200.0,3.0,2023-03-03
C002061,Ishaan Iyer,1965-12-07,60,Pune,9577474869,ishaan.ier.2061@example.in,1589300.0,,2020-03-03
C002062,Mira Joshi,1968-09-19,57,Chennai,7265447242,mira.joshi.2062@example.in,1366600.0,7.0,2018-04-21
C002063,Sneha Bose,1950-07-20,75,Jaipur,8849422155,sneha.bose.2063@example.in,2390900.0,1.0,2020-03-02
C002064,Mira Iyer,2004-03-10,21, Bangalore ,8189868313,mira.iyer.2064@example.in,439600.0,3.0,2017-07-06
C002065,Ananya Patel,1955-10-18,70,Pune,7495843086,ananya.patel.2065@example.in,1092200.0,7.0,2018-08-10
C002066,Rahul Menon,2005-12-16,20,PUNE,,rahul.menon.2066@example.in,638200.0,1.0,2025-05-26
C002067,Priya Banerjee,1998-09-03,27,Hyderabad,7144536885,priya.banerjee.2067@example.in,394500.0,1.0,2018-02-15
C002068,Pranav Patel,1981-02-12,44,Kolkata,6555228461,pranav.patel.2068@example.in,1033700.0,3.0,2023-06-10
C002069,Rohan Verma,1961-10-21,64,Pune,+91 83549 58890,rohan.verma.2069@example.in,655400.0,4.0,2020-11-28
C002070,  krishna   shah  ,1982-04-27,43,Jaypur,8398400072,krishna.shah.2070@example.in,2339900.0,7.0,2019-10-14
C002071,  aditi   joshi  ,1970-07-09,55,Hyderabad,8515919466,aditi.joshi.2071@example.in,238700.0,4.0,2019-06-10
C002072,Mira Gupta,1973-04-06,52,Mumbai,7070454590,mira.gupta.2072@example.in,1984800.0,,2018-06-24
C002073,Rohan Agarwal,1968-10-12,57,Mumbai,6487532207,rohan.agarwal.2073@example.in,1085100.0,7.0,2017-06-05
C002074,Diya Mukherjee,1972-01-20,53,Kochi,8703110257,diya.mukherjee.2074@example.in,886600.0,4.0,2020-11-29
C002075,Diya Chandra,1957-12-19,68,Kochi,6360577891,diya.chandra.2075@example.in,330200.0,7.0,2016-04-10
C002076,Ananya Khan,1967-06-18,58,Lucknow,+91 90441 02116,ananya.khan.2076@example.in,3212700.0,4.0,2018-06-23
C002077,Ishaan Menon,1956-06-11,69,Pune,+91 72240 39955,ishaan.menon.2077@example.in,1757900.0,5.0,2019-04-04
C002078,Rahul Joshi,1970-06-20,55,Kolkata,6461002451,rahl.joshi.2078@example.in,1068000.0,7.0,2017-08-22
C002079,Zoya Sharma,1965-05-14,60,Ahmedabad,9957327190,zoya.sharma.2079@example.in,1332600.0,3.0,2025-09-18
C002080,Meera Kulkarni,1974-04-03,51,Pune,7279466289,meera.kulkarni.2080@example.in,1061400.0,5.0,2022-11-29
C002081,Rohan Gupta,1954-01-26,71,Delhi,9683992432,rohangupta2081@example.in,3091900.0,1.0,2015-09-26
C002082,Rohan Patel,1965-10-06,60,Bhopal,6507565106,rohan.patel.2082@example.in,1111700.0,3.0,2021-03-18
C002083,Arjun Verma,1991-07-31,34,Kolkata,8015782797,arjun.verma.2083@example.in,2637200.0,5.0,2024-12-23
C002084,Priya Sharma,1989-10-10,36,Bengaluru,7002269722,priya.sharma.2084@example.in,789700.0,1.0,2024-10-20
C002085,Aarav Khan,1990-02-02,35,Lucknow,7660306269,aarav.khan.2085@example.in,615200.0,6.0,2016-12-17
C002086,Pooja Chandra,1991-02-25,34,Kochi,+91 62135 91214,pooja.chandra.2086@example.in,290900.0,3.0,2023-06-16
C002087,Krishna Kapoor,1981-11-05,44,Ahmedabad,7732236521,krishna.kapoor.2087@example.in,564400.0,7.0,2018-02-17
C002088,Saanvi Tiwari,1958-10-05,67,Bengaluru,7589775535,saanvi.tiwari.2088@example.in,,3.0,2016-01-04
C002089,Krishna Shah,1958-11-27,67,Pune,,krishna.shah.2089@example.in,3143000.0,3.0,2021-08-31
C002090,Zoya Shah,1994-09-24,31,Hyderabad,6667631589,zoya.shah.2090@example.in,652700.0,7.0,2022-03-05
C002091,Kabir Rao,2005-08-23,20,Hyderabad,8818283505,kabir.rao.2091@example.in,857400.0,5.0,2024-08-14
C002092,Akshay Agarwal,1962-04-02,63,Ahmedabad,9196175299,akshay.agarwal.2092@example.in,1224700.0,6.0,2023-12-21
C002093,Rhea Chandra,1983-07-16,42,Kolkata,+91 97881 06752,rhea.chandra.2093@example.in,561100.0,4.0,2015-03-16
C002094,Meera Iyer,1965-05-22,60,Mumbai,6582707474,meera.iyer.2094@example.in,782500.0,2.0,2023-08-01
C002095,Rahul Banerjee,2004-04-15,21,Jaypur,7487761677,rahul.banerjee.2095@example.in,809400.0,4.0,2022-02-03
C002096,Ishita Patel,1951-05-07,74,Lucknow,6988447779,ishita.patel.2096@example.in,649600.0,7.0,2023-01-27
C002097,Nikhil Banerjee,1955-10-18,70,Kochi,9825004249,nikhil.banerjee.2097@example.in,1485100.0,1.0,2016-01-11
C002098,Akshay Singh,1998-11-22,27,Delhi,9714939524,akshay.singh.2098@example.in,655700.0,6.0,2021-10-08
C002099,Zoya Roy,1960-02-18,65,Ahmedabad,,zoya.roy.2099@example.in,684400.0,7.0,2015-12-01
C002100,Anika Desai,1972-02-11,53,Mumbai,9783149114,anika.desai.2100@example.in,1036900.0,5.0,2021-01-11
C002101,I. Rao,1962-08-09,63,Kolkata,6628148272,ishaan.rao.2101@example.in,354900.0,1.0,2024-07-16
C002102,Kabir Bose,1953-11-18,72,Bengaluru,9989854657, kabir.bose.2102@example.in ,,2.0,2020-05-05
C002103,Priya Jain,1996-10-09,29,Pune,9789748555,priya.jain.2103@example.in,1588700.0,3.0,2025-12-18
C002104,Rahul Khan,1999-01-02,26,Mumbai,6262532171,rahul.khan.2104@example.in,342100.0,7.0,2022-08-30
C002105,Zoya Patel,1962-06-17,63,Ahmedabad,8031126010,zoya.patel.2105@example.in,1055200.0,1.0,2025-06-26
C002106,Aarav Sen,1978-02-11,47,Kolkata,9503335952,aarav.sen.2106@example.in,,7.0,2023-05-11
C002107,Sneha Mishra,1988-03-01,37,Kolkata,6519365024,sneha.mishra.2107@example.in,1191300.0,4.0,2025-10-29
C002108,Anika Gupta,1968-12-30,57,Chennai,6227456125,anika.gupta.2108@example.in,959900.0,4.0,2021-03-04
C002109,Sahil Mishra,1977-06-26,48,Kochi,+91 66734 23416,sahil.mishra.2109@example.in,1139100.0,7.0,2025-06-22
C002110,Vaun Menon,1961-07-27,64,Bengaluru,8698247548,varun.menon.2110@example.in,666400.0,7.0,2024-09-14
C002111,Ananya Sen,1971-03-19,54,Delhi,9082824219,ananya.sen.2111@example.in,1028300.0,2.0,2025-06-07
C002112,Diya Mishra,1956-11-02,69, Bhopal ,8391628999,diya.mishra.2112@example.in,1336500.0,7.0,2020-11-23
C002113,Krishna Menon,1960-01-21,65,Jaipur,6834050538,krishna.menon.2113@example.in,523700.0,1.0,2020-04-22
C002114,Varun Joshi,1959-04-21,66,Ahmedabad,6530737765,varun.joshi.2114@example.in,5139500.0,5.0,2023-09-17
C002115,Pranav Das,1950-04-01,75,Bhopl,7067358787,pranav.das.2115@example.in,436700.0,4.0,2018-03-06
C002116,Ishita Mishra,1961-12-28,64,Bengaluru,8589346314,ishita.mishra.2116@example.in,2114300.0,4.0,2017-04-21
C002117,Pooja Agarwal,1966-04-09,59,Delhi,8507152855,pooja.agarwal.2117@example.in,,1.0,2017-03-17
C002118,Aarav Mukherjee,2003-11-07,22,Jaipur, 60927-60725 ,aarav.mukherjee.2118@example.in,3305200.0,6.0,2016-11-24
C002119,Ishita Tiwari,1962-05-31,63,Delhi,6649647579,ishita.tiwari.2119@example.in,428800.0,5.0,2015-06-23
C002120,Rohan Nair,1950-07-26,75,Bangalore,8549113290,rohan.nair.2120@example.in,1037000.0,5.0,2015-04-09
C002121,Ishaan Rao,1954-09-08,71,Jaipur,,ishaan.rao.2121@example.in,762900.0,3.0,2023-11-19
C002122,Kabir Tiwari,1986-11-27,39,Delhi,9482195459,kabir.tiwari.2122@example.in,1072400.0,,2019-12-17
C002123,Anika Nair,1981-12-23,44,Bengaluru,7040403391,anika.nair.2123@example.in,659800.0,5.0,2017-07-19
C002124,Ananya Patel,1953-10-10,72,Hyderabad,91-625-061-1812,ananya.patel.2124@example.in,943700.0,5.0,2025-03-01
C002125,Ishaan Mehta,1966-03-13,59,Ahmedabad,7980048807,ishaan.mehta.2125@example.in,771800.0,2.0,2017-05-16
C002126,Pooja Kulkarni,1972-08-11,53,HYDERABAD,8115223783,pooja.kulkarni.2126@example.in,442400.0,7.0,2023-02-22
C002127,Zoya Gupta,1997-10-08,28,Pune,6433430986,zoya.gupta.2127@example.in,490700.0,2.0,2025-12-01
C002128,Anika Gupta,1964-11-23,61,Jaipur,8834883032,anika.gupta.2128@example.in,419800.0,2.0,2025-09-10
C002129,  ananya   patel  ,1965-03-18,60,Bengaluru,7217047892,ananyapatel2129@example.in,496100.0,4.0,2016-04-05
C002130,Varun Mishra,1977-02-15,48,Jaipur,6577435927,varun.mishra.2130@example.in,475800.0,3.0,2025-04-27
C002131,AARAV RAO,1953-08-19,72,Kolkata,8866884332,aarav.rao.2131@example.in,994900.0,7.0,2022-09-12
C002132,Priya Mishra,1974-08-26,51,Mumbai,8214883362,priya.mishra.2132@example.in,1976900.0,4.0,2020-05-23
C002133,Meera Mishra,2003-04-19,22,Calcutta,9481501328,meera.mishra.2133@example.in,1277800.0,,2022-01-02
C002134,Arjun Khan,1969-05-22,56,Delhi,6934111372,arjun.khan.2134@example.in,866300.0,4.0,2019-06-03
C002135,Akshay Mukherjee,1993-07-21,32,Ahmedabad,6229353130,,492700.0,2.0,2021-12-02
C002136,Meera Iyer,1962-11-19,63,Chennai,+91 76543 18172,meera.iyer.2136@example.in,1013000.0,2.0,2023-10-14
C002137,Ishaan Patel,1963-06-28,62,Hyderabad,7732127393,ishaan.patel.2137@example.in,738600.0,6.0,2017-04-05
C002138,Nisha Tiwari,1984-09-05,41,Kolkata,8993559886,nisha.tiwari.2138@example.in,2863100.0,5.0,2020-05-30
C002139,Aditya Singh,1962-12-25,63, Jaipur ,8888108919,aditya.singh.2139@example.in,767100.0,2.0,2017-02-27
C002140,Ishaan Nair,1986-11-12,-2,Pune,7958833437,ishaan.nair.2140@example.in,1831000.0,5.0,2022-12-12
C002141,Nikhil Agarwal,1986-10-08,39,Bhopal,9609129088,nikhil.agarwal.2141@example.in,2238600.0,1.0,2024-11-29
C002142,Ishaan Shah,1989-12-25,36,AHMEDABAD,91-974-134-8008,ishaan.shah.2142@example.in,785800.0,1.0,2022-12-20
C002143,Aditi Bose,1999-09-06,26,Chennai ,(994) 244-9403,aditi.bose.2143@example.in,907800.0,2.0,2024-01-31
C002144,Ishaan Banerjee,1958-07-30,67,Kochi,,ishaan.anerjee.2144@example.in,769600.0,2.0,2018-12-20
C002145,Tanvi Nair,2002-12-29,23, Bhopal ,9532236194,tanvi.nair.2145@example.in,765600.0,6.0,2024-08-23
C002146,Priya Desai,1966-07-08,59, Lucknow ,9605749049,priya.desai.2146@example.in,,4.0,2016-01-16
C002147,Rohan Iyer,1994-01-10,31,LUCKNOW,7013716610,rohan.iyer.2147@example.in,875500.0,,2017-02-10
C002148,Ishaan Banerjee,1994-07-09,31,Bhopal,91-644-670-2856,ishaan.banerjee.2148@example.in,1082900.0,7.0,2025-08-08
C002149,Ananya Iyer,2000-04-06,25,Kolkata,6462744761,ananya.iyer.2149@example.in,1387300.0,2.0,2024-02-25
C002150,Akshay Patel,1980-05-24,45,Ahmedabad,7287889319,akshay.patel.2150@example.in,464600.0,4.0,2021-07-04
C002151,Kabir Banerjee,1963-05-29,62,Bengaluru,8503313713,kabir.banerjee.2151@example.in,538600.0,6.0,2021-03-10
C002152,Akshay Shah,2000-10-20,25,Chennai,7362937835,akshay.shah.2152@example.in,499900.0,3.0,2025-03-28
C002153,Sahil Desai,1983-10-02,42,Bhopal,7826152282,sahil.desai.2153@example.in,1062100.0,3.0,2015-08-19
C002154,Aarav Jain,1969-08-11,56,Hyd,8869320959,aarav.jain.2154@example.in,266800.0,6.0,2020-12-30
C002155,Nisha Chandra,1992-10-20,33,JAIPUR,9691933364,nisha.chandra.2155@example.in,,7.0,2024-10-11
C002156,Akshay Patel,1950-01-31,75,Puna,9452804905,akshay.patel.2156@example.in,637900.0,5.0,2024-04-22
C002157,Sahil Verma,1960-03-12,65,Lucknow,,sahil.verma.2157@example.in,1318400.0,1.0,2015-12-28
C002158,Meera Sharma,1954-12-28,71,Mumbai,6621002701,meera.sharma.2158@example.in,787200.0,4.0,2021-06-01
C002159,Akshay Sinha,1950-10-17,75,Poona,91-661-682-9653,akshay.sinha.2159@example.in,1206700.0,4.0,2015-11-12
C002160,Pooja Roy,1991-04-11,34,Mumbai,9881232799,pooja.roy.2160@example.in,543100.0,3.0,2019-08-19
C002161,Mira Subramanian,1957-01-03,68,Bengaluru,7281837361,mira.subramanian.2161@example.in,1420300.0,5.0,2025-11-01
C002162,Mira Khan,1978-04-19,47,Kolkatta,9307018160,mira.khan.2162@example.in,,4.0,2021-02-26
C002163,Nikhil Gupta,1959-09-27,66, Mumbai ,8909535276,nikhil.gupta.2163@example.in,759800.0,,2020-03-14
C002164,  rhea   das  ,1980-08-30,45,Bhopl,8198524604,rhea.das.2164@example.in,1285400.0,1.0,2018-06-04
C002165,Ananya Kulkarni,2003-02-14,22,Kolkata,8825226373,ananya.kulkarni.2165@example.in,1214000.0,6.0,2020-02-04
C002166,Zoya Banerjee,1992-09-19,33,Kochi,7318787665, zoya.banerjee.2166@example.in ,888100.0,7.0,2018-09-09
C002167,Zoya Sen,1963-06-04,62, Ahmedabad ,8294131454,zoya.sen.2167@example.in,1457000.0,3.0,2021-06-16
C002168,Mira Nair,1988-07-21,37,Kolkata, 77973-37564 ,mira.nair.2168@example.in,409700.0,2.0,2016-01-22
C002169,  meera   reddy  ,1954-11-04,71,Chennai,,meera.reddy.2169@example.in,1948200.0,5.0,2021-02-05
C002170,Sahil Singh,1992-07-11,33,Kochi,91-743-845-9168,sahil.singh.2170@example.in,854100.0,5.0,2023-12-10
C002171,Ananya Khan,1995-04-23,30,AHMEDABAD,9933704621,ananya.khan.2171@example.in,576500.0,5.0,2017-01-02
C002172,Kavya Subramanian,1969-08-27,56,Bengaluru,6807704197,kavya.subramanian.2172@example.in,654000.0,2.0,2019-05-29
C002173,Saanvi Patel,2005-02-12,20, Mumbai , 94813-71064 ,saanvi.patel.2173@example.in,1500500.0,3.0,2015-06-20
C002174,Shreya Chandra,1996-03-20,29,DELHI,8442959767,shreya.chandra.2174@example.in,1495600.0,3.0,2025-03-20
C002175,Rhea Banerjee,2005-12-09,20,Delhi,9975266859,rhea.banerjee.2175@example.in,1204200.0,1.0,2019-04-09
C002176,Sahil Banerjee,1957-09-14,68,Hyderabad,8413901346,sahil.banerjee.2176@example.in,754500.0,1.0,2023-11-13
C002177,N. Das,1958-03-13,67,Jaipur,9976480420,nikhil.das.2177@example.in,698300.0,7.0,2023-05-21
C002178,Varun Mukherjee,2003-10-10,22,Lucknow,7803239247,varun.mukherjee.2178@example.in,644300.0,7.0,2024-01-01
C002179,Pranav Desai,1978-08-19,47,PUNE,,pranav.desai.2179@example.in,22571708.818652503,6.0,2015-12-23
C002180,Nisha Menon,1953-09-19,72,Bengaluru,8624826850,nisha.menon.2180@example.in,1148000.0,6.0,2019-06-27
C002181,Rhea Iyer,1953-04-12,72,Hyderabad,9200749027,rhea.iyer.2181@example.in,814000.0,4.0,2023-06-24
C002182,Sanjay Desai,1987-03-04,38,Hyderabad,6789619084,sanjay.desai.2182@example.in,538900.0,3.0,2018-10-10
C002183,Tanvi Sharma,1965-05-22,60,Chennai,9541397976,tanvi.sharma.2183@example.in,514500.0,6.0,2022-08-21
C002184,Shreya Desai,1982-02-05,43,Kochi,7852110509,shreya.desai.2184@example.in,1570600.0,2.0,2024-04-04
C002185,Kabir Mishra,1966-02-20,59,Ahmedabad,8520923438,kabir.mishra.2185@example.in,760000.0,6.0,2020-10-29
C002186,Rahul Agarwal,1966-02-15,59,Delhi,8754075208,rahul.agarwal.2186@example.in,553800.0,7.0,2020-02-21
C002187,Rahul Mishra,1995-02-06,30,Delhi,6995134876,rahul.mishra.2187@example.in,488900.0,2.0,2021-11-26
C002188,Aditi Reddy,1987-08-11,38, Lucknow ,(673) 544-1587,aditi.reddy.2188@example.in,500900.0,1.0,2015-03-25
C002189,Aarav Tiwari,2004-06-10,21,Jaypur,8488030034,aarav.tiwari.2189@example.in,860300.0,6.0,2018-04-02
C002190,Rahul Rao,1974-10-30,51,Hyderabad,7965731518,rahul.rao.2190@example.in,1555500.0,1.0,2015-05-13
C002191,Saanvi Rao,1964-02-12,61,Delhi,(705) 134-0837,saanvi.rao.2191@example.in,2641300.0,,2018-07-29
C002192,Ananya Sinha,2004-01-04,21,Hyderabad,91-802-280-9514,ananya.sinha.2192@example.in,771600.0,4.0,2020-05-22
C002193,Ishita Sharma,1983-05-18,42,Delhi,8285479537,ishita.sharma.2193@example.in,485200.0,5.0,2023-12-13
C002194,Varun Kapoor,1967-12-07,58,Bengaluru,8128107337,varun.kapoor.2194@example.in,843700.0,6.0,2021-10-07
C002195,Priya Subramanian,2004-08-09,21,Bhopal,7039335114,priya.subramanian.2195@example.in,,3.0,2020-06-07
C002196,Sanjay Chandra,1985-03-12,40,Lucknow,8575234997,sanjay.chandra.2196@example.in,1238000.0,4.0,2025-10-05
C002197,Sahil Desai,1986-12-12,39,Chennai,9238538626,sahil.desai.2197@example.in,1812700.0,5.0,2015-06-15
C002198,Aarav Sharma,1979-07-07,46, Lucknow ,6213292608,aarav.sharma.2198@example.in,1428100.0,1.0,2021-01-13
C002199,Krishna Subramanian,2005-12-25,20,Hyderabad,6431524561,krishna.subramanian.2199@example.in,,4.0,2017-08-01
C002200,Aarav Chandra,2002-07-31,23,Jaipur,7300385794,aarav.chandra.2200@example.in,440400.0,7.0,2017-06-24
C002201,Sahil Roy,1960-04-05,65,Chennai,8577541443,sahil.roy.2201@example.in,2196900.0,1.0,2015-12-09
C002202,Rhea Gupta,1953-10-15,135,Bhopal,7236324397,rhea.gupta.2202@example.in,1762800.0,4.0,2025-09-04
C002203,Vikram Mehta,1961-02-17,64,Bengaluru,7195295671,vikram.mehta.2203@example.in,576600.0,3.0,2016-09-02
C002204,Akshay Desai,2005-11-30,20,Puna,(854) 951-6819,akshay.desai.2204@example.in,2113300.0,4.0,2025-11-18
C002205,Arjun Sinha,1995-11-03,30,Jaipur,+91 93199 82826,arjun.sinha.2205@example.in,368900.0,2.0,2025-02-16
C002206,Diya Gupta,1970-02-13,55,Ahmedabad,(780) 807-2067,diya.gupta.2206@example.in,430900.0,6.0,2022-03-22
C002207,Kavya Sharma,1974-06-22,51,Lakhnau,8303070609,kavya.sharma.2207@example.in,543000.0,7.0,2023-07-19
C002208,Nisha Sharma,1967-11-16,58,Chennai,8622123735,nisha.sharma.2208@example.in,757400.0,2.0,2019-03-31
C002209,Rohan Subramanian,1978-12-24,47,Chennai,6824291482,rohan.subramanian.2209@example.in,803700.0,4.0,2023-07-10
C002210,Akshay Jain,1990-09-22,35,Pune,6892782110,akshay.jain.2210@example.in,501300.0,3.0,2016-01-29
C002211,Sanjay Kulkarni,1960-09-23,65,Ahmedabad,7826085858,sanjay.kulkarni.2211@example.in,1278900.0,5.0,2018-06-09
C002212,Priya Tiwari,1997-11-02,28,Lucknow,6436212730,,1229100.0,4.0,2017-08-03
C002213,Zoya Roy,1998-08-31,27,Hyderabad, 81518-93427 ,zoya.roy.2213@example.in,536800.0,3.0,2016-05-14
C002214,Tanvi Banerjee,1982-05-19,43,Lucknow,9374248595,tanvi.banerjee.2214@example.in,466800.0,5.0,2023-05-07
C002215,Meera Shah,1968-09-22,57,Jaipur,8455297878,meera.shah.2215@example.in,,4.0,2015-09-29
C002216,Vikram Khan,1965-02-05,60,Jaipur,9379001414,vikram.khan.2216@example.in,964100.0,,2025-06-28
C002217,Pranav Jain,1978-08-02,47,Pune,,pranav.jain.2217@example.in,1148000.0,3.0,2018-12-26
C002218,Aditi Menon,1965-02-03,60,Delhi,6631362859,aditi.menon.2218@example.in,631700.0,3.0,2019-07-14
C002219,Priya Mehta,1965-09-07,60, Pune , 63410-06980 ,priya.mehta.2219@example.in,788300.0,1.0,2016-01-11
C002220,Nisha Verma,1989-03-29,36,Ahmedabad,8722307404,nisha.verma.220@example.in,1675300.0,3.0,2019-09-23
C002221,Tanvi Mishra,1955-05-26,70,Hyderabad,8577684245,tanvi.mishra.2221@example.in,1082000.0,3.0,2021-07-31
C002222,Priya Banerjee,1979-04-23,46,Bengaluru,7202925067,priya.banerjee.2222@example.in,517000.0,2.0,2015-02-05
C002223,Saanvi Sinha,1969-08-14,56,Kolkata,8970323880,saanvi.sinha.2223@example.in,1319800.0,4.0,2025-03-21
C002224,Krishna Roy,1995-07-03,30,Jaipur,8688035534,krishna.roy.2224@example.in,605100.0,4.0,2021-06-14
C002225,Nikhil Singh,1964-11-30,61, Kochi ,8241401463,nikhil.singh.2225@example.in,1025700.0,2.0,2020-08-30
C002226,Pooja Kapoor,1960-08-16,65,Pune,9053893664,pooja.kapoor.2226@example.in,489200.0,7.0,2022-02-05
C002227,Sanjay Sinha,1973-04-24,52,Poona,7318356029,sanjay.sinha.2227@example.in,561800.0,6.0,2017-05-06
C002228,Rahul Agarwal,1969-07-18,56,Ahmedabad,6331397629,rahul.agarwal.2228@example.in,,4.0,2024-05-30
C002229,Nikhil Khan,1950-11-28,75,Jaipur,8959269693,nikhil.khan.2229@example.in,1202100.0,4.0,2024-04-09
C002230,Mira Sharma,1956-10-12,69,Mumbai,7245303641,mira.sharma.2230@example.in,756100.0,4.0,2022-10-02
C002231,Tanvi Desai,1985-12-12,40,Lucknow,8236753860,tanvi.desai.2231@example.in,528200.0,5.0,2021-09-07
C002232,Shreya Bose,1998-03-04,27,Mumbai,7188881811,shreya.bose.2232@example.in,25939618.600074176,1.0,2017-04-06
C002233,Aditya Chandra,2003-02-09,22,Kolkata,9271217711,aditya.chandra.2233@example.in,1090400.0,5.0,2022-11-06
C002234,Pooja Agarwal,2000-05-11,25,Bengaluru,9058689605,pooja.agarwal.2234@example.in,,5.0,2023-06-29
C002235,Nisha Jain,1984-01-02,41,Delhi, 80907-26092 ,nisha.jain.2235@example.in,176800.0,1.0,2018-05-06
C002236,Priya Agarwal,1950-11-30,75,Bhopl, 92473-37130 ,priya.agarwal.2236@example.in,892700.0,2.0,2022-06-28
C002237,Priya Gupta,1974-07-21,51,Jaipur,6933385743,priya.gupta.2237@example.in,933100.0,1.0,2024-03-22
C002238,Arjun Subramanian,1956-02-11,69,AHMEDABAD,+91 71186 61720,arjun.subramanian.2238@example.in,,4.0,2024-03-18
C002239,Sanjay Sharma,2002-07-20,23,Mumbai, 73645-90505 ,sanjay.sharma.2239@example.in,1337300.0,5.0,2017-09-29
C002240,Ishaan Nair,1961-04-09,64,Lucknow,6065246740,ishaan.nair.2240@example.in,928200.0,5.0,2025-02-02
C002241,Sneha Kulkarni,1978-03-06,47,Bengaluru,9657829706,sneha.kulkarni.2241@example.in,811200.0,5.0,2025-07-04
C002242,Anika Mukherjee,1991-06-30,34,Bengaluru,6788619334,anika.mukherjee.2242@example.in,885400.0,6.0,2023-04-18
C002243,Sanjay Rao,1998-12-10,27,Mumbai,7255698734,sanjay.rao.2243@example.in,721700.0,7.0,2020-05-11
C002244,Pranav Mishra,1995-12-07,30,Pune,6378071948,pranav.mishra.2244@example.in,213300.0,1.0,2025-08-19
C002245,Rahul Nair,1985-01-11,40,Chennai,7291069087,rahul.nair.2245@example.in,681600.0,6.0,2016-02-24
C002246,Anika Banerjee,1992-09-07,33,Bengaluru,,anika.banerjee.2246@example.in,380800.0,3.0,2016-08-04
C002247,Saanvi Siha,1967-06-24,58,Mumbai,9816557472,saanvi.sinha.2247@example.in,1107900.0,1.0,2025-04-12
C002248,Rahul Verma,1968-04-29,57,Bhopal,7495931438,rahul.verma.2248@example.in,1288100.0,1.0,2015-04-30
C002249,Rahul Iyer,1966-09-23,59,Bengaluru,,rahul.iyer.2249@example.in,,4.0,2015-08-13
C002250,Zoya Agarwal,1990-06-10,35,Hyderabad,7492149956,zoya.agarwal.2250@example.in,708800.0,1.0,2020-08-19
C002251,Aditi Mehta,1951-08-07,74,Pune,,aditi.mehta.2251@example.in,716000.0,7.0,2022-09-03
C002252,Ananya Kapoor,1983-03-01,42,Delhi,9210989019,ananya.kapoor.2252@example.in,568400.0,3.0,2015-10-19
C002253,Saanvi Patel,1976-12-19,49,Bengaluru,7673686976,saanvi.patel.2253@example.in,350400.0,4.0,2017-06-18
C002254,Saanvi Gupta,1981-12-25,44,Kolkata,8324404168,saanvi.gupta.2254@example.in,819000.0,2.0,2016-04-25
C002255,ISHITA TIWARI,1981-08-15,44,Hyderabad,7957857658,ishita.tiwari.2255@example.in,2112800.0,7.0,2021-07-05
C002256,Zoya Patel,1995-08-04,30,Mumbay,6787085947,zoya.patel.2256@example.in,1082600.0,1.0,2016-05-22
C002257,Rhea Roy,1993-01-02,32,Ahmedabad,6012385093,rhea.roy.2257@example.in,483900.0,2.0,2025-12-30
C002258,Tanvi Gupta,1967-12-12,58,Hyderabad,6450571096,tanvi.gupta.2258@example.in,,2.0,2025-08-13
C002259,Kabir Mukherjee,1992-02-16,33,Ahmedabad,7435755605,kabir.mukherjee.2259@example.in,375000.0,1.0,2025-04-10
C002260,Tanvi Iyer,1952-04-11,73,Lucknow,9999351387,tanvi.iyer.2260@example.in,739100.0,4.0,2016-09-14
C002261,Vikram Reddy,1957-06-19,68,Hyderabad,6495617333,vikram.reddy.2261@example.in,975600.0,7.0,2024-10-10
C002262,Ishaan Sharma,1970-09-13,55,Hyderabad,7531377417,ishaan.sharma.2262@example.in,1276100.0,7.0,2015-03-22
C002263,Tanvi Nair,1984-02-14,41, Kochi ,7828883931,,1496500.0,5.0,2017-06-11
C002264,Kavya Gupta,1963-02-21,62,Chenai,7684130315,kavya.gupta.2264@example.in,1072800.0,5.0,2024-04-11
C002265,Ishita Khan,1972-05-20,53,Chennai,8907711000,ishita.khan.2265@example.in,1210100.0,1.0,2015-08-28
C002266,Tanvi Kapoor,1952-12-05,73,Delhi,8246689028,tanvi.kapoor.2266@example.in,754200.0,6.0,2021-03-18
C002267,Sanjay Gupta,1974-05-22,51,Chennai,8112939068,sanjay.gupta.2267@example.in,1100800.0,,2020-07-05
C002268,Arjun Sharma,1963-04-11,62,Ahmedabad,6981473584,arjun.sharma.2268@example.in,448900.0,7.0,2021-03-18
C002269,Akshay Verma,1979-07-02,46,Ahmedabad,9748334426,akshay.verma.2269@example.in,1359100.0,1.0,2022-03-09
C002270,ANIKA MUKHERJEE,1953-02-03,72,Kochi,9243203405,anika.mukherjee.2270@example.in,1061200.0,4.0,2019-09-08
C002271,Kabir Patel,1983-05-25,42,Delhi,6677119746,kabir.patel.2271@example.in,847300.0,6.0,2015-11-27
C002272,Kavya Desai,1974-10-09,51,Bhopal,8084882506,kavya.desai.2272@example.in,815500.0,6.0,2022-10-12
C002273,  rhea   mehta  ,1955-11-19,70,Chennai,6427309770,rhea.mehta.2273@example.in,1381100.0,,2020-04-05
C002274,Sneha Reddy,1975-10-23,50,Kolkata,9969763548,sneha.reddy.2274@example.in,,5.0,2024-06-25
C002275,Kavya Menon,1996-11-13,29,Hyderabad,9022206690,kavya.menon.2275@example.in,,,2015-05-06
C002276,Ishita Agarwal,1961-07-13,64,Chennai,(802) 687-6275,ishita.agarwal.2276@example.in,1240100.0,2.0,2016-11-24
C002277,Sneha Mukherjee,1963-07-11,62,Chennai,6913789386,sneha.mukherjee.2277@example.in,1721400.0,7.0,2025-08-24
C002278,Sahil Subramanian,1971-05-19,54,Kolkata,6079919478,sahil.subramanian.2278@example.in,2050600.0,5.0,2017-08-30
C002279,Aarav Gupta,2004-04-18,21,Bengaluru,9200711152,aarav.gupta.2279@example.in,916900.0,5.0,2023-10-23
C002280,Tanvi Roy,1973-06-19,52,Delhi,7802439621,tanvi.roy.2280@example.in,1090400.0,7.0,2023-01-29
C002281,Nisha Verma,1997-12-29,28,Bombay,+91 79875 21998,nisha.verma.2281@example.in,,6.0,2015-05-27
C002282,Kabir Verma,1959-01-06,66,Lucknow,7166695120,kabir.verma.2282@example.in,2061200.0,5.0,2022-07-26
C002283,Aditya Sinha,1989-09-08,36, Pune ,6478321492,aditya.sinha.2283@example.in,1437100.0,3.0,2018-01-23
C002284,Rahul Banerjee,1961-09-23,64,Delhi,9095634218,rahul.banerjee.2284@example.in,,2.0,2020-03-14
C002285,Mira Sharma,1986-12-30,39,Mumbai,9377237164,mira.sharma.2285@example.in,1211000.0,3.0,2021-03-12
C002286,Rohan Roy,1962-10-10,63,Kochi,6512002014,rohan.roy.2286@example.in,2871700.0,7.0,2022-01-12
C002287,Tanvi Khan,1996-08-19,29,Bengaluru,(875) 810-4430,tanvi.khan.2287@example.in,2959700.0,5.0,2025-03-01
C002288,Diya Sharma,2005-01-29,20,Lucknow,6695796723,diya.sharma.2288@example.in,722400.0,5.0,2023-08-28
C002289,Nikhil Subramanian,1953-07-05,72,Puna,8602859069,nikhil.subramanian.2289@example.in,664000.0,5.0,2024-10-26
C002290,Priya Singh,1996-12-09,29,Hyderabad,9146909362,priya.singh.2290@example.in,1401800.0,6.0,2023-12-21
C002291,Saanvi Das,1972-02-13,53,Delhi,8383355619,saanvi.das.2291@example.in,720000.0,4.0,2018-11-15
C002292,Ishaan Singh,1992-07-10,33,Hyderabad,6300064848,ishaan.singh.2292@example.in,1460200.0,3.0,2016-06-20
C002293,Kavya Mukherjee,1979-09-18,46,Mumbai,6199713382,kavya.mukherjee.2293@example.in,461600.0,6.0,2023-12-30
C002294,Rohan Banerjee,1962-07-19,63,Kochi,+91 61395 56785,rohan.banerjee.2294@example.in,1461900.0,7.0,2021-09-08
C002295,Pranav Roy,1979-06-17,46,Lucknow,7785808784,pranav.roy.2295@example.in,1145500.0,3.0,2019-10-09
C002296,Sahil Singh,1998-01-24,27,Pune,91-985-395-3997,sahil.singh.2296@example.in,677800.0,1.0,2015-12-02
C002297,Pranav Patel,1995-11-17,30,Hyderabad,9106506626,pranav.patel.2297@example.in,1680700.0,6.0,2021-05-31
C002298,Tanvi Bose,2003-02-11,22,Kolkata, 69000-64727 ,tanvi.bose.2298@example.in,640200.0,6.0,2021-05-06
C002299,Nikhil Mehta,1978-08-14,47,MUMBAI,6690160553,nikhil.mehta.2299@example.in,509400.0,3.0,2015-05-24
C002300,Shreya Kulkarni,1984-05-21,41,AHMEDABAD,7180343559,shreya.kulkarni.2300@example.in,457400.0,7.0,2017-05-16
C002301,Anika Sharma,1952-08-14,73,Kochi,6470522216,anika.sharma.231@example.in,725200.0,1.0,2025-09-10
C002302,Sahil Roy,1962-11-08,63,Kochi,8471695408,sahil.roy.2302@example.in,631800.0,5.0,2023-10-23
C002303,Pranav Mukherjee,1952-07-03,73,Hyd,91-998-516-6314,pranav.mukherjee.2303@example.in,579400.0,2.0,2022-01-10
C002304,Saanvi Sen,2005-05-23,20,Lucknow,7846142562,saanvi.sen.2304@example.in,,3.0,2018-04-04
C002305,Nikhil Menon,1975-04-01,50,Chennai,6301542835,nikhil.menon.2305@example.in,396400.0,1.0,2021-07-05
C002306,Kavya Shah,1974-02-27,51,Pune,8705736822,kavya.shah.2306@example.in,504300.0,4.0,2025-01-12
C002307,Sanjay Iyer,1974-07-29,51, Bangalore ,9354451875,sanjay.iyer.2307@example.in,928400.0,2.0,2016-09-04
C002308,Saanvi Sharma,1996-09-22,29,Hyderabad,8316771319,saanvi.sharma.2308@example.in,1226100.0,6.0,2016-08-12
C002309,Mira Kulkarni,1986-01-28,39,Madras,9623935005,mira.kulkarni.2309@example.in,789000.0,3.0,2020-02-17
C002310,Kabir Verma,1970-01-22,55,Pune,8527131794,kabir.verma.2310@example.in,1633800.0,6.0,2016-05-29
C002311,Krishna Kapoor,1960-02-12,65,Ahmedabad,8539141477,krishna.kapoor.2311@example.in,,5.0,2017-10-13
C002312,Nisha Desai,1969-09-20,56,Jaipur,+91 71690 46679,nisha.desai.2312@example.in,,1.0,2025-05-23
C002313,Sneha Shah,1961-11-05,64,Jaipur,7451079616,sneha.shah.2313@example.in,1537800.0,1.0,2015-06-18
C002314,Mira Banerjee,1961-10-02,64,Kochi,91-910-502-8524,mira.banerjee.2314@example.in,416900.0,4.0,2024-12-31
C002315,Zoya Banerjee,2001-10-21,24,Chennai,9603166773,zoya.banerjee.2315@example.in,471000.0,4.0,2023-04-06
C002316,Varun Iyer,1971-04-21,54, Mumbai ,8268632598,varun.iyer.2316@example.in,787900.0,1.0,2015-03-02
C002317,Kavya Mishra,1959-05-14,66,Bengaluru,7693884307,kavya.mishra.2317@example.in,548600.0,6.0,2019-01-05
C002318,Adtya Mukherjee,1998-01-22,27,Pune,8784698160,aditya.mukherjee.2318@example.in,1669400.0,5.0,2017-09-24
C002319,Kabir Mukherjee,1993-12-21,32, Delhi ,7065839155,kabir.mukherjee.2319@example.in,,4.0,2017-10-09
C002320,Nikhil Khan,2004-02-19,21,Chennai,6825564271,nikhil.khan.2320@example.in,986000.0,3.0,2016-07-01
C002321,Sneha Singh,1960-11-11,65,Lucknow,9710500335,sneha.singh.2321@example.in,1827800.0,6.0,2020-12-09
C002322,Arjun Sinha,1960-04-14,65,Jaipur,+91 72842 26479,arjun.sinha.2322@example.in,213600.0,1.0,2022-09-24
C002323,Vikram Desai,1997-04-06,28,Bengaluru,7464378311,vikram.desai.2323@example.in,,3.0,2022-03-12
C002324,Mira Nair,2005-05-31,20,Hyderabad,7868758703,mira.nair.2324@example.in,472400.0,6.0,2017-09-09
C002325,Nikhil Desai,1979-07-09,46,DELHI,9677443964,nikhil.desai.2325@example.in,1145000.0,5.0,2017-09-18
C002326,Arjun Joshi,1969-12-28,56,New Delhi,9251295991,arjun.joshi.2326@example.in,1249100.0,,2017-06-28
C002327,Shreya Reddy,1958-10-21,67,Ahemdabad,(906) 366-6744,shreya.reddy.2327@example.in,2258500.0,7.0,2021-10-25
C002328,Kavya Banerjee,1968-01-18,57,Hyderabad,6280748021,kavya.banerjee.2328@example.in,1242500.0,1.0,2020-02-14
C002329,Sanjay Reddy,1988-03-18,37, Delhi ,91-782-268-5003,sanjay.reddy.2329@example.in,483800.0,7.0,2015-12-21
C002330,Aditya Khan,2002-02-22,23,Chennai,7042188204,aditya.khan.2330@example.in,394100.0,1.0,2025-02-23
C002331,Akshay Subramanian,2000-03-11,25,Chennai, 78639-13193 ,akshay.subramanian.2331@example.in,1182900.0,7.0,2020-02-14
C002332,Rhea Rao,1969-03-24,56,Bengluru,7086794943,rhea.rao.2332@example.in,214200.0,4.0,2022-11-23
C002333,Arjun Kapoor,1986-08-02,39,Kochi,9037259453,arjun.kapoor.2333@example.in,506100.0,7.0,2021-11-22
C002334,Ishaan Kapoor,1974-05-04,51,Jaipur,7084393601,ishaan.kapoor.2334@example.in,426800.0,7.0,2019-10-18
C002335,Rahul Reddy,1974-08-28,51,Mumbai,9505862872,rahul.reddy.2335@example.in,1151600.0,5.0,2023-10-31
C002336,Mira Tiwari,1959-10-19,66,Jaipur,9169501788,mira.tiwari.2336@example.in,,7.0,2022-11-12
C002337,Nisha Joshi,1966-03-09,59,Bhopal,8015270682,nisha.joshi.2337@example.in,617200.0,5.0,2015-10-29
C002338,Anika Chandra,1987-07-15,38,Delhi,9996390627,anika.chandra.2338@example.in,548600.0,6.0,2023-03-07
C002339,Meera Kapoor,1950-11-14,75,Ahmedabad,8502138750,meera.kapoor.2339@example.in,852400.0,5.0,2025-12-22
C002340,Pranav Patel,1990-05-20,35,Bhopal,7613170751,pranav.patel.2340@example.in,535700.0,3.0,2020-09-08
C002341,Aditi Rao,2000-04-28,25, Mumbai ,6197180457,aditi.rao.2341@example.in,1345700.0,5.0,2023-04-03
C002342,Aditi Patel,1983-01-15,42,Lucknow,6650607066,aditi.patel.2342@example.in,568700.0,5.0,2022-08-26
C002343,Aditya Agarwal,1969-03-10,56,Delhi,9039166882,aditya.agarwal.2343@example.in,,4.0,2021-07-22
C002344,Diya Subramanian,1992-08-15,33,Kochi,91-851-251-1053,diya.subramanian.2344@example.in,,3.0,2025-07-01
C002345,Shreya Patel,1997-02-27,28,Madras,6831557976,shreya.patel.2345@example.in,959700.0,6.0,2015-11-08
C002346,Sanjay Das,1988-03-09,37,AHMEDABAD,7540655166,sanjay.das.2346@example.in,1564200.0,5.0,2022-05-15
C002347,Priya Das,1951-03-09,74,CHENNAI,6975653371,priya.das.2347@example.in,1083900.0,6.0,2020-11-24
C002348,Kabir Mehta,1990-10-23,35,Cochin,8801423076,KABIR.MEHTA.2348@EXAMPLE.IN,1142000.0,6.0,2020-09-08
C002349,Nikhil Khan,1963-10-30,62,Jaipur,8900603025,nikhil.khan.2349@example.in,,2.0,2022-05-03
C002350,Shreya Tiwari,1953-06-14,72,Chennai,,shreya.tiwari.2350@example.in,455200.0,5.0,2020-07-17
C002351,Tanvi Mukherjee,1978-01-24,47,Chennai,7534205671,tanvi.mukherjee.2351@example.in,7670820.525965831,5.0,2024-01-27
C002352,Rhea Mishra,1954-05-10,71,Mumbai,8666286582,rhea.mishra.2352@example.in,1799800.0,3.0,2024-07-28
C002353,Rhea Roy,1981-02-09,44,Kochi,7666453861,rhea.roy.2353@example.in,1184900.0,,2025-04-11
C002354,Ananya Sinha,1978-10-17,47,Kolkata,7386640358,ananya.sinha.2354@example.in,690200.0,3.0,2023-07-23
C002355,Rohan Joshi,1986-04-01,39,Hyderabad,9127357112,rohan.joshi.2355@example.in,1989800.0,7.0,2023-07-21
C002356,Krishna Joshi,1985-08-28,40,Mumbai,6586576187,krishna.joshi.2356@example.in,1342100.0,1.0,2021-07-12
C002357,Sahil Subramanian,1976-11-18,49,Chennai,7057966745,sahil.subramanian.2357@example.in,335600.0,7.0,2022-08-22
C002358,Kavya Banerjee,1981-10-31,44, Jaipur ,6594294509,kavya.banerjee.2358@example.in,3976600.0,5.0,2017-12-26
C002359,Meera Sharma,1968-10-23,57,Jaipur,9834243436,meera.sharma.2359@example.in,217200.0,4.0,2020-01-24
C002360,Rahul Gupta,1951-04-13,74,Pune,9428968106,rahul.gupta.2360@example.in,1570600.0,5.0,2015-08-13
C002361,TANVI MUKHERJEE,1971-08-24,54,Bengaluru,7373034731,tanvi.mukherjee.2361@example.in,1030400.0,6.0,2019-09-12
C002362,Vikram Desai,1990-03-16,35,Bengaluru,8265306757,vikram.desai.2362@example.in,172700.0,7.0,2025-09-18
C002363,Saanvi Khan,1978-02-17,47,Cochin,(831) 448-5700,saanvi.khan.2363@example.in,,7.0,2015-04-15
C002364,Ananya Joshi,1972-11-16,53,Ahmedabad,,ananya.joshi.2364@example.in,984500.0,2.0,2016-01-24
C002365,Kabir Roy,1956-02-03,69,Kolkata,7358238164,kabir.roy.2365@example.in,1852100.0,2.0,2018-03-07
C002366,Zoya Das,2003-05-03,22,Delhi,91-601-825-7544,zoya.das.2366@example.in,817900.0,2.0,2018-09-02
C002367,Priya Mehta,1973-02-14,52,Ahmedabad,91-813-498-6112,priya.mehta.2367@example.in,1058700.0,5.0,2024-07-10
C002368,Kavya Jain,1981-12-05,44, Bhopal ,9909012366,kavya.jain.2368@example.in,925600.0,6.0,2016-06-20
C002369,Kavya Tiwari,1991-03-03,34,Bhopal,7912531134,kavya.tiwari.2369@example.in,1719100.0,7.0,2025-11-07
C002370,Ishaan Menon,1961-01-23,64, Mumbai ,6098156399,ishaan.menon.2370@example.in,887100.0,5.0,2021-08-11
C002371,Sahil Singh,1972-08-31,53,Hyderabad,9013644593,sahil.singh.2371@example.in,4059300.0,6.0,2018-10-26
C002372,Rohan Bose,1981-08-07,44,Mumbai,9349599930,rohan.bose.2372@example.in,1328000.0,1.0,2023-04-14
C002373,Nisha Reddy,1999-01-09,26,Kochi,7924033770,nisha.reddy.2373@example.in,760000.0,2.0,2022-01-10
C002374,Sneha Kulkarni,1955-05-16,70,Kolkata,,sneha.kulkarni.2374@example.in,644000.0,4.0,2015-09-05
C002375,Mira Mishra,1984-08-20,41,Chennai,9780786333,mira.mishra.2375@example.in,807000.0,4.0,2018-03-19
C002376,Sneha Subramanian,1980-09-21,45,Bombay,6669270834,sneha.subramanian.2376@example.in,330300.0,4.0,2018-06-16
C002377,Rhea Banerjee,1964-04-20,61,Jaipur,7898969077,rhea.banerjee.2377@example.in,483900.0,1.0,2019-11-23
C002378,Sneha Shah,1966-09-04,59,Jaipur,9914072234,sneha.shah.2378@example.in,287700.0,4.0,2019-07-24
C002379,Tanvi Mukherjee,2002-09-18,23,Ahmedabad,8045763206,tanvi.mukherjee.2379@example.in,898800.0,5.0,2019-04-15
C002380,Mira Kapoor,1957-04-12,68,Mumbai,(647) 366-5024,mira.kapoor.2380@example.in,1722000.0,5.0,2023-06-03
C002381,Ishita Nair,1978-06-28,47,Hyderabad,,ishita.nair.2381@example.in,1789100.0,1.0,2017-05-22
C002382,Priya Sinha,1980-12-29,45,Lucknow,91-769-808-1819,priya.sinha.2382@example.in,1864300.0,4.0,2023-12-15
C002383,Aarav Khan,1961-10-29,64,Ahmedabad,,aarav.khan.2383@example.in,1306300.0,2.0,2020-09-18
C002384,Meera Desai,1986-11-09,39,Mumbay,,meera.desai.2384@example.in,1606500.0,,2020-08-31
C002385,Aarav Verma,2003-09-17,22,Hyderabad,9338744955,aarav.verma.2385@example.in,1265300.0,2.0,2024-09-18
C002386,Zoya Mukherjee,1961-10-16,64,Bengaluru,9834927001,zoya.mukherjee.2386@example.in,988400.0,1.0,2020-02-08
C002387,Tanvi Mehta,1990-03-01,35,Delhi,6857075210,tanvi.mehta.2387@example.in,581800.0,1.0,2024-04-15
C002388,Nisha Mishra,1955-07-18,70,Bengaluru,8072602741,nisha.mishra.2388@example.in,1274300.0,7.0,2019-10-12
C002389,Meera Roy,2000-06-30,25,Delhi,6734534230,meera.roy.2389@example.in,463000.0,1.0,2016-06-28
C002390,Saanvi Iyer,1996-05-20,29,Bengaluru,6433964746,saanvi.iyer.2390@example.in,239400.0,,2025-10-08
C002391,Saanvi Mehta,1985-07-20,40,Delhi,8740688634,saanvi.mehta.2391@example.in,426500.0,7.0,2022-06-27
C002392,Sail Joshi,1950-10-04,75,Jaipur,8382477039,sahil.joshi.2392@example.in,1245700.0,3.0,2022-08-15
C002393,Tanvi Sinha,1971-06-27,54,Delhi,(753) 810-4173,tanvi.sinha.2393@example.in,791600.0,,2018-12-27
C002394,Varun G.,1968-05-03,57,Chennai , 73069-82393 ,varun.gupta.2394@example.in,438300.0,7.0,2021-09-07
C002395,Diya Khan,2000-11-08,25,Mumbai,9823568286,diya.khan.2395@example.in,1450100.0,7.0,2019-05-04
C002396,Nikhil Banerjee,1998-10-04,27,Lucknow,6001197130,nikhil.banerjee.2396@example.in,654100.0,6.0,2015-05-13
C002397,DIYA KHAN,1999-04-16,26,Ahmedabad,6280488835,diya.khan.2397@example.in,755100.0,1.0,2019-05-24
C002398,Kavya Iyer,1983-11-03,42,Hyderabad,8758759454,kavya.iyer.2398@example.in,755600.0,3.0,2021-12-28
C002399,Meera Verma,2002-11-01,23,Jaipur,,meera.verma.2399@example.in,811300.0,6.0,2015-08-09
C002400,Sanjay Menon,2003-03-18,22,Bhopal,7025071226,sanjay.menon.2400@example.in,,4.0,2019-07-22
C002401,Sanjay Jain,1972-09-03,53,Bengaluru,6889099924,sanjay.jain.2401@example.in,440900.0,7.0,2017-07-14
C002402,Akshay Mukherjee,2004-12-05,21,Chennai,8500098978,akshay.mukherjee.2402@example.in,573700.0,5.0,2017-12-09
C002403,Ishaan Verma,1976-12-19,49,Lucknow,9963440352,ishaan.verma.2403@example.in,2279100.0,6.0,2024-06-27
C002404,Pranav Shah,2002-05-12,23,Lucknow,6460397742,pranav.shah.2404@example.in,905000.0,1.0,2017-07-20
C002405,Sanjay Kapoor,1988-08-29,37,Kolkata,7309836789,sanjay.kapoor.2405@example.in,2732000.0,3.0,2024-03-12
C002406,Ananya Patel,1964-11-20,61,Hyderabad,7639435672,ananya.patel.2406@example.in,897700.0,7.0,2022-05-19
C002407,Sahil Roy,1954-04-19,71,Kochi,(668) 779-2897,sahil.roy.2407@example.in,470000.0,2.0,2019-10-06
C002408,Priya Kapoor,1951-05-10,74,Bengaluru,7697842335,priya.kapoor.2408@example.in,460800.0,4.0,2016-03-04
C002409,Vikram Mukherjee,1956-09-25,69, Bhopal ,8115846574,vikram.mukherjee.2409@example.in,1597100.0,6.0,2016-11-28
C002410,Priya Subramanian,1951-08-23,74,Bhopal,9774851519,priya.subramanian.2410@example.in,359700.0,1.0,2018-09-24
C002411,Kavya Joshi,1951-09-25,74,Mumbai,8700753309,kavya.joshi.2411@example.in,1301100.0,6.0,2019-08-20
C002412,Priya Joshi,1958-08-03,67,Lucknow,8106165984,priya.joshi.2412@example.in,1268700.0,7.0,2025-11-28
C002413,Shreya Singh,1994-09-27,31,Bengaluru,7017850196,shreya.singh.2413@example.in,2168700.0,3.0,2022-07-18
C002414,Vikram Agarwal,1992-06-23,33,Hyderabad,(713) 007-0249,vikram.agarwal.2414@example.in,1830300.0,1.0,2024-06-25
C002415,Nisha Mukherjee,1997-03-11,28,Jaipur,9344025193,nisha.mukherjee.2415@example.in,467500.0,7.0,2017-03-01
C002416,Akshay Desai,1988-01-03,37,Pune,6067520049,akshay.desai.2416@example.in,1024300.0,3.0,2016-12-20
C002417,Arjun Iyer,1952-02-21,73,MUMBAI,6426238614,arjun.iyer.2417@example.in,4488200.0,3.0,2021-02-26
C002418,Mira Gupta,1960-09-03,65,Ahmedabad,9407441898,mira.gupta.2418@example.in,2126900.0,1.0,2021-10-20
C002419,Ishita Khan,1963-06-09,62,Pune,9045882604,ishita.khan.2419@example.in,810700.0,4.0,2015-05-29
C002420,Saanvi Sharma,2000-08-08,25,Jaipur,7848527167,saanvi.sharma.2420@example.in,1376500.0,1.0,2016-10-11
C002421,ADITI JAIN,1955-12-06,70,Bengaluru, 74085-02245 ,,887800.0,4.0,2022-06-29
C002422,Aditi Rao,1953-05-23,72,Hyderabad,6614565833,aditi.rao.2422@example.in,1221800.0,1.0,2023-04-14
C002423,Kavya Kapoor,1967-09-20,58,Lucknow,8020134791,kavya.kapoor.2423@example.in,549300.0,3.0,2016-08-19
C002424,Rhea Mishra,1986-08-23,39,Jaipur,8287840275,rhea.mishra.2424@example.in,972400.0,6.0,2020-03-06
C002425,Sanjay Bose,1956-12-04,69,Jaipur,9507255025,sanjay.bose.2425@example.in,1283700.0,3.0,2017-07-27
C002426,Anika Sinha,1987-01-07,38,Pune,91-735-944-9983,anika.sinha.2426@example.in,696400.0,1.0,2017-02-08
C002427,Pranav Shah,1984-02-13,41,Jaipur,8939914771,pranav.shah.2427@example.in,694000.0,4.0,2024-08-27
C002428,Mira Subramanian,1965-04-29,60,Kolkata,7535925582,mira.subramanian.2428@example.in,311000.0,6.0,2018-08-28
C002429,Rohan Kapoor,1958-10-03,67,Hyderabad,8164832982,rohan.kapoor.2429@example.in,1209900.0,5.0,2016-01-26
C002430,Ishaan Iyer,2004-10-03,21,Ahmedabad,91-698-986-0439,ishaan.iyer.2430@example.in,1345600.0,5.0,2018-02-23
C002431,Anika Chandra,1955-11-28,70,Mumbai,6245098145,anika.chandra.2431@example.in,549500.0,7.0,2020-02-27
C002432,Ishita Bose,1973-01-17,52,Hyderabad,9080352782,ishita.bose.2432@example.in,1061700.0,1.0,2018-01-03
C002433,Krishna Mishra,1971-04-20,54,Lucknow,8395704968,krishna.mishra.2433@example.in,520900.0,1.0,2025-12-30
C002434,Mira Subramanian,1997-03-03,28,Bengaluru,91-886-039-6562,mira.subramanian.2434example.in,309700.0,1.0,2016-11-30
C002435,Krishna Gupta,1978-08-24,47, Lucknow ,7086642531,krishna.gupta.2435@example.in,297400.0,4.0,2023-04-18
C002436,Sanjay Mehta,1968-11-24,57,Delhi,6343670463,sanjay.mehta.2436@example.in,249100.0,2.0,2023-04-15
C002437,Sahil Mehta,1962-04-20,63,Chennai,7974956874,sahil.mehta.2437@example.in,763500.0,1.0,2025-05-10
C002438,Aditi Chandra,1958-07-22,67,Ahmedabad,6709643168,aditi.chandra.2438@example.in,1349000.0,7.0,2015-04-15
C002439,Ishita Kulkarni,1983-06-09,42,Ahmedabad,9615892133,ishita.kulkarni.2439@example.in,764800.0,4.0,2021-03-07
C002440,Kavya Banerjee,1956-09-27,69,Kolkata,+91 77062 15279,kavya.banerjee.2440@example.in,910200.0,,2017-02-11
C002441,Rohan Rao,1969-01-26,56,Bengaluru,7066623568,rohan.rao.2441@example.in,778800.0,7.0,2022-05-29
C002442,Shreya Joshi,1973-10-28,52,Kochi,6152122516,sreya.joshi.2442@example.in,349300.0,5.0,2019-07-21
C002443,Krishna Roy,1990-07-15,35,Pune, 63697-63343 ,krishna.roy.2443@example.in,1749400.0,2.0,2020-10-02
C002444,Sanjay Patel,1986-11-30,39,PUNE,8240720924,sanjay.patel.2444@example.in,509200.0,6.0,2016-12-16
C002445,  shreya   sen  ,2002-07-11,23,Jaipur,8608711000,shreya.sen.2445@example.in,,5.0,2016-06-16
C002446,Tanvi Jain,1968-10-14,57,Madras,7917675443,tanvi.jain.2446@example.in,1028000.0,2.0,2017-04-21
C002447,Anika C.,1960-06-05,65,Hyd,(760) 090-3131,anika.chandra.2447@example.in,1876200.0,4.0,2020-06-23
C002448,Rahul Sharma,1975-08-31,50,Bhopal,8666763988,rahul.sharma.2448@example.in,623300.0,2.0,2024-03-07
C002449,Rhea Menon,1983-06-15,42,Mumbai,8757612780,rhea.menon.2449@example.in,1446000.0,,2020-03-10
C002450,Ananya Agarwal,1990-10-09,35,Chennai,6870511702,ananya.agarwal.2450@example.in,725700.0,1.0,2016-09-30
C002451,Rohan Tiwari,1953-09-22,72,Kolkata,8733767975,rohan.tiwari.2451@example.in,307700.0,5.0,2017-06-09
C002452,Varun Bose,1967-08-09,58,Cochin,7180750303,varun.bose.2452@example.in,1158200.0,6.0,2016-09-07
C002453,Varun Rao,1985-12-25,40,Kochi,7982320992,varun.rao.2453@example.in,1012000.0,5.0,2019-04-26
C002454,Saanvi Verma,2004-07-24,21,Mumbai,6992546442,saanvi.verma.2454@example.in,,6.0,2020-01-27
C002455,Ishita Mehta,1952-07-16,73,Pune,6985173526,ishita.mehta.2455@example.in,345300.0,4.0,2016-07-14
C002456,Meera Nair,1962-12-09,63,Kochi,9644835703,meera.nair.2456@example.in,447800.0,2.0,2016-11-30
C002457,Ananya Rao,1974-10-05,51,Hyderabad,,ananya.rao.2457@example.in,689600.0,1.0,2024-10-02
C002458,Nisha Roy,1981-05-24,44,BENGALURU,(884) 771-0116,nisha.roy.2458@example.in,908500.0,1.0,2017-04-28
C002459,Krishna Chandra,1978-11-10,47,Delhi,8769449465,krishna.chandra.2459@example.in,,4.0,2022-08-18
C002460,Ananya Banerjee,1993-08-01,32,Chennai,(848) 366-6671,ananya.banerjee.2460example.in,4253900.0,2.0,2019-03-16
C002461,Meera Tiwari,1955-01-04,70,PUNE,6706989902,meera.tiwari.2461@example.in,862900.0,1.0,2016-06-06
C002462,Zoya Mukherjee,2004-07-17,21,Jaipur,8162547204,zoya.mukherjee.2462@example.in,263200.0,7.0,2017-05-12
C002463,Sanjay Sinha,1997-02-22,28,Kolkata,6753925721,sanjay.sinha.2463@example.in,726900.0,3.0,2024-05-04
C002464,Diya Agarwal,1974-10-07,51,Kochi,9081477195,diya.agarwal.2464@example.in,571800.0,5.0,2023-03-08
C002465,Vikram Verma,1955-04-14,70,Jaipur,6794080510,vikram.verma.2465@example.in,387500.0,2.0,2022-05-14
C002466,Nisha Joshi,1998-02-08,27, Jaipur ,8884361655,nisha.joshi.2466@example.in,153200.0,3.0,2019-08-24
C002467,Akshay Mukherjee,1970-11-01,55,Lucknow,9622825082,akshay.mukherjee.2467@example.in,1414400.0,,2017-08-11
C002468,Zoya Bose,1985-07-18,40,Mumbai,(750) 105-5479,zoya.bose.2468@example.in,,1.0,2018-05-12
C002469,Vikram Mishra,1950-06-24,75,Kolkata,,vikram.mishra.2469@example.in,3013500.0,3.0,2017-06-01
C002470,Pooja Mukherjee,1962-12-20,63,Lucknow,9030879705,pooja.mukherjee.2470@example.in,985400.0,2.0,2024-08-04
C002471,Aditya Rao,1995-09-20,30,Lakhnau,9828500171,aditya.rao.2471@example.in,3078400.0,6.0,2019-05-22
C002472,Tanvi Tiwari,1965-12-23,60,Bengaluru,6970032078,tanvi.tiwari.2472@example.in,919100.0,4.0,2019-10-15
C002473,Aditi Singh,1998-05-15,27,Pune,7466374002,aditi.singh.2473@example.in,2172400.0,6.0,2025-07-30
C002474,Aditi Mukherjee,2002-12-25,23,Kolkata,(626) 029-2510,aditi.mukherjee.2474@example.in,585000.0,6.0,2023-03-24
C002475,Ishita Singh,1961-05-11,64,Bhopal,,ishita.singh.2475@example.in,1538100.0,7.0,31-31-2024
C002476,Nikhil Kulkarni,1983-10-28,42,Bengaluru,9248099004,nikhil.kulkarni.2476@example.in,1110000.0,7.0,2019-06-29
C002477,Kavya Patel,1989-03-09,36,Kolkata,6765237742,kavya.patel.2477@example.in,632800.0,5.0,2019-06-24
C002478,Saanvi Roy,1977-10-15,48,Hyderabad,8118477353,saanvi.roy.2478@example.in,689100.0,2.0,2018-05-04
C002479,Nikhil Mishra,1986-10-04,39,Kolkata,91-770-432-9845,nikhil.mishra.2479@example.in,1187100.0,6.0,2023-05-29
C002480,Nikhil Nair,1972-05-11,53,Mumbai,,nikhil.nair.2480@example.in,217300.0,3.0,2025-03-02
C002481,Kavya Banerjee,2000-05-06,25,Hyderabad,9388836721,kavya.banerjee.2481@example.in,,2.0,2025-09-03
C002482,Akshay Mishra,1975-12-11,50,BHOPAL,9765580142,akshay.mishra.2482@example.in,,3.0,2015-08-08
C002483,Akshay Mishra,1952-09-23,73,Bengaluru,8724490016,akshay.mishra.2483@example.in,539100.0,1.0,2017-07-03
C002484,Saanvi Rao,1979-02-20,46,Hyderabad,7657669850,saanvi.rao.2484@example.in,,6.0,2017-06-20
C002485,Pranav Subramanian,1970-01-29,55,Ahemdabad,9757800479,pranav.subramanian.2485@example.in,798500.0,6.0,2015-09-01
C002486,Pooja Jain,1977-09-11,48,Delhi,9871714014,pooja.jain.2486@example.in,1973700.0,,2018-08-17
C002487,Pranav Roy,1968-12-23,57,Bhopal,9399112847,pranav.roy.2487@example.in,,5.0,2019-11-12
C002488,Pooja Mukherjee,2003-02-05,22,Delhi,8729426341,,1528900.0,2.0,2016-03-23
C002489,Ishita Roy,1993-07-12,32,Hyderabad,7972264668,ishita.roy.2489@example.in,834100.0,2.0,2022-07-11
C002490,Akshay Mehta,1953-11-04,72,Hyderabad,7823999939,akshay.mehta.2490@example.in,1197500.0,2.0,2018-03-09
C002491,Diya Rao,1987-05-12,38,Bhopal, 99136-32687 ,diya.rao.2491@example.in,1431000.0,7.0,2019-03-17
C002492,Ananya Iyer,2005-09-26,20,Delhi,6580351153,ananya.iyer.2492@example.in,9135200.0,4.0,2016-08-17
C002493,Nisha Khan,1959-03-10,66,Pune,8806883766,nisha.khan.2493@example.in,855300.0,5.0,2019-07-14
C002494,Diya Sen,2002-12-25,23,Bhopal,8610898216,diya.sen.2494@example.in,665600.0,5.0,2020-02-17
C002495,Meera Kulkarni,1981-09-03,44,Lakhnau,9817012479,meera.kulkarni.2495@example.in,1967900.0,5.0,2022-05-21
C002496,Tanvi Kulkarni,1977-12-21,48,Bengluru, 91056-56906 ,tanvi.kulkarni.2496@example.in,427400.0,3.0,2018-04-18
C002497,Aditi Gupta,1953-04-04,72,Delhi,8463530254,aditi.gupta.2497@example.in,1235500.0,5.0,2019-05-03
C002498,Kavya Sharma,1966-04-21,59,Pune,9391603886,kavya.sharma.2498@example.in,1394300.0,6.0,2023-05-30
C002499,Akshay Khan,1989-11-11,36,Mumbai,7923317395,akshay.khan.2499@example.in,348900.0,4.0,2020-10-08
C002500,Nisha Shah,1990-11-09,35,Chennai,8187607722,nisha.shah.2500@example.in,1263500.0,1.0,2019-07-31
C002501,Anika Sharma,1993-11-10,32,Kochi,7066230326,anika.sharma.2501@example.in,,4.0,2023-12-03
C002502,Aditya Roy,1955-03-31,70,Kolkata,8335564119,aditya.roy.2502@example.in,,6.0,2018-11-02
C002503,Meera Jain,1974-10-07,51,Bengaluru,7404313334,meera.jain.2503@example.in,767500.0,6.0,2023-04-30
C002504,Krishna Sen,1999-03-19,26,Delhi,9149060154,krishna.sen.2504@example.in,733900.0,1.0,2017-06-29
C002505,Aarav Banerjee,1968-05-31,57, Kochi ,9551635417,aarav.banerjee.2505@example.in,1818000.0,3.0,2018-10-08
C002506,Rohan Gupta,1957-06-06,68,Bengaluru,8257997386,rohan.gupta.2506@example.in,381000.0,5.0,2021-10-18
C002507,ZOYA SEN,1964-12-23,61,Jaipur,8821990651,zoya.sen.2507@example.in,670300.0,4.0,2019-08-15
C002508,Zoya Mukherjee,1981-08-16,44,Kochin,6964839341,zoya.mukherjee.2508@example.in,728600.0,7.0,2022-06-09
C002509,Nikhil Patel,1975-05-19,50,Kochi,,nikhil.patel.2509@example.in,339500.0,7.0,2020-04-13
C002510,Rohan Verma,2001-12-29,24,Mumbai,9238583508,rohan.verma.2510@example.in,189200.0,,2022-03-29
C002511,Tanvi Chandra,1986-02-09,39,Mumbai,6442281680,tanvi.chandra.2511@example.in,509700.0,7.0,2018-01-09
C002512,Arjun Bose,1987-05-03,38,Hyderabad,8050596256,arjun.bose.2512@example.in,1266900.0,7.0,2024-08-11
C002513,Diya Rao,1950-11-15,75,Chennai,(649) 480-0278,diya.rao.2513@example.in,766900.0,4.0,2016-10-29
C002514,Shreya Gupta,1955-08-07,70,Bhopal,8397198423,shreya.gupta.2514@example.in,1871700.0,5.0,2015-05-16
C002515,Saanvi Roy,1989-04-01,36,Pune,9389309012,saanvi.roy.2515@example.in,2023900.0,5.0,2023-07-21
C002516,Sneha Nair,2004-09-05,21,Chennai,9706240279,sneha.nair.2516@example.in,1165900.0,1.0,2017-03-30
C002517,Varun Tiwari,2003-08-13,22,Bhopal,9345204876,varun.tiwari.2517@example.in,757500.0,6.0,2023-10-12
C002518,Sahil Nair,1992-08-31,33,Kolkata,6191369195,sahil.nair.2518@example.in,664900.0,7.0,2018-12-15
C002519,Rhea Mukherjee,1998-01-31,27,Lucknow,7498159002,rhea.mukherjee.2519@example.in,820100.0,7.0,2017-09-21
C002520,Saanvi Iyer,1999-06-10,26,Bhopal,8687073900,saanvi.iyer.2520@example.in,1278100.0,5.0,2023-12-31
C002521,Kavya Tiwari,1983-02-23,42,Madras,6921705448,kavya.tiwari.2521@example.in,607800.0,7.0,2017-07-06
C002522,Diya Joshi,1992-08-19,33,Mumbai,9713688949,diya.joshi.2522@example.in,635700.0,1.0,2024-05-29
C002523,Rohan Reddy,1992-01-08,33,Bengaluru,8865507860,rohan.reddy.2523@example.in,236400.0,7.0,2019-01-31
C002524,Ishaan Khan,1980-02-23,45,Lucknow,7509870797,ishaan.khan.2524@example.in,678800.0,1.0,2024-06-27
C002525,Pranav Desai,1954-09-12,71,Madras,7319487277,pranavdesai2525@example.in,811500.0,7.0,2024-03-03
C002526,Aditya Verma,1954-10-07,71,Jaipur,,aditya.verma.2526@example.in,669200.0,2.0,2019-08-29
C002527,Sneha Chandra,1966-03-07,59,Mumbai,7899048206,sneha.chandra.2527@example.in,,1.0,2017-08-13
C002528,Pranav Reddy,1982-09-19,43,Delhi,6303889790,pranav.reddy.2528@example.in,1190500.0,5.0,2020-10-17
C002529,Rhea Desai,1992-12-30,33,Jaipur,9519030247,rhea.desai.2529@example.in,723700.0,5.0,2023-02-24
C002530,Sanjay Verma,1994-06-10,31,Bengaluru,9048248136,sanjayverma2530@example.in,381300.0,7.0,2019-10-16
C002531,Nisha Menon,1950-10-28,75, Lucknow ,6555354942,nisha.menon.2531@example.in,573700.0,3.0,2020-05-27
C002532,Sahil Mehta,1994-12-27,31,Kochi,9121657200,sahil.mehta.2532@example.in,533900.0,5.0,2018-03-12
C002533,Kabir Bose,1960-02-16,65,Bombay,7404387165,kabir.bose.2533@example.in,3208300.0,3.0,2025-12-13
C002534,Sahil Kapoor,1962-02-28,63,Delhi,9069546156,sahil.kapoor.2534@example.in,1259600.0,2.0,2015-02-05
C002535,Kabir Das,1998-11-04,27,Hyderabad,8236098900,kabir.das.2535@example.in,890300.0,4.0,2025-09-29
C002536,Meera Patel,1963-05-01,62,Delhi,6015233549,meera.patel.2536@example.in,1770100.0,5.0,2019-03-15
C002537,Rohan Reddy,1997-02-25,28,Bhopal, 70457-83911 ,rohan.reddy.2537@example.in,1387900.0,2.0,2021-04-09
C002538,Vikram Joshi,1964-12-20,61,Ahmedabad,9622232937,vikram.joshi.2538@example.in,2196400.0,5.0,2016-08-06
C002539,Anika Chandra,1969-12-29,56,Jaipur,8153944641,anika.chandra.2539@example.in,2667000.0,1.0,2025-05-25
C002540,Pooja Jain,1982-03-09,43,Pune,8909621205,pooja.jain.2540@example.in,3335500.0,5.0,2021-07-23
C002541,Zoya Tiwari,1971-11-29,54,Kochi,7584643963,zoya.tiwari.2541@example.in,2631900.0,7.0,2015-03-16
C002542,Varun Sinha,1971-05-10,54,Mumbay,8237712016,varun.sinha.2542@example.in,742200.0,4.0,2022-12-09
C002543,Tanvi Iyer,1971-04-10,54,Chennai,9692206005,tanvi.iyer.2543@example.in,780500.0,2.0,2024-11-15
C002544,Rahul Patel,1988-05-08,37,MUMBAI,6195347611,rahul.patel.2544@example.in,,2.0,2019-02-21
C002545,Aditi Jain,1980-03-12,45,Chennai,7871770398,aditi.jain.2545@example.in,547600.0,5.0,2019-02-02
C002546,Mira Roy,1979-10-23,46,Delhi,(731) 977-0334,,670900.0,4.0,2015-06-18
C002547,Vikram Desai,1973-04-17,52,Lucknow,8121872957,vikram.desai.2547@example.in,903600.0,2.0,2022-12-26
C002548,Ishaan Desai,1960-12-08,65,Kolkata,7633668779,ishaan.desai.2548@example.in,394200.0,2.0,2018-01-13
C002549,Diya Kapoor,1981-01-24,44,Lucknow,7085061018,diya.kapoor.2549@example.in,34921352.11726703,2.0,2017-11-18
C002550,Vikram Jain,1958-05-25,67,Mumbai,7992638265,vikram.jain.2550@example.in,610500.0,4.0,2023-12-14
C002551,Aarav Verma,1979-02-27,46,Cochin,8739222851,aarav.verma.2551@example.in,246300.0,4.0,2018-12-31
C002552,Saanvi Rao,1967-06-13,58,Bhopal,9440417891,saanvi.rao.2552@example.in,621800.0,6.0,2017-08-12
C002553,Meera Khan,2002-02-23,23,Calcutta,6044572475,meera.khan.2553@example.in,474800.0,3.0,2022-12-22
C002554,Aarav Sharma,1967-03-07,58,Jaipur,9246467923,aarav.sharma.2554@example.in,2724900.0,3.0,2015-10-05
C002555,A. Bose,1963-07-02,62,Kochi,6630583822,aditya.bose.2555@example.in,,3.0,2016-10-08
C002556,Zoya Mukherjee,1965-01-25,60,Delhi,6832899928,zoya.mukherjee.2556@example.in,2950000.0,1.0,2023-05-02
C002557,Priya Menon,1965-06-20,60,Bombay,7032675426,priya.menon.2557@example.in,753600.0,6.0,2021-08-02
C002558,Rahul Jain,1965-05-12,60,Delhi,9041776534,rahul.jain.2558@example.in,468300.0,7.0,2018-03-31
C002559,P. Singh,1970-10-05,55,Delhi,7727273895,pranav.singh.2559@example.in,391700.0,6.0,2025-10-30
C002560,Sanjay Patel,1992-12-28,33,Delhi,7081315082,sanjay.patel.2560@example.in,517000.0,4.0,2020-04-28
C002561,Diya Joshi,1971-10-03,54,Bhopal,+91 89292 63670,diya.joshi.2561@example.in,1660800.0,6.0,2016-02-28
C002562,Rahul Mukherjee,1977-03-25,48,Hyderabad,7874345406,rahul.mukherjee.2562@example.in,293100.0,1.0,2016-04-21
C002563,Ananya Sharma,1995-10-10,30,Kolkata,7883409462,ananya.sharma.2563@example.in,843300.0,4.0,2016-08-12
C002564,Sahil Mehta,1981-08-23,44,Bhopal,8505132863,sahil.mehta.2564@example.in,1562100.0,5.0,2020-10-12
C002565,Nikhil Agarwal,1991-07-13,34,Jaipur,7735294403,nikhil.agarwal.2565@example.in,662700.0,5.0,2021-09-22
C002566,Ananya Rao,1976-03-11,49,Hyderabad,,ananya.rao.2566@example.in,950100.0,6.0,2023-08-17
C002567,Saanvi Agarwal,1992-07-02,33,Pune,9372992019,saanvi.agarwal.2567@example.in,1888500.0,7.0,2025-02-13
C002568,Pranav Sharma,1979-06-30,46,Kolkata,8355682908,pranav.sharma.2568@example.in,695200.0,1.0,2015-06-17
C002569,Arjun Desai,1988-06-16,37,Ahmedabad,7962154750,arjun.desai.2569@example.in,329500.0,2.0,2025-03-02
C002570,Ananya Reddy,2001-07-24,24,Kochi,7750765231,ananya.reddy.2570@example.in,1165500.0,5.0,2022-09-02
C002571,Rhea Das,1951-06-26,74,Bhopal,6242773737,rhea.das.2571@example.in,1353700.0,1.0,2025-12-07
C002572,Mira Reddy,1968-06-04,57,Lucknow,7945429354,mira.reddy.2572@example.in,1534200.0,2.0,2023-06-15
C002573,Varun Sen,1985-11-29,40,Hyderabad,6759914087,varun.sen.2573@example.in,,2.0,2017-10-04
C002574,Anika Desai,1960-04-06,65,Chennai,6507050776,anika.desai.2574@example.in,761200.0,6.0,2020-10-16
C002575,Vikram Tiwari,1952-04-28,73,Ahmedabad,7918842506,vikram.tiwari.2575@example.in,580000.0,5.0,2020-02-13
C002576,Sneha Mukherjee,1967-04-03,58,Kochi,7564522037,sneha.mukherjee.2576@example.in,262700.0,3.0,2025-03-06
C002577,Nikhil Das,1956-05-01,69,Poona,8083151905,nikhil.das.2577@example.in,1154000.0,4.0,2018-08-07
C002578,Pooja Patel,2000-06-14,25,Ahmedabad,8931615023,pooja.patel.2578@example.in,298300.0,1.0,2021-08-31
C002579,Ishita Reddy,1955-04-03,70,Pune,9897760074,ishita.reddy.2579@example.in,1132400.0,4.0,2019-11-20
C002580,Mira Bose,1983-02-05,42,Kochi,9023147752,mira.bose.2580@example.in,526100.0,1.0,2024-02-19
C002581,Krishna Subramanian,2003-05-09,22,Pune,6277211595,krishna.subramanian.2581@example.in,1686600.0,4.0,2022-01-30
C002582,Vikram Singh,1970-11-20,55,AHMEDABAD,9072485374,vikram.singh.2582@example.in,281100.0,5.0,2018-01-06
C002583,Zoya Chndra,2003-02-21,22,Kochi,8103045058,zoya.chandra.2583@example.in,1141600.0,2.0,2022-03-12
C002584,Zoya Banerjee,1994-12-19,31,Kochi,9182332622,zoya.banerjee.2584example.in,269500.0,5.0,2017-07-14
C002585,Diya Bose,1957-05-08,68,Bhopal,7109920880,diya.bose.2585@example.in,682100.0,5.0,2021-04-22
C002586,Kavya Jain,1983-01-25,42,Hyderabad,8024913434, kavya.jain.2586@example.in ,870700.0,3.0,2018-08-08
C002587,Kabir Verma,1954-02-07,71,Chennai,8568241768,kabir.verma.2587@example.in,355900.0,7.0,2015-03-20
C002588,Aarav Mishra,1958-01-28,67,Mumbai,8220825248,aarav.mishra.2588@example.in,1454200.0,2.0,2025-04-27
C002589,Mira Gupta,1980-08-03,45,Hyderabad,9246839272,mira.gupta.2589@example.in,767500.0,5.0,2024-06-09
C002590,Aarav Iyer,1966-09-10,59,Ahemdabad,6375990375,aarav.iyer.2590@example.in,614000.0,4.0,2015-06-15
C002591,Ishita Kulkarni,1995-01-21,30,Mumbai,7373777106,ishita.kulkarni.2591@example.in,426100.0,4.0,2023-07-30
C002592,Ishita Gupta,1994-06-23,31,Bengaluru,7094734919,ishita.gupta.2592@example.in,452900.0,1.0,2019-03-01
C002593,Kavya Sen,1967-08-11,58,Hyderabad,7566502797,kavya.sen.2593@example.in,1209700.0,7.0,2018-01-02
C002594,Tanvi Menon,1985-05-05,40,Hyderabad,9281528252,tanvi.menon.2594@example.in,934400.0,3.0,2020-11-18
C002595,Pranav Joshi,1992-12-22,33,Chennai,7620751488,pranav.joshi.2595@example.in,,2.0,2018-12-13
C002596,Sahil Sen,1993-02-21,32,Delhi,8065886941,,,7.0,2022-09-09
C002597,S. Verma,1989-09-07,36,Bhopal,6064294450,saanvi.verma.2597@example.in,1888400.0,7.0,2024-12-27
C002598,Varun Banerjee,1964-09-30,61,Mumbai,6841323232,varun.banerjee.2598@example.in,732800.0,1.0,2021-05-11
C002599,Rahul Rao,1980-11-05,45,Calcutta,8266804125,rahul.rao.2599@example.in,1250000.0,2.0,2015-03-17
C002600,Pooja Das,1979-11-08,46,Chennai,9412250669,pooja.das.2600@example.in,1401300.0,3.0,2017-04-22
C002601,Shreya Shah,1985-06-24,40,Delhi,6406997518,shreya.shah.2601@example.in,1225000.0,,2018-03-21
C002602,Shreya Gupta,1974-01-27,51,Chennai,6850245984,shreya.gupta.2602@example.in,1656300.0,4.0,2018-12-05
C002603,Aditi Shah,1962-11-27,63,Lucknow,9486280150,aditi.shah.2603@example.in,636300.0,1.0,2025-02-28
C002604,Aditya Kapoor,1999-09-21,26,Kolkata,6164579606,aditya.kapoor.2604@example.in,1267500.0,1.0,2024-02-07
C002605,Kavya Nair,1980-10-13,45,Kolkata,7808814957,kavya.nair.2605@example.in,557700.0,3.0,2024-10-19
C002606,Kavya Chandra,2005-12-30,20,Hyderabad,(790) 404-8201,kavya.chandra.2606@example.in,1964200.0,1.0,2019-08-13
C002607,Shreya Khan,1952-06-12,73,Jaipur,9286015975,shreya.khan.2607@example.in,,4.0,2020-02-27
C002608,Rhea Das,1997-01-06,28,Kolkata,,rhea.das.2608@example.in,2516900.0,6.0,2024-11-30
C002609,Ishaan Sen,1985-07-16,40,Kochi,,ishaan.sen.2609@example.in,217200.0,5.0,2023-09-03
C002610,Priya Rao,1983-01-06,42,Jaipur,6435370967,priya.rao.2610@example.in,373000.0,2.0,2025-01-30
C002611,Akshay Khan,1972-01-02,53,Bengaluru,9147495738,akshay.khan.2611@example.in,7158800.0,7.0,2025-02-25
C002612,Sanjay Chandra,1974-12-05,51,Bengluru,7101651238,sanjay.chandra.2612@example.in,716700.0,3.0,2016-01-27
C002613,Mira Verma,1968-09-11,57,Pune,6168794733,mira.verma.2613@example.in,1869000.0,1.0,2024-02-26
C002614,Rohan Menon,1954-12-29,71,Delhi,9871814765,rohan.menon.2614@example.in,1814700.0,4.0,2017-12-07
C002615,Pooja Subramanian,1966-09-03,59,Chennai,9170828629,POOJA.SUBRAMANIAN.2615@EXAMPLE.IN,1538200.0,2.0,2025-03-11
C002616,Anika Das,1994-12-15,31,Bhopal,9359730009,anika.das.2616@example.in,266300.0,4.0,2018-08-22
C002617,Aditi Agarwal,1957-09-24,68,Bhopal,8231063017,aditi.agarwal.2617@example.in,1199500.0,3.0,2024-07-08
C002618,Nisha Patel,1994-11-01,31,Jaipur,6279797295,nisha.patel.2618@example.in,657900.0,2.0,2016-10-27
C002619,Tanvi Subramanian,1974-06-09,51,Lucknow,9118794122,tanvi.subramanian.2619@example.in,2778500.0,6.0,2022-09-16
C002620,Aarav Sinha,1989-03-07,36,Lucknow,9448599218,aarav.sinha.2620@example.in,917800.0,3.0,2017-06-21
C002621,Sahil Joshi,1955-08-31,70,Kolkata,6338677411,sahil.joshi.2621@example.in,153800.0,3.0,2021-02-09
C002622,Ishita Kulkarni,1984-09-06,41,Pune,8652891556,ishita.kulkarni.2622@example.in,414600.0,4.0,2017-01-08
C002623,Vikram Rao,2004-03-17,21,Kochi,8113336826,vikram.rao.2623@example.in,,6.0,2018-06-07
C002624,Pooja Mehta,1981-04-07,44,Chennai,8032781069,pooja.mehta.2624@example.in,1609300.0,5.0,2017-11-08
C002625,Sneha Iyer,1960-05-18,65,Pune,9524150196,sneha.iyer.2625@example.in,2273300.0,1.0,2025-04-22
C002626,Mira Sen,1980-08-08,45,Lucknow,9156334566,mira.sen.2626@example.in,284500.0,3.0,2025-02-09
C002627,Aditya Shah,1998-09-14,27,Hyderabad,91-857-716-7636,aditya.shah.2627@example.in,1371600.0,1.0,2018-07-11
C002628,Shreya Sharma,not-a-date,26,Bengaluru,6441172263,shreya.sharma.2628@example.in,871600.0,4.0,2023-01-13
C002629,Ananya Mukherjee,1976-12-11,49,Mumbai,8848204792,ananya.mukherjee.2629@example.in,378200.0,7.0,2023-11-21
C002630,Zoya Patel,1957-06-13,68,Hyderabad,9827008435,zoya.patel.2630@example.in,1332400.0,2.0,2015-02-26
C002631,Diya Tiwari,1956-07-30,69,Hyderabad,(803) 747-0688,diya.tiwari.2631@example.in,11460104.668559086,4.0,2025-09-23
C002632,Diya Sen,1977-03-13,48,Chennai,6938522830,diya.sen.2632@example.in,841100.0,5.0,2025-06-30
C002633,Ananya Joshi,1976-01-21,49,Bhopal,7752268788,ananya.joshi.2633@example.in,925800.0,3.0,2016-12-04
C002634,Ishita Chandra,1992-12-11,33,Kochin,91-938-966-5247,ishita.chandra.2634@example.in,481500.0,4.0,2025-04-26
C002635,Meera Desai,1962-04-19,63,Delhi,9724062809,meera.desai.2635@example.in,1324400.0,4.0,2019-10-01
C002636,Rahul Khan,1990-06-13,35,Bengaluru,8481607823,rahul.khan.2636@example.in,1694700.0,4.0,2016-10-31
C002637,Aditya Mehta,1998-06-30,27,Chennai,8483918382,aditya.mehta.2637@example.in,834700.0,2.0,2022-12-25
C002638,Diya Joshi,2005-06-02,20,Bengaluru,9822397781,diya.joshi.2638@example.in,1262600.0,2.0,2016-04-10
C002639,Meera Gupta,1961-08-15,64,Mumbai,6681950713,meera.gupta.2639example.in,405400.0,3.0,2017-06-12
C002640,Arjun Rao,1953-07-24,72,Mumbai,8957816948,arjun.rao.2640@example.in,1517600.0,1.0,2021-10-22
C002641,Pooja Mishra,1974-04-29,51,Pune,9152872966,,,,2023-09-01
C002642,Aditya Agarwal,1955-10-26,70,Kochi,7147005230,aditya.agarwal.2642@example.in,457400.0,5.0,2016-02-22
C002643,Shreya Verma,1951-12-29,74,Bhopl,9008273733,shreya.verma.2643@example.in,894600.0,5.0,2021-03-06
C002644,Sneha Bose,1950-09-28,75,Jaipur,7519873943,sneha.bose.2644@example.in,,5.0,2019-06-21
C002645,Vikram Tiwari,1957-12-22,68,Hyderabad,8182821157,vikram.tiwari.2645@example.in,587100.0,7.0,2018-01-28
C002646,Meera Mishra,1978-03-07,47,Ahmedabad,7363986891,meera.mishra.2646@example.in,,3.0,2025-03-13
C002647,Akshay Nair,1954-07-28,71,Hyderabad,8028435739,akshay.nair.2647@example.in,665300.0,6.0,2017-12-07
C002648,Aditi Bose,1961-08-07,64,Delhi,6950411767,aditi.bose.2648@example.in,1119700.0,6.0,2020-06-07
C002649,PRANAV MUKHERJEE,1980-11-16,45,Jaipur,7832671057,pranav.mukherjee.2649@example.in,491200.0,3.0,2020-07-13
C002650,Rahul Menon,1976-06-09,49,Hyderabad,6888161927,rahul.menon.2650@example.in,390700.0,7.0,2016-11-11
C002651,Diya Reddy,1963-02-05,62,Mumbai,6149851275,diya.reddy.2651@example.in,2687400.0,3.0,2019-09-17
C002652,Anika Joshi,1971-04-01,54,Bengaluru,6663783743,anika.joshi.2652@example.in,910000.0,4.0,2018-02-07
C002653,Kabir Mukherjee,1976-10-07,49,Kolkata, 71928-77397 ,kabir.mukherjee.2653@example.in,471300.0,6.0,2024-12-30
C002654,Kabir Bose,1974-08-13,51,Ahmedabad,+91 79515 73862,kabir.bose.2654@example.in,314000.0,3.0,2023-05-10
C002655,Tanvi Mukherjee,1972-10-20,53,Pune,7741077988,tanvi.mukherjee.2655@example.in,454700.0,2.0,2023-01-16
C002656,Krishna Shah,1969-07-27,56,AHMEDABAD,7232435643,krishna.shah.2656@example.in,,7.0,2015-11-01
C002657,Kabir Meha,1996-04-08,29,Pune,91-648-550-1359,kabir.mehta.2657@example.in,789900.0,4.0,2024-06-18
C002658,Varun Das,1964-06-08,61,HYDERABAD,9471387867,varun.das.2658@example.in,487900.0,5.0,2021-04-27
C002659,Nisha Menon,1996-01-06,29,Mumbai,7266981601,nisha.menon.2659@example.in,1053800.0,4.0,2024-11-30
C002660,Pranav Mehta,1980-06-08,45,Kochi,7464956472, pranav.mehta.2660@example.in ,1355700.0,7.0,2019-10-22
C002661,Pooja Joshi,1973-03-01,52,Mumbai,9418311526,pooja.joshi.2661@example.in,,3.0,2017-11-10
C002662,Pranav Verma,2002-01-15,23,Kolkata,,pranav.verma.2662@example.in,575100.0,1.0,2015-11-12
C002663,Meera Rao,1990-09-02,35,Chennai,9147240673,meera.rao.2663@example.in,2764000.0,7.0,2022-03-23
C002664,Shreya Patel,1991-10-30,34, Pune , 66044-62668 ,shreya.patel.2664@example.in,1033300.0,3.0,2018-11-14
C002665,Ishaan Sen,1989-08-20,36,Delhi,6480661949,ishaan.sen.2665@example.in,436100.0,6.0,2019-06-07
C002666,Priya Rao,1954-06-24,71,Jaipur,8532088635,priya.rao.2666@example.in,827900.0,1.0,2020-11-09
C002667,Sanjay Nair,1950-05-12,75,Jaipur,9635783833,sanjay.nair.2667@example.in,1424400.0,1.0,2020-12-04
C002668,Diya Sen,1996-03-06,29,Ahmedabad,8065712670,diya.sen.2668@example.in,154100.0,,2021-11-23
C002669,Ishaan Kapoor,1999-04-18,26,Lucknow,6117767379,ishaan.kapoor.2669@example.in,339700.0,3.0,2022-08-04
C002670,Aditya Tiwari,1986-11-19,39,Bengaluru,7532958265,aditya.tiwari.2670@example.in,691500.0,1.0,2017-12-27
C002671,Diya Das,1966-11-10,59,Delhi,9069801608,diya.das.2671@example.in,1669400.0,7.0,2016-02-23
C002672,Zoya Kapoor,2005-01-15,20,Jaipur,8795805220,zoya.kapoor.2672@example.in,596100.0,1.0,2019-02-25
C002673,Krishna Sen,1993-07-21,32,Bengaluru,7169389577,krishna.sen.2673@example.in,551300.0,2.0,2020-10-15
C002674,Aditi Roy,1951-08-11,74,Kochin,9915087603,aditi.roy.2674@example.in,847700.0,2.0,2025-09-30
C002675,Ananya Sharma,1958-10-16,67,Bhopal,8454387349,ananya.sharma.2675@example.in,1352400.0,6.0,2017-10-17
C002676,Krishna Roy,1965-06-02,60,Kolkata,7827597664,krishna.roy.2676@example.in,265600.0,4.0,2017-11-04
C002677,Saanvi Kulkarni,1951-05-23,74,Kochi,7881960546,saanvi.kulkarni.2677@example.in,928700.0,4.0,2017-12-07
C002678,Krishna Khan,1968-03-29,57,Hyderabad,6848284598,krishna.khan.2678@example.in,1033300.0,2.0,2016-06-09
C002679,Pooja Bose,1960-05-26,65,Bengaluru,8548051730,pooja.bose.2679@example.in,407600.0,5.0,2016-06-01
C002680,Vikram Singh,2000-02-04,25,Lucknow,7620906425,vikram.singh.2680@example.in,628500.0,4.0,2022-02-06
C002681,Rahul Rao,1986-01-04,39,JAIPUR,6590515337,,,6.0,2023-12-18
C002682,Pooja Das,1973-09-23,52,Bengaluru,7991259007,pooja.das.2682@example.in,5129400.0,4.0,2017-07-01
C002683,  saanvi   banerjee  ,1970-11-09,55,MUMBAI,,saanvi.banerjee.2683@example.in,1251600.0,2.0,2018-12-17
C002684,Kavya Kapoor,1991-07-23,34,Mumbai,91-961-119-6666,kavya.kapoor.2684@example.in,706000.0,4.0,2025-01-06
C002685,Meera Tiwari,1986-08-12,39,Hyderabad,,meera.tiwari.2685@example.in,3194500.0,2.0,2024-04-17
C002686,Kavya Bose,1996-06-16,29,Lakhnau,,kavya.bose.2686@example.in,,7.0,2015-08-24
C002687,Akshay Roy,1961-02-11,64,Kochi,7664592595,akshay.roy.2687@example.in,724500.0,5.0,2025-07-26
C002688,Nisha Joshi,1965-03-17,60,Hyderabad,8825332767,nisha.joshi.2688@example.in,1061300.0,1.0,2020-07-15
C002689,Nikhil Sharma,1993-10-21,32,Pune,9268939929,nikhil.sharma.2689@example.in,2098700.0,2.0,2016-04-26
C002690,Ananya Nair,2000-11-24,25,Madras,+91 95570 14685,ananya.nair.2690@example.in,646300.0,4.0,2021-08-14
C002691,AKSHAY SEN,1960-03-18,65,Chennai, 60456-77347 ,akshay.sen.2691@example.in,,1.0,2018-02-14
C002692,Rahul Banerjee,1995-12-29,30,Hyderbad,7008397237,rahul.banerjee.2692@example.in,1251200.0,6.0,2020-11-17
C002693,Pooja V.,1995-11-26,30,Lucknow,7871595435,pooja.verma.2693@example.in,588100.0,3.0,2020-01-15
C002694,Sanjay Verma,2004-06-29,21,Ahmedabad,7409679513,sanjay.verma.2694@example.in,1729700.0,5.0,2019-06-18
C002695,Priya Desai,1996-04-01,29,Jaipur,6871930232,priya.desai.2695@example.in,388800.0,2.0,2019-08-15
C002696,Meera Chandra,1986-02-06,39,Ahmedabad,7348574763,meera.chandra.2696@example.in,1116600.0,6.0,2020-05-18
C002697,Saanvi Desai,1992-12-16,33,Bhopal,,saanvi.desai.2697@example.in,1086800.0,2.0,2020-12-11
C002698,Saanvi Roy,1950-05-01,75,Mumbai,9525983571,saanvi.roy.2698@example.in,675400.0,5.0,2015-08-15
C002699,Rohan Das,1973-03-05,52,Kolkata,+91 70022 21081,rohan.das.2699@example.in,2274500.0,,2025-01-08
C002700,Arjun Sharma,1975-01-08,50, Lucknow ,,arjun.sharma.2700@example.in,373100.0,3.0,2018-07-22
C002701,Nikhil Iyer,1991-05-07,34,Mumbai,6260741603,NIKHIL.IYER.2701@EXAMPLE.IN,3356300.0,2.0,2020-08-12
C002702,Akshay Kapoor,1973-08-21,52,Bhopal,9794979707,akshay.kapoor.2702@example.in,580500.0,6.0,2020-01-26
C002703,Rohan Verma,1978-03-30,47,Ahmedabad,8367379495,rohan.verma.2703@example.in,514000.0,2.0,2020-06-06
C002704,Pooja Chandra,1950-02-15,75,Bhopal,7136533442,pooja.chandra.2704@example.in,,2.0,2015-04-11
C002705,Ananya Mukherjee,1964-11-29,61,Chennai,6914320222,ananya.mukherjee.2705@example.in,564800.0,2.0,2024-05-14
C002706,Ananya Subramanian,1966-12-17,59, Ahmedabad ,8005855884,ananya.subramanian.2706@example.in,473500.0,1.0,2020-04-17
C002707,Sneha Iyer,1955-09-29,70,Chennai,8676104998,sneha.iyer.2707@example.in,450600.0,3.0,2024-06-26
C002708,Ishaan K.,1970-01-13,55,Ahmedabad,7801811020,ishaan.khan.2708@example.in,205200.0,5.0,2019-07-07
C002709,Rahul Singh,1956-07-02,69,Kochi,8871147737,rahul.singh.2709@example.in,,3.0,2022-05-07
C002710,Sahil Khan,1959-07-27,66,Chennai ,9470310388,sahil.khan.2710@example.in,1546700.0,2.0,2017-07-13
C002711,Aditya Singh,1970-07-15,55,Mumbai,7991572013,aditya.singh.2711@example.in,,7.0,2022-10-10
C002712,Tanvi Das,1950-02-20,75,Calcutta,8082737805,tanvi.das.2712@example.in,770500.0,4.0,2023-03-15
C002713,Tanvi Menon,1961-02-18,145,Bengaluru,6383746379,tanvi.menon.2713@example.in,,1.0,2024-04-09
C002714,Arjun Mishra,2000-09-18,25,Jaipur,,arjun.mishra.2714@example.in,1070500.0,4.0,2025-05-01
C002715,Ishaan Kapoor,1966-10-04,59,Delhi, 64511-21027 ,ishaan.kapoor.2715@example.in,1711100.0,6.0,2018-04-13
C002716,Mira Agarwal,1966-05-15,59,Chennai,9207240706,mira.agarwal.2716@example.in,765200.0,2.0,2023-03-04
C002717,Ishita Kapoor,1952-06-21,73,Kolkata,,ishita.kapoor.2717@example.in,291200.0,1.0,2016-01-25
C002718,Ishita Mishra,1974-12-21,51,Puna,6271347632,ishita.mishra.2718@example.in,816500.0,1.0,2023-10-31
C002719,Pooja Das,1971-02-14,54,Kolkata,7586979735,pooja.das.2719@example.in,377800.0,6.0,2016-10-22
C002720,Akshay Sinha,1954-11-17,71,JAIPUR,9645187187,akshay.sinha.2720@example.in,1255200.0,4.0,2016-05-16
C002721,Vikram Shah,1970-08-23,55,Kochi,7981530087,vikram.shah.2721@example.in,901300.0,7.0,2025-10-20
C002722,Arjun Desai,1977-05-24,48,Hyderabad,8647702093,arjun.desai.2722@example.in,234800.0,1.0,2019-06-08
C002723,Ishita Tiwari,1986-04-19,39,Pune,8388514020,ishita.tiwari.2723@example.in,869300.0,3.0,2025-12-26
C002724,Aarav Agarwal,1951-12-20,74,Bhopal,+91 91787 37251,aarav.agarwal.2724@example.in,1988400.0,3.0,2015-07-05
C002725,Aarav Mehta,1981-07-11,44,Kochi,8545459776,aarav.mehta.2725@example.in,1099000.0,,2024-12-07
C002726,Zoya Iyer,1960-09-08,65,Kolkata,7719858833,zoya.iyer.226@example.in,601100.0,4.0,2018-11-06
C002727,Tanvi Patel,1969-07-24,56,Chennai,8265912155,tanvi.patel.2727@example.in,561400.0,3.0,2022-02-18
C002728,Sanay Chandra,1965-10-17,240,Hyderbad, 78172-57279 ,sanjay.chandra.2728@example.in,349000.0,4.0,2022-08-10
C002729,N. Kulkarni,1995-08-15,30,Jaipur,8618424941,nisha.kulkarni.2729@example.in,827900.0,5.0,2018-04-30
C002730,Ananya Mehta,1990-08-04,35,Kolkata,9684311612,ananya.mehta.2730@example.in,2250200.0,2.0,2020-12-01
C002731,  pranav   sharma  ,1970-05-02,55,Chennai,6860228988,pranav.sharma.2731@example.in,832200.0,1.0,2019-05-23
C002732,Kabir Menon,2000-05-15,25,Kolkata,8687617506,kabir.menon.2732@example.in,1873600.0,7.0,2016-09-21
C002733,Ishita Mukherjee,1965-11-03,60,Mumbai,,ishita.mukherjee.2733@example.in,261300.0,,2023-01-11
C002734,Rohan Mishra,1979-07-21,46,Ahmedabad,8609476344,rohan.mishra.2734@example.in,,2.0,2019-07-01
C002735,Tanvi Shah,1998-01-23,27,Kolkata,6052238892,tanvi.shah.2735@example.in,944200.0,4.0,2016-02-25
C002736,Saanvi Subramanian,1950-10-25,75,Ahmedabad,6141843033,saanvi.subramanian.2736@example.in,1076600.0,2.0,2018-02-02
C002737,Kavya Sharma,1961-04-20,64,Pune,8463043136,kavya.sharma.2737@example.in,,6.0,2019-12-14
C002738,Sahil Mukherjee,1983-03-22,42,Pune,6932813664,sahil.mukherjee.2738@example.in,631500.0,2.0,2018-08-25
C002739,ADITYA TIWARI,1961-10-04,64,Hyderabad,(870) 618-6453,aditya.tiwari.2739@example.in,1490500.0,5.0,2017-03-18
C002740,Rhea Agarwal,1963-01-11,62,Calcutta,,rhea.agarwal.2740@example.in,673700.0,5.0,2024-01-20
C002741,Arjun Nair,1956-06-23,69,Hyderabad,7154942878,arjun.nair.2741@example.in,1415800.0,3.0,2019-07-08
C002742,Rhea Tiwari,2004-08-25,21,Lucknow,7618360500,rhea.tiwari.2742@example.in,463700.0,5.0,2022-08-10
C002743,Pranav Rao,1995-10-13,30,Bhopal,8073733881,pranav.rao.2743@example.in,951500.0,4.0,2016-11-28
C002744,Mira Rao,1980-05-28,45,Mumbay,9660550752,mira.rao.2744@example.in,3460900.0,4.0,2025-03-24
C002745,Pooja Das,1959-03-08,66,Hyderabad,91-637-323-5135,pooja.das.2745@example.in,1501100.0,1.0,2024-03-03
C002746,Rahul Mishra,1985-10-01,40,Jaipur,+91 70611 97677,rahul.mishra.2746@example.in,992800.0,7.0,2019-01-13
C002747,Rohan Jain,1977-01-22,48,Bengaluru,,rohan.jain.2747@example.in,873200.0,6.0,2016-05-16
C002748,Ananya Chandra,2002-03-19,23,Ahmedabad,(871) 515-6700,ananya.chandra.2748@example.in,1197200.0,4.0,2016-01-13
C002749,Aarav Subramanian,1997-08-02,28,Chennai,,not-an-email,757800.0,1.0,2021-04-20
C002750,Sneha Gupta,2004-07-20,21,Hyderabad,9040054761,sneha.gupta.2750@example.in,,1.0,2015-07-28
C002751,Mira Jain,1960-08-30,65,Kolkata,9808724062,mira.jain.2751@example.in,568400.0,7.0,2020-12-22
C002752,  vikram   shah  ,1967-06-12,58,Hyderabad,91-744-273-8782,vikram.shah.2752@example.in,389200.0,7.0,2024-04-25
C002753,Rhea Tiwri,1958-06-24,67,Pune,8493620903,rhea.tiwari.2753@example.in,1996300.0,3.0,2020-10-31
C002754,Vikram Mishra,2004-10-23,21,Delhi,6983576684,vikram.mishra.2754@example.in,1945300.0,4.0,2024-02-05
C002755,Aarav Mukherjee,1999-10-07,26,Ahmedabad,6868971538,aarav.mukherjee.2755@example.in,301300.0,6.0,2021-09-09
C002756,Aditya Bose,1965-05-27,60,Delhi,6343883151,aditya.bose.2756@example.in,1100400.0,5.0,2016-10-21
C002757,Rahul Verma,1968-05-04,57,Kolkata ,8066982661,rahul.verma.2757@example.in,368900.0,,2021-12-05
C002758,Aditya Kapoor,1957-12-12,68,Mumbai,9101360205,aditya.kapoor.2758@example.in,1259700.0,6.0,2024-04-20
C002759,Aditi Kulkarni,1994-05-29,31,Bombay,+91 82967 54119,aditi.kulkarni.2759@example.in,843900.0,2.0,2019-05-18
C002760,Arjun Desai,1972-05-23,53,Jaipur,8973281309,arjun.desai.2760@example.in,1301700.0,7.0,2018-12-10
C002761,Kavya Sharma,1972-12-27,53,Delhi,9843197087,kavya.sharma.2761@example.in,337100.0,4.0,2024-12-25
C002762,Kavya Das,1960-12-12,65,Hyderabad,6090577692,kavya.das.2762@example.in,1521400.0,5.0,2022-10-11
C002763,Ishaan Roy,1973-05-02,52,Kochi, 63253-43321 ,ishaan.roy.2763@example.in,597100.0,7.0,2023-06-30
C002764,Diya Sen,1992-03-18,33,Chennai,7317146764,diyasen2764@example.in,1175800.0,4.0,2025-08-30
C002765,Rahul Subramanian,1960-06-15,65,Chennai,9655577699,rahul.subramanian.2765@example.in,1374100.0,2.0,2022-05-11
C002766,Shreya Sharma,1976-10-28,49,Chennai,7535781303,shreya.sharma.2766@example.in,1030200.0,6.0,2022-08-15
C002767,Nisha Nair,1980-04-02,45,Kochi,8261063878,,335600.0,5.0,2024-06-12
C002768,Saanvi Jain,1958-12-04,67,Delhi,7187389022,saanvi.jain.2768@example.in,1352000.0,1.0,2022-01-31
C002769,Krishna Sharma,1961-05-04,64,Delhi,7571938615,krishna.sharma.2769@example.in,673200.0,1.0,2019-01-23
C002770,Rhea Verma,1996-08-28,29,Ahmedabad,6008613187,rhea.verma.2770@example.in,545800.0,7.0,2025-04-26
C002771,Pooja Sharma,1950-03-10,75,Hyderabad,9309796253,pooja.sharma.2771@example.in,1039600.0,1.0,2023-09-12
C002772,Vikram Singh,1984-10-09,41,Lucknow,8518388749,vikram.singh.2772@example.in,1181000.0,5.0,2019-09-25
C002773,Kavya Shah,1972-12-20,53,Jaipur,7718126772,kavya.shah.2773@example.in,,7.0,2022-07-17
C002774,Pooja Tiwari,1998-05-22,27,Chennai,9833131578,pooja.tiwari.2774@example.in,2683300.0,1.0,2025-08-20
C002775,Ishita Menon,1988-08-17,37,Kochi,6617177731,ishita.menon.2775@example.in,353400.0,3.0,2024-04-19
C002776,Nikhil Sinha,1998-06-05,27,Delhi,9178251282,not-an-email,420800.0,,2017-12-16
C002777,Sneha Chandra,1970-04-18,55,Kolkata,+91 99440 85240,sneha.chandra.2777@example.in,1316300.0,,2016-05-16
C002778,Akshay Banerjee,1962-09-19,63,Jaipur,8098734752,akshay.banerjee.2778@example.in,928000.0,1.0,2018-02-02
C002779,Pooja Menon,1965-09-20,60,Lucknow,+91 82641 84978,pooja.menon.2779@example.in,503400.0,5.0,2019-05-25
C002780,Ishaan Kapoor,1972-01-06,53,Pune,6822595568,ishaan.kapoor.2780@example.in,814300.0,,2017-09-06
C002781,Priya Menon,2001-09-23,24,DELHI,8029672212,priya.menon.2781@example.in,458300.0,1.0,2024-01-19
C002782,Akshay Rao,1959-11-23,66,Delhi,8880823254,akshay.rao.2782@example.in,422500.0,,2022-09-15
C002783,Aditya Bose,1986-04-19,39,Ahmedabad,9675934851,aditya.bose.2783@example.in,882600.0,4.0,2020-10-06
C002784,Anika Agarwal,1987-01-17,38,Bengluru,7726082145,anika.agarwal.2784@example.in,457800.0,4.0,2025-07-19
C002785,Pooja Iyer,1955-05-29,70,Lucknow,7584568707,pooja.iyer.2785@example.in,157800.0,3.0,2021-11-29
C002786,Mira Khan,1956-10-29,69,Kolkata,8470912496,mira.khan.2786@example.in,1606000.0,1.0,2019-06-03
C002787,Sahil Sinha,1986-01-08,39,Hyderabad,8127479266,sahil.sinha.2787@example.in,865400.0,6.0,2019-08-22
C002788,Akshay Reddy,1983-08-08,42,Bhopal,6552614117,akshay.reddy.2788@example.in,349100.0,6.0,2015-11-08
C002789,Sneha Roy,2003-08-10,22,Pune,7737914295,sneha.roy.2789@example.in,1432500.0,5.0,2025-01-12
C002790,Kavya Tiwari,1982-05-22,43, Mumbai ,6208722725,kavya.tiwari.2790@example.in,341700.0,,2021-08-18
C002791,Priya Gupta,1955-03-23,70,Delhi,91-724-416-7123,priya.gupta.2791@example.in,571600.0,2.0,2023-01-05
C002792,SHREYA RAO,1965-01-24,60,Kochi,9338235559,shreya.rao.2792@example.in,848000.0,1.0,2023-09-19
C002793,Tanvi Patel,1973-08-16,52,Chennai,9855075655,tanvi.patel.2793@example.in,,5.0,2018-07-04
C002794,Arjun Khan,2005-06-04,20,Hyderabad,8690070178,arjun.khan.2794@example.in,924200.0,2.0,2017-07-01
C002795,Rohan Desai,1960-04-06,65,Chennai,6413797301,rohan.desai.2795@example.in,879800.0,4.0,2022-01-03
C002796,Sanjay Desai,1968-09-14,57,Ahmedabad,6675542757,sanjay.desai.2796@example.in,,7.0,2025-07-07
C002797,Rahul Mehta,1958-11-28,67,Pune,8067161949,rahul.mehta.2797@example.in,428100.0,1.0,2024-06-02
C002798,Saanvi Banerjee,1959-05-13,66,Delhi,7286413099,saanvi.banerjee.2798@example.in,713100.0,2.0,2022-04-29
C002799,Rahul Tiwari,1983-02-17,42,Kochi,8806042621,rahul.tiwari.2799@example.in,645000.0,1.0,2018-11-15
C002800,Krishna Roy,1989-03-09,36,Chennai,8065719019,krishna.roy.2800@example.in,767900.0,6.0,2022-08-27
C002801,Aditi Mishra,1966-11-21,59,Ahmedabad,9451128848,aditi.mishra.2801@example.in,3092600.0,,2018-05-21
C002802,Kabir Roy,1950-06-24,75,Chennai,8505187367,kabir.roy.2802@example.in,2297200.0,3.0,2020-01-27
C002803,Akshay Agarwal,1981-07-30,44,Jaipur,9215835491,akshay.agarwal.2803@example.in,796000.0,5.0,2023-05-10
C002804,Vikram Singh,1979-05-21,46,Mumbay,6552372433,vikram.singh.2804@example.in,248700.0,4.0,2018-10-27
C002805,Rahul Iyer,1980-04-09,45,Jaipur,8397376891,rahul.iyer.2805@example.in,340300.0,4.0,2021-06-27
C002806,Shreya Agarwal,1952-10-11,73,Mumbai,7642622970,shreya.agarwal.2806@example.in,690000.0,3.0,2020-06-03
C002807,Meera Roy,1983-08-22,42,LUCKNOW,,meera.roy.2807@example.in,914200.0,6.0,2024-01-10
C002808,Ishita Bose,1982-09-16,43,Lucknow,9643460028,ishita.bose.2808@example.in,572300.0,7.0,2020-06-29
C002809,Vikram Iyer,1990-06-05,35,Kolkata,9939813327,,917300.0,6.0,2021-10-13
C002810,Ananya Mishra,1992-04-03,33,Delhi,6454642018,ananya.mishra.2810@example.in,261500.0,2.0,2021-10-02
C002811,Nikhil Mehta,1973-09-14,52,Bengaluru,6453760060,nikhil.mehta.2811@example.in,1231000.0,4.0,2025-01-07
C002812,Vikram Menon,1967-08-05,58,Bhopal,8207366542,vikram.menon.2812@example.in,681500.0,1.0,2019-08-18
C002813,Ishaan Patel,2004-09-23,21,Bengluru,9932315535,ishaan.patel.2813@example.in,1600200.0,7.0,2017-10-13
C002814,Meera Patel,1995-04-05,30,Cochin,8890053919,meera.patel.2814@example.in,546500.0,1.0,2016-08-02
C002815,Saanvi Nair,1956-03-28,69,MUMBAI, 80813-34005 ,saanvi.nair.2815@example.in,,3.0,2020-08-20
C002816,  varun   sen  ,1960-11-21,65,Puna,8408504655,varun.sen.2816@example.in,612900.0,7.0,2021-05-30
C002817,Mira Roy,1995-04-13,30,Mumbai,(881) 061-0717,mira.roy.2817@example.in,958100.0,6.0,2017-05-20
C002818,Kavya Tiwari,1973-02-17,52,Pune,9831014206,kavya.tiwari.2818@example.in,819700.0,7.0,2025-11-26
C002819,Zoya Banerjee,2004-06-26,21,Jaipur,6803409364,zoya.banerjee.2819@example.in,452400.0,3.0,2025-10-16
C002820,Kabir Guta,1997-01-22,28,Pune,6362782605,kabir.gupta.2820@example.in,460300.0,5.0,2019-02-22
C002821,Priya Patel,1958-02-10,67,Bengaluru,91-908-296-8016,priya.patel.2821@example.in,507700.0,,2016-04-09
C002822,Vikram Bose,1950-02-10,75,Mumbai,+91 83524 94652,vikram.bose.2822@example.in,680700.0,7.0,2025-01-29
C002823,Ananya Agarwal,1985-03-02,40,Chennai,9857729075,ananya.agarwal.2823@example.in,544700.0,5.0,2024-05-10
C002824,Zoya Sinha,2002-09-17,23,Bhopal,9547926025,zoya.sinha.2824@example.in,1359500.0,6.0,2017-02-27
C002825,Varun Reddy,2002-10-17,23,Bhopal,7878362335,varun.reddy.2825@example.in,2075400.0,3.0,2021-06-19
C002826,Anika Rao,1993-04-27,32,Mumbai,7550579375,anika.rao.2826@example.in,930600.0,,2021-02-16
C002827,Sneha Roy,1955-09-05,70,Ahmedabad, 88120-23199 ,sneha.roy.2827@example.in,1773100.0,5.0,2017-10-31
C002828,Ananya Banerjee,1992-05-04,33,Lucknow,8603258231,ananya.banerjee.2828@example.in,889000.0,3.0,2020-01-05
C002829,Krishna Khan,2000-06-15,25,Hyd,(786) 231-6180,krishna.khan.2829@example.in,,4.0,2022-10-09
C002830,Vikram Singh,1973-04-23,52,Kochi,8544370398,vikram.singh.2830@example.in,,7.0,2015-06-23
C002831,Ananya Rao,1965-10-18,60,New Delhi,9901081926,ananya.rao.2831@example.in,759000.0,5.0,2017-05-13
C002832,Pranav Chandra,1969-05-07,56,Pune,91-757-038-7768,pranav.chandra.2832@example.in,1113800.0,5.0,2021-04-19
C002833,Meea Mukherjee,1970-08-29,55,Kolkata,91-895-890-4607,meera.mukherjee.2833@example.in,688800.0,4.0,2022-05-09
C002834,Aditya Kulkarni,1990-12-18,35,Kolkata,,aditya.kulkarni.2834@example.in,1691100.0,2.0,2016-05-19
C002835,Ishaan Reddy,1980-12-03,45,Mumbai,9713565494,ishaan.reddy.2835@example.in,309500.0,6.0,2023-07-25
C002836,Poja Das,2000-09-15,25,Hyderabad,+91 84027 91108,pooja.das.2836@example.in,,5.0,2020-05-22
C002837,Priya Singh,1971-06-30,54,Pune,6016971905,priya.singh.2837@example.in,930400.0,1.0,2018-12-23
C002838,Pranav Agarwal,1984-06-02,41,Kochi,91-969-878-5271,pranav.agarwal.2838@example.in,786900.0,7.0,2018-02-13
C002839,Ishita Sharma,1971-09-13,54,Bengaluru,8159911934, ishita.sharma.2839@example.in ,1082500.0,5.0,2020-11-24
C002840,Nikhil Kulkarni,1959-03-07,66,Hyderabad,8043829300,nikhil.kulkarni.2840@example.in,3192100.0,7.0,2018-01-19
C002841,Aarav Shah,1956-11-09,69,Jaipur,9433839886,aarav.shah.2841@example.in,438600.0,6.0,2024-09-19
C002842,Arjun Bose,1963-09-02,62,Kolkata,9141182797,arjun.bose.2842@example.in,1132700.0,5.0,2018-11-01
C002843,Akshay Mishra,1989-04-21,36,Kochi,7320573869,akshay.mishra.2843@example.in,1818000.0,5.0,2023-10-29
C002844,Pooja Mukherjee,2005-04-27,20,Kolkata,6692415379,pooja.mukherjee.2844@example.in,1093000.0,6.0,2016-12-06
C002845,Rohan Roy,1978-10-01,47,Lucknow, 60166-98827 ,rohan.roy.2845@example.in,,,2017-02-01
C002846,Meera Mehta,2000-09-10,25,Kochi,7693602267,meera.mehta.2846@example.in,1376900.0,1.0,2021-08-18
C002847,Meera Kulkarni,1951-12-04,74,Madras,7178648792,meera.kulkarni.2847@example.in,658600.0,3.0,2018-01-10
C002848,Aditi Mishra,1950-06-06,75,Kochi, 69845-82543 ,,418100.0,5.0,2018-08-20
C002849,Aarav Mehta,1991-06-26,34, Delhi ,7965520866,aarav.mehta.2849@example.in,752900.0,3.0,2019-09-09
C002850,Ishaan Mehta,1991-08-31,34,Chennai,8041903136,ishaan.mehta.2850@example.in,,2.0,2019-09-25
C002851,Sahil Mukherjee,2005-07-10,20,Kolkata,8890917031,sahilmukherjee2851@example.in,597700.0,3.0,2015-12-06
C002852,Pranav Mehta,1953-01-28,72, Bangalore ,9612073194,pranav.mehta.2852@example.in,2854900.0,6.0,2016-06-16
C002853,Varun Mishra,1965-06-07,60,Delhi,6341641135,varun.mishra.2853@example.in,2259900.0,7.0,2019-07-18
C002854,Rohan Mukherjee,1992-01-18,33,Ahmedabad,7825807012,rohan.mukherjee.2854@example.in,707600.0,1.0,2021-05-19
C002855,Aditya Chandra,1956-04-18,69,Pune,8966120145,aditya.chandra.2855@example.in,608100.0,2.0,2025-04-19
C002856,Zoya Gupta,1963-12-17,62,Mumbai,6065520616,zoya.gupta.2856@example.in,,4.0,2019-06-08
C002857,Sneha Jain,1997-03-19,28,Hyderabad,8235810805,sneha.jain.2857@example.in,323400.0,3.0,2018-09-29
C002858,Shreya Bose,1952-02-02,73,Jaipur,6277638350,shreya.bose.2858@example.in,1010900.0,2.0,2019-08-17
C002859,Saanvi Mukherjee,1981-07-31,44,Bhopal,7246232078,saanvi.mukherjee.2859@example.in,,2.0,2018-10-29
C002860,Anika Menon,1961-09-06,64,Kolkata,6733278602,anika.menon.2860@example.in,1259500.0,,2019-02-02
C002861,Vikram Agarwal,1958-07-07,67,Lucknow,6216493601,vikram.agarwal.2861@example.in,1024200.0,2.0,2021-04-06
C002862,Rohan Menon,1985-12-10,40,Mumbai,7113274300,rohan.menon.2862@example.in,,3.0,2017-09-14
C002863,Sahil Subramanian,1959-10-02,66,Bhopal,8681630450,sahil.subramanian.2863@example.in,1058000.0,3.0,2024-07-08
C002864,Zoya Sinha,1969-01-01,57,Bhopal,7506913502,zoya.sinha.2864@example.in,453000.0,6.0,2022-09-13
C002865,Ishaan Verma,1972-05-03,53,Delhi,6748381888,ishaan.verma.2865@example.in,586000.0,4.0,2021-09-21
C002866,Nisha Desai,1951-08-21,74,Bhopal,,nisha.desai.2866@example.in,465600.0,6.0,2015-10-11
C002867,Arjun Singh,1996-04-13,29,Delhi,91-840-507-3608,arjun.singh.2867@example.in,,2.0,2021-04-14
C002868,Shreya Subramanian,1966-06-22,59,Kolkatta,8579368477,shreya.subramanian.2868@example.in,,,2022-09-28
C002869,Arjun Singh,1957-02-11,68,Jaipur,8281879417,arjun.singh.2869@example.in,781700.0,2.0,2025-12-19
C002870,Shreya Agarwal,1962-01-03,63,Bhopal,7346394468,shreya.agarwal.2870@example.in,762700.0,7.0,2025-02-15
C002871,Vikram Mukerjee,1999-10-07,26,Chennai,8430044983,vikram.mukherjee.2871@example.in,1195400.0,6.0,2015-04-01
C002872,Varun Sinha,1957-10-09,68,Hyderabad,6801560054,varun.sinha.2872@example.in,863300.0,5.0,2024-06-10
C002873,Saanvi Mehta,1994-07-21,31,Chennai,6650295665,saanvi.mehta.2873@example.in,809100.0,7.0,2016-04-20
C002874,Aditi Khan,1995-08-03,30,Lucknow,7475680994,aditi.khan.2874@example.in,613800.0,4.0,2015-03-10
C002875,Ishaan Subramanian,1960-05-14,65,Kolkata,7869310605,ishaan.subramanian.2875@example.in,1630200.0,,2018-01-06
C002876,Aditya Rao,1993-04-19,32, Bangalore ,7234870591,aditya.rao.2876@example.in,788200.0,5.0,2015-01-16
C002877,Rhea Reddy,1996-04-10,29, Lucknow ,9494283798,rhea.reddy.2877@example.in,455800.0,3.0,2021-10-02
C002878,Pranav Sharma,1978-09-23,47,Chennai ,7512055877,pranav.sharma.2878@example.in,395600.0,3.0,2019-06-30
C002879,Priya Menon,1994-12-17,31,Kochi,7102576753,priya.menon.2879@example.in,855800.0,6.0,2015-07-26
C002880,Aditya Khan,1964-12-29,61,Kolkata,8638325352,aditya.khan.2880@example.in,1737700.0,1.0,2015-10-22
C002881,Diya Desai,1961-06-19,64,Bengaluru,9166658349,diya.desai.2881@example.in,1811900.0,4.0,2015-04-23
C002882,Shreya Roy,1967-08-06,58,Bengaluru,(665) 974-8639,shreya.roy.2882@example.in,622800.0,3.0,2016-09-01
C002883,Varun Menon,1960-01-20,65, Mumbai ,7383569572,varun.menon.2883@example.in,1347200.0,3.0,2022-06-28
C002884,Akshay Sinha,1983-08-09,42,Pune,9739677731,akshay.sinha.2884@example.in,251800.0,1.0,2019-10-09
C002885,Varun Tiwari,1959-06-11,66,Bengaluru,8669253414,varun.tiwari.2885@example.in,2076500.0,3.0,2022-06-10
C002886,Tanvi Kulkarni,1992-04-21,33,Lucknow,6035991395,,1424900.0,3.0,2024-01-24
C002887,Varun Bose,1961-10-13,64,Bhopal,6863305431,varun.bose.2887@example.in,1178200.0,1.0,2023-07-24
C002888,Akshay Mukherjee,1975-04-09,50,Kochi,9695501943,akshay.mukherjee.2888@example.in,1091700.0,3.0,2019-12-22
C002889,Akshay Chandra,1999-08-23,26,Mumbai,8664514640,akshay.chandra.2889@example.in,642300.0,3.0,2022-09-03
C002890,Diya Chandra,2003-05-26,22,DELHI,9155381422,diya.chandra.2890@example.in,734400.0,5.0,2024-04-14
C002891,Ananya Tiwari,1994-01-28,31, Lucknow ,9898305837,ananya.tiwari.2891@example.in,294600.0,7.0,2015-03-28
C002892,Nikhil Mukherjee,1960-01-28,65,Mumbai, 91909-46545 ,nikhil.mukherjee.2892@example.in,379700.0,5.0,2021-11-18
C002893,Sahil Rao,1999-10-04,26,Ahmedabad,91-755-090-5489,SAHIL.RAO.2893@EXAMPLE.IN,451600.0,3.0,2018-01-22
C002894,Meera Sinha,1961-10-09,64,Chennai,8179751779,meera.sinha.2894@example.in,2185200.0,1.0,2016-10-24
C002895,Saanvi Agarwal,1965-07-15,60,Puna,+91 94062 83170,saanvi.agarwal.2895@example.in,1148300.0,7.0,2020-02-29
C002896,Nisha Nair,1971-02-22,54,Ahmedabad,6602259646,nisha.nair.2896@example.in,601000.0,5.0,2021-08-18
C002897,Krishna Desai,1980-08-24,45,Pune,7567719743,krishna.desai.2897@example.in,1206300.0,4.0,2020-06-23
C002898,Ishaan Sinha,1972-12-27,53,Lucknow,9563546854,ishaan.sinha.2898@example.in,814100.0,2.0,2018-08-19
C002899,Akshay Banerjee,1999-01-12,26,Kochi,9084404373,akshay.banerjee.2899@example.in,378100.0,5.0,2022-10-07
C002900,Kavya Reddy,1962-09-25,63,Bhopal,8317260719,kavya.reddy.2900@example.in,667100.0,3.0,2021-04-22
C002901,Rhea Singh,1954-08-06,71,Jaypur,7236733599,rhea.singh.2901@example.in,2252400.0,3.0,2025-12-20
C002902,Saanvi Reddy,1989-09-19,36,Chennai,9039856369,saanvi.reddy2902@example.in,672000.0,4.0,2024-11-11
C002903,Aditya Roy,2002-10-28,23,Bhopal,8197487819,aditya.roy.2903@example.in,319700.0,2.0,2025-03-17
C002904,Vikram Kapoor,1994-11-18,31,Ahmedabad,6885229745,vikram.kapoor.2904@example.in,,5.0,2017-06-18
C002905,Rhea Agarwal,1952-01-29,73,Mumbai,,rhea.agarwal.2905@example.in,559500.0,5.0,2020-08-02
C002906,Shreya Sinha,1981-03-25,44,Kochi,9730399029,shreya.sinha.2906@example.in,1093500.0,5.0,2022-06-15
C002907,Ananya Bose,1998-04-08,27,Ahmedabad,7542912143,ananya.bose.2907@example.in,,1.0,2016-06-29
C002908,Krishna Banerjee,2004-01-14,21,Kolkata,+91 84478 66173,krishna.banerjee.2908@example.in,1329000.0,5.0,2022-10-17
C002909,Mira Vrma,1962-04-04,63,Bhopal,7137535383,mira.verma.2909@example.in,712400.0,7.0,2025-03-01
C002910,Aditi Joshi,1994-01-01,32,LUCKNOW,6221846067,aditi.joshi.2910@example.in,862800.0,4.0,2016-05-26
C002911,Akshay Mishra,1954-09-29,71,Lucknow,6260615558,akshay.mishra.2911@example.in,,5.0,2022-04-01
C002912,Varun Sharma,2002-02-25,23,Kolkata,8358385809,varun.sharma.212@example.in,,7.0,2025-02-20
C002913,Tanvi Reddy,1990-06-17,35,Kolkata,7974810653,tanvi.reddy.2913@example.in,1152200.0,,2024-07-28
C002914,Kavya Sharma,1959-04-23,66,Kolkata ,9249034923,kavya.sharma.2914@example.in,175300.0,,2024-11-23
C002915,Anika Roy,1950-05-25,75,Kochi,7664924306,,,7.0,2019-12-14
C002916,Pooja Gupta,1973-10-20,52,Mumbai,6125620068,pooja.gupta.2916@example.in,543100.0,1.0,2019-09-09
C002917,Diya Joshi,1999-11-06,26,Kolkata,6625473002,diya.joshi.2917@example.in,1714500.0,1.0,2025-10-23
C002918,Diya Banerjee,2001-10-09,24,Kolkata,7595738891,diyabanerjee2918@example.in,1191300.0,2.0,2016-06-30
C002919,Rohan Iyer,2000-02-24,25,Pune,8055639510,rohan.iyer.2919@example.in,1422200.0,5.0,2015-10-24
C002920,Ananya Desai,1996-05-27,29,Bombay,8448960752,ananya.desai.2920@example.in,3123900.0,7.0,2016-06-12
C002921,Aditi Iyer,1967-03-17,58,Pune,7873849016,aditi.iyer.2921@example.in,696000.0,2.0,2017-11-23
C002922,Sahil Kulkarni,1976-09-04,49,Chennai,9051717155,sahil.kulkarni.2922@example.in,240900.0,6.0,2022-03-07
C002923,Aarav Nair,1971-04-12,54,LUCKNOW, 64676-13758 ,aarav.nair.2923@example.in,1827900.0,1.0,2024-02-15
C002924,Shreya Patel,2002-01-05,23,Bengaluru,9813031462,shreya.patel.2924@example.in,1837300.0,4.0,2019-12-07
C002925,Aditi Jain,1957-02-14,68,Chenai,8831972425,aditi.jain.2925@example.in,1517400.0,5.0,2019-05-13
C002926,Pranav Khan,1956-03-06,69,Ahmedabad,+91 73517 41199,pranav.khan.2926@example.in,634100.0,1.0,2020-12-03
C002927,Arjun Subramanian,1950-07-22,75,Mumbai,8918540898,arjun.subramanian.2927@example.in,415900.0,,2018-09-15
C002928,Nisha Mishra,1957-10-21,68,Ahmedabad,7588331794,nisha.mishra.2928@example.in,2409600.0,5.0,2023-10-09
C002929,Rhea Mukherjee,1995-10-20,30,Jaipur,8949877249,,836000.0,3.0,2021-07-20
C002930,Mira Roy,1982-05-11,43, Lucknow ,6524340127,mira.roy.2930@example.in,490900.0,5.0,2020-06-08
C002931,Aarav Mishra,2003-01-17,22,Kochi,9906704418,aarav.mishra.2931@example.in,1154000.0,2.0,2015-03-16
C002932,Anika Mehta,1953-07-16,72,Pune,6844840083,anika.mehta.2932@example.in,,,2017-04-14
C002933,Aditi Desai,1963-10-29,62,Mumbai,6875918523,aditi.desai.2933@example.in,915500.0,2.0,2025-07-13
C002934,Pranav Bose,1981-06-07,44,AHMEDABAD,6299524847,pranav.bose.2934@example.in,984400.0,1.0,2023-09-07
C002935,Vikram Bose,1954-06-17,71,Bombay,9027254237,,682500.0,,2022-04-09
C002936,Krishna Joshi,1989-12-27,36,AHMEDABAD,,krishna.joshi.2936@example.in,1042500.0,3.0,2015-08-15
C002937,Krishna Mishra,1976-07-02,145,Pune,,krishna.mishra.2937@example.in,1565100.0,1.0,2017-12-20
C002938,Kavya Iyer,1988-08-13,37,Bengaluru,8099081678,kavya.iyer.2938@example.in,1008700.0,7.0,2019-09-07
C002939,Arjun Mehta,1951-12-24,74,Ahmedabad,9608555899,arjun.mehta.2939@example.in,1814600.0,4.0,2022-09-30
C002940,Anaya Reddy,1973-07-26,52,Chenai,6296976247,ananya.reddy.2940@example.in,1259600.0,1.0,2019-12-06
C002941,Kabir Banerjee,1983-05-23,42,Lucknow,6576664646,kabir.banerjee.2941@example.in,2647200.0,5.0,2016-10-25
C002942,Krishna Das,2002-08-12,23,Hyderabad,6612996135,not-an-email,1131600.0,1.0,2025-07-13
C002943,Tanvi Reddy,1986-01-17,39,Lucknow,9646015259,tanvi.reddy.2943@example.in,1289200.0,2.0,2022-10-05
C002944,Nisha Mehta,1953-07-14,72,Bengaluru,7799309326,nisha.mehta.2944@example.in,466700.0,7.0,2024-03-01
C002945,Anika Iyer,1982-07-19,43,Pune,6619405301,anika.iyer.2945@example.in,1706500.0,2.0,2023-06-01
C002946,Ananya Shah,1983-02-13,42,Jaipur, 77726-81915 ,ananya.shah.2946@example.in,849200.0,3.0,2018-01-20
C002947,Vikram Verma,1988-05-21,37,Ahmedabad,7584889806,vikram.verma.2947@example.in,981500.0,,2019-06-19
C002948,Kabir Bose,1987-12-20,38,Chennai,7378517838,kabir.bose.2948@example.in,273300.0,2.0,2017-04-25
C002949,Aditya Mehta,1987-07-04,38,Mumbai,6298493841,aditya.mehta.2949@example.in,552200.0,6.0,2023-09-23
C002950,Anika Singh,1952-08-03,73,Jaipur,6325230080,anika.singh.2950@example.in,609600.0,5.0,2024-01-11
C002951,Mira Khan,1969-12-08,56,LUCKNOW,9090873165,mira.khan.2951@example.in,668100.0,,2019-12-12
C002952,Ishaan Patel,2001-02-08,24,Jaipur,7155816295,ishaan.patel.2952@example.in,668900.0,3.0,2020-08-21
C002953,Nikhil Joshi,1999-02-19,26,Kochi,(942) 444-8217,nikhil.joshi.2953@example.in,1662500.0,1.0,2020-09-20
C002954,Priya Menon,1967-05-15,58,Jaipur,91-758-900-7414,priya.menon.2954@example.in,917700.0,5.0,2017-05-19
C002955,Kavya Kulkarni,1980-12-31,45,Bengaluru,7300481348,,325000.0,4.0,2018-08-01
C002956,Zoya Nair,1997-12-15,28,Chenai,6496327156,zoya.nair.2956@example.in,3952800.0,,2020-07-11
C002957,Rahul Sen,1974-05-03,51, Lucknow ,8044839697,rahul.sen.2957@example.in,,3.0,2024-07-26
C002958,Shreya Khan,1975-09-08,50,Chennai,91-638-547-2585,shreya.khan.2958@example.in,,2.0,2025-05-19
C002959,Nisha Reddy,1987-04-21,38,Hyderabad,6144969555,nisha.reddy.2959@example.in,452900.0,6.0,2018-02-25
C002960,Krishna Nair,1998-04-24,27,Bengaluru,8193589812,krishnanair2960@example.in,684300.0,4.0,2017-10-16
C002961,Mira Joshi,1958-01-25,67,Delhi,8066163254,mira.joshi.2961@example.in,1704300.0,1.0,2021-06-24
C002962,Zoya Sharma,1982-09-28,43,Ahmedabad,8178704661,zoya.sharma.2962@example.in,198900.0,5.0,2024-01-25
C002963,Pooja Bose,1957-04-01,68,Kochi,6194817616,pooja.bose.2963@example.in,627500.0,1.0,2017-07-30
C002964,Krishna Mishra,1955-06-09,70,Pune,9577088569,krishna.mishra.2964@example.in,761400.0,3.0,2025-03-16
C002965,Pranav Shah,1963-04-17,62,Lucknow,9535502188,pranav.shah.2965@example.in,175300.0,7.0,2021-01-21
C002966,Ishita Reddy,1958-12-05,67,Chennai,+91 69303 57967,ishita.reddy.2966@example.in,1059600.0,2.0,2021-07-01
C002967,Aditya Jain,1960-06-30,65,Delhi,6855089895,aditya.jain.2967@example.in,1096300.0,5.0,2019-11-04
C002968,Rahul Banerjee,1956-05-13,69,Mumbai,+91 81881 05176,rahul.banerjee.2968@example.in,591500.0,7.0,2022-06-26
C002969,Rahul Patel,1999-10-20,26,Jaipur,9741686688,rahul.patel.2969@example.in,636900.0,1.0,2021-07-30
C002970,Saanvi Desai,1973-09-29,52,BHOPAL,8152337382,saanvi.desai.2970@example.in,667000.0,6.0,2025-02-26
C002971,Rohan Chandra,1955-01-27,70,Lucknow,9967242002,rohan.chandra.2971@example.in,528400.0,5.0,2015-11-20
C002972,Rahul Das,1994-07-27,31,Chennai,+91 89716 85764,rahul.das.2972@example.in,734400.0,1.0,2020-12-01
C002973,Saanvi Desai,1978-05-15,47,Kolkata,7483207135,saanvi.desai.2973@example.in,1432800.0,3.0,2020-06-05
C002974,Aditi Joshi,1996-02-09,29,Bhopal,,aditi.joshi.2974@example.in,1544100.0,6.0,2024-07-03
C002975,Varun Agarwal,1963-03-23,62,Ahmedabad,6734824143,varun.agarwal.2975@example.in,971100.0,3.0,2015-09-07
C002976,Rohan Desai,1979-03-01,46,Ahmedabad,9959328862,rohan.desai.2976@example.in,1624200.0,2.0,2022-03-31
C002977,Saanvi Kulkarni,1980-10-03,45,Ahmedabad,7965086895,saanvi.kulkarni.2977@example.in,2109700.0,3.0,2019-08-14
C002978,Rahul Shah,1998-06-09,27,Hyderabad,9821188651,rahul.shah.2978@example.in,830500.0,6.0,2025-09-12
C002979,Varun Kulkarni,1972-01-27,53,Chennai ,6009497355,varun.kulkarni.2979@example.in,954800.0,5.0,2015-10-23
C002980,Priya Bose,1971-09-20,54,Kolkata,7090961598,priya.bose.2980@example.in,877800.0,6.0,2015-01-14
C002981,Diya Bose,1972-12-05,53,Ahmedabad,9546308066,diya.bose.2981@example.in,977700.0,3.0,2020-08-12
C002982,Nikhil Agarwal,1995-07-15,30,New Delhi,(955) 424-9751,,1163700.0,1.0,2023-05-02
C002983,Nikhil Agarwal,1990-12-13,-1,Jaipur,8658195254,nikhil.agarwal.2983@example.in,,1.0,2015-10-25
C002984,Krishna Verma,1969-08-01,56,Kolkata,9464121634,krishna.verma.2984@example.in,280800.0,1.0,2022-04-09
C002985,Krishna Subramanian,1950-11-05,75,Pune,9683741281,,799100.0,3.0,2015-12-31
C002986,Anika Mehta,1989-05-02,36,Jaipur, 67148-43276 ,anika.mehta.2986@example.in,335900.0,3.0,2018-06-01
C002987,Kavya Sinha,1957-04-04,68,Ahmedabad,9117098859,kavya.sinha.2987@example.in,1008400.0,7.0,2022-06-20
C002988,Rhea K.,1961-05-26,64,Pune,8734699029,rhea.kulkarni.2988@example.in,421700.0,3.0,2017-06-30
C002989,Akshay Kulkarni,2002-05-27,23,Bhopal,8966009019,,440800.0,4.0,2020-02-08
C002990,Sahil Bose,2004-11-20,21,Delhi,6117779111,sahil.bose.2990@example.in,1081200.0,2.0,2021-05-09
C002991,Rhea Desai,1997-01-27,28,Delhi,,rhea.desai.2991@example.in,346300.0,1.0,2019-05-09
C002992,Tanvi Mehta,1995-04-19,30,Kolkata,9678555111,tanvi.mehta.2992@example.in,1267800.0,4.0,2017-11-13
C002993,Sanjay Shah,1956-10-16,69,Ahmedabad,7011761903,sanjay.shah.2993@example.in,2477200.0,4.0,2019-09-10
C002994,Aditi Patel,1954-12-16,71,Bhopal,,aditi.patel.2994@example.in,,5.0,2017-09-03
C002995,Aditi Mehta,1962-05-27,63,Jaipur,,aditi.mehta.2995@example.in,986500.0,4.0,2016-12-05
C002996,Sanjay Mishra,1973-07-05,52, Kochi ,8549051697,sanjay.mishra.2996@example.in,610800.0,1.0,2024-02-24
C002997,Pooja Shah,1992-01-30,33, Delhi ,8138940186,pooja.shah.2997@example.in,2344500.0,6.0,2018-08-09
C002998,Nikhil Kapoor,1983-03-08,42,Bengaluru,8746874701,nikhil.kapoor.2998@example.in,253500.0,6.0,2024-12-16
C002999,Zoya Mehta,1992-02-27,33,Pune,8834713144,zoya.mehta.2999@example.in,1159000.0,1.0,2021-08-11
C003000,Sanjay Bose,1960-12-21,65,Lucknow,8481121789,sanjay.bose.3000@example.in,1996000.0,6.0,2019-08-28
C003001,Sahil Iyer,1988-08-16,37,Bombay,,sahil.iyer.3001@example.in,508200.0,1.0,2021-04-05
C003002,Priya Agarwal,1998-04-01,27,Chennai,9464576515,priya.agarwal.3002@example.in,618900.0,4.0,2025-11-29
C003003,Tanvi Menon,1997-05-19,28,Bhopal,6776764826,tanvi.menon.3003@example.in,510100.0,7.0,2016-08-03
C003004,Mira Singh,1964-01-19,61,Lucknow,8696502260,mira.singh.3004@example.in,714400.0,7.0,2016-03-21
C003005,Diya Verma,1979-11-17,46,KOCHI,6139629704,diya.verma.3005@example.in,548000.0,3.0,2022-04-12
C003006,Rohan Bose,1959-04-30,66, Mumbai ,7791340656,rohan.bose.3006@example.in,1456100.0,7.0,2019-10-06
C003007,Vikram Iyer,1968-04-07,57,Hyderabad,7441587227,vikram.iyer.3007@example.in,1255400.0,4.0,2018-05-28
C003008,Rohan Roy,1975-06-16,50,Ahmedabad,7345266694,rohan.roy.3008@example.in,651900.0,1.0,2023-09-27
C003009,Aditi Das,2003-04-27,22,Lucknow,6901575090,aditi.das.3009@example.in,199600.0,3.0,2020-12-15
C003010,Sahil Sharma,2001-03-14,24,New Delhi,6146440455,sahil.sharma.3010@example.in,263700.0,4.0,2018-08-06
C003011,Mira Shah,1966-04-09,59,Lucknow,8581510321,mira.shah.3011@example.in,763200.0,6.0,2025-12-01
C003012,Rhea Chandra,1976-09-30,49,Ahmedabad,,rhea.chandra.3012@example.in,1292900.0,4.0,2023-07-21
C003013,Ananya Tiwari,1969-12-08,56,Delhi,6149595240,ananya.tiwari.3013@example.in,1403700.0,5.0,2019-01-18
C003014,ARJUN SINHA,1966-12-29,59,Hyderabad,7834489928,arjun.sinha.3014@example.in,1398400.0,2.0,2021-05-16
C003015,Ishita Nair,1976-04-14,49,Lakhnau,6866146190,ishita.nair.3015@example.in,2192500.0,3.0,2023-09-16
C003016,Sahil Sen,1969-07-19,56,Hyderabad,6739459837,sahil.sen.3016@example.in,414100.0,5.0,2025-05-03
C003017,Nikhil Desai,1954-01-04,71,Bengaluru,8384000900,nikhil.desai.3017@example.in,702300.0,7.0,2016-03-16
C003018,Shreya Shah,1963-05-23,62,Pune,,shreya.shah.3018@example.in,,5.0,2022-06-20
C003019,Akshay Jain,1992-08-24,33,Jaypur,9573092618,akshay.jain.3019@example.in,1681300.0,4.0,2015-03-20
C003020,Mira Reddy,1957-10-31,68,Pune,8027195958,mira.reddy.3020@example.in,729500.0,7.0,2022-03-06
C003021,Sneha Sinha,1993-05-19,32,Jaipur,9850604854,sneha.sinha.3021@example.in,1531000.0,4.0,2023-04-10
C003022,Sanjay K.,1998-07-02,27,Pune,7317800420,sanjay.khan.3022@example.in,908800.0,2.0,2021-01-08
C003023,Anika Sharma,1985-06-23,40,Bengluru,91-801-929-3230,anika.sharma.3023@example.in,1068300.0,4.0,2019-07-07
C003024,Mira Chandra,1966-06-19,59,Delhi,7876070566,mira.chandra.3024@example.in,919500.0,7.0,2021-03-20
C003025,Sanjay Agarwal,1979-02-28,46,Lucknow,9910917707,sanjay.agarwal.3025@example.in,448300.0,5.0,2023-08-20
C003026,Anika Singh,1982-07-06,43,Chennai,+91 85641 74523,anika.singh.3026@example.in,744200.0,2.0,2018-10-17
C003027,Ananya Das,1957-02-12,68,Mumbay,9074312705,ananya.das.3027@example.in,545900.0,2.0,2020-09-28
C003028,Zoya Sen,1956-12-21,69,Bengaluru,6801081259,,726000.0,3.0,2023-12-24
C003029,Sahil Iyer,1965-06-23,60,Jaipur,8831797921,,1007500.0,1.0,2020-06-02
C003030,Arjun Chandra,1956-12-03,69,Ahmedabad,8399582764,arjun.chandra.3030@example.in,,6.0,2019-04-23
C003031,Sanjay Reddy,1983-10-22,42,Kochi,8687636235, sanjay.reddy.3031@example.in ,521900.0,7.0,2016-12-31
C003032,Meera Menon,1992-05-25,33,Ahmedabad, 60841-54562 ,meera.menon.3032@example.in,2684800.0,4.0,2019-07-02
C003033,Tanvi Bose,1978-02-05,47,Chennai,8889843182,tanvi.bose.3033@example.in,260000.0,7.0,2024-12-02
C003034,Sanjay Shah,1953-10-03,72,Hyderabad,6648895813,sanjay.sha.3034@example.in,1132800.0,1.0,2023-12-16
C003035,Meera Sharma,1999-02-22,26,Kolkatta,7246336804,meera.sharma.3035@example.in,1672800.0,5.0,2016-10-18
C003036,Aditya Sen,1953-04-02,72, Ahmedabad ,9916892946,aditya.sen.3036@example.in,854700.0,1.0,2023-06-13
C003037,Kabir Kulkarni,1970-09-09,55,Delhi,7438064417,kabir.kulkarni.3037@example.in,1271500.0,5.0,2022-10-20
C003038,Ishaan Sharma,1975-07-11,50,Chennai,,ishaan.sharma.3038@example.in,312000.0,3.0,2015-10-13
C003039,Pranav Verma,1979-06-22,46,Bhopal,8131037451,pranav.verma.3039@example.in,1131200.0,4.0,2020-06-17
C003040,Varun Verma,1987-03-05,38,Hyderabad,8111734234,varun.verma.3040@example.in,712600.0,4.0,2025-08-26
C003041,Rahul Agarwal,2003-08-18,22,Lucknow,6004295919,rahul.agarwal.3041@example.in,,4.0,2023-10-08
C003042,Pranav Mukherjee,2005-09-14,20,Bengluru,7542127841,pranav.mukherjee.3042@example.in,658600.0,,2025-11-25
C003043,Ishita Khan,1980-01-15,45, Bhopal ,8814277197,ishita.khan.3043@example.in,356800.0,1.0,2016-03-26
C003044,Zoya Rao,1977-04-08,48,Jaipur,7211907432,zoya.rao.3044@example.in,874800.0,5.0,2017-02-18
C003045,Ishaan Sen,1982-04-07,43,Cochin,8118717152,ishaan.sen.3045@example.in,2167100.0,3.0,2015-05-17
C003046,Kabir Subramanian,1982-04-25,43,Bengaluru,7635181571,kabir.subramanian.3046@example.in,980500.0,3.0,2017-04-30
C003047,Arjun Kapoor,1950-09-29,75,Ahmedabad,8614758269,arjun.kapoor.3047@example.in,1026600.0,7.0,2024-08-18
C003048,Priya Bose,1979-06-29,46,Pune,7210139712,priya.bose.3048@example.in,469000.0,2.0,2023-05-28
C003049,Akshay Roy,1985-12-09,40,Pune,91-753-223-5557,akshay.roy.3049@example.in,1111100.0,,2021-09-24
C003050,Ishita Gupta,1987-06-11,38,Chennai,91-955-354-8595,ishita.gupta.3050@example.in,682900.0,1.0,2023-10-10
C003051,Ishita Subramanian,1972-09-02,53,Chennai,6627394854,ishita.subramanian.3051@example.in,3429700.0,6.0,2023-07-07
C003052,Pooja Shah,1968-04-06,57,Mumbai,7514455452,pooja.shah.3052@example.in,1007900.0,,2016-03-11
C003053,Ishita Subramanian,1971-05-18,54,Ahmedabad, 70948-17869 ,ishita.subramanian.3053@example.in,511300.0,4.0,2023-03-19
C003054,Nikhil Mukherjee,1993-04-07,32,Bengaluru,9840548740,nikhil.mukherjee3054@example.in,1058400.0,4.0,2023-12-01
C003055,Anika Patel,1974-12-16,51, Kochi ,6271657890,anika.patel.3055@example.in,1002400.0,6.0,2017-07-23
C003056,Vikram Menon,2002-10-27,23,Bengaluru,7799775444,vikram.menon.3056@example.in,362600.0,2.0,2020-07-24
C003057,Ishita Bose,1967-11-27,58,Lucknow,9623303294,ishita.bose.3057@example.in,529300.0,5.0,2015-07-14
C003058,Priya Das,1951-02-09,74,Bengaluru,7270059706,priya.das.3058@example.in,923000.0,5.0,2018-10-24
C003059,Rohan Kulkarni,2005-06-12,20,Chennai,8464984629,rohan.kulkarni.3059@example.in,292800.0,1.0,2025-11-27
C003060,  akshay   shah  ,1963-12-10,62,Chennai,8180127797,akshay.shah.3060@example.in,1258900.0,3.0,2019-07-15
C003061,Saanvi Sinha,2001-09-23,24,Delhi,7525812548,saanvi.sinha.3061@example.in,3463100.0,1.0,2022-05-28
C003062,Pranav Mishra,2004-01-09,21,Lucknow,+91 69768 25382,pranav.mishra.3062@example.in,350600.0,3.0,2016-07-29
C003063,Shreya Mishra,1968-11-02,57,Lucknow,8885367519,shreya.mishra.3063@example.in,535700.0,6.0,2017-07-07
C003064,Diya Bose,1955-12-17,70,Ahemdabad,7550006832,diya.bose.3064@example.in,481800.0,3.0,2018-09-27
C003065,Ananya Reddy,2000-01-12,25,Ahmedabad,9489101941,ananya.reddy.3065@example.in,346700.0,4.0,2025-06-09
C003066,Sahil Roy,1956-03-15,69,Pune,8720650785,sahil.roy.3066@example.in,1106300.0,7.0,2025-10-20
C003067,Rohan Chandra,1969-06-12,56,Kochi,6142001742,rohan.chandra.3067@example.in,776700.0,2.0,2016-08-26
C003068,Zoya Reddy,1951-09-22,74,Kolkata,8137929740,zoya.reddy.3068@example.in,858600.0,3.0,2025-01-06
C003069,Sahil Menon,1981-12-17,44,Pune,91-755-322-8332,sahil.menon.3069@example.in,417300.0,5.0,2015-04-09
C003070,Rahul Nair,1967-10-23,58,Chenai,+91 65078 47274,rahul.nair.3070@example.in,1061200.0,7.0,2022-04-05
C003071,Vikram Subramanian,1978-05-02,47,Mumbai,6636293022,vikram.subramanian.3071@example.in,572100.0,6.0,2018-11-30
C003072,Nisha Gupta,1986-03-03,39,Jaipur,6576722114,nisha.gupta.3072@example.in,578500.0,4.0,2024-12-07
C003073,Shreya Banerjee,1952-04-15,73,Chennai,91-744-047-5148,shreya.banerjee.3073@example.in,694200.0,4.0,2025-12-15
C003074,Kabir Sen,1992-12-05,33,Kochi,6189146202,kabir.sen.3074@example.in,1340900.0,5.0,2025-05-25
C003075,Rahul Nair,1963-04-18,62,Chennai,91-807-262-4806,rahul.nair.3075@example.in,1633000.0,5.0,2024-06-20
C003076,Ishita Gupta,1969-05-25,56,Pune,6726482294,ishita.gupta.3076@example.in,918700.0,2.0,2025-10-13
C003077,Tanvi Reddy,1997-12-08,28,Hyderabad,9719145581,tanvi.reddy.3077@example.in,4771000.0,2.0,2016-04-29
C003078,Mira Mukherjee,2000-03-31,25,Jaipur,8661197914,,558500.0,2.0,2020-05-03
C003079,Sahil Iyer,1954-10-18,71,Ahmedabad,9293180885,sahil.iyer.3079@example.in,655100.0,7.0,2023-10-17
C003080,Nisha Mukherjee,1954-07-02,71,Chennai,,nisha.mukherjee.3080@example.in,1740100.0,5.0,2023-08-04
C003081,Rohan Patel,1965-11-13,60,Jaipur,8817109387,rohan.patel.3081@example.in,1912100.0,3.0,2025-01-26
C003082,Diya Tiwari,1957-07-03,68,Bengaluru,7069009840,diya.tiwari.3082@example.in,119800.0,2.0,2024-03-23
C003083,Mira Agarwal,1984-06-09,41,Mumbai,8847153566,MIRA.AGARWAL.3083@EXAMPLE.IN,427800.0,7.0,2017-09-28
C003084,Sneha Nair,1965-01-13,60,Hyderabad,8290962493,sneha.nair.3084@example.in,759100.0,5.0,2020-09-11
C003085,Nisha Desai,1966-08-16,59,Hyderabad,+91 75976 50772,nisha.desai.3085@example.in,1016000.0,6.0,2020-03-02
C003086,Aarav Mishra,2002-09-19,23,Ahmedabad,9142977264,aarav.mishra.3086@example.in,573200.0,3.0,2015-09-28
C003087,Nisha Shah,1966-03-12,59, Pune ,7106291716,nisha.shah.3087@example.in,817900.0,1.0,2018-10-11
C003088,Sneha Agarwal,1959-02-27,66,New Delhi,9170703993,sneha.agarwal.3088@example.in,858500.0,1.0,2018-02-07
C003089,Kabir Roy,1999-03-22,26,Mumbai,8724719311,kabir.roy.3089@example.in,1142800.0,7.0,2018-12-08
C003090,Diya Khan,1997-08-20,28,Kochi,9797770306,,372500.0,4.0,2015-07-16
C003091,Meera Agarwal,1970-12-17,55,Chennai,9311155196,meera.agarwal.3091@example.in,261100.0,7.0,2022-03-26
C003092,Akshay Desai,1991-01-07,34,Bengaluru,8777612798,akshay.desai.3092@example.in,1121600.0,2.0,2019-11-20
C003093,Nisha Gupta,1985-07-13,40,Chennai,7739184191,nisha.gupta.3093@example.in,,3.0,2023-10-22
C003094,Aditya Das,1986-07-02,39,Bengaluru,6165748151,aditya.das.3094@example.in,969100.0,3.0,2015-06-23
C003095,Vikram Agarwal,1992-03-19,33,Jaipur,6801818118,vikram.agarwal.3095@example.in,295800.0,6.0,2019-05-27
C003096,Nisha Agarwal,1972-01-15,53,Ahmedabad,6717568566,nisha.agarwal.3096@example.in,263600.0,6.0,2019-12-23
C003097,Rohan Gupta,1984-11-19,41,Chennai,9115585873,rohan.gupta.3097example.in,525700.0,2.0,2018-09-29
C003098,Ishaan Patel,1954-10-16,71,Lucknow,6215991612,ishaan.patel.3098@example.in,719500.0,3.0,2019-06-04
C003099,Tanvi Bose,1952-12-30,73,Lucknow,8122094826,tanvi.bose.3099@example.in,374000.0,7.0,2018-11-23
C003100,Aarav Sharma,1972-12-29,53,Kolkata,6146228969,aarav.sharma.3100@example.in,1773000.0,5.0,2021-04-20
C003101,Aarav Menon,1973-06-28,52,Ahmedabad,+91 88699 17966,aarav.menon.3101@example.in,626100.0,5.0,2015-08-25
C003102,Saanvi Sharma,1980-10-26,45,Ahmedabad,7691230725,saanvi.sharma.3102@example.in,1276000.0,4.0,2024-01-19
C003103,Kabir Shah,1960-12-12,65,Jaipur,9234207533,kabir.shah.3103@example.in,,4.0,2016-09-18
C003104,Nikhil Rao,1994-02-03,31,Ahmedabad,6824954217,nikhil.rao.3104@example.in,1599300.0,4.0,2019-05-15
C003105,Kabir Subramanian,1953-04-21,72,Chennai,8675901068,kabir.subramanian.3105@example.in,584400.0,1.0,2025-01-18
C003106,Diya Mehta,2005-08-28,20,Kochi,9611702335,diya.mehta.3106@example.in,378000.0,2.0,2016-07-12
C003107,Pooja Rao,1951-02-16,74,Chenai,9150657963,pooja.rao.3107@example.in,1786500.0,4.0,2016-01-08
C003108,Sahil Das,1969-01-30,56,Chennai,,sahil.das.3108@example.in,569100.0,1.0,2018-02-02
C003109,Akshay Kulkarni,1984-08-17,41,Chennai,,akshay.kulkarni.3109@example.in,795500.0,6.0,2024-11-21
C003110,Diya Khan,2005-07-08,20,Ahmedabad,6184783636,diya.khan.3110@example.in,4414000.0,1.0,2017-12-22
C003111,Mira Desai,2002-04-03,23,Ahmedabad,9614502149,mira.desai.3111@example.in,411400.0,2.0,2019-03-14
C003112,Aarav Subramanian,1960-12-23,65,Kochi,8091725505,aarav.subramanian.3112@example.in,977300.0,6.0,2022-05-29
C003113,Anika Subramanian,1951-03-17,74,Delhi,9537364577,anika.subramanian.3113@example.in,1091100.0,7.0,2015-11-01
C003114,Priya Sharma,1967-03-19,58,Mumbai,9325989608,priya.sharma.3114@example.in,1040600.0,7.0,2016-03-14
C003115,Rahul Reddy,1953-12-29,72,Kolkata,6441970407,rahul.reddy.3115@example.in,657300.0,,2022-05-11
C003116,Krishna Banerjee,1950-06-01,75,Chennai, 77401-63087 ,krishna.banerjee.3116@example.in,313000.0,4.0,2025-05-06
C003117,Ishita Reddy,1960-12-23,65,Dilli,8682060680,ishita.reddy.3117@example.in,694300.0,5.0,2019-10-15
C003118,Arjun Mukherjee,1971-02-04,54,DELHI,7641156432,arjun.mukherjee.3118@example.in,403300.0,2.0,2015-06-08
C003119,Mira Subramanian,1967-01-21,58,Hyderabad,6503973297,mira.subramanian.3119@example.in,399200.0,3.0,2024-05-21
C003120,Nisha Sinha,1986-10-04,39,Bengaluru,6404531770,nisha.sinha.3120@example.in,528700.0,3.0,2025-03-25
C003121,Sneha Das,1980-08-16,45,HYDERABAD,7305145037,sneha.das.3121@example.in,1272300.0,4.0,2024-02-03
C003122,Sanjay Mehta,2000-06-09,25,Jaypur,8315902400,sanjay.mehta.3122@example.in,966400.0,7.0,2015-03-15
C003123,Varun Gupta,1975-08-24,50,Bhopl,8150957713,varun.gupta.3123@example.in,438100.0,5.0,2017-10-15
C003124,Shreya Singh,1966-10-27,59,Bengaluru,(802) 129-2753,shreya.singh.3124@example.in,911300.0,3.0,2016-09-29
C003125,Kavya Reddy,1975-02-11,50,Chenai,91-790-087-6828,kavya.reddy.3125@example.in,1587100.0,4.0,2019-04-15
C003126,Rahul Roy,1987-09-26,38,Bhopal,8822922629,rahul.roy.3126@example.in,426100.0,2.0,2015-06-18
C003127,Shreya Gupta,1998-04-25,27,Kolkata,6305615203,shreya.gupta.3127@example.in,655700.0,6.0,2022-01-09
C003128,Aarav Mishra,1990-07-10,35,Mumbai,6883102446,aarav.mishra.3128@example.in,539900.0,,2024-06-13
C003129,Shreya Gupta,2004-10-26,21,Chennai,8247378802,shreya.gupta.3129@example.in,710800.0,2.0,2022-10-04
C003130,Rahul Kulkarni,1959-11-20,66,Jaipur,7202944723,rahul.kulkarni.3130@example.in,435700.0,4.0,2025-02-06
C003131,Shreya Kapoor,1967-06-02,58,Lucknow,8735901182,shreya.kapoor.3131@example.in,996000.0,7.0,2021-10-05
C003132,Rahul Rao,1958-10-21,67,Ahmedabad, 77029-90255 ,rahul.rao.3132@example.in,345400.0,3.0,2022-06-10
C003133,Arjun Reddy,1982-07-26,43,Bhopal,8296076140,arjun.reddy.3133@example.in,,3.0,2024-07-02
C003134,Arjun Mukherjee,1964-04-05,61,Kolkata,6922888334,ARJUN.MUKHERJEE.3134@EXAMPLE.IN,347000.0,7.0,2018-12-12
C003135,Krishna Patel,1956-07-21,69,Hyderabad,6981656864,krishna.patel.3135@example.in,890700.0,5.0,2017-08-12
C003136,Priya Kapoor,1964-09-04,61,Bhopal,9579512668,priya.kapoor.3136@example.in,987200.0,3.0,2020-09-24
C003137,Shreya Rao,1969-09-19,56,Mumbay,9333745394,shreya.rao.3137@example.in,729800.0,5.0,2016-05-15
C003138,Aditya Jain,1976-12-28,49,Bengaluru,,aditya.jain.3138@example.in,750500.0,7.0,2020-04-08
C003139,Nisha Patel,1960-08-22,65,Bhopal,7227799549,nisha.patel.3139@example.in,,6.0,2017-02-21
C003140,Rohan Nair,1999-01-05,26,Kolkata,9909509443,rohan.nair.3140@example.in,530200.0,7.0,2018-10-14
C003141,Zoya Sharma,1993-07-17,32,KOCHI,6328982756,zoya.sharma.3141@example.in,531100.0,2.0,2020-10-18
C003142,Pooja Patel,1956-12-23,69,Lucknow,8045446308,pooja.patel.3142@example.in,268100.0,2.0,2015-05-19
C003143,Saanvi Mukherjee,2003-06-16,22,Kochi,7948703904,saanvi.mukherjee.3143@example.in,,3.0,2023-12-05
C003144,Saanvi Jain,1992-06-09,33,Bengaluru,9538387051,saanvi.jain.3144@example.in,1096100.0,6.0,2025-02-25
C003145,M. Mukherjee,1990-01-24,35,HYDERABAD,9281708862,mira.mukherjee.3145@example.in,269000.0,5.0,2022-06-22
C003146,Ishita Tiwari,1964-10-19,61,Kolkata,91-713-751-9612,ishita.tiwari.3146@example.in,278700.0,5.0,2018-07-30
C003147,Arjun Tiwari,1952-10-18,73,Bhopal,8174323561,arjun.tiwari.3147@example.in,1942400.0,4.0,2023-10-19
C003148,Nisha Bose,1982-01-08,43,Bangalore,6954013762,nisha.bose.3148@example.in,814200.0,5.0,2022-05-23
C003149,Tanvi Banerjee,1970-04-26,55,Hyderabad, 92225-45227 ,tanvi.banerjee.3149@example.in,554800.0,7.0,2025-08-02
C003150,Arjun Banerjee,1992-08-21,33,Mumbay,,arjun.banerjee.3150@example.in,688800.0,7.0,2019-10-03
C003151,Saanvi Verma,1963-06-07,62,Kochi,,saanvi.verma.3151@example.in,875300.0,4.0,2023-04-08
C003152,Anika Bose,1957-02-16,68,Kochi,7677167433,anika.bose.3152@example.in,191600.0,3.0,2019-06-30
C003153,Zoya Desai,1976-02-22,49,Lucknow,6945338910,zoya.desai.3153@example.in,680200.0,4.0,2025-06-08
C003154,Sanjay Gupta,1980-07-15,45,Delhi,9587345658,sanjay.gupta.3154@example.in,452600.0,7.0,2017-09-30
C003155,Rahul Tiwari,1967-06-21,58,Bengaluru,6195474909,rahul.tiwari.3155@example.in,2561200.0,2.0,2020-09-27
C003156,Akshay Verma,1996-01-10,29,Jaypur,9308050233,akshay.verma.3156@example.in,215500.0,2.0,2019-02-23
C003157,Shreya Desai,1964-07-05,61,Bhopal,9694203621,shreya.desai.3157@example.in,854500.0,3.0,2015-12-07
C003158,Aditya Mukherjee,2000-03-22,25,Lucknow,9213627952,aditya.mukherjee.3158@example.in,720500.0,4.0,2018-08-11
C003159,Varun Khan,1952-11-11,73,BENGALURU,8431591339,varun.khan.3159@example.in,873500.0,1.0,2022-11-24
C003160,Zoya Mehta,1988-09-22,37,Pune,7466479513,zoya.mehta.3160@example.in,704100.0,2.0,2022-08-13
C003161,Vikram Jain,1972-02-11,53,Pune,91-809-195-5284,vikram.jain.3161@example.in,451000.0,2.0,2018-10-13
C003162,Zoya Chandra,1973-07-28,52,Bengaluru,, zoya.chandra.3162@example.in ,298900.0,5.0,2016-10-07
C003163,Aarav Jain,1980-03-22,45,Jaipur,6616196505,aarav.jain.3163@example.in,,6.0,2020-09-11
C003164,Sanvi Sinha,2002-05-02,23,Ahmedabad,,saanvi.sinha.3164@example.in,842400.0,6.0,2017-07-24
C003165,Diya Verma,1968-03-15,57,Bengaluru,6353299751,diya.verma.3165@example.in,504700.0,5.0,2016-09-17
C003166,Zoya Jain,1965-11-03,60,Bhopal,7593873788,zoya.jain.3166@example.in,915100.0,6.0,2018-06-01
C003167,Anika Singh,1962-05-24,63,BENGALURU,+91 62782 47573,anika.singh.3167@example.in,1392000.0,6.0,2016-10-29
C003168,Kabir Agarwal,1995-10-06,30,Delhi,6391475142,kabir.agarwal.3168@example.in,1686200.0,,2022-06-21
C003169,Akshay Bose,1960-05-13,65, Bhopal ,6240818644,akshay.bose.3169@example.in,1338900.0,4.0,2020-05-03
C003170,Mira Mishra,1996-04-28,29,Kolkata,6881387462,mira.mishra.3170@example.in,1395400.0,3.0,2015-11-15
C003171,Sahil Subraanian,1975-10-22,50,Kochi,6548110863,sahil.subramanian.3171@example.in,601600.0,4.0,2021-05-03
C003172,Nikhil Banerjee,1957-11-11,68,Chennai,6003999215,nikhil.banerjee.3172@example.in,1446600.0,6.0,2019-07-20
C003173,Aditya Gupta,2005-06-04,20, Jaipur ,,aditya.gupta.3173@example.in,481000.0,1.0,2022-04-16
C003174,Mira Roy,1959-05-15,66,Mumbai, 86730-50580 ,mira.roy.3174@example.in,1316600.0,2.0,2021-09-08
C003175,AKSHAY SINHA,1965-10-13,60,Ahmedabad,8702944571,akshay.sinha.3175@example.in,664700.0,5.0,2018-08-14
C003176,Rahul Sinha,1961-11-02,64,Bhopal,8573772527,rahul.sinha.3176@example.in,1492500.0,4.0,2016-06-03
C003177,Ishaan Das,1969-10-21,56, Ahmedabad ,9905779562,ishaan.das.3177@example.in,1213700.0,2.0,2015-02-07
C003178,I. Chandra,1962-10-16,63,Delhi,7039112192,ishita.chandra.3178@example.in,499800.0,6.0,2024-02-21
C003179,Sahil Sen,2000-12-03,25,Lucknow,8721383939,sahil.sen.3179@example.in,819100.0,6.0,2025-07-18
C003180,Zoya Subramanian,1997-01-15,28,Chennai,8653108352,zoya.subramanian.3180@example.in,,3.0,2015-07-14
C003181,Priya Sharma,1961-09-18,64,Hyderabad,8228542959,priya.sharma.3181@example.in,1332200.0,6.0,2017-11-30
C003182,Nisha Kapoor,1981-12-02,44,Jaipur,7039521844,nisha.kapoor.3182@example.in,986500.0,,2019-09-13
C003183,Vikram S.,1980-07-25,45,Hyderabad,7938744676,vikram.singh.3183@example.in,,3.0,2022-03-11
C003184,Tanvi Agarwal,1995-06-19,30,Hyderabad,9089749767,tanvi.agarwal.3184@example.in,1257700.0,6.0,2024-10-24
C003185,Vikram Rao,1974-06-06,51,Bhopal,8034351686,vikram.rao.3185@example.in,891600.0,5.0,2024-08-05
C003186,Sanjay Shah,1978-06-19,47,Delhi,,sanjay.shah.3186@example.in,1021900.0,6.0,2019-01-04
C003187,Diya Sinha,1967-06-20,58,LUCKNOW,,diya.sinha.3187@example.in,,6.0,2024-09-25
C003188,Aditi Das,1989-07-19,36,Lucknow,8639707080,aditi.das.3188@example.in,955700.0,4.0,2016-10-24
C003189,Priya Tiwari,1978-02-19,47,Delhi,8405243324,priya.tiwari.3189@example.in,502400.0,2.0,2023-08-29
C003190,Sneha Menon,1951-11-28,74,Delhi,8235617959,sneha.menon.3190@example.in,,3.0,2024-03-13
C003191,Ishaan Joshi,1951-11-03,74,Bhopal,9902191813,ishaan.joshi.3191@example.in,342500.0,2.0,2018-10-11
C003192,Sneha Joshi,2005-02-03,20,Jaipur,6401575248,sneha.joshi.3192@example.in,1336100.0,3.0,2022-09-03
C003193,Pooja Mukherjee,1955-02-09,70,Chennai ,+91 76527 84247,pooja.mukherjee.3193@example.in,1342800.0,2.0,2021-03-03
C003194,Ishita Patel,1991-05-24,34,Delhi,9816709667,ishita.patel.3194@example.in,1991500.0,,2017-09-26
C003195,Tanvi Shah,1962-10-07,63,Delhi,7784198730,tanvi.shah.3195@example.in,,5.0,2021-03-21
C003196,Sahil Reddy,1963-10-14,62,Ahmedabad,7513878931,sahil.reddy.3196@example.in,1738400.0,7.0,2016-04-23
C003197,Vikram Tiwari,1958-07-14,67,Delhi,8353499273,vikram.tiwari.3197@example.in,869800.0,7.0,2016-10-15
C003198,Zoya Banerjee,1985-12-20,40,Bhopal,6451300270,zoya.banerjee.3198@example.in,1574500.0,4.0,2022-12-27
C003199,Sanjay Khan,1982-09-04,43,Jaipur,6173162331,sanjay.khan.3199@example.in,586800.0,4.0,2020-05-04
C003200,Anika Reddy,1984-10-21,41,Delhi,(970) 468-8432,anika.reddy.3200@example.in,703700.0,3.0,2025-04-03
C003201,Priya Mishra,1977-07-10,48,Bengaluru,(820) 505-4253,priya.mishra.3201@example.in,1595900.0,1.0,2024-04-12
C003202,Meera Sen,1965-06-29,60,Lucknow, 62127-68392 ,meera.sen.3202@example.in,576500.0,5.0,2025-08-12
C003203,Pranav Agarwal,1970-06-27,55,Chennai,9829201814,pranav.agarwal.3203@example.in,329200.0,5.0,2023-07-13
C003204,Meera Kapoor,1975-10-21,50,Mumbai,7012362425,meera.kapoor.3204@example.in,2191300.0,,2019-10-13
C003205,Priya Sen,1977-06-25,48,Bhopal,7235418759,priya.sen.3205@example.in,1256700.0,6.0,2015-01-06
C003206,Aarav Patel,1964-07-11,61,Bengaluru,(724) 698-0666,aarav.patel.3206@example.in,207700.0,2.0,2020-03-08
C003207,Aditya Subramanian,1979-09-17,46,Chennai ,8340603374,aditya.subramanian.3207@example.in,625500.0,2.0,2020-12-15
C003208,Saanvi Banerjee,1994-07-06,31,Mumbai,8991017626,saanvi.banerjee.3208@example.in,1528600.0,2.0,2020-10-14
C003209,Aditya Kapoor,1956-12-16,69,Jaipur,9997594245, aditya.kapoor.3209@example.in ,698300.0,6.0,2015-05-18
C003210,Ishaan Desai,1970-12-12,55,Mumbai,6118082906,ishaan.desai.3210@example.in,447400.0,6.0,2015-02-15
C003211,Diya Menon,2005-02-02,20,Delhi,9646637317,diya.menon.3211@example.in,1812000.0,5.0,2021-08-08
C003212,Ananya Mehta,1989-03-01,36,Bangalore, 90104-02536 ,ananya.mehta.3212@example.in,676800.0,7.0,2018-11-17
C003213,Sneha Desai,1993-11-22,32,Lucknow,8334696143,sneha.desai.3213@example.in,2438000.0,6.0,2022-11-22
C003214,Pranav Sen,1998-10-08,27,Bengaluru,7714469221,pranav.sen.3214@example.in,246000.0,5.0,2025-12-11
C003215,Aditi Shah,1993-01-31,32,Bengaluru,,aditi.shah.3215@example.in,4714100.0,4.0,2023-03-11
C003216,Ananya Tiwari,1956-10-26,69,Bengluru,+91 73803 36735,ananya.tiwari.3216@example.in,215800.0,5.0,2024-08-23
C003217,Tanvi Desai,1980-01-17,45,Kochi,8712943861,tanvi.desai.3217@example.in,496600.0,4.0,2015-09-08
C003218,Rohan Subramanian,1967-11-09,58,Mumbai,91-739-303-3497,rohan.subramanian.3218@example.in,861600.0,1.0,2018-11-03
C003219,Aditya Banerjee,1986-05-06,39,Pune,8379073421,aditya.banerjee.3219@example.in,376200.0,7.0,2018-10-15
C003220,Pranav Verma,1956-08-07,69, Ahmedabad ,6983212610, pranav.verma.3220@example.in ,883700.0,3.0,2021-04-09
C003221,R. Das,1967-09-19,58,Pune,6525536416,rhea.das.3221@example.in,549400.0,7.0,2024-03-10
C003222,Varun Singh,1991-11-28,34,Kolkata,,varun.singh.3222@example.in,,4.0,2025-03-08
C003223,Mira Menon,2002-02-17,23,Bhopal,6915029328,mira.menon.3223@example.in,825500.0,5.0,2015-06-07
C003224,Akshay Menon,1951-10-16,74,CHENNAI,6667888851,akshay.menon.3224@example.in,745200.0,3.0,2023-08-24
C003225,Shreya Iyer,1969-05-23,56,BHOPAL, 97170-78309 ,shreya.iyer.3225@example.in,598000.0,2.0,2024-10-18
C003226,Vikram Patel,1999-10-08,26,Mumbai,9296364497,vikram.patel.3226@example.in,474900.0,1.0,2025-02-26
C003227,Ishita Jain,1952-09-22,73,Ahmedabad,,ishita.jain.3227@example.in,632900.0,4.0,2020-05-23
C003228,RHEA SHAH,2003-05-17,22,Jaipur,6229919838,rhea.shah.3228@example.in,,5.0,2021-07-04
C003229,Ishita Reddy,1982-09-12,43,Hyderabad,7430059048,ishita.reddy.3229@example.in,973700.0,2.0,2018-02-21
C003230,Krishna Mukherjee,1999-07-05,26,Pune,91-866-331-8877,krishna.mukherjee.3230@example.in,678800.0,6.0,2023-03-23
C003231,Rahul Agarwal,1957-10-13,68,Mumbay,8561026834,rahul.agarwal.3231@example.in,438500.0,,2025-03-01
C003232,Varun Sinha,1999-08-01,26,Chenai,8792040893,varun.sinha.3232@example.in,2409500.0,,2019-04-19
C003233,Anika Tiwari,1973-04-29,52,Jaipur,6358415861,anika.tiwari.3233@example.in,757200.0,3.0,2018-09-24
C003234,Vikram Sen,1989-08-11,36,Kochi,9405455634,vikram.sen.3234@example.in,367600.0,2.0,2024-08-05
C003235,Aditi Sen,1969-03-02,56,Bhopl,8187146084,aditi.sen.3235@example.in,265000.0,4.0,2021-05-09
C003236,  rhea   chandra  ,1999-06-29,26,Bhopal,9293196225,rhea.chandra.3236@example.in,729600.0,6.0,2021-12-20
C003237,Rohan Gupta,2001-09-05,24,Kolkata,7240606600,rohan.gupta.3237@example.in,,,2024-11-10
C003238,A. Joshi,2000-04-01,25,Lucknow,8777998870,akshay.joshi.3238@example.in,348100.0,2.0,2025-08-09
C003239,Sanjay Reddy,1974-08-27,51,Kochi,9422994533,sanjay.reddy.3239@example.in,478900.0,3.0,2015-06-16
C003240,Zoya Subramanian,1987-12-17,38,Chennai ,9908898450,zoya.subramanian.3240@example.in,426600.0,4.0,2023-09-19
C003241,Rohan Subramanian,1959-02-07,66,Lucknow,9664209055,rohan.subramanian.3241@example.in,,7.0,2017-03-09
C003242,Ishita Mehta,1956-07-31,69,Hyderabad,9721089105,ishita.mehta.3242@example.in,1412500.0,2.0,2015-09-20
C003243,Arjun Mishra,1971-07-16,54,Ahmedabad,7535281312,arjun.mishra.3243@example.in,756900.0,3.0,2023-05-11
C003244,Aditya Agarwal,1950-01-24,75,Bengaluru,7553054130,adityaagarwal3244@example.in,224600.0,2.0,2017-05-02
C003245,Rahul Roy,2000-09-15,25,Bhopal,7181617041,rahul.roy.3245@example.in,723700.0,3.0,2022-02-06
C003246,Krishna Khan,1957-01-03,68,Hyderabad,7521624822,krishna.khan.3246@example.in,232400.0,6.0,2024-08-28
C003247,Sneha Reddy,1968-06-26,57,Lucknow,9250204777,sneha.reddy.3247@example.in,1537700.0,6.0,2019-06-12
C003248,Nikhil Banerjee,1992-02-12,33,Mumbai,6396550685,nikhil.banerjee.3248@example.in,1167100.0,,2024-10-01
C003249,Diya Subramanian,1993-11-06,32,Kochi,9842707961,diya.subramanian.3249@example.in,,,2018-07-19
C003250,Aditya Desai,1989-05-28,36,Mumbai,7783362608,aditya.desai.3250@example.in,517100.0,2.0,2020-08-14
C003251,Ananya Reddy,1970-07-16,55,Kochi,9657233682,ananya.reddy.3251@example.in,,7.0,2016-03-03
C003252,Aarav Khan,1987-06-29,38,Dilli,6807851303,aarav.khan3252@example.in,333900.0,4.0,2022-11-10
C003253,Nikhil Menon,1953-04-22,72,Pune,6589096843,nikhil.menon.3253@example.in,1176000.0,6.0,2021-07-29
C003254,Pooja Gupta,1997-04-22,28,Lucknow,9552750156,,594800.0,2.0,2023-12-03
C003255,Mira Verma,1951-09-11,74,Pune,8450516051,mira.verma.3255@example.in,189700.0,1.0,2019-08-07
C003256,  nikhil   sharma  ,1952-06-19,73,Jaypur,7305119210,nikhil.sharma.3256@example.in,587900.0,6.0,2017-09-12
C003257,Sanjay Sen,1968-11-19,57,Hyderabad,9916898020,sanjay.sen.3257@example.in,430200.0,3.0,2024-06-05
C003258,Nisha Singh,1960-06-02,65,Kolkata,7597537051,nisha.singh.3258@example.in,314400.0,7.0,2023-12-26
C003259,Meera Tiwari,2000-06-29,25,Chennai,8351701901,meera.tiwari.3259@example.in,886100.0,,2016-07-27
C003260,Aarav Shah,1971-12-16,54,Pune,(897) 034-9181,aarav.shah.3260@example.in,,5.0,2018-05-07
C003261,Shreya Banerjee,1990-12-18,35,Lakhnau,,shreya.banerjee.3261@example.in,1387200.0,6.0,2021-03-24
C003262,Mira Sharma,1966-02-25,59,Lucknow,7412757387,mira.sharma.3262@example.in,1462600.0,1.0,2024-04-06
C003263,Pranav Das,1967-07-12,58,Bhopal,6140626217,pranav.das.3263@example.in,619700.0,1.0,2020-04-28
C003264,Krishna Sen,2000-01-18,25,Jaipur,8850249522,krishna.sen.3264@example.in,1863800.0,5.0,2015-05-01
C003265,Akshay Singh,2000-01-21,25,Ahmedabad,9486989927,akshay.singh.3265@example.in,749500.0,2.0,2019-04-29
C003266,Rohan Khan,1973-11-19,52,Chennai,9796968757,rohan.khan.3266@example.in,3223700.0,1.0,2019-08-28
C003267,Aditya Subramanian,1954-02-05,71,Delhi,6733204803,aditya.subramanian.3267@example.in,2256200.0,4.0,2020-02-13
C003268,Varun M.,1998-05-06,27,Kochi,8385571647,varun.menon.3268@example.in,1867300.0,,2019-01-09
C003269,Shreya Das,1978-09-23,47,Mumbai,6975218791,shreya.das.3269@example.in,1731800.0,1.0,2022-03-10
C003270,Tanvi Subramanian,1968-02-18,57,Poona,7329250834,tanvi.subramanian.3270@example.in,834100.0,7.0,2018-04-03
C003271,Ishaan Tiwari,1991-04-20,34,Hyderabad,6893822340,ishaan.tiwari.3271@example.in,1695200.0,7.0,2024-08-29
C003272,Rahul Shah,1992-07-29,33,Lucknow, 74184-32278 ,rahul.shah.3272@example.in,1250000.0,7.0,2015-06-02
C003273,Sahil Tiwari,1953-04-22,72,Jaipur,6147329951,sahil.tiwari.3273@example.in,331700.0,7.0,2018-05-10
C003274,Varun Reddy,1986-05-02,39,Pune,,varun.reddy.3274@example.in,1066800.0,5.0,2020-01-25
C003275,Kavya Singh,1994-11-11,31,Lucknow,91-967-273-7104,kavya.singh.3275@example.in,3922000.0,3.0,2018-03-24
C003276,Rahul Mishra,1950-10-12,75,Delhi,9402749481,rahul.mishra.3276@example.in,3265400.0,5.0,2016-07-31
C003277,Nikhil Banerjee,1958-08-10,67,Jaipur,,nikhil.banerjee.3277@example.in,335600.0,1.0,2022-03-19
C003278,Ananya Agarwal,1967-12-11,58,Mumbai,8831692277,ananya.agarwal.3278@example.in,546400.0,,2018-06-17
C003279,Sanjay Verma,1963-11-08,62,Bangalore,,sanjay.verma.3279@example.in,607300.0,1.0,2015-09-30
C003280,Rohan Gupta,1962-01-13,63,Kolkata ,7182735762,rohan.gupta.3280@example.in,596400.0,3.0,2015-02-05
C003281,Kavya Banerjee,1996-12-01,29,Bengaluru,6176295271,kavya.banerjee.3281@example.in,,6.0,2021-09-19
C003282,Krishna Das,1960-12-30,65,Mumbai,7985010339,krishna.das.3282@example.in,1047700.0,7.0,2017-04-30
C003283,Nikhil Mishra,1970-07-28,55,Bhopal,8206394884,nikhil.mishra.3283@example.in,1426200.0,4.0,2023-06-10
C003284,Ananya Sen,1983-10-01,42,Bhopal,8624994724,ananya.sen.3284@example.in,780400.0,1.0,2018-06-20
C003285,Aditya Joshi,1985-05-24,40,BHOPAL,91-774-086-6082,aditya.joshi.3285@example.in,,2.0,2025-12-16
C003286,Ishita Kapoor,1980-11-28,45,JAIPUR,6077490720,ishita.kapoor.3286@example.in,1236400.0,5.0,2020-02-16
C003287,Kabir Jain,1961-12-24,64,Chennai,6953909698,kabir.ain.3287@example.in,623800.0,,2020-08-02
C003288,Vikram Das,1964-04-24,61,Pune,8758290682,vikram.das.3288@example.in,565800.0,1.0,2017-09-26
C003289,Mira Joshi,1966-07-29,59,Jaipur,+91 86813 67243,mira.joshi.3289@example.in,373300.0,5.0,2019-10-17
C003290,Mira Rao,2003-02-01,22,Calcutta,6973284738,mira.rao.3290@example.in,1001900.0,6.0,2023-03-01
C003291,Krishna Sharma,1962-03-30,63,Kolkata,9909376627,krishna.sharma.3291@example.in,264500.0,7.0,2017-01-08
C003292,Rahul Agarwal,1985-11-26,40,Mumbai,(813) 749-5421,rahul.agarwal.3292@example.in,1124300.0,3.0,2024-08-08
C003293,Sanjay Nair,1977-10-28,48,Bhopal,8290095585,sanjay.nair.3293@example.in,508100.0,7.0,2024-04-17
C003294,Akshay Menon,1964-02-04,61,Bhopal,+91 66478 57914,akshay.menon.3294@example.in,939000.0,2.0,2024-11-14
C003295,Sahil Das,1966-11-07,59,Pune,9900791528,sahil.das.3295@example.in,,5.0,2020-02-28
C003296,Vikram Iyer,1990-01-29,35,Mumbai,7366372022,vikram.iyer.3296@example.in,1136700.0,,2024-10-13
C003297,Aarav Iyer,1978-11-03,47,Hyderabad,8119235769,aarav.iyer.3297@example.in,7061300.0,2.0,2025-03-18
C003298,Sahil Khan,1972-04-19,53,Jaipur,7404488962,sahil.khan.3298@example.in,1778500.0,2.0,2024-07-20
C003299,Shreya Sharma,1956-08-05,69,Kolkata,9101117646,shreya.sharma.3299@example.in,1124900.0,1.0,2023-03-22
C003300,Krishna Mishra,1953-12-29,72,Chennai,8887850676,,1742600.0,4.0,2023-02-09
C003301,Varun Gupta,2004-01-08,21,Kochi,7616975131,varun.gupta.3301@example.in,847900.0,,2022-08-03
C003302,Sanjay Menon,1950-11-06,75,Chennai,6102735193,sanjay.menon.3302@example.in,,5.0,2020-05-11
C003303,Viram Nair,1989-06-11,36,Bhopal,7371632783,,755200.0,4.0,2015-08-14
C003304,Pooja Agarwal,1965-08-15,60,Jaipur,9163617132,pooja.agarwal.3304@example.in,3020300.0,5.0,2025-09-01
C003305,Arjun Nair,1981-01-09,44,Bengluru,6527341331,arjun.nair.3305@example.in,1011100.0,5.0,2023-03-02
C003306,Arjun Shah,1993-07-26,32,Pune,8744808785,arjun.shah.3306@example.in,1594300.0,2.0,2023-07-19
C003307,Sneha Patel,2002-05-09,23,Mumbai,9632079040,sneha.patel.3307@example.in,539200.0,1.0,2025-03-02
C003308,  aditya   verma  ,1974-10-19,51,Bengaluru, 79625-01475 ,aditya.verma.3308@example.in,947000.0,2.0,2023-09-29
C003309,Ishaan Mehta,1997-03-19,28,Kolkata,6205384055,ishaan.mehta.3309@example.in,564000.0,,2015-07-05
C003310,Anika Sharma,1980-05-13,45,Chennai,91-952-861-6976,anika.sharma.3310@example.in,543600.0,5.0,2018-01-10
C003311,Aditi Jain,1967-12-22,58,Kolkata,7504476856,aditi.jain.3311@example.in,225700.0,3.0,2025-03-05
C003312,Sanjay Desai,1993-10-24,32,Mumbai,91-973-577-3105,sanjay.desai.3312@example.in,641200.0,2.0,2025-06-13
C003313,Sahil Roy,1998-03-25,27,Kolkata,9448789792,sahil.roy.3313@example.in,356700.0,1.0,2016-05-03
C003314,Vikram Patel,1998-02-25,27,Bengaluru,,vikram.patel.3314@example.in,755600.0,2.0,2020-04-12
C003315,Ananya Kulkarni,1958-03-12,67,Pune,8842506693,ananya.kulkarni.3315@example.in,744500.0,6.0,2016-07-05
C003316,Nisha Joshi,1958-06-14,67,Bengaluru,8604569126,nisha.joshi.3316@example.in,802100.0,5.0,2018-11-10
C003317,Rohan Agarwal,1997-06-20,28,New Delhi,8215244036,rohan.agarwal.3317@example.in,1779600.0,6.0,2022-04-10
C003318,Arjun Mukherjee,1972-08-06,53,Kolkata,6891242678,arjun.mukherjee.3318@example.in,979600.0,5.0,2019-10-13
C003319,Rhea Singh,1971-10-30,54,Pune,9176422492,rhea.singh.3319@example.in,509200.0,3.0,2018-07-31
C003320,Tanvi Mehta,2004-03-06,21,Mumbai,6692531781,tanvi.mehta.3320@example.in,1139100.0,3.0,2018-07-02
C003321,Zoya Verma,1973-05-31,52,Mumbai,9718407942, zoya.verma.3321@example.in ,680400.0,6.0,2016-11-01
C003322,Varun Jain,1969-09-10,56,Kolkata,6289670004,varun.jain.3322@example.in,710400.0,2.0,2018-01-20
C003323,Aditi Sinha,1989-09-25,36,HYDERABAD,8941966528,aditi.sinha.3323@example.in,825400.0,7.0,2018-05-14
C003324,Kavya Rao,1956-12-10,69,Bhopal,91-931-580-9023,kavya.rao.3324@example.in,714200.0,7.0,2015-01-27
C003325,Kabir Nair,1956-12-23,69,Hyd,(925) 428-4978,kabir.nair.3325@example.in,589500.0,4.0,2020-05-29
C003326,Diya Patel,1995-07-10,30, Kochi ,6986181810,diya.patel.3326@example.in,483500.0,3.0,2022-09-25
C003327,Meera Sharma,1988-05-02,37,Ahmedabad,8285478008,meera.sharma.3327@example.in,898800.0,7.0,2021-09-09
C003328,Ishaan Banerjee,1970-08-19,55,Ahmedabad,6108180042,ishaan.banerjee.3328@example.in,994500.0,,2017-12-01
C003329,Krishna Agarwal,1965-01-19,60, Kochi ,6967931288,krishna.agarwal.3329@example.in,33306604.442312043,2.0,2018-11-01
C003330,Akshay Shah,1954-03-28,71,Delhi,7493646956,akshay.shah.3330@example.in,912800.0,7.0,2019-04-30
C003331,Priya Sen,1952-08-18,73, Kochi ,+91 94846 38653,priya.sen.3331@example.in,405300.0,3.0,2018-06-28
C003332,S. Kapoor,1965-03-25,60,Hyderabad,(948) 372-6407,sneha.kapoor.3332@example.in,643700.0,5.0,2021-04-27
C003333,Rohan Roy,1969-12-08,56,Chennai,9756825212,rohan.roy.3333@example.in,13039196.314787222,7.0,2016-12-19
C003334,Pranav Bose,1963-08-10,62,Delhi,9060934077,pranav.bose.3334@example.in,718400.0,1.0,2021-06-17
C003335,Anika Jain,1990-06-05,35,Hyderabad,7632712552,anika.jain.3335@example.in,1306500.0,6.0,2015-01-28
C003336,Rhea Khan,1984-03-09,41,Calcutta,8152756895,rheakhan.3336@example.in,832500.0,2.0,2017-05-13
C003337,Vikram Banerjee,1961-01-29,64,Kochi,6384619074,vikram.banerjee.3337@example.in,5691500.0,3.0,2023-12-02
C003338,Nikhil Singh,1979-07-03,46,Ahmedabad,8116017097,nikhil.singh.3338@example.in,982200.0,2.0,2024-10-05
C003339,Pranav Sen,2002-04-10,23,Hyderabad,6908000622,pranav.sen.3339@example.in,,7.0,2015-05-27
C003340,Sanjay Desai,2000-06-04,25,Hyderabad,,sanjay.desai.3340@example.in,1140600.0,1.0,2024-08-30
C003341,Nikhil Tiwari,1986-11-28,39,Kolkatta,9960527386,nikhil.tiwari.3341@example.in,,,2018-12-31
C003342,Rohan Patel,1976-01-10,49,Kolkata, 93605-43446 ,rohan.patel.3342@example.in,855900.0,5.0,2022-03-18
C003343,Zoya Mehta,1960-05-13,65,Kolkata,7812292836,zoya.mehta.3343@example.in,2136300.0,6.0,2015-01-18
C003344,Nisha Singh,1961-11-02,64,Delhi,8278538446,nisha.singh.3344@example.in,1531800.0,5.0,2022-05-22
C003345,Sneha Banerjee,1992-05-17,33,Ahmedabad,7519037631,sneha.banerjee.3345@example.in,1299500.0,7.0,2022-04-14
C003346,Saanvi Roy,1968-10-23,57,Delhi,9536099528,saanvi.roy.3346@example.in,509300.0,4.0,2023-03-26
C003347,Aditi Mukherjee,1978-10-04,47,Bangalore,7250600409,aditi.mukherjee.3347@example.in,,1.0,2021-11-28
C003348,Saanvi Kulkarni,1955-06-13,70,Mumbai,6100224057,saanvi.kulkarni.3348@example.in,386800.0,,2019-05-11
C003349,Sneha Bose,1974-09-21,51,Chennai,9646509661,sneha.bose.3349@example.in,950000.0,2.0,2017-07-08
C003350,Aditya Rao,1992-12-08,33,Ahmedabad,9778620759,aditya.rao.3350@example.in,508200.0,4.0,2023-09-05
C003351,Aditya Sharma,1991-05-30,34,Kochi,9644266496,aditya.sharma.3351@example.in,951300.0,2.0,2022-01-05
C003352,Ishaan Iyer,1958-11-28,67,Hyderbad,9964351891,ishaan.iyer.3352@example.in,361600.0,3.0,2023-08-23
C003353,Kabir Roy,1973-01-22,52,Delhi,9580569348,kabir.roy.3353@example.in,1001000.0,,2016-10-18
C003354,Saanvi Sharma,1982-10-18,43, Mumbai ,8770766688,saanvisharma3354@example.in,429300.0,5.0,2024-02-29
C003355,Varun Jain,2001-05-10,24,Mumbai,8873797372,varun.jain.3355@example.in,904800.0,,2023-11-15
C003356,Aarav Mishra,1998-10-23,27,Lucknow,7270648663,aarav.mishra.3356@example.in,719200.0,2.0,2024-04-02
C003357,Kavya Verma,1954-11-08,71,Bhopal,8989653270,kavya.verma.3357@example.in,1243300.0,6.0,2017-01-30
C003358,Ananya Sharma,2001-01-30,24,Madras, 82682-20271 ,ananya.sharma.3358@example.in,2128900.0,7.0,2018-01-29
C003359,Rohan Reddy,1955-02-25,70,Kochi,9660366256,rohan.reddy.3359@example.in,798700.0,1.0,2018-10-21
C003360,Aarav Reddy,1969-07-03,56,Mumbai,8923644958,aarav.reddy.3360@example.in,,7.0,2020-01-04
C003361,Sneha Sinha,1962-11-27,63,Delhi,8571609886,sneha.sinha.3361@example.in,1367100.0,2.0,2024-08-12
C003362,Sneha Kulkarni,2000-01-23,25,Hyderabad,9709848456,sneha.kulkarni.3362@example.in,,7.0,2019-05-31
C003363,Aditya Patel,1955-05-27,70,KOLKATA,7214314088,aditya.patel.3363@example.in,,5.0,2019-02-28
C003364,Kabir Chandra,1986-11-01,39,Kolkata,+91 79933 22562,kabir.chandra.3364@example.in,887300.0,1.0,2019-12-28
C003365,Kavya Iyer,2003-08-25,22,Lucknow,8579814259,kavya.iyer.3365@example.in,1025800.0,1.0,2018-06-25
C003366,Saanvi Rao,1981-07-21,44,Jaipur,8196473352,saanvi.rao.3366@example.in,528600.0,6.0,2018-07-31
C003367,Diya Tiwari,1959-10-06,66,Pune,9910998428,diya.tiwari.3367@example.in,,5.0,2020-11-05
C003368,Sneha Banerjee,1975-10-29,50,Bengaluru,7446563396,sneha.banerjee.3368@example.in,1026600.0,5.0,2016-06-14
C003369,Sanjay Desai,1984-09-15,41,Kolkata,6006263142,sanjay.desai.3369@example.in,1234500.0,7.0,2021-03-01
C003370,Nisha Subramanian,1987-09-29,38,Ahmedabad,,nisha.subramanian.3370@example.in,1997000.0,2.0,2025-07-14
C003371,Sneha Mishra,1971-12-30,54,Pune,6587200479,sneha.mishra.3371@example.in,361200.0,1.0,2020-03-28
C003372,Pranav Agarwal,1986-10-03,39,Bengaluru,6397800644,pranav.agarwal.3372@example.in,226000.0,6.0,2017-09-22
C003373,SANJAY JOSHI,1988-05-20,37,Bhopal,8237455478,sanjay.joshi.3373@example.in,372600.0,6.0,2018-08-29
C003374,Pooja Menon,1963-08-07,62,Kochi,8638319574,pooja.menon.3374@example.in,713700.0,4.0,2022-01-31
C003375,Meera Sen,1961-02-10,64,Kolkata,9100180238,meera.sen.3375@example.in,3370100.0,3.0,2022-07-05
C003376,Pranav Jain,1995-05-07,30,Bhopal,7949352564,pranav.jain.3376@example.in,315300.0,2.0,2024-03-29
C003377,Sneha Tiwari,1988-05-03,37,Poona,7369394878,sneha.tiwari.3377@example.in,680200.0,4.0,2017-05-22
C003378,Diya Bose,1960-03-24,65,PUNE,6897905505,diyabose3378@example.in,417000.0,5.0,2019-07-15
C003379,Kabir Rao,1989-05-26,36,Ahmedabad,6872667718,kabir.rao.3379@example.in,1294800.0,3.0,2021-07-12
C003380,Rohan Joshi,1980-09-27,45,Pune,9187195891,rohan.joshi.3380@example.in,415000.0,6.0,2016-10-22
C003381,Sneha Rao,1991-05-10,34,Kochi,7804092338,sneha.rao.3381@example.in,1053100.0,2.0,2023-07-04
C003382,Sahil Mishra,2001-03-25,24,Delhi,6930868044,sahil.mishra.3382@example.in,630200.0,5.0,2023-11-08
C003383,Pranav Sen,1988-04-17,37,Ahmedabad,8988745973,pranav.sen.3383@example.in,2963500.0,7.0,2022-07-03
C003384,Tanvi Banerjee,1975-12-14,50,Mumbai,7315162167,tanvi.banerjee.3384@example.in,,3.0,2025-03-24
C003385,Mira Patel,1982-02-05,43,Pune,8797185207,mira.patel.3385@example.in,816000.0,,2025-04-30
C003386,Sahil Rao,1986-04-18,39,Ahmedabad,9019536400,sahil.rao.3386@example.in,,1.0,2022-03-01
C003387,Aditi Khan,1965-11-15,60,Chennai,7690905856,aditi.khan.3387@example.in,1273300.0,3.0,2024-07-07
C003388,Krishna Bose,2001-06-23,24, Delhi ,6152976184,krishna.bose.3388@example.in,948900.0,2.0,2019-09-19
C003389,Ishaan Sinha,1973-12-10,52,Mumbai,91-928-034-3345,ishaan.sinha.3389@example.in,,4.0,2018-11-16
C003390,Rahul Shah,1991-01-28,34,Jaipur,8898887902,rahul.shah.3390@example.in,1585200.0,4.0,2024-09-04
C003391,Diya Menon,1958-09-14,67,Bengaluru,8717866631,diya.menon.3391@example.in,430400.0,3.0,2018-01-10
C003392,Saanvi Rao,1980-05-07,45,Ahmedabad,7193240105,saanvi.rao.3392@example.in,511300.0,2.0,2017-08-26
C003393,Kabir Verma,1982-05-31,43,JAIPUR,8573738337,kabir.verma.3393@example.in,234800.0,3.0,2019-06-20
C003394,Ishita Rao,1995-11-06,30,Kolkata ,6108667865,ishita.rao.3394@example.in,1606200.0,7.0,2022-12-22
C003395,Rahul Shah,1990-11-20,35,Kolkata,7731119987, rahul.shah.3395@example.in ,543400.0,6.0,2017-06-19
C003396,Akshay Sharma,1960-01-28,65,Pune,9104553804,akshay.sharma.3396@example.in,1710200.0,6.0,2023-11-06
C003397,Ananya Mehta,1959-11-29,66,Lucknow,8396983014,ananya.mehta.3397@example.in,492400.0,4.0,2018-10-30
C003398,Arjun Subramanian,1982-07-15,43,Jaipur,8498280188,arjun.subramanian.3398@example.in,409500.0,5.0,2023-06-24
C003399,Arjun Banerjee,1984-04-20,41,Kochi,6157604595,arjun.banerjee.3399@example.in,1071200.0,,2025-09-22
C003400,Aarav Gupta,1961-05-12,64,Kolkata,8568116053,aarav.gupta.3400@example.in,382900.0,1.0,2015-01-03
C003401,Ishaan Rao,1998-11-22,27,Bengaluru,8006556843,ishaan.rao.3401@example.in,758000.0,4.0,2024-09-06
C003402,AARAV JOSHI,1970-09-05,55,Kolkata,7252415070,aarav.joshi.3402@example.in,,2.0,2015-07-28
C003403,Kabir Mishra,1989-12-19,36,Mumbai,8707236150,kabir.mishra.3403@example.in,1010000.0,2.0,2017-09-18
C003404,Nikhil Das,1979-06-12,46,Delhi,8661999818,nikhil.das.3404@example.in,1052200.0,2.0,2015-09-14
C003405,Vikram Roy,2001-07-09,24,Jaipur,,vikram.roy.3405@example.in,1321500.0,4.0,2017-07-06
C003406,Tanvi Bose,1993-05-10,32,Jaipur,7966483628,tanvi.bose.3406@example.in,2861900.0,7.0,2020-08-23
C003407,Aditya Mehta,1982-05-07,43,MUMBAI,9271041037,aditya.mehta.3407@example.in,,,2016-09-28
C003408,Sahil Kulkarni,1963-08-06,62,Bhopal,9066913008,sahil.kulkarni.3408@example.in,1780800.0,6.0,2019-08-21
C003409,Shreya Mishra,2001-03-20,24,Cochin,7835612300,shreya.mishra.3409@example.in,500700.0,2.0,2025-04-25
C003410,Arjun Mishra,1963-02-07,62,Bhopal,7602230982,arjun.mishra.3410@example.in,854400.0,4.0,2022-07-09
C003411,Tanvi Tiwari,1988-06-10,37,Kochi,8797611138,tanvi.tiwari.3411@example.in,,4.0,2017-11-27
C003412,Shreya Menon,1987-08-30,38,Bengaluru,(889) 366-6402,shreya.menon.3412@example.in,471900.0,3.0,2023-03-20
C003413,Meera Chandra,1958-11-14,67,Lucknow,9327358677,meera.chandra.3413@example.in,,7.0,2018-07-15
C003414,Saanvi Menon,1951-07-15,74,Bengaluru,,saanvi.menon.3414@example.in,,1.0,2017-08-01
C003415,Anika Singh,2000-12-29,25,Chennai,6322999129,anika.singh.3415@example.in,844600.0,7.0,2017-06-17
C003416,Nisha Sen,1979-08-05,46,Mumbai,7098031130,nisha.sen.3416@example.in,1872400.0,7.0,2015-12-17
C003417,Nisha Das,1960-08-08,65,Jaypur,,nisha.das.3417@example.in,1559600.0,1.0,2015-08-28
C003418,Nisha Bose,1952-06-23,73,Bengaluru,9659569341,nisha.bose.3418@example.in,1876000.0,3.0,2024-03-19
C003419,Nisha Joshi,1996-10-12,29,Ahmedabad,8972325415,nisha.joshi.3419@example.in,1036100.0,3.0,2022-02-09
C003420,Rohan R.,1958-06-15,67,Ahmedabad,8621279121,rohan.rao.3420@example.in,664400.0,3.0,2024-01-27
C003421,Diya Desai,1998-11-26,27,Chennai,7855269702,diya.desai.3421@example.in,2348700.0,1.0,2018-12-13
C003422,Kabir Banerjee,1974-05-29,51,Kochi,91-824-327-9005,kabir.banerjee.3422@example.in,713600.0,,2024-05-28
C003423,Nisha Gupta,1993-09-22,32,Bengaluru,(944) 397-0096,nisha.gupta.3423@example.in,,3.0,2024-06-30
C003424,Sanjay Das,1957-01-12,68,Chennai,9881782714,,948300.0,4.0,2024-08-23
C003425,Sanjay Khan,1957-04-04,68,Kolkata,6844754956,sanjay.khan.3425@example.in,,6.0,2016-09-14
C003426,Kavya Reddy,1973-03-24,52,Kolkata,9258373024,kavya.reddy.3426@example.in,,,2016-12-22
C003427,Aditya Menon,1968-09-26,57,Jaipur,6872764917,aditya.menon.3427@example.in,475000.0,5.0,2021-08-14
C003428,Sneha Joshi,1967-09-02,58,HYDERABAD,6393017901,sneha.joshi.3428@example.in,2410100.0,6.0,2017-10-27
C003429,Sneha Menon,1960-04-03,65,Kolkata,91-961-618-9204,sneha.menon.3429@example.in,2313000.0,2.0,2021-04-06
C003430,Sanjay Sinha,1973-01-02,52,Bhopal,+91 92969 91482,sanjay.sinha.3430@example.in,878000.0,6.0,2019-01-11
C003431,Vikram Tiwari,1982-08-15,43,Ahmedabad,6645329624,vikram.tiwari.3431@example.in,19374694.290318962,7.0,2015-06-16
C003432,Aarav Sen,1966-08-12,59,Lucknow,6225611832,aarav.sen.3432@example.in,1533900.0,7.0,2021-09-05
C003433,Sneha Sharma,1964-07-25,61,Delhi,7023939886,sneha.sharma.3433@example.in,737400.0,,2015-09-03
C003434,Krishna Agarwal,1956-11-15,69,Bhopal,6598130192,krishna.agarwal.3434@example.in,406500.0,6.0,2023-10-30
C003435,Aditya Kulkarni,1996-08-08,29,Ahmedabad,6467824441,aditya.kulkarni.3435@example.in,653100.0,7.0,2016-03-12
C003436,Ishita Chandra,1954-06-22,71,Hyderabad,9174995368,ishita.chandra.3436@example.in,548000.0,1.0,2017-08-24
C003437,Vikram Patel,1984-06-19,41,Chennai,,vikram.patel.3437@example.in,,,2015-07-23
C003438,Anika Menon,1959-08-20,66,Delhi,8155577786,anika.menon.3438@example.in,1147100.0,4.0,2019-05-11
C003439,Pranav Jain,1973-07-03,52,Lucknow,8427565634,pranav.jain.3439@example.in,1500000.0,4.0,2016-01-16
C003440,Akshay Kapoor,1977-08-16,48,Ahmedabad,7951940865,akshay.kapoor.3440@example.in,1141500.0,5.0,2020-12-31
C003441,Aarav Jain,2002-01-20,23,Bangalore,8333607383,aarav.jain.3441@example.in,2108600.0,1.0,2023-06-19
C003442,Arjun Tiwari,1993-04-21,32,Ahmedabad,7938678009,arjun.tiwari.3442@example.in,1449400.0,3.0,2025-07-24
C003443,Zoya Tiwari,1953-08-23,72,Pune,8958425746,zoya.tiwari.3443@example.in,1025700.0,1.0,2021-09-14
C003444,Pooja Tiwari,1999-09-08,26,Bengaluru,8094884484,pooja.tiwari.3444@example.in,372000.0,3.0,2025-01-23
C003445,Varun K.,1990-10-29,35,Delhi,8338352706,varun.kulkarni.3445@example.in,,2.0,2016-04-18
C003446,Nisha Bose,1953-11-16,72,Kolkata,7290819732,nisha.bose.3446@example.in,1818200.0,2.0,2019-08-03
C003447,Aarav Bose,1965-09-01,60,Bengaluru,6546143411,aarav.bose.3447@example.in,,1.0,2022-12-21
C003448,Aditya Mehta,1994-12-16,31,Ahmedabad, 66067-17270 , aditya.mehta.3448@example.in ,834400.0,1.0,2025-01-24
C003449,Sahil Jain,1962-04-04,63,Hyderabad,9755552520, sahil.jain.3449@example.in ,556200.0,6.0,2015-06-20
C003450,Pooja Sen,1980-02-02,45,Delhi,8407850947,pooja.sen.3450@example.in,2283100.0,6.0,2023-02-08
C003451,Mira Mukherjee,1969-11-21,56,Kolkatta,9611115825,mira.mukherjee.3451@example.in,529500.0,,2016-02-16
C003452,Kabir Kapoor,1957-05-14,68,Jaipur,6335940394,kabir.kapoor.3452@example.in,603800.0,5.0,2024-02-01
C003453,Sahil Sharma,1999-07-25,26,Ahmedabad,9987158161,sahil.sharma.3453@example.in,936600.0,5.0,2020-11-02
C003454,Akshay Jain,1971-02-19,54,Lucknow,(876) 024-4317,akshay.jan.3454@example.in,1537200.0,,2020-06-23
C003455,Anika Jain,1984-04-14,41,New Delhi,7049922137,anika.jain.3455@example.in,605600.0,2.0,2017-07-03
C003456,Sanjay Nair,1963-03-19,62,Lucknow, 65059-55083 ,sanjay.nair.3456@example.in,1081000.0,1.0,2015-12-26
C003457,Sanjay Bose,1951-03-18,74,Chennai,6954328912,sanjay.bose.3457@example.in,624200.0,3.0,2024-02-22
C003458,Mira Roy,1965-04-09,60,Pune,+91 80024 87409,mira.ry.3458@example.in,455100.0,2.0,2021-06-27
C003459,Rohan Kulkarni,1962-06-09,63,Bhopal,8685284228,rohan.kulkarni.3459@example.in,893300.0,1.0,2025-07-12
C003460,Shreya Reddy,1975-01-04,50,Delhi,6618916720,shreya.reddy.3460@example.in,,,2019-05-06
C003461,Zoya Rao,1980-08-16,45,Mumbai,7724871739,zoya.rao.3461@example.in,568600.0,1.0,2024-04-03
C003462,Ananya Bose,1968-07-19,57,Pune,8610360772,ananya.bose.3462@example.in,617900.0,,2025-11-10
C003463,Ananya Chandra,1986-09-12,39,Chennai,9907151279,ananya.chandra.3463@example.in,151700.0,5.0,2023-06-19
C003464,Tanvi Mishra,1990-03-01,35,New Delhi,7236597337,tanvi.mishra.3464@example.in,877800.0,3.0,2021-06-03
C003465,Anika Joshi,1957-01-23,68,Lucknow,7111346353,anika.joshi.3465@example.in,,3.0,2016-01-24
C003466,Nisha Jain,1975-10-17,50,Hyderabad,6094640346,nisha.jain.3466@example.in,,1.0,2015-08-28
C003467,Nisha Mehta,1999-06-30,26,Pune,9584055861,nisha.mehta.3467@example.in,616800.0,4.0,2023-10-26
C003468,Ananya Kapoor,1989-03-19,36,Jaipur,6786673944,ananya.kapoor.3468@example.in,868200.0,5.0,2025-01-29
C003469,Aditi Jain,1981-06-12,44, Bangalore ,9239715972,aditi.jain.3469@example.in,818900.0,2.0,2022-08-27
C003470,Anika Mehta,1953-06-14,72,Chennai,8264791565,anika.mehta.3470@example.in,630700.0,6.0,2024-07-09
C003471,Arjun Reddy,1953-12-26,72,Jaipur,9393355108,arjun.reddy.3471@example.in,1096600.0,6.0,2019-10-07
C003472,Shreya Subramanian,1950-09-02,75,Pune,9775535019,shreya.subramanian.3472@example.in,645200.0,6.0,2018-07-26
C003473,Anika Desai,1950-10-27,75,Chennai,9380224100,anika.desai.3473@example.in,666000.0,4.0,2023-03-17
C003474,Pooja Singh,1959-11-27,66,Mumbai,6924328469,pooja.singh.3474@example.in,764800.0,4.0,2015-09-13
C003475,Ishita Jain,1984-05-11,41,Kochi,7095997642,ishita.jain.3475@example.in,2685000.0,7.0,2017-07-10
C003476,Kavya Gupta,1979-07-28,46,Hyderabad,9269650962,kavya.gupta.3476@example.in,1111000.0,4.0,2024-11-29
C003477,Sneha Khan,1989-12-19,36,Bhopal,6849181722,sneha.khan.3477@example.in,1120900.0,1.0,2016-02-05
C003478,Sahil Roy,1992-09-03,33, Kochi ,7882399031,sahil.roy.3478@example.in,832900.0,1.0,2021-09-11
C003479,Pranav Jain,2000-05-13,25,Pune,8340708788,pranav.jain.3479@example.in,1058900.0,4.0,2015-08-27
C003480,Ishaan Gupta,1995-05-22,30,Lucknow,8042117609,ishaan.gupta.3480@example.in,632400.0,,2020-07-27
C003481,Aditya Gupta,2005-06-18,20,Kochi,9995131497,aditya.gupta.3481@example.in,1051700.0,2.0,2017-03-02
C003482,Aditi Desai,1990-05-22,35, Bhopal ,7054925280,aditi.desai.3482@example.in,648100.0,1.0,2016-12-25
C003483,Mira Khan,1954-10-09,71,Kolkata,9751265098,,479400.0,6.0,2015-05-24
C003484,Arjun Sharma,1964-01-13,61,Jaypur,7008194154,arjun.sharma.3484@example.in,331900.0,2.0,2021-05-30
C003485,Varun Iyer,1992-09-03,33,Mumbai,8496337528,varun.iyer.3485@example.in,1137600.0,5.0,2019-02-02
C003486,Pranav Bose,1998-02-23,27,Chennai,6149167423,pranav.bose.3486@example.in,1249800.0,3.0,2025-06-01
C003487,Kavya Jain,1961-01-26,64,DELHI,,kavya.jain.3487@example.in,2062000.0,2.0,2025-11-27
C003488,Aditi Mukherjee,1958-02-08,67,New Delhi,91-969-844-3540,aditi.mukherjee.3488@example.in,,5.0,2024-02-08
C003489,Diya Agarwal,1970-05-12,55, Lucknow ,6937425263,diya.agarwal.3489@example.in,1066600.0,2.0,2019-04-07
C003490,Ishita Bose,2003-07-30,22,Jaipur,7144057777,ishita.bose.3490@example.in,1311300.0,5.0,2016-03-05
C003491,Ishaan Kulkarni,1966-03-15,59,Chenai,8472167435,ishaan.kulkarni.3491@example.in,649000.0,1.0,2019-03-25
C003492,Sahil Jain,1972-11-22,53,Ahmedabad, 67622-54606 ,not-an-email,481300.0,2.0,2017-03-23
C003493,Mira Mishra,2004-07-01,21,Ahmedabad,6139678253,mira.mishra.3493@example.in,770200.0,5.0,2015-06-26
C003494,Nikhil Khan,1964-02-02,61,Kochi,6182647382,nikhil.khan.3494@example.in,304700.0,7.0,2019-01-04
C003495,Ananya Kulkarni,1976-12-08,49,Pune,8601866524,ananya.kulkarni.3495@example.in,577700.0,4.0,2025-12-24
C003496,Nisha Mishra,1973-08-06,52,Bengaluru,,nisha.misra.3496@example.in,761900.0,7.0,2016-11-13
C003497,Aditi Mishra,1970-06-03,55,Kolkata,8785714616,aditi.mishra.3497@example.in,664500.0,5.0,2022-11-05
C003498,Kavya Bose,1951-08-05,74,Bhopal,91-732-846-2014,kavya.bose.3498@example.in,755300.0,7.0,2023-03-01
C003499,K. Das,1975-02-07,50,Bhopal,8452839033,kavya.das.3499@example.in,1335300.0,6.0,2019-02-01
C003500,Zoya Roy,2001-07-05,24,Jaipur,,zoya.roy.3500@example.in,443700.0,1.0,2020-02-09
C003501,Ishaan Rao,2003-05-20,22,Hyderabad,9824963513,ishaan.rao.3501@example.in,307500.0,5.0,2023-09-02
C003502,Nikhil Menon,1981-08-30,44,Bengaluru,6364022138,nikhil.menon.3502@example.in,457400.0,3.0,2021-12-28
C003503,DIYA BOSE,2002-07-03,23,Mumbay,7908718725,diya.bose.3503@example.in,1351400.0,3.0,2018-06-07
C003504,Shreya Tiwari,1973-09-13,52,Delhi,(769) 292-6044,shreya.tiwari.3504@example.in,1080100.0,5.0,2017-05-17
C003505,Aditi Jain,1977-03-23,48,Jaipur,8450200200,aditi.jain.3505@example.in,634900.0,3.0,2016-07-20
C003506,Rhea Mehta,1992-08-01,33,Bhopal,7538524120,rhea.mehta.3506@example.in,,3.0,2015-06-18
C003507,Ananya Sinha,1965-11-04,60,Hyderabad,9063921673,ananya.sinha.3507@example.in,1247700.0,6.0,2015-06-28
C003508,Saanvi Banerjee,1955-07-23,70,Lucknow,6470496103,saanvi.banerjee.3508@example.in,505700.0,4.0,2015-03-08
C003509,Saanvi Rddy,1960-11-06,65,Mumbai,8593098605,,1092700.0,,2019-11-08
C003510,Tanvi Tiwari,1991-07-23,34,Bhopal,9306654676,tanvi.tiwari.3510@example.in,576100.0,4.0,2017-09-27
C003511,Priya M.,1980-06-14,45,Lucknow,9936833932,priya.mishra.3511@example.in,1093700.0,2.0,2015-06-27
C003512,Priya Rao,1960-08-12,65,Chennai,7355306692,priya.rao.3512@example.in,,1.0,2018-09-30
C003513,Rahul Sharma,1994-04-10,31,Ahmedabad,91-784-074-5547,rahul.sharma.3513@example.in,2476300.0,3.0,2022-08-26
C003514,Sahil Mishra,1987-03-18,38,Pune,7792847502,sahil.mishra.3514@example.in,,6.0,2024-05-02
C003515,Saanvi Mehta,1997-06-11,28,Mumbai,8271065634,saanvi.mehta.3515@example.in,895300.0,4.0,2017-03-09
C003516,Ishaan Banerjee,1996-05-20,29,Poona,7204590817,ishaan.banerjee.3516@example.in,937100.0,2.0,2023-04-08
C003517,Ishaan Singh,1954-03-30,71,Kolkata,6819565057,ishaan.singh.3517@example.in,781600.0,7.0,2016-08-28
C003518,Meera Subramanian,1955-12-18,70,Ahmedabad,6580207154,meera.subramanian.3518@example.in,667000.0,3.0,2021-03-27
C003519,Aditya Agarwal,1960-08-28,65,Delhi,9328894247,aditya.agarwal.3519@example.in,618200.0,1.0,2017-05-17
C003520,Akshay Banerjee,1985-05-23,40,Lucknow,9051773603,akshay.banerjee.3520@example.in,1808800.0,4.0,2019-08-18
C003521,Arav Mehta,1967-12-14,58,Bhopal,6866041475,aarav.mehta.3521@example.in,,6.0,2018-12-26
C003522,Tanvi Rao,1960-07-14,65,Bhopal,6235995661,tanvi.rao.3522@example.in,3272900.0,4.0,2016-02-27
C003523,Pooja Kapoor,1968-04-18,57,Chennai,7971453101,pooja.kapoor.3523@example.in,597800.0,4.0,2024-10-18
C003524,Pooja Bose,1989-03-05,36,Chennai ,8946050379,pooja.bose.3524@example.in,1283800.0,7.0,2021-01-13
C003525,Vikram Desai,1990-04-14,35,Hyderabad,9686850283,,601000.0,6.0,2019-04-29
C003526,Kavya Joshi,1956-06-27,69,Hyderabad,91-978-862-1570,kavya.joshi.3526@example.in,1863700.0,2.0,2021-01-29
C003527,Priya Iyer,1966-10-15,59,Kochi,6630941925,priya.iyer.3527@example.in,1027100.0,7.0,2016-04-26
C003528,Nisha Sharma,1991-06-06,34,Kolkata,7815367351,nisha.sharma.358@example.in,436100.0,,2023-01-12
C003529,Sahil Mishra,2002-10-27,23,Kochi,9143365153,sahil.mishra.3529@example.in,1832600.0,1.0,2021-10-28
C003530,Rhea Kulkarni,1956-04-14,69,Jaipur,6582614319,rhea.kulkarni.3530@example.in,1049800.0,6.0,2021-09-21
C003531,Akshay Sharma,1991-11-08,34,Lucknow,7588929895,akshay.sharma.3531@example.in,1118700.0,6.0,2024-07-31
C003532,Aditya Kapoor,1963-03-29,62,Ahmedabad,7601082338,aditya.kapoor.3532@example.in,1968600.0,4.0,2020-02-21
C003533,Sanjay Agarwal,2002-08-20,23,Mumbai,8238646003,sanjay.agarwal.3533@example.in,1195000.0,,2017-09-14
C003534,Diya Gupta,1966-05-03,59,Kochi,9518655141,diya.gupta.3534@example.in,322000.0,3.0,2021-08-03
C003535,Rhea Khan,1983-09-12,42,Bengaluru,7447103664,rhea.khan.3535@example.in,1209000.0,5.0,2021-06-19
C003536,Kabir Kapoor,1951-06-27,74,Ahmedabad,8936108401,kabir.kapoor.3536@example.in,3485100.0,4.0,2022-03-16
C003537,Shreya Verma,1965-09-13,60,Kochi,, shreya.verma.3537@example.in ,604800.0,5.0,2021-12-27
C003538,Kavya Iyer,1990-08-24,35,Ahmedabad,7556186463,kavya.iyer.3538@example.in,1279300.0,5.0,2025-09-17
C003539,Zoya Mukherjee,2004-07-19,21,Lucknow,9970147230,zoya.mukherjee.3539@example.in,434100.0,1.0,2025-08-07
C003540,Rohan Kulkarni,1966-04-27,59,Kolkata,6994786934,rohan.kulkarni.3540@example.in,986300.0,6.0,2024-07-19
C003541,Meera Das,1954-06-13,71,Chennai,6479274799,meera.das.3541@example.in,1371000.0,6.0,2020-11-27
C003542,Ishita Singh,1981-02-01,44,Delhi,,ishita.singh.3542@example.in,460300.0,3.0,2019-05-07
C003543,Anika Chandra,1968-04-16,57,Kolkata,9338303871,anika.chandra.3543@example.in,408800.0,2.0,2023-09-04
C003544,Mira Agarwal,1963-11-11,62,Pune,6885046652,mira.agarwal.3544@example.in,1306600.0,2.0,2015-10-12
C003545,Nisha Roy,1973-01-23,52, Ahmedabad ,6743699199,nisha.roy.3545@example.in,1393800.0,4.0,2017-11-23
C003546,Saanvi Reddy,1988-06-01,37,Jaipur,8228675811,saanvi.reddy.3546@example.in,,5.0,2017-01-10
C003547,Varun Mehta,1980-09-13,45,Madras,9121442993,varun.mehta.3547@example.in,1364300.0,6.0,2019-05-02
C003548,Krishna Sharma,1966-07-09,59,DELHI,9862158184,krishna.sharma.3548@example.in,349000.0,6.0,2020-08-25
C003549,Krishna Agarwal,1986-02-06,39,Kolkata,8869414025,krishna.agarwal.3549@example.in,538300.0,3.0,2020-07-28
C003550,Nisha Sen,1992-11-18,33,Lucknow,8379823496,nisha.sen.3550@example.in,,2.0,2015-11-21
C003551,Ishaan Verma,1952-11-10,73, Kochi ,8405583232,ishaan.verma.3551@example.in,706900.0,4.0,2021-07-04
C003552,Shreya Desai,1971-06-28,54,Bengaluru,9658421638,shreya.desai.3552@example.in,1111100.0,5.0,2016-08-01
C003553,Ananya Mishra,1977-10-05,48,Hyderabad,6548223334,ananya.mishra.3553@example.in,357100.0,6.0,2020-08-13
C003554,Rea Shah,1967-08-12,58,Pune,7232400750,rhea.shah.3554@example.in,462500.0,4.0,2023-10-13
C003555,Ishita Menon,1988-08-26,37,Kolkata,+91 81080 83538,ishita.menon.3555@example.in,1090400.0,5.0,2015-04-26
C003556,Tanvi Sharma,1989-12-16,36,Mumbai,6901200811,tanvi.sharma.3556@example.in,1205600.0,7.0,2017-11-15
C003557,Aarav Sharma,1989-05-06,36,Bengaluru,9871893762,aarav.sharma.3557@example.in,475400.0,5.0,2018-05-17
C003558,Akshay Mnon,1973-06-09,52,Bengaluru,8620207771,akshay.menon.3558@example.in,967200.0,6.0,2019-07-04
C003559,Anika Roy,1969-01-07,56,Kochi,6905224239,anika.roy.3559@example.in,937400.0,6.0,2021-11-13
C003560,Arjun Gupta,1995-12-15,30,Chennai,9168044660,arjun.gupta.3560@example.in,711800.0,2.0,2025-12-21
C003561,Aarav Kapoor,1982-01-09,43,Kochi,,aarav.kapoor.3561@example.in,1441000.0,3.0,2020-10-05
C003562,Rahul Singh,1956-02-04,69,Kochi, 96000-37776 ,rahul.singh.3562@example.in,743900.0,6.0,2015-09-30
C003563,Varun Bose,1989-09-30,36,Mumbai,7825027772,,793700.0,4.0,2024-07-07
C003564,Tanvi Subramanian,2002-06-19,23,Chennai,7798565409,tanvi.subramanian.3564@example.in,492600.0,,2019-11-09
C003565,Nikhil Agarwal,1951-02-27,74,Kolkata,9999619936,nikhil.agarwal.3565@example.in,1414300.0,3.0,2025-02-23
C003566,Aditi Chandra,1968-12-21,57,Hyderabad,7860478123,aditi.chandra.3566@example.in,582200.0,2.0,2021-08-26
C003567,Anika Sinha,1964-11-19,61,Bengaluru,8359099223,,1126800.0,3.0,2024-12-31
C003568,Priya Mukherjee,1977-09-07,48,Delhi,6548593668,priya.mukherjee.3568@example.in,1360600.0,5.0,2022-06-14
C003569,Pooja Redy,2005-01-05,20,Hyderabad,6584458478,pooja.reddy.3569@example.in,837100.0,1.0,2016-05-04
C003570,Kabir Das,1960-10-01,65,Chennai,,kabir.das.3570@example.in,620100.0,5.0,2020-09-13
C003571,Ishaan Joshi,1988-07-31,37,Bengaluru,7244071853,ishaan.joshi.3571@example.in,1399400.0,5.0,31-31-2024
C003572,Diya Roy,2001-01-28,24,Bengaluru,9532973226,diya.roy.3572@example.in,2475000.0,4.0,2016-01-13
C003573,Aditi Mehta,1970-03-01,55,JAIPUR,9912905770,aditi.mehta.3573@example.in,2026400.0,5.0,2024-11-13
C003574,Zoya Sinha,1980-08-10,45,Chennai,6516282603,zoya.sinha.3574@example.in,1295700.0,5.0,2025-02-05
C003575,Vikram Chandra,1991-06-29,34,Kolkata,8449302920,vikram.chandra.3575@example.in,578700.0,1.0,2022-03-04
C003576,Zoya Khan,1989-11-22,36,Chennai,6334931708,zoya.khan.3576@example.in,1524000.0,1.0,2019-01-16
C003577,Kavya Bose,1997-12-07,28,Bengaluru,6305952002,kavya.bose.3577@example.in,1066800.0,5.0,2017-01-25
C003578,Ishaan Kapoor,1974-05-24,51,Hyderabad,6652157678,ishaan.kapoor.3578@example.in,1379100.0,5.0,2015-04-17
C003579,Kabir Tiwari,1996-12-05,29,Kochi,8534356539,kabir.tiwari.3579@example.in,1166300.0,4.0,2025-07-19
C003580,Varun Subramanian,1955-02-04,70,Kolkata,7040118179,varun.subramanian.3580@example.in,1293000.0,7.0,2023-05-04
C003581,Tanvi Sinha,1997-06-22,28,Kochi,6562833018,tanvi.sinha.3581@example.in,302200.0,6.0,2020-06-06
C003582,Sneha Subramanian,2001-05-16,24,Delhi,8062137383,sneha.subramanian.3582@example.in,856400.0,1.0,2023-01-06
C003583,Varun Menon,1993-05-13,32,Hyderabad,6363907919,,619200.0,4.0,2019-04-19
C003584,Shreya Joshi,1990-02-23,35,Delhi,9542902241,shreya.joshi.3584@example.in,357800.0,2.0,2024-11-02
C003585,Aditi Jain,1995-04-13,30,Bengaluru,+91 96295 64723,aditi.jain.3585@example.in,5580600.0,4.0,2019-12-17
C003586,Varun Verma,1952-02-10,73,Pune,7495920859,varun.verma.3586@example.in,582400.0,6.0,2021-01-28
C003587,Ishita Iyer,1987-07-13,38,Hyderabad,7374540901,ishita.iyer.3587@example.in,1067100.0,6.0,2024-05-11
C003588,Rohan Mehta,1976-06-06,49,Hyderabad,,rohan.mehta.3588@example.in,,1.0,2016-03-30
C003589,  pooja   khan  ,1980-04-06,45,Delhi,9246180038,pooja.khan.3589@example.in,748200.0,5.0,2016-12-08
C003590,Aarav Khan,1977-12-20,48,Delhi,8588329778,aarav.khan.3590@example.in,,6.0,2018-12-19
C003591,Rhea Das,1994-10-01,31,Jaipur,8866508322,rhea.das.3591@example.in,443400.0,3.0,2024-02-27
C003592,Mira Khan,1991-01-22,34,Hyderabad,8633356448,mira.khan.3592@example.in,746900.0,1.0,2020-11-14
C003593,Arjun Joshi,1974-09-28,51,Lucknow,8448131505,arjun.joshi.3593@example.in,1248400.0,7.0,2015-02-28
C003594,Tanvi Das,1969-05-31,56,Ahmedabad,6841783588,tanvi.das.3594@example.in,768600.0,5.0,2025-05-09
C003595,Kavya Mishra,1995-06-01,30,Mumbai,7705894052,kavya.mishra.3595@example.in,1228200.0,7.0,2021-06-16
C003596,Saanvi Sen,1980-01-18,45,Lucknow,9513834746,,319800.0,1.0,2023-09-24
C003597,Nisha Nair,1957-05-22,68,Chennai,7334817733,nisha.nair.3597@example.in,845800.0,3.0,2024-11-22
C003598,Adii Patel,2000-08-31,25,Bengaluru,7564781420,aditi.patel.3598@example.in,303300.0,3.0,2023-05-24
C003599,Pooja Khan,1997-06-28,28,Kolkata,9650745731,pooja.khan.3599@example.in,1827200.0,6.0,2022-09-28
C003600,Rohan Verma,1984-12-17,41,Kolkatta,8661519535,rohan.verma.3600@example.in,1126500.0,2.0,2023-01-14
C003601,Varun Mukherjee,1992-06-16,33,Ahmedabad,6744896602,varun.mukherjee.3601@example.in,480900.0,1.0,2025-11-25
C003602,Vikram Reddy,1957-10-11,68,Chennai,+91 72628 31240,vikram.reddy.3602@example.in,841600.0,7.0,2022-09-30
C003603,Kavya Iyer,1981-09-07,44,Mumbai,6273841289,kavya.iyer.3603@example.in,722400.0,,2017-05-21
C003604,Pranav Das,1973-05-12,52,Mumbai,8653889736,pranav.das.3604@example.in,918000.0,1.0,2020-02-10
C003605,Varun Agarwal,2005-09-03,20,Kochi,9204868402,varun.agarwal.3605@example.in,328200.0,7.0,2015-04-25
C003606,Diya Mukherjee,1974-10-16,51,New Delhi,+91 80558 42639,diya.mukherjee.3606@example.in,415700.0,4.0,2022-04-25
C003607,KAVYA RAO,1951-06-23,74,Bhopal,(641) 118-6281,kavya.rao.3607@example.in,724900.0,4.0,2021-03-17
C003608,Diya Khan,1978-04-09,47,Lucknow,7360877466,diyakhan3608@example.in,553400.0,5.0,2017-02-09
C003609,Kavya Bose,1951-07-14,74,Delhi, 77609-36151 ,kavya.bose.3609@example.in,1040700.0,7.0,2024-08-22
C003610,Sneha Joshi,1951-06-17,74,Jaipur,(973) 062-9626,sneha.joshi.3610@example.in,1808000.0,6.0,2016-08-14
C003611,Sneha Kulkarni,1951-01-25,74,Bengaluru,9788933937,sneha.kulkarni.3611@example.in,1006000.0,7.0,2016-04-06
C003612,Shreya Banerjee,1987-12-05,38,Mumbai,6970336245,shreya.banerjee.3612@example.in,,5.0,2018-11-19
C003613,Krishna Iyer,1968-12-10,57,Kolkata,7476987455,krishna.iyer.3613@example.in,632600.0,7.0,2020-09-15
C003614,Sanjay Sinha,1988-09-04,37,PUNE,91-775-867-0214,sanjay.sinha.3614@example.in,,3.0,2022-01-27
C003615,Sanjay Sen,1950-10-22,75,Chennai,6415020150,sanjay.sen.3615@example.in,1121300.0,4.0,2022-07-09
C003616,Aditya Jain,1975-10-19,50,Kolkata,,aditya.jain.3616@example.in,969500.0,2.0,2020-06-20
C003617,Tanvi Chandra,1957-06-16,68,Kochi,8863719101,tanvi.chandra.3617@example.in,1047400.0,3.0,2021-01-07
C003618,Saanvi Chandra,2004-03-07,21,Kochi,6750422214,saanvi.chandra.3618@example.in,401500.0,7.0,2017-08-13
C003619,Aditya Kulkarni,1993-02-17,32,Calcutta,7769365625,aditya.kulkarni.3619@example.in,,4.0,2025-02-01
C003620,Ananya Desai,1975-06-27,50,Delhi,7211039159,ananya.desai.3620@example.in,441800.0,5.0,2020-05-29
C003621,Aditi Verma,1985-08-28,40,Kolkata,7688311036,aditi.verma.3621@example.in,1265900.0,3.0,2025-11-17
C003622,Sanjay Jain,1951-07-20,74,Ahmedabad,6318661709,sanjay.jain.3622@example.in,216800.0,6.0,2019-04-16
C003623,Ishita Roy,1973-10-04,52,Lucknow,9396877645, ishita.roy.3623@example.in ,1197100.0,1.0,2016-01-22
C003624,Shreya Kpoor,1959-08-26,66, Ahmedabad ,8499307058,shreya.kapoor.3624@example.in,539500.0,4.0,2015-09-15
C003625,Mira Chandra,1968-05-08,57, Pune ,7363229703,mira.chandra.3625@example.in,951900.0,6.0,2024-10-05
C003626,Ishita Nair,1979-12-07,46,Bhopal,6307309104,ishita.nair.3626@example.in,959200.0,1.0,2018-03-18
C003627,Sahil Desai,1958-09-21,67,Ahmedabad,9088628907,sahil.desai.3627@example.in,568400.0,6.0,2021-12-27
C003628,Krishna Sharma,1956-09-29,69,Bengaluru,(725) 198-8309,krishna.sharma.3628@example.in,568200.0,6.0,2016-08-08
C003629,Vikram Verma,2004-07-21,21,Kochi,9810233255,vikram.verma.3629@example.in,1335500.0,6.0,2015-08-15
C003630,Aditi Mukherjee,1996-01-22,29,Hyderabad,,aditi.mukherjee.3630@example.in,587000.0,1.0,2025-12-30
C003631,Mira Das,1964-04-07,61,Lucknow,9372864037,mira.das.3631@example.in,1209900.0,2.0,2016-10-05
C003632,NIKHIL DESAI,1993-01-16,32,Calcutta,6844657022,nikhil.desai.3632@example.in,,,2022-01-20
C003633,Varun Subramanian,1995-07-25,30,Pune,6485181605,varun.subramanian.3633@example.in,909200.0,4.0,2021-08-23
C003634,Nisha Sinha,1999-07-28,26,Bengaluru,6447129747,nisha.sinha.3634@example.in,609100.0,5.0,2015-10-09
C003635,Kabir Mishra,1993-12-04,32, Delhi ,6989309919,kabir.mishra.3635@example.in,905700.0,2.0,2023-03-17
C003636,Ishaan Kapoor,1990-06-14,35,Bengaluru,7410557807,ishaan.kapoor.3636@example.in,1189100.0,5.0,2025-12-17
C003637,Anika Banerjee,1953-05-15,72,Bhopal,,anik.banerjee.3637@example.in,999500.0,2.0,2024-08-09
C003638,Ishaan Mukherjee,1979-05-04,46,Ahmedabad,7052949699,ISHAAN.MUKHERJEE.3638@EXAMPLE.IN,2159300.0,2.0,2025-11-24
C003639,Nisha Khan,1976-11-08,49,Bhopal,,nisha.khan.3639@example.in,1155000.0,7.0,2020-01-10
C003640,Sanjay Chandra,1974-12-08,51,Bhopal,9938320916,sanjay.chandra.3640@example.in,,7.0,2025-08-13
C003641,Ishaan Shah,2005-09-15,20,Ahmedabad,7434870291,ISHAAN.SHAH.3641@EXAMPLE.IN,1120300.0,4.0,2017-01-11
C003642,Pranav Verma,1991-02-13,34,Cochin,91-762-075-7747,pranav.verma.3642@example.in,693600.0,6.0,2015-12-03
C003643,Zoa Kulkarni,1957-10-05,68,Mumbai,91-679-218-9726,zoya.kulkarni.3643@example.in,1074900.0,,2021-12-04
C003644,Varun Mehta,1984-06-26,41,Pune,9603928968,varun.mehta.3644@example.in,2165700.0,2.0,2019-08-02
C003645,Shreya Patel,1960-07-14,65, Ahmedabad , 97471-07512 ,shreya.patel.3645@example.in,879500.0,1.0,2016-10-10
C003646,Shreya Mehta,1955-03-20,70,Bhopal,91-816-025-7110,shreya.mehta.3646@example.in,1886500.0,5.0,2018-03-24
C003647,Shreya Chandra,1956-11-06,69,Kochi,6741799739,shreya.chandra.3647@example.in,1076700.0,6.0,2019-08-22
C003648,Aditya Chandra,1975-10-09,50,Kochi,8099407436,aditya.chandra.3648@example.in,938500.0,5.0,2020-04-16
C003649,Ishaan Mishra,1989-03-18,36,CHENNAI,6726260823,ishaan.mishra.3649@example.in,1528100.0,4.0,2023-01-16
C003650,Krishna Singh,2000-08-02,25,Kochi,7220416309,krishna.singh.3650@example.in,635500.0,6.0,2022-08-13
C003651,Diya Gupta,1998-10-01,27,Bengaluru,6705678180,diya.gupta.3651@example.in,177900.0,3.0,2021-07-30
C003652,Rohan Roy,1976-12-04,49,Jaipur,8386266364,rohan.roy.3652@example.in,559200.0,3.0,2023-04-10
C003653,Sahil Joshi,2005-05-24,20,Bengaluru,7307438383,sahil.joshi.3653@example.in,1037300.0,6.0,2025-08-08
C003654,Rohan Sharma,1974-03-21,51,Bengaluru,6469662160,rohan.sharma.3654@example.in,445000.0,7.0,2015-06-26
C003655,Anika Chandra,1968-08-25,57,Chennai,6358257269,anika.chandra.3655@example.in,1451200.0,4.0,2020-11-20
C003656,Anika K.,1968-10-08,57,Mumbai,,anika.khan.3656@example.in,438400.0,1.0,2025-07-24
C003657,Nisha Sharma,1981-09-26,44,Ahemdabad,8692288207,nisha.sharma.3657@example.in,1301900.0,5.0,2018-12-20
C003658,Rohan Das,1997-11-21,28, Bangalore ,6186770671,rohan.das.3658@example.in,577000.0,6.0,2019-10-17
C003659,Tanvi Kulkarni,1966-01-11,59,Chennai,9037388125,tanvi.kulkarni.3659@example.in,812700.0,2.0,2015-04-10
C003660,Krishna Desai,1989-09-20,36,Bengaluru,6796266060,krishna.desai.3660@example.in,2532100.0,7.0,2018-06-04
C003661,Saanvi Bose,1956-08-11,69, Kochi ,9315413341,saanvi.bose.3661@example.in,694800.0,3.0,2023-01-08
C003662,Sneha Sinha,1987-09-22,38,Ahmedabad,(987) 345-5861,sneha.sinha.3662@example.in,1014100.0,7.0,2016-01-17
C003663,Aarav Das,1974-08-30,51,Bhopal,8958722150,aarav.das.3663@example.in,938500.0,3.0,2019-11-15
C003664,Ishaan Reddy,1993-09-05,32,Kolkata,7867499660,ishaan.reddy.3664@example.in,1075900.0,7.0,2023-02-02
C003665,Nisha Nair,1982-04-15,43,Hyd, 68787-20818 ,nisha.nair.3665@example.in,650900.0,1.0,2019-03-05
C003666,Krishna Nair,1990-05-15,35,Pune,9004709209,krishna.nair.3666@example.in,1202300.0,3.0,2022-10-16
C003667,Rhea Joshi,1991-08-08,34,Mumbai,6396437939,rhea.joshi.3667@example.in,797400.0,3.0,2020-11-20
C003668,Sahil Sinha,2001-08-23,24,Pune,,sahil.sinha.3668@example.in,,5.0,2025-06-17
C003669,Meera Jain,1975-09-05,50,Chennai,7644705193,meera.jain.3669@example.in,203300.0,5.0,2020-08-11
C003670,Pranav Tiwari,1979-02-20,46,Hyderabad,6962325814,pranav.tiwari.3670@example.in,2707600.0,2.0,2025-03-20
C003671,Ishaan Menon,1988-12-28,37,Pune,7577049737,ishaan.menon.3671@example.in,774300.0,4.0,2015-03-17
C003672,Aditi Agarwal,1977-06-22,48,Delhi,7456102773,aditiagarwal3672@example.in,1226500.0,1.0,2025-09-23
C003673,Diya Sen,1986-06-26,39,Bhopal,9081871675,diya.sen.3673@example.in,535000.0,7.0,2025-03-16
C003674,Arjun Singh,1960-09-23,65,Pune,8750916907,,638000.0,2.0,2016-10-26
C003675,Varun Sen,1950-03-28,75,Hyderabad,9812098524,varun.sen.3675@example.in,1616800.0,1.0,2015-07-15
C003676,Anika Jain,1965-11-30,60,Ahmedabad,9472221312,anika.jain.676@example.in,890900.0,7.0,2025-01-20
C003677,Ananya Tiwari,1950-01-15,75,Bhopal,,ananya.tiwari.3677@example.in,758100.0,4.0,2020-11-23
C003678,Rohan Roy,2000-03-24,25, Mumbai ,7946052815,rohan.roy.3678@example.in,1244300.0,,2025-11-09
C003679,Diya Patel,1992-10-12,33,Jaipur,6180005139,diya.patel.3679@example.in,1188300.0,5.0,2022-11-06
C003680,Kabir Tiwari,2004-02-26,21,Mumbai,8862736371,kabir.tiwari.3680@example.in,1361900.0,6.0,2023-05-08
C003681,Pranav Mishra,1967-01-04,58,Chennai,6719319254,pranav.mishra.3681@example.in,409600.0,,2024-12-08
C003682,Aarav Reddy,1970-03-09,55,Chennai,6682883076,aarav.reddy.3682@example.in,2053100.0,6.0,2019-03-01
C003683,Sanjay Singh,1982-06-19,43,Jaipur,9108595480,sanjay.singh.3683@example.in,336000.0,2.0,2019-06-14
C003684,Saanvi Verma,1984-05-25,41,Pune,7040108676,saanvi.erma.3684@example.in,,1.0,2015-11-03
C003685,Varun Iyer,1977-05-18,48,Lucknow,6010919216,varun.iyer.3685@example.in,1357300.0,2.0,2022-02-04
C003686,Kabir Sinha,1988-05-24,37,BENGALURU,7808104220,kabir.sinha.3686@example.in,344300.0,3.0,2019-12-30
C003687,KAVYA MEHTA,2000-12-05,25,Hyderabad,91-771-735-5948,kavya.mehta.3687@example.in,1735700.0,6.0,2020-01-07
C003688,Pranav Khan,1983-12-13,42,Lucknow,9163061984,pranav.khan.3688@example.in,718700.0,1.0,2023-11-02
C003689,Rhea Kulkarni,1987-05-12,38,Mumbai,6753182792,rhea.kulkarni.3689@example.in,1074600.0,7.0,2018-02-25
C003690,Varun Kulkarni,1999-10-12,26, Pune , 84292-62394 ,varun.kulkarni.3690@example.in,694300.0,3.0,2016-01-23
C003691,Vikram Sinha,1990-01-31,35, Jaipur ,9492908020,vikram.sinha.3691@example.in,489600.0,5.0,2018-01-16
C003692,Sahil Sharma,1986-12-19,39,Ahemdabad,7582989207,sahil.sharma.3692@example.in,936200.0,4.0,2018-10-22
C003693,Rhea Kapoor,1963-02-02,62,Kolkata ,(796) 288-6184,rhea.kapoor.3693@example.in,1695200.0,,2015-06-03
C003694,Rhea Sharma,1957-04-06,68,Ahmedabad,7771689949,rhea.sharma.3694@example.in,187200.0,3.0,2023-06-21
C003695,Kabir Boe,1969-07-22,56,Bengaluru,91-623-885-8673,kabir.bose.3695@example.in,202400.0,5.0,2015-11-22
C003696,Saanvi Mehta,1998-09-07,27,Delhi,6412050907,saanvi.mehta.3696@example.in,1555000.0,1.0,2018-01-17
C003697,Krishna Mishra,1974-03-30,51,BHOPAL,8464304908,krishna.mishra.3697@example.in,,1.0,2017-06-23
C003698,Ananya Sinha,1990-05-18,35,Pune,7399776081,ananya.sinha.3698@example.in,1403300.0,7.0,2021-11-25
C003699,Diya Sinha,1996-03-26,29,Lakhnau,9061898707,diya.sinha.3699@example.in,357200.0,3.0,2023-01-18
C003700,Kavya Roy,1950-10-23,75,Bhopal,6495444120,kavya.roy.3700@example.in,761500.0,1.0,2025-10-14
C003701,Krishna Sen,1987-08-16,38,Madras,6905459943,krishna.sen.3701@example.in,421100.0,1.0,2022-05-21
C003702,Aditi Mishra,1992-01-19,33,Chennai,7164945551,aditi.mishra.3702@example.in,713600.0,6.0,2016-12-07
C003703,Sneha Jain,1973-04-28,52,Jaipur,9100856543,sneha.jain.3703@example.in,879500.0,6.0,2015-08-19
C003704,Priya Chandra,1985-10-13,40, Delhi ,7955403363,priya.chandra.3704@example.in,1906200.0,6.0,2017-12-18
C003705,Pranav Kulkarni,1971-05-18,54,Bhopal,9230179228,pranav.kulkarni.3705@example.in,1237800.0,3.0,2019-12-05
C003706,Krishna Mishra,1977-11-06,48,Bhopal,6861295622,krishna.mishra.3706@example.in,931600.0,3.0,2025-02-24
C003707,Rhea Sinha,1991-10-11,34,Jaipur,7266247269,rhea.sinha.3707@example.in,303900.0,3.0,2025-05-11
C003708,Akshay Banerjee,1965-07-15,60,Kolkata,9151844388,akshay.banerjee.3708@example.in,1028900.0,4.0,2025-02-21
C003709,Rahul Khan,1998-12-18,27,Pune,8663112522,rahul.khan.3709@example.in,1647000.0,6.0,2022-09-17
C003710,Varun Kapoor,2005-12-26,20,Madras,6688240365,varun.kapoor.3710@example.in,1313700.0,3.0,2017-04-23
C003711,Arjun Banerjee,1962-03-18,63,Ahmedabad,6520498459,arjun.banerjee.3711@example.in,1447100.0,2.0,2016-06-30
C003712,Sneha Verma,2002-10-30,23,Bhopal,9683606303,sneha.verma.3712@example.in,1000600.0,4.0,2022-09-28
C003713,Ishita Menon,1996-08-13,29,Delhi,8571839985,ishita.menon.3713@example.in,453300.0,,2023-12-20
C003714,Saanvi Rao,1970-07-01,55,Pune,6152470991,saanvi.rao.3714@example.in,2384400.0,3.0,2022-06-09
C003715,Aditya Singh,1953-01-15,72,Ahmedabad,6844443460,aditya.ingh.3715@example.in,488800.0,4.0,2024-05-05
C003716,Meera Chandra,1989-04-24,36,Mumbai,6425492023,meera.chandra.3716@example.in,673900.0,3.0,2021-01-10
C003717,Rahul Joshi,1987-10-23,38,Mumbai,9616675391,rahul.joshi.3717@example.in,1334800.0,,2015-06-15
C003718,Tanvi Chandra,2002-06-03,23,New Delhi,9225030805,tanvi.chandra.3718@example.in,1241500.0,6.0,2020-07-18
C003719,Aarav Kulkarni,1979-01-01,47,Ahmedabad,7822103224,aarav.kulkarni.3719@example.in,1372500.0,6.0,2016-02-15
C003720,Nikhil Gupta,1993-10-15,32,Pune,6059686436,nikhil.gupta.3720@example.in,2352100.0,3.0,2018-08-14
C003721,Ishita Roy,1951-07-10,74,Bhopal,8118283669,ishita.roy.3721@example.in,309900.0,1.0,2015-09-30
C003722,Nisha Banerjee,1984-06-18,41,Jaipur,7228343759,nisha.banerjee.3722@example.in,878500.0,1.0,2020-10-07
C003723,Sanjay Menon,1976-03-14,49,Bengaluru,6646308684,sanjay.menon.3723@example.in,243800.0,7.0,2023-02-07
C003724,Anika Kulkarni,1970-11-05,55, Pune ,9762828296,anika.kulkarni.3724@example.in,967000.0,6.0,2025-04-25
C003725,Rahul Subramanian,1999-09-28,26, Mumbai ,8577619408,rahul.subramanian.3725@example.in,686500.0,7.0,2023-07-15
C003726,Nisha Iyer,1952-05-25,73, Mumbai ,8191917340,nisha.iyer.3726@example.in,934900.0,1.0,2015-10-12
C003727,Diya Sharma,1998-07-30,27,Lucknow,7020700144,diya.sharma.3727@example.in,681000.0,3.0,2024-11-08
C003728,Varun Mishra,1977-06-08,48,Jaipur,8073108712,varun.mishra.3728@example.in,747400.0,5.0,2016-12-19
C003729,Pranav Singh,1962-06-06,63, Bangalore ,8724910886,pranav.singh.3729@example.in,978600.0,5.0,2025-08-08
C003730,Varun Mehta,1959-04-26,66,Kochi,9446138439,varun.mehta.3730@example.in,2431000.0,7.0,2020-04-13
C003731,Nisha Reddy,1978-06-27,47,Mumbai,6959047659,nisha.reddy.3731@example.in,1051800.0,,2023-01-06
C003732,Sahil Khan,1971-12-24,54,Pune,8779223226,sahil.khan.3732@example.in,2318400.0,3.0,2018-03-05
C003733,Akshay Singh,1996-02-20,29,Chennai,7403092978,akshay.singh.3733@example.in,550400.0,2.0,2020-07-15
C003734,Ananya Nair,1991-10-01,34,Hyd,8772604828,ananya.nair.3734@example.in,1162100.0,7.0,2020-04-03
C003735,Nisha Agarwal,1984-06-29,41,Bhopal,9108925262,nisha.agarwal.3735@example.in,455300.0,,2022-06-18
C003736,Niha Joshi,1970-08-31,55,Bengluru,9183881903,nisha.joshi.3736@example.in,353200.0,2.0,2023-06-03
C003737,Diya Das,1950-07-09,75,Ahmedabad,8298040394,diya.das.3737@example.in,348800.0,1.0,2024-08-31
C003738,Pooja Mishra,1964-07-18,61,Bengaluru,6564634311,pooja.mishra.3738@example.in,972000.0,1.0,2022-03-19
C003739,Sanjay Singh,1953-03-28,72,Mumbai,8601393979,sanjay.singh.3739@example.in,576900.0,6.0,2022-01-31
C003740,Pranav Iyer,1980-11-28,45,Jaipur,+91 85156 98287,pranav.iyer.3740@example.in,662600.0,3.0,2018-07-15
C003741,Arjun Tiwari,1965-07-22,60,Jaipur,8660115502,arjun.tiwari.3741@example.in,1010900.0,4.0,2017-11-11
C003742,Tanvi Jain,1987-07-27,38,Ahmedabad,9157159829,tanvi.jain.3742@example.in,1677000.0,7.0,2024-06-09
C003743,Vikram Patel,1993-01-08,32,Bhopal,91-984-492-9091,vikram.patel.3743@example.in,1581800.0,3.0,2019-08-16
C003744,Vikram Banerjee,1999-10-15,26,Mumbai,8821606105,vikram.banerjee.3744@example.in,825300.0,3.0,2024-12-27
C003745,Pranav Iyer,1981-02-21,44,Pune,8837530121,pranav.iyer.3745@example.in,361600.0,5.0,2022-03-18
C003746,Varun Menon,2003-06-08,22,Bengaluru,9011779821,varun.menon.3746@example.in,516100.0,2.0,2021-08-27
C003747,Rhea Iyer,1952-08-20,73,Ahmedabad,9196902699,rhea.iyer.3747@example.in,1068900.0,6.0,2022-07-07
C003748,Kabir Bose,2002-04-05,23,Kolkata,9401828956,kabir.bose.3748@example.in,,,2025-02-15
C003749,Priya Khan,1985-09-26,40,Pune,7095044166,priya.khan.3749@example.in,910100.0,4.0,2018-08-18
C003750,Krishna Rao,2002-06-27,23, Bhopal ,7585467050,krishna.rao.3750@example.in,352500.0,3.0,2023-08-10
C003751,Varun Iyer,1981-10-23,44,Chennai,8129776304,varun.iyer.3751@example.in,460200.0,3.0,2025-10-21
C003752,Kavya Chandra,1961-12-19,64,Lucknow,7586034481,kavya.chandra.3752@example.in,1270800.0,3.0,2025-08-17
C003753,Nisha Subramanian,2001-10-22,24,Kolkata,6831369976,nisha.subramanian.3753@example.in,1671900.0,1.0,2024-06-19
C003754,Meera Roy,2003-07-02,22,Bhopal,6841857083,meera.roy.3754@example.in,540400.0,2.0,2019-05-25
C003755,Akshay Sinha,1958-07-21,67,Chennai,6458629036,akshay.sinha.3755@example.in,852400.0,7.0,2025-04-07
C003756,Sahil Mishra,1991-10-18,34,AHMEDABAD,6494160209,sahil.mishra.3756@example.in,487700.0,2.0,2020-01-14
C003757,Nisha Reddy,1986-08-05,39,Mumbai,6287236108,nisha.reddy.3757@example.in,1772300.0,4.0,2021-11-12
C003758,Shreya Mehta,2002-06-15,23,Ahmedabad,6555290554,shreya.mehta.3758@example.in,366700.0,3.0,2016-01-18
C003759,Sneha Iyer,1996-07-13,29,Jaipur,7784974733,sneha.iyer.3759@example.in,2947500.0,1.0,2016-12-29
C003760,Sanjay Banerjee,1961-07-26,64,Ahmedabad,+91 69086 27622,sanjay.banerjee.3760@example.in,1183100.0,3.0,2025-09-22
C003761,Anika Patel,1957-04-19,68,Delhi,8788549397,anika.patel.3761@example.in,832700.0,2.0,2024-06-07
C003762,Vikram Agarwal,1991-12-13,34,Bengaluru,9515855772,vikram.agarwal.3762@example.in,,4.0,2021-07-14
C003763,Vikram Sharma,1950-01-05,75,Pune,91-734-223-1318,vikram.sharma.3763@example.in,,7.0,2018-09-24
C003764,Meera Mehta,1969-01-20,56,Ahmedabad,9237884104,meera.mehta.3764@example.in,786900.0,4.0,2022-07-04
C003765,Anika Mishra,1993-07-25,32,Chennai,8108256353,anika.mishra.3765@example.in,433200.0,6.0,2019-05-24
C003766,Aarav Das,1953-05-23,72,Kolkata,6519147591,aarav.das.3766@example.in,884800.0,,2025-10-20
C003767,Arjun Khan,1992-05-25,33,LUCKNOW,7010861087,arjun.khan.3767@example.in,677900.0,3.0,2019-04-21
C003768,Rhea Roy,1951-07-07,74,Bhopl,7078205142,rhea.roy.3768@example.in,1579600.0,1.0,2019-07-26
C003769,Tanvi Sinha,1996-07-04,29,Cochin,9371137542,tanvi.sinha.3769@example.in,458700.0,7.0,2024-05-18
C003770,Arjun Banerjee,1963-05-11,62, Mumbai ,9480389667,arjun.banerjee.3770@example.in,192100.0,,2022-10-29
C003771,Zoya Kapoor,1962-01-18,63,Bhopal,(837) 324-1267,ZOYA.KAPOOR.3771@EXAMPLE.IN,1263400.0,4.0,2023-02-04
C003772,Shreya Shah,1964-12-24,61,Mumbai,9826248187,SHREYA.SHAH.3772@EXAMPLE.IN,627400.0,6.0,2025-10-12
C003773,Ishaan Gupta,2005-04-12,20,Mumbai,8372833162,ishaan.gupta.3773@example.in,1354300.0,,2024-08-05
C003774,Pooja Banerjee,1975-06-08,50,Mumbai,+91 82461 71349,pooja.banerjee.3774@example.in,4154300.0,5.0,2025-03-10
C003775,Pooja Chandra,1982-06-18,43,Hyderabad,7624924547,pooja.chandra.3775@example.in,2074500.0,7.0,2021-10-05
C003776,Arjun Mukherjee,1987-10-07,38,Pune,(655) 849-3975,arjun.mukherjee.3776@example.in,640700.0,6.0,2018-04-08
C003777,Priya Mehta,1950-09-28,75,Kochi,9715178654,priya.mehta.3777@example.in,404400.0,6.0,2019-08-31
C003778,Priya Iyer,1992-07-25,33,Kochi,7557873039,priya.iyer.3778@example.in,,3.0,2021-06-16
C003779,Anika Khan,1996-08-02,29,Ahmedabad,6497027297,anika.khan.3779@example.in,625500.0,5.0,2018-02-27
C003780,Aditya Tiwari,1978-08-29,47,Lucknow,8485471815,aditya.tiwari.3780@example.in,1659500.0,2.0,2018-10-16
C003781,Saanvi J.,1992-12-16,33,Bhopal,9947216920,saanvi.jain.3781@example.in,577200.0,2.0,2020-11-09
C003782,Ishita Chandra,1996-08-01,29,Ahmedabad,6493879281,ishita.chandra.3782@example.in,1480100.0,4.0,2015-09-20
C003783,Varun Nair,1992-09-08,33,Bhopal,8587640242,varun.nair.3783@example.in,624200.0,7.0,2025-01-07
C003784,Rohan Kapoor,2005-12-09,20,Pune,+91 84391 33559,rohan.kapoor.3784@example.in,480700.0,4.0,2019-06-14
C003785,Mira Gupta,1976-12-09,49,Bengaluru,7903321062,mira.gupta.3785@example.in,,2.0,2017-09-10
C003786,Aditya Verma,2005-01-07,20, Lucknow ,8251364591,aditya.verma.3786@example.in,,6.0,2019-09-14
C003787,Nikhil Mukherjee,1952-10-23,73,BHOPAL,7022940007,nikhil.mukherjee.3787@example.in,797800.0,1.0,2016-06-14
C003788,Mira Iyer,2003-11-13,22,Delhi,8080823007,mira.iyer.3788@example.in,518200.0,4.0,2024-06-24
C003789,Zoya Chandra,1997-01-01,28,JAIPUR,9983127978,zoya.chandra.3789@example.in,1486500.0,4.0,2024-10-26
C003790,Rohan Verma,1963-07-25,62,Chennai,91-677-992-6706,rohan.verma.3790@example.in,1640400.0,3.0,2016-10-18
C003791,Rhea Roy,1964-03-12,61,Mumbai,6592291839,rhea.roy.3791@example.in,994900.0,6.0,2023-01-23
C003792,Anika Sinha,1955-04-23,70,Kolkata,9259485962,anika.sinha.3792@example.in,1577200.0,,2017-10-14
C003793,Vikram Chandra,1992-07-02,33,Bhopal,9845080696,vikram.chandra.3793@example.in,1047900.0,4.0,2025-10-06
C003794,Arjn Iyer,1966-05-07,59,Kochi,6134184230,arjun.iyer.3794@example.in,248100.0,7.0,2019-11-01
C003795,Sneha S.,1993-06-05,32,PUNE,7602998768,sneha.singh.3795@example.in,420800.0,5.0,2018-06-20
C003796,Rhea Patel,1988-07-05,37,Bengaluru,+91 80156 86607,rhea.patel.3796@example.in,419200.0,6.0,2019-12-15
C003797,Rahul Shah,1981-11-11,44,Bhopal,9486257759,rahul.shah.3797@example.in,510700.0,4.0,2020-01-22
C003798,Aditi Reddy,2001-01-03,24,Mumbai,9061467739,aditi.reddy.3798@example.in,1375600.0,3.0,2023-07-24
C003799,Ananya Reddy,1995-03-24,30,Hyderabad,6833938966,,819800.0,3.0,2024-01-25
C003800,Arjun Nair,1978-06-01,47,Mumbai,6521054757,arjun.nair.3800@example.in,864600.0,1.0,2018-11-30
C003801,Aarav Nair,1980-04-08,45,Ahmedabad,9503938424,aarav.nair.3801@example.in,519600.0,1.0,2022-01-15
C003802,Shreya Mehta,1967-03-11,58,KOLKATA,9726828284,shreya.mehta.3802@example.in,748700.0,7.0,2025-09-10
C003803,Pooa Roy,1969-04-15,56,Mumbai,8167178835,pooja.roy.3803@example.in,,1.0,2015-07-15
C003804,Saanvi Sen,1989-04-21,36,Pune,6281673407,saanvi.sen.3804@example.in,1479500.0,,2015-02-17
C003805,Sahil Desai,1980-03-07,45,Mumbai,8839200335,sahil.desai.3805@example.in,1326400.0,5.0,2022-01-04
C003806,Varun Gupta,1982-04-12,43,Hyderabad,9905905571,varun.gupta.3806@example.in,,4.0,2017-03-31
C003807,Rohan Verma,1985-10-15,40,AHMEDABAD,6938184342,rohan.verma.3807@example.in,398200.0,7.0,2025-12-25
C003808,Vikram Singh,1982-12-06,43,Bombay,91-934-091-4447,vikram.singh.3808@example.in,1503500.0,5.0,2022-09-05
C003809,Tanvi Tiwari,1977-03-21,48,Kochi, 84419-56381 ,tanvi.tiwari.3809@example.in,188400.0,2.0,2022-03-20
C003810,Zoya Agarwal,1957-07-11,68,Lucknow,6586755334,zoya.agarwal.3810@example.in,1012100.0,6.0,2024-01-06
C003811,Kabir Mukherjee,1986-10-01,39,Kolkata,,kabir.mukherjee.3811@example.in,,5.0,2016-03-31
C003812,Saanvi Tiwari,2005-01-24,20,DELHI,6888738840,saanvi.tiwari.3812@example.in,1749300.0,1.0,2020-07-06
C003813,Nisha Joshi,1977-05-14,48,Lucknow,8016707251,nisha.joshi.3813@example.in,668700.0,7.0,2018-10-30
C003814,Nikhil Agarwal,1973-09-17,52,Mumbai,91-778-770-4568,nikhil.agarwal.3814@example.in,,3.0,2017-08-17
C003815,P. Menon,1984-10-25,41,Ahmedabad,8313972310,pranav.menon.3815@example.in,1950600.0,,2015-08-17
C003816,Anika Reddy,1990-03-14,35,Bhopal,+91 98715 82545,anika.reddy.3816@example.in,892600.0,4.0,2021-12-06
C003817,Arjun Khan,2005-12-09,20,DELHI,9278286396,arjun.khan.3817@example.in,651400.0,,2024-07-27
C003818,Shreya Banerjee,1986-02-10,-8,Bengaluru,7981038088,shreya.banerjee.3818@example.in,1221400.0,3.0,2021-10-28
C003819,Rhea Shah,1962-07-06,63,Hyd,7725241828,rhea.shah.3819@example.in,800600.0,6.0,2019-01-21
C003820,Zoya Tiwari,1981-05-16,44,Ahmedabad,8156590502,zoya.tiwari.3820@example.in,2436000.0,5.0,2017-08-14
C003821,Aarav Menon,1950-05-25,75,Chennai ,9000388731,aarav.menon.3821@example.in,379100.0,5.0,2025-03-30
C003822,Kabir Sen,1959-05-13,66,Chennai,8098127958,kabir.sen.3822@example.in,2651500.0,7.0,2015-07-27
C003823,Pranav Das,1965-12-14,60,Kochi,6997996386,pranav.das.3823@example.in,2033900.0,7.0,2016-07-31
C003824,Meera Reddy,1958-03-28,67,Bhopal,7798957542,meera.reddy.3824@example.in,638000.0,7.0,2019-05-29
C003825,Varun Subramanian,2003-03-27,22,Bhopal,7371840856,varun.subramanian.3825@example.in,608500.0,,2023-10-01
C003826,Ishita Kapoor,1981-12-01,44,Lakhnau,+91 64605 15718,ishita.kapoor.3826@example.in,,1.0,2016-10-18
C003827,Rhea Kulkarni,1991-04-09,34,Bhopal,,rhea.kulkarni.3827@example.in,415000.0,5.0,2021-10-06
C003828,Shreya Kulkarni,1950-01-30,75,Ahmedabad,9947224751,shreya.kulkarni.3828@example.in,1050800.0,,2019-05-25
C003829,Ishita Patel,1988-09-28,37,Chennai,,ishita.patel.3829@example.in,776000.0,7.0,2017-09-19
C003830,Arjun Mishra,1970-01-01,56,Chennai,7672146191,arjun.mishra.3830@example.in,212100.0,4.0,2020-02-01
C003831,Aditi Mishra,1983-05-07,42,Bengaluru,6857110960,aditi.mishra.3831@example.in,891100.0,3.0,2016-01-19
C003832,Rahul Banerjee,1950-07-25,75,Jaipur,8810631128,rahul.banerjee.3832@example.in,700300.0,3.0,2023-01-09
C003833,Shreya Shah,1954-12-12,71, Kochi ,8080475321,shreya.shah.3833@example.in,1256600.0,6.0,2018-02-16
C003834,Aditi Verma,2001-01-22,24,Kochi,6015857099,ADITI.VERMA.3834@EXAMPLE.IN,1004000.0,3.0,2021-12-02
C003835,Ishaan Khan,1962-03-11,63,Kochi,7126148619,ishaan.khan.3835@example.in,1021200.0,7.0,2019-08-14
C003836,Sneha Patel,1991-11-04,34,Kochi,8640473871,SNEHA.PATEL.3836@EXAMPLE.IN,934400.0,2.0,2025-06-14
C003837,Ishita Bose,1956-04-14,69,Jaipur,7547616415,ishita.bose.3837@example.in,1135700.0,2.0,2021-04-12
C003838,Ishaan Mehta,1967-02-10,58,Hyderabad,8088990965,ishaan.mehta.3838@example.in,849700.0,3.0,2015-04-02
C003839,Vikram Menon,1956-11-07,69,Kolkata,91-639-978-6308,vikram.menon.3839@example.in,419000.0,1.0,2019-03-06
C003840,Krishna Gupta,1977-06-02,48,Kolkata,6763531935,krishna.gupta.3840@example.in,1781600.0,7.0,2024-09-23
C003841,  pooja   joshi  ,1987-09-04,38,Bhopal,8213233199,pooja.joshi.3841@example.in,261500.0,7.0,2020-08-23
C003842,Mira Agarwal,1970-09-16,55,Chennai,7630876758,mira.agarwal.3842@example.in,1655100.0,4.0,2021-10-27
C003843,Aditya Verma,1973-11-08,52,Jaipur,,aditya.verma.3843@example.in,514700.0,,2016-03-27
C003844,Kavya Reddy,1975-02-25,50,Ahmedabad,6086662187,kavya.reddy.3844@example.in,491000.0,3.0,2018-03-08
C003845,Pranav Patel,1971-05-05,54,Hyderabad,91-676-188-9745,pranav.patel.3845@example.in,5950700.0,5.0,2025-07-25
C003846,Rhea Singh,2001-12-20,24,Lucknow,(718) 473-5368,rhea.singh.3846@example.in,2611800.0,5.0,2022-10-14
C003847,Meera Kapoor,1954-11-03,71,Jaipur,9406499204,meera.kapoor.3847@example.in,1351500.0,1.0,2015-07-07
C003848,Rhea Reddy,1950-07-26,75,Chennai,6241974961,rhea.reddy.3848@example.in,930500.0,5.0,2018-03-23
C003849,Pooja Sharma,1954-06-21,71,Kochi,7148564918,pooja.sharma.3849@example.in,2503300.0,2.0,2015-02-19
C003850,Rahul Joshi,2004-02-10,21,Chennai,7585583426,rahul.joshi.3850@example.in,635400.0,2.0,2024-05-11
C003851,Krishna Sharma,1976-10-14,49,Jaipur,8512201269,krishna.sharma.3851@example.in,1687300.0,4.0,2015-03-27
C003852,Tanvi Desai,1977-10-17,48,Chennai,6409814658,tanvi.desai.3852@example.in,884300.0,3.0,2020-01-22
C003853,Krishna Kapoor,1995-12-26,30,Chennai,9548142562,krishna.kapoor.3853@example.in,1801500.0,4.0,2019-05-28
C003854,Saanvi Mishra,1963-06-11,62,Kochi,6085576271,saanvi.mishra.3854@example.in,,7.0,2025-02-10
C003855,Krishna Reddy,1951-07-08,74,Chennai,7386165143,krishna.reddy.3855@example.in,256200.0,2.0,2021-05-30
C003856,Rhea Khan,1983-06-27,42,Lucknow,7087829398,rhea.khan.3856@example.in,132600.0,5.0,2018-09-12
C003857,Kabir Chandra,1951-07-13,74,Jaipur, 89312-96578 ,kabir.chandra.3857@example.in,717700.0,5.0,2019-01-13
C003858,Rohan Banerjee,1970-02-15,55,Bhopal,9231434683,rohan.banerjee.3858@example.in,781300.0,4.0,2022-10-27
C003859,Varun Shah,1966-10-20,59,Lakhnau,(704) 091-7988,varun.shah.3859@example.in,1178400.0,6.0,2021-05-05
C003860,Meera Shah,1954-08-26,71,Chennai,8281271034,meera.shah.3860@example.in,581400.0,1.0,2016-10-14
C003861,Kabir Banerjee,1977-06-26,48,Jaypur,7902203632,kabir.banerjee.3861@example.in,993500.0,7.0,2018-09-06
C003862,Diya Menon,1998-05-24,27,Delhi,7493819504,diya.menon.3862@example.in,889400.0,6.0,2023-09-14
C003863,Meera Mishra,1987-07-18,38,Kolkata,9807131258,meera.mishra.3863@example.in,730300.0,3.0,2021-03-24
C003864,Ishaan Nair,1952-12-17,73,Kolkata,,ishaan.nair.3864@example.in,548300.0,,2019-12-06
C003865,Aarav Gupta,1995-08-04,30,Hyderbad,6379896758,aarav.gupta.3865@example.in,,2.0,2019-11-13
C003866,Anika Khan,1951-04-05,74,Jaipur,7927580145,anika.khan.3866@example.in,557400.0,4.0,2022-05-19
C003867,Diya Sharma,2001-12-05,24, Jaipur ,6855840988,diya.sharma.3867@example.in,1293900.0,1.0,2016-08-08
C003868,Vikram Iyer,1991-10-14,34,Jaipur,7231681934,vikram.iyer.3868@example.in,1089900.0,3.0,2024-06-06
C003869,Meera Joshi,1950-12-05,75,Lucknow,+91 89544 74536,meera.joshi.3869@example.in,390500.0,1.0,2016-08-18
C003870,Rhea Menon,2001-01-07,24,Chennai,6028343503,rhea.menon.3870@example.in,1109000.0,6.0,2023-02-02
C003871,Kavya Agarwal,1995-02-20,30,Pune,9934841011,kavya.agarwal.3871@example.in,1248100.0,2.0,2017-12-10
C003872,Rhea Desai,1994-01-30,31,Bengaluru,6088238904,rhea.desai.3872@example.in,854700.0,5.0,2019-12-24
C003873,Kavya Singh,1962-08-31,63,Kolkata,8448123683,kavya.singh.3873@example.in,1038400.0,3.0,2025-10-28
C003874,Pranav Reddy,1973-06-12,52,Bhopal,7808770981,pranav.reddy.3874@example.in,399200.0,2.0,2019-07-20
C003875,Nikhil Reddy,2005-12-12,20,Jaipur,9187378240,nikhil.reddy.3875@example.in,678900.0,7.0,2025-03-23
C003876,Priya Das,1960-09-05,65,Dilli,9151105145,priya.das.3876@example.in,1514800.0,,2020-04-22
C003877,Arjun Menon,1996-09-18,29,Mumbai,8084285331,arjun.menon.3877@example.in,1663400.0,4.0,2016-09-24
C003878,Ishita Sinha,2003-01-30,22,Chennai, 78031-17794 ,ishita.sinha.3878@example.in,5019600.0,2.0,2015-05-17
C003879,Aditi Sinha,2005-11-27,20,Bengaluru,9456755385,aditi.sinha.3879@example.in,443900.0,5.0,2018-09-19
C003880,Sanjay Shah,1953-03-23,72,Pune, 84269-66445 ,sanjay.shah.3880@example.in,299500.0,3.0,2020-01-24
C003881,Sneha Desai,1977-03-20,48,Pune,8876474155,sneha.desai.3881@example.in,542900.0,,2016-09-15
C003882,Sahil Chandra,1975-05-02,50,Mumbai,7302328645,sahil.chandra.3882@example.in,3274200.0,4.0,2018-11-15
C003883,Ishaan Reddy,1982-04-20,43,Calcutta,7057673857,ishaan.reddy.3883@example.in,358400.0,2.0,2021-07-14
C003884,Akshay Gupta,1978-12-29,47,Mumbai,7556912371,akshay.gupta.3884@example.in,1668100.0,4.0,2021-03-31
C003885,Meera Banerjee,1964-05-11,61,Chennai,8690507563,meera.banerjee.3885@example.in,437200.0,4.0,2021-08-29
C003886,Arjun Verma,1978-08-30,47,Lucknow,8682883119,arjun.verma.3886@example.in,465800.0,3.0,2022-10-17
C003887,Aditi Iyer,1987-09-08,38,Lucknow,6078373787,aditi.iyer.3887@example.in,499800.0,6.0,2022-06-29
C003888,Kabir Rao,1953-07-17,72,Chennai,8326729251,kabir.rao.3888@example.in,435600.0,6.0,2022-05-12
C003889,Pooja Patel,1979-09-15,46,Hyderabad,7251983336,pooja.patel.3889@example.in,539600.0,5.0,2025-09-05
C003890,Arjun Iyer,1987-02-20,38,Delhi,8895480586,arjun.iyer.3890@example.in,495900.0,,2015-04-09
C003891,Sahil Khan,1959-03-31,66,Mumbai,9640531773,sahil.khan.3891@example.in,1383100.0,1.0,2016-06-28
C003892,Nisha Chandra,2000-12-09,25,Chennai,9909913960,nisha.chandra.3892@example.in,,7.0,31-31-2024
C003893,Rahul Sinha,1993-03-09,32,Jaipur,8718008447,rahul.sinha.3893@example.in,444700.0,7.0,2017-08-01
C003894,Nisha Khan,1988-02-08,37,Jaipur,9291390237,nisha.khan.3894@example.in,752100.0,6.0,2018-10-19
C003895,Priya Agarwal,1972-08-19,53,Ahmedabad,8551840051,priya.agarwal.3895@example.in,1008300.0,7.0,2017-12-19
C003896,Pranav Gupta,1965-09-26,60,Chennai,8018106121,pranav.gupta.3896@example.in,662200.0,6.0,2021-05-09
C003897,Shreya Das,1986-05-13,39,Lucknow,7046380712,shreya.das.3897@example.in,715800.0,2.0,2019-10-18
C003898,Aarav Sharma,1953-10-12,72,BHOPAL,9621476530,aarav.sharma.3898@example.in,959800.0,2.0,2021-04-11
C003899,Varun Das,2000-04-03,25,Calcutta,8334357007,varun.das.3899@example.in,2423500.0,1.0,2022-11-11
C003900,Anika Menon,2001-08-31,24,Chennai,7465496780,anika.menon.3900@example.in,1496500.0,1.0,2015-11-29
C003901,Akshay Sinha,1961-05-31,64,Mumbai,7736736097,akshay.sinha.3901@example.in,1135500.0,6.0,2015-05-14
C003902,Nikhil Jain,1979-01-20,46, Bangalore ,6366160295,,586600.0,4.0,2021-09-19
C003903,Ishaan Banerjee,1969-12-22,56,Hyderabad,8159421373,ishaan.banerjee.3903@example.in,911900.0,6.0,2017-09-25
C003904,Kavya Mukherjee,1952-10-26,73,Bhopal,6683201171,kavya.mukherjee.3904@example.in,1048900.0,7.0,2018-12-04
C003905,Krishna Nair,1974-06-10,51,Bhopal,,krishna.nair.3905@example.in,929400.0,7.0,2020-09-26
C003906,Priya Shah,1953-01-08,72,Delhi,7852454777,priya.shah.3906@example.in,685000.0,6.0,2019-07-01
C003907,Nikhil Kapoor,1999-02-27,26,Hyderabad,,nikhil.kapoor.3907@example.in,2137200.0,1.0,2016-10-07
C003908,Aarav Patel,1958-06-20,67,Delhi,91-721-579-2143,aarav.patel.3908@example.in,1367300.0,2.0,2025-05-29
C003909,Pooja Patel,1997-03-15,28,Ahmedabad,7858746992,poojapatel.3909@example.in,1392800.0,2.0,2019-11-30
C003910,Meera Sharma,2004-10-13,21,Hyderabad,9056825837,meera.sharma.3910@example.in,1090000.0,7.0,2016-03-22
C003911,Nisha Khan,1985-02-18,40,Bombay,9328332112,nisha.khan.3911@example.in,1723600.0,4.0,2025-07-18
C003912,Varun Mishra,1954-04-05,71,Chennai,6846979853,varun.mishra.3912@example.in,,4.0,2025-07-30
C003913,Aarav Kulkarni,1977-10-06,48,Chennai,9273139255,aarav.kulkarni.3913@example.in,564800.0,6.0,2019-09-26
C003914,Nikhil Mishra,1952-01-21,73,Ahmedabad,(665) 756-0219,nikhil.mishra.3914@example.in,634000.0,7.0,2021-01-06
C003915,Sahil Agarwal,1954-02-08,71,Ahmedabad,9517916170,sahil.agarwal.3915@example.in,808100.0,4.0,2016-05-22
C003916,Priya Iyer,1989-01-02,36,Ahmedabad,6637606219,priya.iyer.3916@example.in,812400.0,3.0,2021-05-04
C003917,Rohan Kulkarni,1979-04-18,46,Bengaluru,6223980184,rohan.kulkarni.3917@example.in,552800.0,7.0,2025-09-22
C003918,Ishaan Das,1976-01-03,49,Chennai,8959731181,ishaan.das.3918@example.in,1889500.0,3.0,2024-03-02
C003919,Nisha Singh,2005-12-17,20,Lucknow,9787189745,nisha.singh.3919@example.in,820800.0,6.0,2025-10-02
C003920,Shreya Mishra,1951-12-23,74,Bengaluru,7203515257,shreya.mishra.3920@example.in,,1.0,2025-07-15
C003921,Aarav Desai,1992-06-20,33,Hyderabad,9047406805,aarav.desai.3921@example.in,25977608.079005342,2.0,2023-09-06
C003922,Rhea Desai,1963-09-17,62,Jaypur,6163155067,rhea.desai.3922@example.in,434200.0,4.0,2020-05-03
C003923,Anika Gupta,1997-12-09,28,Cochin,8255640415,anika.gupta.3923@example.in,1181000.0,4.0,2019-02-10
C003924,Sanjay Das,1961-09-24,64,Bhopal,9010506770,sanjay.das.3924@example.in,371100.0,6.0,2021-10-21
C003925,Aarav Bose,2005-08-14,20,Hyderabad,7315844902,aarav.bose.3925@example.in,564000.0,1.0,2017-07-13
C003926,  mira   bose  ,1961-10-08,64,Kochi,91-804-419-0445,mira.bose.3926@example.in,874000.0,1.0,2017-03-11
C003927,  sahil   chandra  ,1958-10-11,67,Lucknow,6726300216,sahil.chandra.3927@example.in,775500.0,1.0,2016-11-08
C003928,Varun Subramanian,1984-11-20,41,Ahmedabad,8180395628,varun.subramanian.3928@example.in,608800.0,1.0,2023-01-12
C003929,Vikram Subramanian,1993-04-21,32,Chennai ,8021689361,vikram.subramanian.3929@example.in,12746191.52689621,1.0,2024-08-26
C003930,Rhea Shah,1980-01-09,45,Jaipur,8181156749,rhea.shah.3930@example.in,827500.0,6.0,2022-03-28
C003931,Akshay S.,1990-07-31,35,Bhopal,6616826686,akshay.shah.3931@example.in,561600.0,3.0,2017-03-24
C003932,Rhea Desai,1968-03-27,57,BHOPAL,7831875542,rhea.desai.3932@example.in,,2.0,2019-12-29
C003933,PRIYA BANERJEE,1996-07-12,29,Lucknow, 70652-59408 ,priya.banerjee.3933@example.in,1148200.0,2.0,2024-11-11
C003934,Shreya Subramanian,1953-04-16,72,Mumbai,9774959304,shreya.subramanian.3934@example.in,767000.0,6.0,2018-08-31
C003935,Rohan Patel,1972-06-29,53,Ahmedabad,7579309671,rohan.patel.3935@example.in,908000.0,7.0,2015-02-04
C003936,Nikhil Banerjee,1952-08-05,73, Lucknow ,,nikhil.banerjee.3936@example.in,1034100.0,5.0,2019-06-22
C003937,Akshay Shah,1995-12-30,30,Hyderabad,8245681059,akshay.shah.3937@example.in,1115300.0,1.0,2019-11-16
C003938,Tanvi Iyer,1951-02-23,74,Chennai,7464076729,tanvi.iyer.3938@example.in,1549000.0,5.0,2016-03-05
C003939,Ishita Menon,1971-01-29,54,Delhi,,ishita.menon.3939@example.in,1143600.0,5.0,2025-02-20
C003940,K. Sharma,1999-06-28,26,Mumbai,8783933552,kabir.sharma.3940@example.in,1986500.0,6.0,2015-01-19
C003941,Ishita Tiwari,2003-08-23,22,Bhopal,91-726-035-4844,ishita.tiwari.3941@example.in,444400.0,6.0,2020-05-19
C003942,Meera Chandra,1999-03-09,26,Kochi,7935638657,meera.chandra.3942@example.in,522100.0,3.0,2017-07-21
C003943,Kabir Sen,1975-09-22,50,Chennai,8109718444,kabir.sen.3943@example.in,,7.0,2021-08-07
C003944,Ishaan Sinha,2003-01-05,22,Hyderabad,7499045202,ishaan.sinha.3944@example.in,754600.0,1.0,2019-10-07
C003945,Aditi Mishra,1982-02-16,43,Kochi,+91 66096 16064,aditi.mishra.3945@example.in,1596200.0,2.0,2023-11-22
C003946,Vikram Reddy,1970-07-04,55,AHMEDABAD,6780817545,vikram.reddy.3946@example.in,960200.0,6.0,2015-12-01
C003947,Nikhil Reddy,1965-02-21,60,Lucknow, 66436-79810 ,nikhil.reddy.3947@example.in,,5.0,2022-10-29
C003948,Aditya Singh,1958-11-03,67,Delhi,7600832872,aditya.singh.3948@example.in,537900.0,4.0,2025-12-31
C003949,Pooja Jain,1984-11-13,41,Mumbai,9778706111,pooja.jain.3949@example.in,,6.0,2017-06-21
C003950,Sanjay Kulkarni,1974-11-05,51,Kochi,7937111596,sanjay.kulkarni.3950@example.in,1350200.0,7.0,2022-03-29
C003951,Nisha Desai,1978-09-05,47,Lucknow,9827387649,nisha.desai.3951@example.in,1492300.0,5.0,2020-02-14
C003952,Akshay Nair,1968-12-28,57,JAIPUR,9117183374,akshay.nair.3952@example.in,265300.0,5.0,2015-11-06
C003953,Ishaan Tiwari,1974-04-16,51,Jaipur,6761446697,ishaan.tiwari.3953@example.in,1043400.0,3.0,2023-12-17
C003954,Varun Verma,1973-12-05,52,Kochi,8609625569,varun.verma.3954@example.in,203100.0,5.0,31-31-2024
C003955,Arjun Mehta,1971-09-10,54,Pune,6896094865,arjun.mehta.3955@example.in,1040500.0,2.0,2018-09-02
C003956,Sneha Das,1978-06-22,47,Kochi,7788324889,sneha.das.3956@example.in,767000.0,3.0,2019-03-06
C003957,Priya Das,1951-12-09,74,Bhopal,6431245934,priya.das.3957@example.in,775200.0,,2020-04-04
C003958,Shreya Kapoor,1999-08-22,26,Hyderabad,6894221580,shreya.kapoor.3958@example.in,480400.0,6.0,2023-06-28
C003959,Nikhil Nair,1993-09-07,32,Kochi,8684030137,nikhil.nair.3959@example.in,743800.0,4.0,2019-07-17
C003960,Nisha Reddy,1997-10-17,28,Madras,+91 66491 94189,nisha.reddy.3960@example.in,2228000.0,5.0,2024-03-25
C003961,Rahul Bose,1987-10-27,38,Bhopal,8813648080,rahul.bose.3961@example.in,1211600.0,7.0,2021-11-13
C003962,Ananya Joshi,1981-10-16,44, Bhopal ,(837) 749-2152,ananya.joshi.3962@example.in,435400.0,1.0,2024-08-20
C003963,Sahil Desai,1981-04-25,44,Lucknow,6922236603,sahil.desai.3963@example.in,527100.0,1.0,2024-09-14
C003964,Sahil Menon,1979-08-29,46,Ahmedabad,6110612607,sahil.menon.3964@example.in,413300.0,6.0,2016-11-04
C003965,Pranav Singh,1967-01-26,58,Lucknow,9202856452,pranav.singh.3965@example.in,584300.0,3.0,2018-06-06
C003966,Ananya Jain,2002-01-02,23,Bhopal,9116551996,ananya.jain.3966@example.in,579700.0,1.0,2021-01-02
C003967,Mira Joshi,1997-08-09,28,Kolkata,7462938955,,620400.0,2.0,2016-04-12
C003968,Saanvi Sen,1995-09-11,30,Mumbai,8654807707,saanvi.sen.3968@example.in,1132700.0,4.0,2024-03-07
C003969,Pooja Nair,1979-03-13,46,Hyderabad,6209639490,pooja.nair.3969@example.in,617500.0,7.0,2025-10-14
C003970,Kavya Sharma,1963-05-29,62,Delhi,7777648436,kavya.sharma.3970@example.in,,5.0,2015-05-10
C003971,Ananya Kapoor,1998-03-17,27,Kochi,91-637-271-5948,ananya.kapoor.3971@example.in,668700.0,2.0,2017-02-22
C003972,Rhea Jain,1951-06-22,74,Lucknow,7378917801,rhea.jain.3972@example.in,527400.0,5.0,2018-12-18
C003973,Ishita Mishra,1973-03-29,52,Hyderabad,8049341905,ishita.mishra.3973@example.in,531600.0,4.0,2016-11-24
C003974,Akshay Jain,1998-06-15,27,Ahmedabad,9653491712,akshay.jain.3974@example.in,801900.0,2.0,2022-09-14
C003975,Rohan Menon,1990-12-05,35,Jaipur,6095889559,rohan.menon.3975@example.in,,5.0,2024-02-22
C003976,Sneha Kapoor,1960-05-02,65,Jaipur,8430562837,sneha.kapoor.3976@example.in,1274000.0,1.0,2020-11-29
C003977,Nikhil Mishra,1978-01-18,47,Kochi,8292201402,nikhil.mishra.3977@example.in,1320800.0,2.0,2024-07-20
C003978,Sanjay Subramanian,1951-07-16,74,Jaipur, 71880-09155 ,sanjay.subramanian.3978@example.in,1094300.0,1.0,2024-10-30
C003979,Aditya Khan,1955-03-28,70,Delhi,7902525729,aditya.khan.3979@example.in,1965100.0,3.0,2021-11-06
C003980,Krishna Subramanian,1999-03-24,26,Bhopal,6704000690,krishna.subramanian.3980@example.in,184700.0,1.0,2023-01-16
C003981,Rohan Banerjee,1956-07-21,69,Jaipur,8304527180,rohan.banerjee.3981@example.in,1359600.0,2.0,2016-12-17
C003982,Rahul Khan,2004-07-02,21,Kochi,7957502023,rahul.khan.3982@example.in,341100.0,6.0,2016-02-12
C003983,Ishaan Nair,1978-02-09,47,Mumbai,9805994779,ishaan.nair.3983@example.in,1191200.0,3.0,2018-10-30
C003984,Rhea Khan,1951-05-01,74,Lucknow,6172674421,rhea.khan.3984@example.in,1063800.0,7.0,2025-11-16
C003985,Ishita Iyer,2004-05-22,21,Jaipur,7732655322,ishita.iyer.3985@example.in,843700.0,3.0,2021-01-22
C003986,Kabir Verma,1966-08-27,59, Mumbai ,8286545011,kabir.verma.3986@example.in,582000.0,4.0,2019-07-22
C003987,Rhea Roy,1969-12-03,56,Hyderabad,,rhea.roy.3987@example.in,1279200.0,3.0,2015-02-03
C003988,Nisha Verma,2004-11-19,21,Ahmedabad,9809430656,nisha.verma.3988@example.in,743400.0,1.0,2019-09-07
C003989,Arjun Desai,1969-08-22,56,Bengaluru,7238567341,arjun.desai.3989@example.in,,1.0,2015-01-08
C003990,Pranav Mishra,1991-02-26,34,Bhopal,,pranav.mishra.3990@example.in,723900.0,5.0,2024-01-19
C003991,Rohan Mukherjee,1951-08-07,74,Pune,+91 78779 45880,rohan.mukherjee.3991@example.in,385600.0,7.0,2025-12-13
C003992,Diya Sinha,1972-11-10,53,Bengaluru,6240686000,diya.sinha.3992@example.in,608900.0,,2024-05-02
C003993,Sanjay Jain,1987-05-22,38,Pune,6514038558,sanjay.jain.3993@example.in,935500.0,6.0,2020-03-30
C003994,Aarav Nair,1993-12-15,32,Bhopal,7029736350,aarav.nair.3994@example.in,720900.0,6.0,2024-12-11
C003995,Aditi Khan,1967-11-23,58,Pune,9052421871,aditi.khan.3995@example.in,428500.0,2.0,2024-09-12
C003996,Priya Nair,1959-12-27,66,Delhi,8153071839,priya.nair.3996@example.in,981000.0,,2015-07-05
C003997,Ishaan Mukherjee,1972-01-28,53,Kochi, 98554-68955 ,ishaan.mukherjee.3997@example.in,2522400.0,4.0,2024-04-19
C003998,Rohan Rao,1993-06-11,32,Kolkata,+91 83747 35724,rohan.rao.3998@example.in,842800.0,3.0,2021-05-07
C003999,Aditya Kapoor,1986-11-29,39,Lakhnau,8595859865,,4098300.0,1.0,2017-05-16
C004000,ZOYA AGARWAL,2005-01-27,20,Jaipur,,zoya.agarwal.4000@example.in,229000.0,6.0,2022-02-09
C004001,Aditya Nair,1976-06-22,49,Delhi,7933551655,aditya.nair.4001@example.in,803500.0,3.0,2024-06-15
C004002,Meera Jain,1960-04-13,65,Bhopal,6901279977,meera.jain.4002@example.in,482500.0,7.0,2022-03-19
C004003,Sneha Menon,1955-06-12,70,HYDERABAD,8341605233,sneha.menon.4003@example.in,833900.0,,2025-10-10
C004004,Sneha Reddy,1962-08-28,63,Madras,91-708-163-4896,sneha.reddy.4004@example.in,677800.0,6.0,2015-04-21
C004005,Anika Roy,1980-04-15,45,Bengaluru,8933088372,anika.roy.4005@example.in,525200.0,5.0,2025-01-01
C004006,Krishna Kulkarni,1950-11-09,75,Poona,9587913284,krishna.kulkarni.4006@example.in,1100400.0,3.0,2018-01-17
C004007,Ananya Verma,1987-06-11,38,Jaipur,6123183582,ananya.verma.4007@example.in,499600.0,,2017-03-05
C004008,Rahul Khan,1966-09-24,59,Hyderabad,9591522439,rahul.khan.4008@example.in,1954200.0,3.0,2015-04-22
C004009,Sanjay Bose,2004-01-25,21,Kochi,8394175329,sanjay.bose.4009@example.in,423700.0,7.0,2023-10-29
C004010,Diya Banerjee,1981-08-09,44, Pune ,6595105278,diya.banerjee.4010@example.in,,5.0,2021-06-10
C004011,Rohan Rao,1995-03-09,30,Poona,+91 68376 65445,rohan.rao.4011@example.in,1120800.0,1.0,2024-05-23
C004012,Kabir Mukherjee,1983-10-21,42,Chennai,+91 88133 08423,kabir.mukherjee.4012@example.in,,3.0,2017-01-12
C004013,Priya Joshi,1993-06-29,32, Pune ,6125785339,priya.joshi.4013@example.in,975400.0,,2018-04-24
C004014,Aditya Sen,1966-01-11,59,Kolkata,8060355417,aditya.sen.4014@example.in,600200.0,1.0,2024-10-03
C004015,Shreya Khan,1952-10-30,73,Bhopal,7261669232,shreya.khan.4015@example.in,613300.0,1.0,2016-12-15
C004016,Shreya Chandra,1990-10-04,35,Hyderabad,6123579285,shreya.chandra.4016@example.in,759500.0,1.0,2018-08-16
C004017,Diya Verma,2004-06-03,21,Delhi,8879459682,diya.verma.4017@example.in,404100.0,4.0,2024-02-23
C004018,Sneha Roy,1961-07-28,64,Kochi,8154065008,sneha.roy.4018@example.in,479400.0,4.0,2020-01-16
C004019,Akshay Sharma,1980-01-30,45,Delhi,8836231127,akshay.sharma.4019@example.in,530200.0,5.0,2022-04-13
C004020,Ishita Verma,1992-10-07,33,Bengaluru,6065724038,ishita.verma.4020@example.in,838000.0,6.0,2020-08-11
C004021,Sanjay Joshi,1973-11-16,52,Chennai, 62148-27599 ,sanjay.joshi.4021@example.in,276100.0,6.0,2023-05-14
C004022,Pranav Mhta,1985-07-16,40,Kochi,9112405992,pranav.mehta.4022@example.in,831300.0,2.0,2021-06-22
C004023,Rahul Patel,1982-01-02,43,Delhi,8893338575,rahul.patel.4023@example.in,,1.0,2018-01-10
C004024,Meera Bose,1981-12-05,44,Hyderabad,8712036234,meera.bose.4024@example.in,1037600.0,5.0,2018-12-17
C004025,Aditya Menon,1991-07-09,34,Poona,(846) 548-1573,aditya.menon.4025@example.in,702400.0,4.0,2025-07-15
C004026,Saanvi Sinha,1980-05-28,45,KOCHI,+91 98064 46732,saanvi.sinha.4026@example.in,661300.0,3.0,2015-11-07
C004027,Ishita Das,1971-09-21,54,Kolkata,8536999409,ishita.das.4027@example.in,2118700.0,3.0,2016-05-20
C004028,Nikhil Mehta,1973-06-23,52,Bengaluru,8549258556,nikhil.mehta.4028@example.in,873500.0,4.0,2019-08-30
C004029,Zoya Bose,1967-06-01,58,Delhi,9039145613,zoya.bose.4029@example.in,,4.0,2024-06-05
C004030,Tanvi Mukherjee,1984-07-22,41,Delhi,8549561866,tanvi.mukherjee.4030@example.in,152900.0,,2017-01-27
C004031,Ishaan Rao,1999-02-19,26,Ahmedabad,6958035347,ishaan.rao.4031@example.in,1679300.0,5.0,2022-08-16
C004032,  meera   menon  ,1963-09-01,62,Mumbai,91-631-679-8251,meera.menon.4032@example.in,319000.0,4.0,2022-04-17
C004033,Diya Agarwal,1955-09-06,70,Hyderabad,8294094942,diya.agarwal.4033@example.in,624700.0,3.0,2020-07-22
C004034,Sanjay Mishra,1971-06-01,54,Jaipur,6196016932,sanjay.mishra.4034@example.in,448600.0,3.0,2024-04-12
C004035,Kabir Sharma,1972-12-15,53, Mumbai ,8795835160,kabir.sharma.4035@example.in,604900.0,4.0,2023-08-29
C004036,Pranav Joshi,1991-03-29,34,Delhi,7966130772,pranav.joshi.4036@example.in,598500.0,2.0,2025-07-25
C004037,Kavya Bose,1998-03-20,27,Jaipur,8525847165,kavya.bose.4037@example.in,356400.0,7.0,2017-09-08
C004038,Aarav Kulkarni,1985-02-25,40,PUNE,6736019336,aarav.kulkarni.4038@example.in,782600.0,4.0,2025-06-27
C004039,Saanvi Kapoor,1979-06-19,46,Delhi,9501947002,saanvi.kapoor.4039@example.in,639800.0,7.0,2022-07-02
C004040,Pooja Agarwal,1984-04-20,41,Chennai,6899604290,pooja.agarwal.4040@example.in,385400.0,1.0,2024-01-23
C004041,RAHUL GUPTA,2005-12-25,20,Bengaluru,6278662878,rahul.gupta.4041@example.in,2533500.0,5.0,2015-07-01
C004042,MEERA SINGH,2000-04-16,25,Ahmedabad,7328773612,meera.singh.4042@example.in,606700.0,7.0,2021-01-20
C004043,Sneha Iyer,1963-07-01,62,Bengaluru,7249661577,sneha.iyer.4043@example.in,,6.0,2018-11-28
C004044,Kabir Joshi,1970-08-27,55,Bengaluru,9617224225,kabir.joshi.4044@example.in,680400.0,6.0,2020-06-20
C004045,Varun Das,1991-03-17,34,Pune,+91 62734 52808,varun.das.4045@example.in,,5.0,2017-09-27
C004046,Diya Das,1998-06-26,27,Kochi,7914437214,diya.das.4046@example.in,572100.0,6.0,2019-12-08
C004047,Pooja Desai,1979-05-18,46,Ahmedabad,9447201998,pooja.desai.4047@example.in,373600.0,3.0,2021-12-01
C004048,Ishita Jain,1960-12-02,65,Chennai, 82561-89048 ,ishita.jain.4048@example.in,350000.0,2.0,2024-02-23
C004049,Sanjay Kulkarni,1970-04-11,55, Jaipur ,8304495184,sanjay.kulkarni.4049@example.in,2495400.0,7.0,2021-05-30
C004050,Rhea Kapoor,1962-05-10,63,Kolkata,9719595215,rhea.kapoor.4050@example.in,396200.0,1.0,2015-06-24
C004051,Kavya Mukherjee,1991-05-28,34,Lucknow,7409553288,kavya.mukherjee.4051@example.in,4420500.0,5.0,2024-01-15
C004052,Sahil Menon,1996-04-20,29,Ahmedabad,7826389564,sahil.menon.4052@example.in,,3.0,2016-01-10
C004053,Anika Sharma,1977-02-17,48,Kolkata,6061548234,anika.sharma.4053@example.in,586000.0,6.0,2017-11-12
C004054,Sahil Jain,1999-03-25,26,Kolkata,9519979301,sahil.jain.4054@example.in,629000.0,1.0,2022-02-17
C004055,Akshay Mishra,1976-01-08,49,Kochi,9125101768,akshay.mishra.4055@example.in,1763000.0,4.0,2025-09-23
C004056,Sneha Roy,1954-08-23,71,Bhopal,91-774-091-8780,sneha.roy.4056@example.in,931300.0,7.0,2018-07-30
C004057,Ananya Sinha,1977-09-14,48,Kochi,6044620544,ananya.sinha.4057@example.in,400400.0,3.0,2023-12-13
C004058,Varun Desai,1969-06-12,56,Chennai,9097401058,varun.desai.4058@example.in,,5.0,2019-01-19
C004059,Arjun Chandra,1953-07-30,72,Lucknow,7240363306,arjun.chandra.4059@example.in,499700.0,4.0,2015-11-16
C004060,Vikram Sharma,1970-04-29,55,Bhopal,6636277715,vikram.sharma.4060@example.in,639300.0,6.0,2018-07-15
C004061,Tanvi Sen,1985-08-15,40,Chennai, 95520-63424 ,tanvi.sen.4061@example.in,664700.0,1.0,2018-07-21
C004062,Aarav Banerjee,2005-05-27,20, Ahmedabad ,8495159890,aarav.banerjee.4062@example.in,1831300.0,5.0,2022-05-20
C004063,Akshay Banerjee,1961-03-21,64,Kolkata,8530971559,akshay.banerjee.4063@example.in,410800.0,1.0,2018-06-08
C004064,AKSHAY MUKHERJEE,1952-07-07,73,Chennai,8423058093,akshay.mukherjee.4064@example.in,546700.0,5.0,2020-12-22
C004065,Aditya Agarwal,1968-10-28,57,Chennai,9352719590,aditya.agarwal.4065@example.in,516500.0,7.0,2022-07-12
C004066,Mira Mishra,1996-04-16,29,Pune,9586796806,mira.mishra.4066@example.in,1929700.0,7.0,2025-06-07
C004067,Kavya Menon,2003-11-14,22,Lucknow,9545358674,kavya.menon.4067@example.in,5358000.0,7.0,2021-10-14
C004068,Priya Mukherjee,1976-05-31,49,Jaipur,6402921816,priya.mukherjee.4068@example.in,1831200.0,3.0,2019-11-29
C004069,ZOYA RAO,1953-12-21,72,Bhopal,91-618-942-9439,zoya.rao.4069@example.in,759900.0,1.0,2023-11-25
C004070,Aditya Kapoor,1963-11-11,62,Bhopal,(754) 503-8678,aditya.kapoor.4070@example.in,2170900.0,2.0,2017-02-25
C004071,Nikhil Shah,2005-09-13,20,Kolkata,(799) 798-7168,nikhil.shah.4071@example.in,451500.0,1.0,2021-08-23
C004072,Krishna Agarwal,1961-02-20,64,Delhi,6949808692,krishna.agarwal.4072@example.in,485500.0,6.0,2023-03-22
C004073,Zoya Khan,1977-01-07,48,Bhopal, 96860-84197 ,zoya.khan.4073@example.in,1190000.0,6.0,2015-01-18
C004074,Rhea Sen,1966-10-28,59,Chennai,9765848677,rhea.sen.4074@example.in,2115600.0,1.0,2024-03-16
C004075,Ishaan Bose,1973-06-29,52,Pune,6271538292,ishaan.bose.4075@example.in,1669700.0,7.0,2022-05-29
C004076,Akshay Gupta,1968-04-18,57,Hyderbad,9773592319,akshay.gupta.4076@example.in,313200.0,7.0,2020-10-28
C004077,Krishna Kulkarni,1997-08-18,28,Kolkata,6442181292,krishna.kulkarni.4077@example.in,1122800.0,2.0,2024-03-26
C004078,Meera Jain,1957-08-15,68,Chennai,7094780487,meera.jain.4078@example.in,186100.0,,2017-08-04
C004079,Pranav Nair,1956-03-23,69,Bengaluru,6617040632,pranav.nair.4079@example.in,362200.0,3.0,2020-07-15
C004080,Zoya Rao,1990-02-05,35,Hyderabad,6593110312,zoya.rao.4080@example.in,388500.0,4.0,2016-04-20
C004081,Aditi Sinha,1977-09-06,48,Delhi,9956941484,aditi.sinha.4081@example.in,617000.0,6.0,2015-08-30
C004082,Rhea Mehta,1972-01-29,53,Hyderabad,6754436304,rhea.mehta.4082@example.in,711200.0,4.0,2023-06-09
C004083,Akshay Mehta,1980-01-05,45,Kolkata,9968894877,akshay.mehta.4083@example.in,2391200.0,1.0,2021-05-14
C004084,Rahul Shah,1997-01-18,28,Lucknow,6289452029,rahul.shah.4084@example.in,1274600.0,2.0,2017-11-15
C004085,Aarav Menon,1957-02-17,68,Hyderabad,9021697072,aarav.menon.4085@example.in,1317800.0,3.0,2024-03-12
C004086,Shreya Sharma,1993-12-31,32,Ahemdabad,6291058318,shreya.sharma.4086@example.in,230700.0,3.0,2015-12-04
C004087,Arjun Kapoor,1966-11-15,59,Hyderabad,6777165316,arjun.kapoor.4087@example.in,900400.0,3.0,2021-10-26
C004088,Rahul Sinha,1990-09-02,35,Mumbai,9065852829,rahul.sinha.4088@example.in,1139900.0,3.0,2019-08-21
C004089,Krishna Shah,1956-11-19,69,Kochi,8334594733,krishna.shah.4089@example.in,972800.0,6.0,2016-03-29
C004090,Anika Banerjee,1983-07-18,42,Mumbai,7515490764,anika.banerjee.4090@example.in,958500.0,1.0,2023-07-22
C004091,Meera Khan,1960-04-12,65,Lucknow,91-716-189-1719,meera.khan.4091@example.in,1266100.0,6.0,2025-09-28
C004092,Sahil Tiwari,2003-11-10,22,Delhi,7170028968,sahil.tiwari.4092@example.in,657900.0,3.0,2021-05-20
C004093,Kavya Shah,1982-11-26,43,Pune,7287666191,kavya.shah.4093@example.in,928900.0,4.0,2023-08-08
C004094,Shreya Mishra,1970-03-01,55,Kochi,6205127248,shreya.mishra.4094@example.in,1403200.0,5.0,2017-06-21
C004095,Saanvi Joshi,1981-07-10,44,Jaipur,9640488541,saanvi.joshi.4095@example.in,1079300.0,1.0,2015-01-22
C004096,Sahil Mukherjee,1963-01-24,62,Hyderabad,6691535821,sahil.mukherjee.4096@example.in,702100.0,2.0,2017-01-08
C004097,Mira Banerjee,1955-03-08,70,Delhi,6629821258,mira.banerjee.4097@example.in,,2.0,2017-02-03
C004098,Aarav Kulkarni,2001-09-09,24,Bengaluru,6208481998,aarav.kulkarni.4098@example.in,,6.0,2016-06-12
C004099,Tanvi Chandra,1983-09-02,42,Bengaluru,7180120453,tanvi.chandra.4099@example.in,3869200.0,1.0,2021-05-28
C004100,Mira Iyer,2000-06-11,25,Bhopal,6144841077,mira.iyer.4100@example.in,336000.0,7.0,2025-12-16
C004101,Ishita Khan,1950-07-05,75,Pune,9712559194,ishita.khan.4101@example.in,143900.0,1.0,2022-11-21
C004102,Diya Mehta,2004-06-28,21,Lucknow,9708894506,diya.mehta.4102@example.in,549000.0,7.0,2025-02-17
C004103,Zoya Verma,1988-07-22,37,Lucknow,,zoya.verma.4103@example.in,809100.0,1.0,2023-06-15
C004104,Krishna Iyer,2005-08-22,20,Ahmedabad,6523848299,krishna.iyer.4104@example.in,2563700.0,2.0,2021-03-24
C004105,Diya Joshi,1996-08-29,29, Ahmedabad ,8157343676,diya.joshi.4105@example.in,745900.0,3.0,2017-09-12
C004106,Pooja Sinha,1980-08-09,45,Kochi,6608859724,pooja.sinha.4106@example.in,,3.0,2025-07-27
C004107,Aarav Mihra,1982-08-31,43,Kolkata,7256091747,aarav.mishra.4107@example.in,628500.0,7.0,2017-01-19
C004108,Kabir Roy,1999-09-10,26,Kolkata,+91 69519 97559,kabir.roy.4108@example.in,723000.0,3.0,2018-09-27
C004109,Nikhil Chandra,1965-09-29,60,Ahmedabad,6069737053,nikhil.chandra.4109@example.in,1241400.0,2.0,2018-08-12
C004110,Sneha Gupta,1987-03-28,38,Mumbai,8744074592,sneha.gupta.4110@example.in,934300.0,3.0,2018-11-21
C004111,Aditya M.,1973-11-05,52,Hyderabad,9743573286,aditya.mishra.4111@example.in,632300.0,1.0,2025-11-13
C004112,Sanjay Desai,2000-03-31,25,Ahmedabad,7794098581,sanjay.desai.4112@example.in,394300.0,3.0,2021-02-03
C004113,Ananya Iyer,1965-06-05,60,Pune,,ananya.iyer.4113@example.in,1177800.0,5.0,2025-07-01
C004114,Sneha Desai,1988-06-07,37,Kolkata,6566441260,sneha.desai.4114@example.in,1013900.0,5.0,2019-09-11
C004115,Saanvi Khan,1979-07-15,46, Pune ,8661827813,saanvi.han.4115@example.in,,2.0,2025-05-06
C004116,Diya Jain,1995-01-10,30,Bengaluru,9625543005,diya.jain.4116@example.in,1110300.0,4.0,2018-11-06
C004117,Aditi Mehta,2005-11-03,20, Lucknow ,8446576066,aditi.mehta.4117@example.in,,3.0,2024-08-17
C004118,Mira Jain,1981-08-19,44,Jaypur,7080272431,mira.jain.4118@example.in,1890900.0,2.0,2022-11-23
C004119,Varun Nair,1957-11-19,68,Mumbai,7581730037,varun.nair.4119@example.in,1514600.0,,2022-10-22
C004120,Varun Desai,1980-05-13,45,Chennai,6051659902,varun.desai.4120@example.in,1036900.0,3.0,2021-04-27
C004121,Nisha Reddy,1991-04-17,34,Lucknow,(718) 502-0468, nisha.reddy.4121@example.in ,1452700.0,4.0,2019-12-05
C004122,Krishna Agarwal,1970-06-17,55,Mumbai,7890645052,krishna.agarwal.4122@example.in,1145700.0,5.0,2019-04-16
C004123,Sanjay Sharma,1962-04-03,63,Pune,9032874274,sanjay.sharma.4123@example.in,1658300.0,,2017-10-29
C004124,Akshay Bose,1967-10-27,58,Ahmedabad,7214491754,akshay.bose.4124@example.in,418300.0,6.0,2016-10-04
C004125,Varun Sharma,1954-04-11,71,Bhopal,8180805749,varun.sharma.4125@example.in,1059800.0,7.0,2020-10-01
C004126,Tanvi Kapoor,1968-08-03,57,Chennai,7241798929,tanvi.kapoor.4126@example.in,282200.0,1.0,2018-09-17
C004127,Nisha Mishra,1986-01-21,39,Delhi, 97934-58593 ,nisha.mishra.4127@example.in,298700.0,5.0,2025-03-27
C004128,Sneha Khan,1978-12-23,47,Chennai,,sneha.khan.4128@example.in,,,2022-03-06
C004129,Kavya Nair,1967-07-22,58,Bhopal,8232689569,kavya.nair.4129@example.in,967300.0,3.0,2022-04-05
C004130,Mira Das,1952-10-10,73,Mumbai,8365849361,,575500.0,,2025-12-26
C004131,Priya Mishra,1997-01-23,28,Jaipur, 80218-74030 ,priya.mishra.4131@example.in,473100.0,6.0,2018-07-16
C004132,Aditi Kulkarni,2004-04-07,21,Jaipur,7349590389,aditi.kulkarni.4132@example.in,195300.0,2.0,2020-12-04
C004133,Rahul Mehta,1980-04-21,45,Mumbai,7054750677,rahul.mehta.4133@example.in,,6.0,2024-12-17
C004134,Rohan Menon,2001-08-31,24,CHENNAI,7013959922,rohan.menon.4134@example.in,830400.0,,2024-07-13
C004135,Shreya Rao,1984-04-22,41,Bengaluru,8796416226,shreya.rao.4135@example.in,726200.0,7.0,2023-07-28
C004136,Meera Kapoor,1962-09-23,63,Jaipur,9896399196,meera.kapoor.4136@example.in,715000.0,3.0,2016-11-18
C004137,Pranav Menon,1981-10-05,44,Chennai,7114841038,pranav.menon.4137@example.in,,3.0,2023-05-19
C004138,Kavya Subramanian,1978-06-20,47,CHENNAI,8210984643,kavya.subramanian.4138@example.in,423400.0,7.0,2025-09-12
C004139,AARAV TIWARI,2005-06-29,20,Lucknow,6563342595,aarav.tiwari.4139@example.in,735000.0,7.0,2024-09-18
C004140,Rohan Khan,2003-02-18,22,Kolkata ,7996772977,rohan.khan.4140@example.in,625100.0,6.0,2022-04-03
C004141,Kavya Bose,1970-05-09,55,Chennai, 71553-36336 ,kavya.ose.4141@example.in,2403600.0,3.0,2016-12-03
C004142,Diya Singh,1973-08-07,52,Bengaluru,6563111237,diya.singh.4142@example.in,853000.0,5.0,2021-12-17
C004143,Zoya Mehta,1979-02-25,46,Bhopal,8734565938,zoya.mehta.4143@example.in,384300.0,2.0,2021-10-08
C004144,Varun Chandra,2001-02-28,24,Mumbai,(829) 028-4549,varun.chandra.4144@example.in,1017800.0,1.0,2016-12-12
C004145,Kavya Menon,1963-07-20,62,Chennai,9472616251,kavya.menon.4145@example.in,706000.0,4.0,2022-04-01
C004146,Akshay Sharma,1969-01-14,56,MUMBAI,9484043792,akshay.sharma.4146@example.in,585900.0,5.0,2024-08-04
C004147,Priya Nair,1970-02-08,55,BHOPAL,6993354339,priya.nair.4147@example.in,575900.0,6.0,2022-04-24
C004148,Priya Mehta,1984-01-04,41,Bengaluru,9463467077,priya.mehta.4148@example.in,385500.0,6.0,2020-09-07
C004149,Rhea Mishra,1965-03-28,60,Dilli,6197350511,rhea.mishra.4149@example.in,31660355.77405591,2.0,2021-05-26
C004150,Ishaan Kulkarni,2003-01-16,22,Jaipur,6995031973,ishaan.kulkarni.4150@example.in,893100.0,,2016-02-20
C004151,Ananya G.,2003-10-08,22,Pune,7812105125,ananya.gupta.4151@example.in,1948900.0,6.0,2016-11-18
C004152,Rahul Bose,1967-08-08,58, Jaipur ,7757549021,rahul.bose.4152@example.in,370100.0,4.0,2021-12-20
C004153,Sanjay Sharma,1974-03-26,51,Kochi,91-979-019-5926,,1234300.0,3.0,2025-05-22
C004154,Sanjay Tiwari,1985-01-02,40,Ahmedabad,9586970595,sanjay.tiwari.4154@example.in,465800.0,7.0,2015-01-04
C004155,Sneha Reddy,1987-04-23,38,Bengaluru,9946972433,sneha.reddy.4155@example.in,1831700.0,2.0,2020-10-07
C004156,Sanjay Roy,1979-10-25,46,BHOPAL,7072736151,sanjay.roy.4156@example.in,410700.0,3.0,2024-03-23
C004157,Ishita Tiwari,1989-10-08,36,Mumbai,7822626607,ishita.tiwari.4157@example.in,1738700.0,6.0,2023-06-06
C004158,Sanjay Joshi,1999-05-29,26,Mumbai,9667505502,sanjay.joshi.4158@example.in,,3.0,2017-03-21
C004159,Kavya Menon,2004-08-11,21, Delhi ,7385943431,kavya.menon.4159@example.in,807000.0,7.0,2015-08-26
C004160,Ananya Mehta,1974-01-18,51,Jaipur,9254380829,ananya.mehta.4160@example.in,2803000.0,1.0,2024-05-23
C004161,Mira Bose,1970-02-04,55,Cochin,+91 72191 64652,mira.bose.4161@example.in,,7.0,2024-09-12
C004162,Kabir Das,1956-09-18,69,Mumbai,7485316163,kabir.das.4162@example.in,544100.0,5.0,2020-11-30
C004163,Vikram Gupta,2004-07-20,21,Kochi,(991) 478-8337,vikram.gupta.4163@example.in,,6.0,2021-08-05
C004164,Ishaan Sharma,1972-08-29,53,LUCKNOW, 71768-52305 ,ishaan.sharma.4164@example.in,1336600.0,,2023-08-29
C004165,Zoya Mishra,1990-03-26,35,Lucknow,8338852832,zoya.mishra.4165@example.in,1024600.0,1.0,2020-11-18
C004166,Anika Mukherjee,2003-08-16,22,Bengaluru,9380735494,anika.mukherjee.4166@example.in,549100.0,6.0,2015-03-30
C004167,Rahul Joshi,1977-01-29,48,Bhopal, 91994-02875 ,rahul.joshi.4167@example.in,986700.0,3.0,2025-04-11
C004168,Kavya Khan,1990-03-08,35,Hyderabad,(855) 790-5206,kavya.khan.4168@example.in,,5.0,2015-06-23
C004169,Pooja Iyer,1990-11-27,35,Jaipur,8623072075,pooja.iyer.4169@example.in,605500.0,4.0,2022-11-27
C004170,Rhea Jain,1951-03-23,74,Chennai,6159704283,rhea.jain.4170@example.in,1069300.0,5.0,2019-09-02
C004171,Mira Tiwari,1997-09-30,28,Chennai,6377891081,mira.tiwari.4171@example.in,922500.0,2.0,2021-09-04
C004172,Ishita K.,1988-03-16,37,Pune,,ishita.kapoor.4172@example.in,775000.0,7.0,2020-04-04
C004173,Pranav Verma,1959-02-23,66,Hyd,7581263223,,432400.0,6.0,2022-09-22
C004174,Sneha Sinha,1980-11-01,45,Pune,,sneha.sinha.4174@example.in,384700.0,4.0,2023-01-23
C004175,Sneha S.,2000-12-05,25,Bengluru,91-838-704-1906,sneha.subramanian.4175@example.in,1195400.0,7.0,2015-04-02
C004176,Ishita Kulkarni,1998-08-26,27,Hyderabad,7560539986,ishita.kulkarni.4176@example.in,769500.0,2.0,2015-03-13
C004177,Rhea Singh,1962-01-09,63,Kochin,(867) 681-3061,rhea.singh.4177@example.in,853400.0,2.0,2022-04-22
C004178,Aditi Das,1956-06-02,69,Kochi,7809664503,aditi.das.4178@example.in,396500.0,5.0,2015-10-15
C004179,A. Mukherjee,1991-11-25,34,Bhopal,9731095236,anika.mukherjee.4179@example.in,1049800.0,5.0,2016-10-16
C004180,Aarav Shah,1969-01-28,56, Ahmedabad ,8945238737,aarav.shah.4180@example.in,451900.0,2.0,2019-12-23
C004181,Krishna Menon,1951-06-02,74,Jaipur,9813641916,krishna.menon.4181@example.in,1099900.0,4.0,2015-07-23
C004182,Vikram Mukherjee,1984-11-20,41,Bengaluru,8655836445,vikram.mukherjee.4182@example.in,891500.0,7.0,2021-03-20
C004183,Aarav Rao,1975-08-23,50,Pune,6627060319,aarav.rao.4183@example.in,1018000.0,4.0,2018-01-27
C004184,Kavya Desai,1963-05-01,62,Kolkata,6136039550,kavya.desai.4184@example.in,791600.0,2.0,2015-09-25
C004185,Krishna Gupta,2004-05-24,21,Chennai,7105533528,krishna.gupta.4185@example.in,,2.0,2024-01-19
C004186,Pooja Patel,1955-06-30,70,Kochi,91-679-070-0792,pooja.patel.4186@example.in,471600.0,6.0,2025-01-24
C004187,Arjun Mishra,2003-07-04,22,Bhopal,6785661020,arjun.mishra.4187@example.in,,3.0,2021-03-04
C004188,Vikram Gupta,1986-04-16,39,Bhopal,8270045472,vikram.gupta.4188@example.in,380800.0,4.0,2019-05-28
C004189,Mira Tiwari,2002-12-10,23,Lucknow,8314089278,mira.tiwari.4189@example.in,248800.0,1.0,2019-04-22
C004190,Shreya Singh,1991-06-10,34,Bangalore,91-971-037-4370,shreya.singh.4190@example.in,650900.0,7.0,2016-03-15
C004191,Ishita Jain,1950-11-14,75,Kochi,6984112930,ishita.jain.4191@example.in,380600.0,2.0,2017-11-14
C004192,Sneha Verma,1956-02-28,69,Lucknow,8310764078,sneha.verma.4192@example.in,1057000.0,3.0,2024-03-02
C004193,Saanvi Rao,1976-12-07,49,Pune,7805862582,SAANVI.RAO.4193@EXAMPLE.IN,560900.0,5.0,2023-03-04
C004194,Kabir Mehta,1972-01-09,53,Ahmedabad,9893196331,kabir.mehta.4194@example.in,881100.0,4.0,2021-07-30
C004195,Pooja Joshi,1957-09-04,68,Kochi,+91 73870 88237,pooja.joshi.4195@example.in,1139200.0,6.0,2019-12-29
C004196,Tanvi Mishra,1972-08-11,53,Jaipur,9199598233,tanvi.mishra.4196@example.in,1465200.0,5.0,2018-06-08
C004197,Varun Reddy,1963-01-18,62,Ahmedabad,6253397120,varun.reddy.4197@example.in,1260300.0,7.0,2023-05-13
C004198,Krishna Verma,1966-11-26,59,Kochi,91-837-635-8043,,1337300.0,7.0,2025-01-12
C004199,Aarav Singh,1987-06-30,38,Delhi,9427216582,aarav.singh.4199@example.in,1053800.0,6.0,2021-02-01
C004200,Arjun Patel,1954-09-09,71,Calcutta,8333707644,arjun.patel.4200@example.in,2303600.0,1.0,2020-07-17
C004201,Anika Desai,2000-06-04,25,Jaypur,8476751347,anika.desai.4201@example.in,1131300.0,7.0,2016-12-10
C004202,Akshay Bose,1999-05-15,26,Ahmedabad,6988376613,akshay.bose.4202@example.in,1019300.0,4.0,2025-01-07
C004203,Arjun Roy,1962-10-27,63,Bengaluru,6812862590,arjun.roy.4203@example.in,938000.0,1.0,2016-12-26
C004204,Krishna Rao,1992-07-22,33,Lucknow,9412868458,krishna.rao.4204@example.in,1197000.0,7.0,2025-10-06
C004205,Akshay Banerjee,1976-02-21,49,Bengaluru,6906286384,akshay.banerjee.4205@example.in,514600.0,1.0,2024-07-04
C004206,Saanvi Mishra,1975-05-20,50,Kolkata,8881653607,saanvi.mishra.4206@example.in,952400.0,7.0,2023-09-18
C004207,Diya Gupta,1963-04-02,62,Kolkata,9025251395,diya.gupta.4207@example.in,842900.0,,2018-09-06
C004208,Aarav Menon,1980-11-12,45,Kolkata,6127244621,aarav.menon.4208@example.in,968900.0,2.0,2016-12-14
C004209,Tanvi Sharma,2003-09-24,22,Kochi,(897) 729-8347,tanvi.sharma.4209@example.in,700900.0,7.0,2022-04-09
C004210,Ishaan Banerjee,1967-12-19,58,Bhopal,7411142051,ishaan.banerjee.4210@example.in,968200.0,6.0,2018-02-20
C004211,KAVYA KHAN,1955-11-11,70,Ahmedabad,7110599366,kavya.khan.4211@example.in,173100.0,7.0,2021-03-15
C004212,Nikhil Shah,1964-05-05,61,Jaipur,8170756626,nikhil.shah.4212@example.in,840500.0,2.0,2022-12-08
C004213,Saanvi Joshi,1982-04-15,43,Delhi,8521478003,saanvi.joshi.4213@example.in,629400.0,1.0,2016-09-11
C004214,Aarav Nair,1995-03-04,30,Pune,7832067484,aarav.nair.4214@example.in,1178000.0,7.0,2018-09-27
C004215,Ishita Patel,1995-11-15,30,Ahmedabad,6582523351,,1692200.0,1.0,2016-07-19
C004216,Ananya Mehta,1972-06-23,53,Delhi,6812731655,ananya.mehta.4216@example.in,516000.0,3.0,2023-02-10
C004217,Ishaan Rao,1965-08-18,60,Ahmedabad,91-769-050-8295,ishaan.rao.4217@example.in,1596000.0,6.0,2021-08-06
C004218,Aarav Jain,1978-03-29,47,CHENNAI,6726933565,aarav.jain.4218@example.in,791200.0,5.0,2015-11-21
C004219,Kavya Menon,2001-12-29,24,Mumbai,6527471573,kavya.menon.4219@example.in,589900.0,5.0,2015-01-01
C004220,Rohan Sen,1980-06-10,45,Mumbai,9978304084,rohan.sen.4220@example.in,1092500.0,2.0,2015-04-13
C004221,Sneha Nair,1955-05-02,70,Mumbay,6261456161,sneha.nair.4221@example.in,592500.0,,2020-03-30
C004222,Tanvi Jain,1972-03-18,53,Mumbai,7998374771,tanvi.jain.4222@example.in,936800.0,6.0,2024-05-16
C004223,Aarav Nair,1970-06-06,55,Jaypur,7350351156,aarav.nair.4223@example.in,850100.0,4.0,2023-07-27
C004224,Mira Sina,1977-06-25,48,Delhi,8655575755,mira.sinha.4224@example.in,905300.0,3.0,2023-07-21
C004225,Ishita Mishra,1973-05-02,52,DELHI,7113294790,ishita.mishra.4225@example.in,1186300.0,5.0,2022-10-31
C004226,Kavya Rao,1951-10-03,74,Kochi,9466072044,kavya.rao.4226@example.in,539200.0,4.0,2017-05-06
C004227,Zoya Banerjee,1956-12-01,69,AHMEDABAD,6244749788,zoya.banerjee.4227@example.in,782100.0,6.0,2020-09-29
C004228,Anika Gupta,1997-09-30,28,Kochi,7434952891,anika.gupta.4228@example.in,531300.0,6.0,2019-08-12
C004229,Shreya Das,2001-03-13,24,Ahmedabad,7386569374,shreya.das.4229@example.in,1261700.0,5.0,2019-03-23
C004230,Ananya Banerjee,1968-09-12,57,Ahmedabad,6829454589,,705500.0,5.0,2019-12-12
C004231,Pooja Jain,1961-11-04,64,Chennai,8637036969,pooja.jain.4231@example.in,1092000.0,3.0,2021-09-28
C004232,Krishna Mehta,1974-12-03,51,Bhopal,7889644946,krishna.mehta.4232@example.in,,2.0,2023-04-20
C004233,Sneha Mishra,1973-08-15,52,Ahmedabad,9857342690,sneha.mishra.4233@example.in,679100.0,1.0,2023-04-20
C004234,Arjun Tiwari,1966-08-19,59, Jaipur ,6529320757,arjun.tiwari.4234@example.in,775600.0,7.0,2020-01-30
C004235,Nikhil Mukherjee,1982-10-27,43,Ahmedabad, 69024-69328 ,nikhil.mukherjee.4235@example.in,1204900.0,6.0,2025-01-20
C004236,NISHA AGARWAL,1996-05-17,29,Pune,7488333272,nisha.agarwal.4236@example.in,577300.0,1.0,2023-05-16
C004237,Mira Desai,1976-05-30,49,Pune,9699563792,mira.desai.4237@example.in,880800.0,6.0,2015-11-11
C004238,Kavya Menon,1965-05-10,60,Bengaluru,7909585482,kavya.menon.4238@example.in,3258600.0,3.0,2015-10-21
C004239,Arjun Sen,1981-06-19,44,Chennai, 81005-94572 ,arjun.sen.4239@example.in,1788000.0,5.0,2020-11-25
C004240,Sanjay Khan,1980-07-13,45, Lucknow ,9488826797,sanjay.khan.4240@example.in,675700.0,5.0,2022-01-13
C004241,Varun Verma,2002-10-06,23,Ahemdabad,9628658175,varun.verma.4241@example.in,891000.0,2.0,2018-08-13
C004242,Saanvi Desai,1983-12-10,42,Hyderabad,8321825296,saanvi.desai.4242@example.in,863500.0,5.0,2016-01-31
C004243,Arjun Reddy,1951-06-14,74,Bhopal,9308296953,arjun.reddy.4243@example.in,727100.0,7.0,2021-08-02
C004244,Kabir Joshi,1968-01-06,57,Bhopal,6048903936,kabir.joshi.4244@example.in,904700.0,6.0,2020-06-27
C004245,Saanvi Chandra,1955-05-20,70,Pune,7135355401,saanvi.chandra.4245@example.in,802800.0,2.0,2022-04-10
C004246,Diya Singh,1977-12-09,48,Bhopal,6702246974,diya.singh.4246@example.in,,4.0,2017-08-24
C004247,Aditya Patel,1950-11-04,75,Pune,+91 67023 56835,aditya.patel.4247@example.in,527000.0,6.0,2023-09-04
C004248,Arjun Verma,1999-12-17,26,Delhi,6192098226,arjun.verma.4248@example.in,1763300.0,1.0,2022-02-06
C004249,Aditi Shah,1971-02-14,54,KOLKATA,8766740797,aditi.shah.4249@example.in,3147500.0,3.0,2016-12-04
C004250,Rhea Desai,1991-06-13,34,Ahemdabad,6434162231,rhea.desai.4250@example.in,484100.0,7.0,2025-07-29
C004251,Mira Kulkarni,1967-06-27,58,Dilli,6473040314,mira.kulkarni.4251@example.in,561600.0,7.0,2020-10-15
C004252,Krishna Das,1963-08-22,62,Mumbai,8762013680,krishna.das.4252@example.in,2970100.0,3.0,2022-08-16
C004253,Anika Tiwari,1950-12-29,75,Mumbai,9960978991,anika.tiwari.4253@example.in,1307600.0,3.0,2021-11-15
C004254,Diya Agarwal,1956-03-21,69,Chennai,91-833-212-5595,diya.agarwal.4254@example.in,1662300.0,1.0,2021-08-30
C004255,Krishna Kulkarni,1982-03-06,43,Kolkata,6799577434,krishna.kulkarni.4255@example.in,354500.0,4.0,2020-03-15
C004256,Pranav Mehta,1970-05-11,55, Mumbai , 60137-54434 ,pranav.mehta.4256@example.in,342900.0,3.0,2021-02-21
C004257,Anika Jain,1987-05-13,38,Delhi,+91 75848 57284,anika.jain.4257@example.in,256600.0,2.0,2017-02-08
C004258,Sahil Iyer,1952-03-23,73,Jaipur,7047128001,sahil.iyer.4258@example.in,1659800.0,3.0,2018-04-12
C004259,Ananya Subramanian,1998-04-29,27,Dilli,8783818227,,811600.0,2.0,2024-02-17
C004260,Saanvi Banerjee,1974-12-01,51,KOCHI,6306515848,saanvi.banerjee.4260@example.in,996900.0,1.0,2020-03-24
C004261,Sneha Rao,1959-10-08,66,Chennai,6652877429,sneha.rao.4261@example.in,980400.0,4.0,2025-12-30
C004262,Krishna Sah,1999-06-26,26,KOLKATA,8978965042,krishna.shah.4262@example.in,756000.0,1.0,2017-06-13
C004263,Saanvi Sinha,1964-01-03,61,Kolkata,7275776596,saanvi.sinha.4263@example.in,467900.0,5.0,2016-12-20
C004264,Meera Subramanian,1969-05-12,56,Bengaluru,8907586137,meera.subramanian.4264@example.in,732500.0,4.0,2015-12-24
C004265,Diya Iyer,1962-10-21,63,Lucknow,8579240885,diya.iyer.4265@example.in,1204800.0,7.0,2023-04-10
C004266,Sneha Subramanian,1952-05-18,73,Lakhnau,6697175677,sneha.subramanian.4266@example.in,766900.0,1.0,2024-03-19
C004267,Rohan Jain,1986-04-02,39,Kolkata,9540402469,rohan.jain.4267@example.in,2486700.0,,2018-05-04
C004268,Pooja Gupta,1954-03-20,71,Ahmedabad,7632129123,pooja.gupta.4268@example.in,1578200.0,7.0,2015-05-01
C004269,Shreya Menon,1972-05-07,53,Pune,6009413885,shreya.menon.4269@example.in,456500.0,4.0,2015-04-18
C004270,Kabir Gupta,1974-10-14,51,Bombay,(602) 833-0389,kabir.gupta.4270@example.in,463400.0,1.0,2025-11-17
C004271,ZOYA BANERJEE,1992-09-29,33,HYDERABAD,7812520133,zoya.banerjee.4271@example.in,339500.0,7.0,2018-02-13
C004272,Meera Shah,1994-08-10,31,Bhopal,8867355004,meera.shah.4272@example.in,637400.0,6.0,2017-04-21
C004273,Aarav Subramanian,1970-03-04,55,Kochi,6216985882,aarav.subramanian.4273@example.in,770700.0,7.0,2019-01-07
C004274,Ananya Agarwal,1959-10-19,66,Ahmedabad,8770405377,ananya.agarwal.4274@example.in,1288100.0,4.0,2022-05-06
C004275,Saanvi Nair,1978-12-05,47,Jaipur,+91 64308 73369,saanvi.nair.4275@example.in,559300.0,4.0,2020-12-16
C004276,Meera Joshi,1956-08-15,69,LUCKNOW,7173414596,meera.joshi.4276@example.in,655000.0,3.0,2025-07-18
C004277,Sneha Sinha,1991-10-21,34,Delhi,9196132188,sneha.sinha.4277@example.in,1193900.0,5.0,2024-01-02
C004278,Rohan Singh,1979-10-24,46,LUCKNOW,9600804296,rohan.singh.4278@example.in,1634100.0,5.0,2017-03-21
C004279,Kabir Kapoor,2004-02-15,21,KOCHI, 78711-73360 ,kabir.kapoor.4279@example.in,,2.0,2024-09-13
C004280,Aditi Gupta,1966-04-04,59,Hyderabad,8519679640,aditi.gupta.4280@example.in,451700.0,1.0,2021-12-01
C004281,Saanvi Subramanian,1993-07-08,32,Bengaluru,9742723911,saanvi.subramanian.4281@example.in,689300.0,7.0,2021-11-18
C004282,Kavya Bose,1998-10-03,27,Mumbai,8460777052,kavya.bose.4282@example.in,819700.0,7.0,2020-12-26
C004283,Rohan Mehta,1960-01-18,65,Bengaluru,91-740-724-8805,rohan.mehta.4283@example.in,535000.0,1.0,2017-09-21
C004284,S. Kulkarni,1973-12-30,52,Jaipur,9657677715,shreya.kulkarni.4284@example.in,1750100.0,6.0,2022-12-21
C004285,Rahul Kapoor,1957-11-11,68,PUNE,8844169173,rahul.kapoor.4285@example.in,1592800.0,7.0,2018-05-10
C004286,Anika Iyer,1987-10-01,38,Kochi,8671583065,anika.iyer.4286@example.in,1150700.0,3.0,2024-05-10
C004287,Aditi Tiwari,1976-07-31,49,Pune,9688300689,aditi.tiwari.4287@example.in,770300.0,6.0,2022-06-14
C004288,Zoya Iyer,1991-08-05,34, Kochi ,6517648350,zoya.iyer.4288@example.in,1037200.0,3.0,2015-12-24
C004289,Kavya Bose,1998-02-11,27,Delhi,8448185536,kavya.bose.4289@example.in,2744100.0,6.0,2023-01-21
C004290,Ishita Menon,1973-05-22,52,Delhi,6599379211,ishita.menon.4290@example.in,1836700.0,2.0,2018-10-06
C004291,Aditya Rao,2005-07-20,20,Lucknow,7003256106,aditya.rao.4291@example.in,966100.0,2.0,2023-02-19
C004292,Aditi Sinha,1980-07-22,45,Bhopal,6052391793,aditi.sinha.4292@example.in,785700.0,5.0,2022-02-13
C004293,  ishaan   iyer  ,1964-07-24,61,Pune,6785251378,ishaan.iyer.4293@example.in,925600.0,3.0,2022-07-03
C004294,Aarav Jain,2000-07-11,25,Hyderabad,6091955044,aarav.jain.4294@example.in,502900.0,1.0,2023-08-30
C004295,Sahil Verma,1995-08-17,30,Bengaluru,(942) 863-6123,sahil.erma.4295@example.in,387600.0,1.0,2024-12-17
C004296,Rhea Patel,1983-08-20,42,Chennai, 64858-43194 ,rhea.patel.4296@example.in,1256900.0,6.0,2018-05-09
C004297,Pranav Kulkarni,1996-12-01,29,Madras,7710064043,,431500.0,4.0,2025-08-07
C004298,Aarav Mehta,1993-06-16,32,Chennai,8570549235,aarav.mehta.4298@example.in,318200.0,4.0,2020-05-27
C004299,Krishna Desai,1961-03-23,64,Hyderabad,8553845110,krishna.desai.4299@example.in,2151000.0,7.0,2021-07-16
C004300,Krishna Mishra,1972-06-07,53,Chennai,7568698903,krishna.mishra.4300@example.in,740000.0,5.0,2023-04-20
C004301,Varun Sen,1984-09-11,41,Kochi,9150446726,varun.sen.4301@example.in,3702800.0,4.0,2021-05-17
C004302,Tanvi Sen,2002-04-24,23,Jaipur,6142534467,tanvi.sen.4302@example.in,632200.0,5.0,2019-11-30
C004303,Tanvi Desai,1988-10-02,37,Pune,+91 60861 20801,tanvi.desai.4303@example.in,,7.0,2024-05-31
C004304,Pooja Menon,1980-03-12,45,Bengaluru,9450903629,pooja.menon.4304@example.in,841600.0,4.0,2022-07-04
C004305,Zoya Das,1992-05-06,33,Hyderabad,7046807585,zoya.das.4305@example.in,781500.0,5.0,2016-10-03
C004306,Krishna Subramanian,2002-03-12,23,Bhopal,+91 95368 93722,krishna.subramanian.4306@example.in,774700.0,6.0,2021-01-16
C004307,Ananya Jain,1968-06-15,57,Ahmedabad,6984594966,ananya.jain.4307@example.in,,1.0,2025-07-30
C004308,Varun Sharma,1979-07-03,46,Delhi,9478836012,varun.sharma.4308@example.in,368900.0,6.0,2023-06-14
C004309,Pooja Joshi,1961-05-31,64,Kochi,+91 90733 72246,pooja.joshi.4309@example.in,2003800.0,,2025-01-16
C004310,Pranav Chandra,1968-08-26,57,Bhopal,9672562063,pranav.chandra.4310@example.in,1002700.0,2.0,2020-07-20
C004311,Diya Iyer,2005-03-28,20,Bengluru,9478297906,diya.iyer.4311@example.in,698200.0,7.0,2020-12-05
C004312,Rhea Sharma,1962-04-25,63,Chennai,(613) 421-8090,rhea.sharma.4312@example.in,2043900.0,3.0,2019-06-28
C004313,Ishita Shh,1984-09-23,41,Chennai,6383715459,ishita.shah.4313@example.in,723100.0,6.0,2015-11-23
C004314,Ishaan Shah,1977-03-20,48,Jaipur,8587187618,ishaan.shah.4314@example.in,631600.0,6.0,2023-07-22
C004315,Arjun Das,1954-12-08,71,Kochi,91-922-473-8735,arjun.das.4315@example.in,,5.0,2024-11-30
C004316,Kavya Chandra,1987-12-02,38,Kolkata,,kavya.chandra.4316@example.in,438300.0,3.0,2020-05-19
C004317,Nikhil Bose,1968-06-13,57,Delhi,7448983613,nikhil.bose.4317@example.in,1639800.0,2.0,2024-06-25
C004318,Nisha Roy,1977-05-10,48,Lucknow,7623806697,nisha.roy.4318@example.in,876700.0,3.0,2022-05-22
C004319,Aditi Sen,1977-11-26,48,Hyderabad,7914665810,aditi.sen.4319@example.in,299400.0,2.0,2019-01-21
C004320,Akshay Shah,1997-01-30,28,Lucknow,8293288888,akshayshah4320@example.in,,,2019-09-27
C004321,Rohan Mehta,1999-02-05,26,Chenai,8224346385,rohan.mehta.4321@example.in,1072900.0,1.0,2024-05-30
C004322,Mira Patel,1957-12-15,68,Mumbai,8706590953,mira.patel.4322@example.in,1091400.0,6.0,2015-11-10
C004323,Pranav Misra,1994-05-09,31,Bengaluru,,pranav.mishra.4323@example.in,903100.0,3.0,2016-01-10
C004324,Rea Subramanian,1969-03-27,56,Ahmedabad,91-862-603-0789,rhea.subramanian.4324@example.in,634900.0,2.0,2015-01-19
C004325,Aditi Singh,1999-10-23,26,Kochin,6538865009,aditi.singh.4325@example.in,344800.0,6.0,2016-09-29
C004326,Nisha Gupta,1998-12-02,27,Hyderabad,8865343036,nisha.gupta.4326@example.in,1839300.0,,2021-06-02
C004327,Saanvi Rao,1953-01-03,72,Kochi,9300059501,saanvi.rao.4327@example.in,1146700.0,3.0,2018-02-27
C004328,Kabir Jain,1969-06-10,56,Lucknow,7808894535,kabir.jain.4328@example.in,1714600.0,7.0,2023-10-01
C004329,Rhea Desai,1975-05-07,50,Mumbai,7567328290,rhea.desai.4329@example.in,214000.0,6.0,2025-10-15
C004330,Sanjay Menon,1974-06-26,51,Hyderabad,9033587779,sanjay.menon.4330@example.in,520400.0,3.0,2015-07-12
C004331,Sahil Gupta,1991-07-07,34,Ahmedabad,9579565079,sahil.gupta.4331@example.in,239000.0,1.0,2022-03-16
C004332,Rhea Tiwari,1967-03-30,58,Lucknow,9885307868,rhea.tiwari.4332@example.in,5065800.0,1.0,2020-02-23
C004333,Saanvi Mehta,1992-11-27,33,Lucknow,7734322074,saanvimehta4333@example.in,1224100.0,3.0,2016-02-06
C004334,Aditya Sen,1963-11-07,62,Kolkata,9723154268,aditya.sen.4334@example.in,852400.0,6.0,2023-11-01
C004335,Anika Kapoor,1994-01-03,31,Hyderabad,(928) 970-0823,anika.kapoor.4335@example.in,580700.0,3.0,2017-05-27
C004336,Pooja Joshi,1999-11-11,26,Kochi,9421265318,POOJA.JOSHI.4336@EXAMPLE.IN,659700.0,7.0,2020-06-27
C004337,Mira Shah,1966-09-08,59,Delhi,7899502273,mira.shah.4337@example.in,1243400.0,7.0,2025-05-11
C004338,Rohan Sen,1979-04-14,46,Kochi,9530298915,rohan.sen.4338@example.in,2089900.0,7.0,2024-03-20
C004339,Diya Das,2005-08-09,20,Bengaluru,(942) 954-0165,diya.das.4339@example.in,752800.0,2.0,2018-03-26
C004340,Vikram Sen,1961-02-22,64,Mumbai,7667048602,vikram.sen.4340@example.in,736300.0,,2015-01-02
C004341,Aditi Mehta,1988-03-06,37,Bhopal,9666721430,aditi.mehta.4341@example.in,732700.0,1.0,2019-01-01
C004342,Rhea Nair,1963-10-17,62,Chennai,(989) 866-6716,rhea.nair.4342@example.in,1896500.0,,2018-07-30
C004343,Akshay Rao,1974-08-01,51,Hyderabad,9283394139,akshay.rao.4343@example.in,1203000.0,1.0,2021-12-20
C004344,Sahil Mishra,1979-01-25,46,Ahmedabad,7167110538,sahil.mishra.4344@example.in,396700.0,1.0,2015-07-14
C004345,Aarav Kapoor,1979-02-15,46,Delhi,9086968108,aarav.kapoor.4345@example.in,717700.0,,2020-06-19
C004346,Varun Verma,2005-10-01,20,Bengaluru,6796034622,varun.verma.4346@example.in,520100.0,7.0,2018-12-10
C004347,Meera Subramanian,1983-08-27,42,KOCHI,7434185533, meera.subramanian.4347@example.in ,894300.0,3.0,2022-03-19
C004348,Ishaan Mishra,1996-09-08,29,Kolkata ,6503358710,ishaan.mishra.4348@example.in,804700.0,5.0,2025-05-20
C004349,Shreya Iyer,1958-02-06,67,Chennai ,9204086339,shreya.iyer.4349@example.in,139500.0,1.0,2019-06-11
C004350,Meera Mishra,1992-12-24,33,Ahmedabad,9306567796,meera.mishra.4350@example.in,561000.0,2.0,2023-09-03
C004351,Zoya Reddy,1956-10-14,69,Kolkata,7367637210,zoya.reddy.4351@example.in,837100.0,2.0,2021-12-21
C004352,Arjun Bose,1968-11-05,57,Delhi,7310803808,arjun.bose.4352@example.in,291500.0,7.0,2017-08-25
C004353,Saanvi Iyer,1984-03-13,41,Kochi,8072087858,saanvi.iyer.4353@example.in,831200.0,6.0,2024-12-03
C004354,Arjun Mehta,1996-04-02,29,Pune,7676454156,,2087300.0,2.0,2020-07-23
C004355,Rohan Gupta,1983-06-23,42,Bengaluru,9663196393,rohan.gupta.4355@example.in,561400.0,1.0,2024-07-02
C004356,Kabir Patel,1981-04-08,44,Lucknow, 86404-19382 ,kabir.patel.4356@example.in,1600200.0,4.0,2017-06-10
C004357,Saanvi Chandra,1957-08-22,68,Lucknow,8105128547,saanvi.chandra.4357@example.in,348500.0,1.0,2022-01-29
C004358,Rahul Sinha,1958-09-20,67,Mumbai,9284054299,rahul.sinha.4358@example.in,288100.0,3.0,2019-10-16
C004359,Sanjay Nair,1976-08-03,49,Kolkata,8273131760,sanjay.nair.4359@example.in,898000.0,7.0,2024-07-17
C004360,Sanjay Khan,2002-12-21,23,Bengaluru,9488592935,sanjay.khan.4360@example.in,1033000.0,7.0,2022-11-28
C004361,Pranav Gupta,1982-03-24,43,Bhopal,7011757735,pranav.gupta.4361@example.in,294200.0,6.0,2021-04-14
C004362,Ishita Chandra,1992-01-08,33, Jaipur ,(834) 993-7996,ishita.chandra.4362@example.in,1126200.0,2.0,2020-09-06
C004363,Meera Shah,2001-07-26,24,Lucknow,9786351983,meera.shah.4363@example.in,1685000.0,1.0,2021-01-11
C004364,Nikhil Banerjee,1984-05-21,41,Bhopal,8966915321,,832400.0,6.0,2025-10-06
C004365,Sanjay Kapoor,1954-03-11,71,Lucknow,7611879615,sanjay.kapoor.4365@example.in,1390600.0,5.0,2016-05-18
C004366,Ishaan Sen,2003-05-28,22,Lucknow,6259024115,ishaan.sen.4366@example.in,467700.0,3.0,2018-11-17
C004367,Priya Singh,1974-05-20,51,Delhi,7510107766,priya.singh.4367@example.in,595900.0,1.0,2024-10-22
C004368,Sanjay Iyer,1952-04-02,73,Bengaluru,9417474999,sanjay.iyer.4368@example.in,353800.0,3.0,2018-11-24
C004369,Pranav Banerjee,1962-04-11,63,Kochin,6395076237,pranav.banerjee.4369@example.in,515200.0,,2023-11-15
C004370,Nisha Tiwari,1973-10-25,52,Chennai,8314245308,nisha.tiwari.4370@example.in,1275400.0,3.0,2015-06-19
C004371,Aditya Sinha,1950-01-13,75,Hyderabad,9504389809,aditya.sinha.4371@example.in,1456400.0,2.0,2025-04-13
C004372,Pranav Chandra,1981-03-13,44,Kolkata,8134696001,pranav.chandra.4372@example.in,805100.0,,2022-11-01
C004373,Akshay Iyer,2003-07-04,22,Bhopal,6406202243,akshay.iyer.4373@example.in,1379300.0,7.0,2022-05-27
C004374,TANVI SHARMA,1982-02-02,43,PUNE,8267589321,tanvi.sharma.4374@example.in,863800.0,2.0,2025-11-06
C004375,Pooja Desai,1992-02-23,33,Bhopal,7802366188,pooja.desai.4375@example.in,1263400.0,6.0,2023-12-03
C004376,Sneha Rao,1991-09-11,34,Hyderabad,8516133519,sneha.rao.4376@example.in,2037100.0,3.0,2017-05-26
C004377,Ishita Jain,1991-08-28,34,Ahemdabad,9816154490,ihita.jain.4377@example.in,639300.0,2.0,2019-06-14
C004378,Ishaan Chandra,1985-09-21,40,Ahemdabad,+91 83692 19750,ishaan.chandra.4378@example.in,673900.0,2.0,2020-11-03
C004379,Anika Mehta,1991-11-04,34,Kolkatta,7951300286,anika.mehta.4379@example.in,223300.0,6.0,2019-11-20
C004380,Rahul Reddy,1973-12-29,52,Pune,7622241385,rahul.reddy.4380@example.in,1033000.0,5.0,2018-12-31
C004381,SNEHA DESAI,1999-03-08,26,Jaipur,7741118279,,960800.0,5.0,2019-06-25
C004382,Saanvi Das,1980-09-16,45,Jaypur,8068878517,saanvi.das.4382@example.in,,3.0,2024-11-23
C004383,Zoya Mukherjee,1957-03-19,68,Mumbai,7440227674,zoya.mukherjee.4383@example.in,583400.0,1.0,2020-01-14
C004384,Krishna Sharma,1990-12-26,35,Pune,6975599164,krishna.sharma.4384@example.in,898100.0,2.0,2021-04-01
C004385,Saanvi Mehta,1965-11-04,60,Chennai,7383326591,saanvi.mehta.4385@example.in,1558500.0,4.0,2018-09-22
C004386,Ishita Jain,1989-06-26,36,Bhopal,7692813236,ishita.jain.4386@example.in,392500.0,5.0,2025-02-24
C004387,Nisha Patel,2000-10-14,25,Ahmedabad,8704359178,nisha.patel.4387@example.in,371400.0,2.0,2017-12-02
C004388,Ishaan Sharma,2000-12-09,25,Lucknow,9424736430,ishaan.sharma.4388@example.in,404900.0,6.0,2020-01-20
C004389,Aditya Nair,1963-08-06,62,Bengaluru,8152947840,aditya.nair.4389@example.in,886900.0,5.0,2016-11-28
C004390,Diya Reddy,1976-03-14,49,Kolkata,9629863312,diya.reddy.4390@example.in,2471500.0,1.0,2024-06-10
C004391,Aarav Rddy,1983-12-26,42,LUCKNOW,6596035289,aarav.reddy.4391@example.in,413100.0,4.0,2024-09-29
C004392,Vikram Desai,1974-02-05,51,Kochi,6648987442,vikram.desai.4392@example.in,,5.0,2020-02-02
C004393,Pranav Nair,1976-06-11,49,Chennai,7684084787,pranav.nair.4393@example.in,695200.0,6.0,2023-10-07
C004394,Anika Sharma,1954-05-07,71,Kolkata,8779562795,anika.sharma.4394@example.in,380400.0,2.0,2016-08-15
C004395,Ananya Sharma,1965-06-29,60,Lucknow,9217249127,ananya.sharma.4395@example.in,716100.0,4.0,2015-05-01
C004396,Aditya Das,1994-05-02,31,Chennai, 89532-21579 ,aditya.das.4396@example.in,,7.0,2015-08-24
C004397,Diya Khan,1964-01-07,61,Bhopal,8142896850,diya.khan.4397@example.in,1812700.0,1.0,2022-03-02
C004398,Zoya Roy,1974-09-12,51,Pune, 98494-44076 ,zoya.roy.4398@example.in,2111700.0,2.0,2025-09-27
C004399,Pooja Sharma,1995-10-20,30,Chennai,7506073443,pooja.sharma.4399@example.in,358500.0,3.0,2021-10-11
C004400,Akshay Gupta,1972-10-20,53,Jaipur, 66116-68630 ,akshay.gupta.4400@example.in,731300.0,2.0,2024-08-30
C004401,Aarav Nair,1963-07-18,62,Delhi,7753394926,aarav.nair.4401@example.in,534900.0,3.0,2021-12-23
C004402,Nisha Verma,1975-08-28,50,Chennai,9592460458,nisha.verma.4402@example.in,1010600.0,6.0,2019-06-19
C004403,Shreya Shah,1981-06-26,44,Jaypur,8030135073,shreya.shah.4403@example.in,641500.0,7.0,2021-08-13
C004404,Sanjay Subramanian,1968-07-27,57,Hyderabad,7859950656,sanjay.subramanian.4404@example.in,861100.0,1.0,2018-06-13
C004405,Rohan Chandra,2003-05-20,22,Chennai,,rohan.chandra.4405@example.in,544300.0,7.0,2024-01-08
C004406,Rohan Agarwal,1975-12-16,50,BHOPAL,91-794-717-5203,ROHAN.AGARWAL.4406@EXAMPLE.IN,567100.0,6.0,2025-12-16
C004407,Aditi Mehta,1999-10-17,26,Bhopal,+91 77635 28415,aditi.mehta.4407@example.in,903900.0,5.0,2025-05-04
C004408,Ishaan Das,1978-05-07,47,Ahmedabad,6058045724,ishaan.das.4408@example.in,,5.0,2022-11-27
C004409,Aditya Joshi,1982-08-09,43,Lucknow,8316806921,aditya.joshi.4409@example.in,363900.0,7.0,2022-02-07
C004410,ISHITA MENON,1979-03-31,46,Kochin,8735155780,ishita.menon.4410@example.in,911400.0,7.0,2017-06-19
C004411,Sahil Jain,1982-03-12,43,Mumbai,9413048145,sahil.jain.4411@example.in,662500.0,5.0,2015-01-27
C004412,Rahul Kapoor,1959-04-22,66,Ahmedabad,7183880152,rahul.kapoor.4412@example.in,897400.0,1.0,2017-07-04
C004413,PRIYA MEHTA,2003-03-23,22,Bengaluru,6343231685,priya.mehta.4413@example.in,1430200.0,4.0,2024-05-07
C004414,Nisha Mukherjee,1965-05-11,60,Kochi,+91 83287 23108,,,6.0,2025-03-06
C004415,Tanvi Mishra,1997-08-22,28,Puna,,tanvi.mishra.4415@example.in,799900.0,1.0,2024-09-21
C004416,Nisha Menon,1952-05-12,73,Lucknow,(904) 614-7028,nisha.menon.4416@example.in,2451100.0,6.0,2025-05-03
C004417,Saanvi Desai,1958-12-15,67,PUNE,9036609476,saanvi.desai.4417@example.in,,3.0,2024-06-04
C004418,Arjun Jain,1996-07-07,29,Pune,+91 71405 50932,arjun.jain.4418@example.in,911300.0,1.0,2016-03-21
C004419,Akshay Menon,1971-10-20,54,Hyderbad,7094462793,akshay.menon.4419@example.in,1110900.0,4.0,2021-04-24
C004420,Aditi Gupta,1983-08-20,42,Pune,(688) 437-5720,aditi.gupta.4420@example.in,720300.0,1.0,2016-05-05
C004421,Kavya Roy,2000-09-14,25,Bengaluru,7514426538,kavya.roy.4421@example.in,738200.0,3.0,2019-11-29
C004422,Rahul Kulkarni,2002-07-28,23,Mumbai,6154612448,rahul.kulkarni.4422@example.in,1611600.0,6.0,2022-02-06
C004423,Ishaan Subramanian,1956-02-24,69,Kolkata, 62073-16511 ,ishaan.subramanian.4423@example.in,660600.0,5.0,2018-12-12
C004424,Kavya Gupta,1954-06-25,71,Bengaluru,6441343097,kavya.gupta.4424@example.in,1605600.0,2.0,2015-10-24
C004425,Diya Singh,1974-11-01,51,Delhi,7632836013,diya.singh.4425@example.in,986100.0,4.0,2015-10-24
C004426,Mira Tiwari,1967-02-17,58,Delhi,6938386672,mira.tiwari.4426@example.in,303900.0,4.0,2021-04-19
C004427,Saanvi Reddy,1971-12-23,54,Jaipur,6067793506,saanvi.reddy.4427@example.in,509800.0,3.0,2024-07-09
C004428,Shreya Khan,1968-10-24,57,Hyderabad,,shreya.khan.4428@example.in,529700.0,7.0,2015-05-03
C004429,Aarav Nair,1991-02-16,34,Jaipur,8145618589,aarav.nair.4429@example.in,2124500.0,4.0,2023-02-09
C004430,Meera Reddy,1954-07-13,71,Mumbai,8889690792,meera.reddy.4430@example.in,794600.0,7.0,2022-12-11
C004431,Aksay Joshi,1966-12-26,59,Chennai,6380627918,akshay.joshi.4431@example.in,1246600.0,4.0,2023-05-27
C004432,Aditi Jain,1950-12-30,75, Lucknow ,7014323941,aditi.jain.4432@example.in,1033800.0,1.0,2022-09-03
C004433,Ishita Banerjee,1984-07-05,41,Ahmedabad,,ishita.banerjee.4433@example.in,1028100.0,5.0,2015-08-21
C004434,Ananya Mehta,1967-10-04,58,Hyderabad,8010575278,ananya.mehta.4434@example.in,671500.0,6.0,2017-08-15
C004435,Mira Rao,2005-10-17,20,Delhi,91-746-992-8981,mira.rao.4435@example.in,,4.0,2021-01-13
C004436,Rhea Mukherjee,1961-06-17,64,Jaipur,7662015896,rhea.mukherjee.4436@example.in,723700.0,,2021-11-27
C004437,Pranav Bose,1987-04-08,38,Pune,7221699517,pranav.bose.4437@example.in,488800.0,7.0,2021-10-19
C004438,Rohan Sen,1958-03-06,67,Jaipur,9915561952,rohan.sen.4438@example.in,623300.0,4.0,2016-05-11
C004439,Nisha Reddy,1961-12-16,64,Kolkata,8231527970,nisha.reddy.4439@example.in,753800.0,,2024-03-22
C004440,Nisha Agarwal,1990-12-10,35,Chennai,6377647845,nisha.agarwal.4440@example.in,947700.0,7.0,2023-11-03
C004441,Rhea Das,1965-01-01,61,Lucknow,+91 80221 88321,rhea.das.4441@example.in,771700.0,,2025-11-27
C004442,Tanvi Tiwari,1966-11-22,59,AHMEDABAD,9201397202,tanvi.tiwari.4442@example.in,,6.0,2021-01-10
C004443,Aditya Chandra,1953-07-25,72,Chennai,8003601792,aditya.chandra.4443@example.in,634800.0,7.0,2024-11-11
C004444,Ishaan Subramanian,1984-05-08,41,Mumbai,+91 91452 12488,ishaan.subramanian.4444@example.in,686800.0,7.0,2016-06-21
C004445,Ishita Verma,1951-04-08,74,Bengaluru,7784242100,ishita.verma.4445@example.in,512000.0,2.0,2019-06-21
C004446,Rhea Chandra,1990-07-02,35,Mumbai,(868) 309-3420,,1761900.0,,2023-09-13
C004447,Saanvi Khan,1953-05-25,72,Bengaluru,7280085796,saanvi.khan.4447@example.in,1184700.0,5.0,2016-06-01
C004448,Mira Roy,2005-05-07,20,Mumbai,9915577484,mira.roy.4448@example.in,446500.0,6.0,2021-11-07
C004449,Rahul Joshi,1985-10-05,40,Ahmedabad, 78439-27989 ,rahul.joshi.4449@example.in,1075800.0,6.0,2016-12-14
C004450,Ishita Patel,1961-07-06,64,Kochi,9786568488,ishita.patel.4450@example.in,1039000.0,2.0,2019-09-25
C004451,Sanjay Mehta,1960-10-04,65,Bhopal,8769207712,sanjay.mehta.4451@example.in,507300.0,2.0,2019-11-10
C004452,Aarav Patel,1997-08-02,28,Chennai,7436261635, aarav.patel.4452@example.in ,929100.0,4.0,2025-10-19
C004453,Akshay Joshi,1992-02-24,33,Jaipur,7252578078,akshay.joshi.4453@example.in,1552800.0,2.0,2015-01-24
C004454,Pranav Jain,1951-04-23,74,Lucknow,6724970364,pranav.jain.4454@example.in,595000.0,1.0,2017-08-24
C004455,Priya Chandra,2001-04-11,24,Pune,7655339846,priya.chandra.4455@example.in,2036500.0,3.0,2019-03-10
C004456,Rahul Bose,1953-04-11,72,Kolkata,9435049548,rahul.bose.4456@example.in,1210500.0,1.0,2019-10-22
C004457,Tanvi Sen,1978-06-17,47,Bengaluru,8875664832,tanvi.sen.4457@example.in,625700.0,3.0,2023-09-04
C004458,Sahil Patel,1988-05-15,37,Mumbai,8806163048,sahil.patel.4458@example.in,,3.0,2018-05-15
C004459,Rahul Kulkani,1969-02-10,56,Kochi,8937894075,rahul.kulkarni.4459@example.in,492100.0,2.0,2021-02-25
C004460,Meera Tiwari,1962-05-24,63,Jaipur,6858678285,meera.tiwari.4460@example.in,984300.0,6.0,2019-11-18
C004461,Shreya Desai,1954-01-16,71,Bhopal,8198211958,shreya.desai.4461@example.in,1233000.0,4.0,2021-08-24
C004462,Aarav Joshi,1968-02-28,57,JAIPUR,9408211016,aarav.joshi.4462@example.in,779100.0,7.0,2024-05-11
C004463,Anika Khan,2005-12-21,20,Lucknow,6928489718,anika.khan.4463@example.in,204000.0,5.0,2024-03-06
C004464,Aarav Kapoor,1967-08-23,58,Chennai,6455391947,aarav.kapoor.4464@example.in,414800.0,7.0,2025-08-08
C004465,Sanjay Menon,1968-10-08,57,Bhopal,6554397840,sanjay.menon.4465@example.in,947300.0,3.0,2022-02-16
C004466,Kavya Bose,1952-05-26,73,Ahmedabad,7060138040,kavya.bose.4466@example.in,1902200.0,7.0,2023-05-15
C004467,Sahil Chandra,1974-07-23,51,JAIPUR,(611) 631-7983,sahil.chandra.4467@example.in,930800.0,2.0,2025-12-29
C004468,Rohan Agarwal,1998-05-24,27,Kolkata ,9707320686,rohan.agarwal.4468@example.in,471700.0,6.0,2015-11-05
C004469,Rohan Kapoor,1993-11-30,32,Delhi,6475740869,rohan.kapoor.4469@example.in,534000.0,3.0,2025-02-22
C004470,Kabir Kapoor,1959-04-14,66,Pune,7455645898,kabirkapoor4470@example.in,411200.0,7.0,2024-12-31
C004471,Pranav Mishra,1967-10-16,58,Mumbai,6132655286,pranav.mishra.4471@example.in,652400.0,6.0,2021-11-21
C004472,Pranav Mukherjee,1951-06-11,74,Kochi,9877452577,pranav.mukherjee.4472@example.in,714400.0,2.0,2017-08-19
C004473,Diya Kulkarni,1978-11-06,47,Bhopal,8670464311,diya.kulkarni.4473@example.in,2731600.0,1.0,2018-07-04
C004474,Shreya Kapoor,1953-12-21,72,Jaipur,8437253974,shreya.kapoor.4474@example.in,982500.0,7.0,2016-10-30
C004475,Pooja Jain,1968-04-07,57,Bhopal,9672994856,pooja.jain.4475@example.in,2342800.0,5.0,2024-09-13
C004476,Nisha Menon,2003-03-19,22,Kolkata,9231968909,nisha.menon.4476@example.in,1468700.0,,2015-09-10
C004477,Pranav Bose,2000-05-15,25,Chennai,6551616456,pranav.bose.4477@example.in,589200.0,7.0,2015-04-11
C004478,Nisha Mishra,1961-11-03,64,HYDERABAD,7949317069,nisha.mishra.4478@example.in,428200.0,5.0,2022-07-20
C004479,Krishna Mehta,1987-08-28,38,Delhi,8453382628,krishna.mehta.4479@example.in,1120800.0,,2020-08-03
C004480,Ishaan Nair,1974-10-07,51,Poona,6078208762,ishaan.nair.4480@example.in,500200.0,7.0,2023-04-22
C004481,Sahil Verma,1956-09-25,69,Delhi,,sahil.verma.4481@example.in,1839800.0,2.0,2025-01-20
C004482,Kavya Mishra,1982-04-07,43,Hyd,8197090580,kavya.mishra.4482@example.in,2264900.0,4.0,2024-06-16
C004483,Mira Iyer,1950-02-26,75,Pune,7916054923,mira.iyer.4483@example.in,405000.0,7.0,2021-07-03
C004484,S. Sen,1968-08-28,57,Ahmedabad,8447390116,sahil.sen.4484@example.in,732100.0,3.0,2015-08-29
C004485,Shreya Subramanian,1962-02-06,63,Pune,8480520413,shreya.subramanian.4485@example.in,,4.0,2022-03-16
C004486,Pranav Mehta,1975-06-19,50,Ahmedabad,7547189434,pranav.mehta.4486@example.in,,4.0,2024-10-17
C004487,Tanvi Patel,2000-08-18,25,Bengaluru,9200907685,tanvi.patel.4487@example.in,2282100.0,7.0,2019-07-12
C004488,Anika Tiwari,1956-11-28,69,Chennai,8009161178,anika.tiwari.4488@example.in,405100.0,5.0,2023-06-30
C004489,Rahul Subramanian,1961-02-22,64,Jaipur,6685082979,rahul.subramanian.4489@example.in,575600.0,3.0,2016-11-16
C004490,Kabir Shah,2002-05-05,23,Jaipur,7000052568,kabir.shah.4490@example.in,379200.0,3.0,2020-12-14
C004491,Kabir Menon,1967-05-31,58,Puna,6051443955,kabir.menon.4491@example.in,2731000.0,1.0,2021-01-01
C004492,Rahul Agarwal,1975-01-14,50,Bombay,91-889-624-5086,rahul.agarwal.4492@example.in,522500.0,6.0,2024-09-20
C004493,Zoya Bose,1967-12-18,58,Bengaluru,6226464052,zoya.bose.4493@example.in,244500.0,6.0,2016-07-01
C004494,Shreya Shah,1952-04-10,73,Kolkata,8969440467,shreya.shah.4494@example.in,1403700.0,5.0,2021-06-14
C004495,Aditya Verma,1956-05-29,69,Kolkata,8166287473,aditya.verma.4495@example.in,794900.0,2.0,2020-03-20
C004496,Arjun Agarwal,not-a-date,50,Kochi,8064124712,ARJUN.AGARWAL.4496@EXAMPLE.IN,1055800.0,1.0,2024-07-09
C004497,Anika Banerjee,1964-03-09,61,Ahmedabad,6606110707,anika.banerjee.4497@example.in,844700.0,1.0,2022-03-24
C004498,Kavya Joshi,1979-11-14,46,Bhopal,9238166910,kavya.joshi.4498@example.in,2207200.0,1.0,2016-03-21
C004499,Diya Reddy,1966-01-28,59, Bangalore ,6387035135,diya.reddy.4499@example.in,707100.0,3.0,2017-05-08
C004500,Sneha Chandra,1986-09-22,39,Bhopl,6940091049,sneha.chandra.4500@example.in,334100.0,7.0,2023-05-02
C004501,Nikhil Desai,1979-10-16,46,Hyderabad,9253723830,,657200.0,7.0,2025-11-21
C004502,Aditi Das,1998-01-12,27,Kolkata,(957) 892-3647,aditi.das.4502@example.in,1715400.0,3.0,2018-01-05
C004503,Sahil Shah,1963-09-02,62,Kolkata,9505217218,sahil.shah.4503@example.in,5390200.0,4.0,2025-12-17
C004504,Aditi Chandra,1991-10-22,34,Bengaluru,7081696224,aditi.chandra.4504@example.in,1100200.0,,2022-10-29
C004505,Akshay Agarwal,2000-06-14,25,Kochi,(625) 987-3779,akshay.agarwal.4505@example.in,447000.0,3.0,2019-04-29
C004506,Vikram Shah,1955-09-06,70,Lucknow,7256217242,vikram.shah.4506@example.in,916100.0,6.0,2024-05-13
C004507,Nisha Rao,1979-06-02,46,Bengluru,91-832-600-9736,nisha.rao.4507@example.in,459900.0,6.0,2020-11-04
C004508,Sahil Rao,1964-02-07,61,Bhopal,6226492749,sahil.rao.4508@example.in,1536300.0,1.0,2024-08-03
C004509,Vikram Rao,1972-09-24,53,Kochi,6935584379,,1834800.0,3.0,2018-03-05
C004510,Mira Desai,2005-08-03,20,Pune,91-717-260-2307,mira.desai.4510@example.in,2239000.0,5.0,2022-01-08
C004511,Rhea Kapoor,1955-12-29,70,Chennai,6139989721,rhea.kapoor.4511@example.in,5070500.0,2.0,2024-06-19
C004512,Meera Joshi,1976-06-03,49,Jaipur,6450270078,meera.joshi.4512@example.in,1082700.0,6.0,2021-04-01
C004513,Rohan Reddy,1983-08-04,42,Delhi,7869122487,rohan.reddy.4513@example.in,1131500.0,1.0,2018-06-22
C004514,Pooja Nair,1992-09-06,33,Delhi,91-608-752-6150,pooja.nair.4514@example.in,,4.0,2025-02-24
C004515,Tanvi Desai,1952-02-18,73,Kolkata , 91490-62340 ,tanvi.desai.4515@example.in,779400.0,3.0,2022-11-15
C004516,Krishna Kapoor,1970-06-13,55,Mumbai,8567589889,krishna.kapoor.4516@example.in,567000.0,3.0,2024-09-19
C004517,Nisha Khan,1955-02-28,70,Bombay,7512178227,nisha.khan.4517@example.in,594700.0,,2025-09-26
C004518,Meera Verma,1962-05-27,63,Bhopal,8028489539,meera.verma.4518@example.in,902400.0,2.0,2015-10-18
C004519,Mira Joshi,1967-09-23,58,Mumbai,6694349652,mira.joshi.4519@example.in,680600.0,7.0,2018-11-16
C004520,Shreya Shah,1955-05-23,70,Hyderabad,6965766007,shreya.shah.4520@example.in,1929800.0,3.0,2020-10-05
C004521,Rahul Sharma,1952-08-18,73,Kochi,(782) 757-9439,rahul.sharma.4521@example.in,,6.0,2023-04-25
C004522,Rahul Desai,1996-05-05,29,Bengaluru,6769362482,rahul.desai.4522@example.in,460100.0,6.0,2024-11-25
C004523,Ananya Reddy,1999-12-20,26,Mumbai,6946338206,ananya.reddy.4523@example.in,477600.0,2.0,2024-10-21
C004524,Aarav Tiwari,1970-09-26,55,Kolkata,91-711-337-6675,,,6.0,2019-06-03
C004525,Zoya Roy,2004-12-22,21,Lucknow,9316598233,zoya.roy.4525@example.in,1986800.0,4.0,2015-04-05
C004526,Rhea Chandra,1963-01-01,63,Ahemdabad,9956443907,rhea.chandra.4526@example.in,570300.0,3.0,2022-06-16
C004527,Kavya Sinha,1977-07-06,48, Kochi ,7954247765,kavya.sinha.4527@example.in,424500.0,4.0,2017-10-22
C004528,Rahul Roy,2005-09-20,20,Delhi,7863635553,rahul.roy.4528@example.in,919200.0,,2019-05-04
C004529,Anika Das,1980-01-12,45,Kolkata,7525775647,anika.das.4529@example.in,670800.0,3.0,2023-08-20
C004530,Ishaan Iyer,1975-03-18,50,Jaipur,7456943033,ishaan.iyer.4530@example.in,232400.0,6.0,2015-08-02
C004531,Sahil Banerjee,2005-12-12,20,Kochi,7061581250,sahil.banerjee.4531@example.in,851700.0,1.0,2023-09-23
C004532,Varun Patel,1984-04-07,41,Jaipur,91-834-988-7155,varun.patel.4532@example.in,965400.0,3.0,2023-06-07
C004533,Rhea Mishra,1994-12-08,31,Jaipur,7217303924,rhea.mishra.4533@example.in,1114200.0,7.0,2016-01-08
C004534,Mira Singh,1979-03-02,46,PUNE, 94831-42577 ,mira.singh.4534@example.in,673600.0,5.0,2018-05-20
C004535,Varun Chandra,1969-05-04,56,Calcutta,8973727686,varun.chandra.4535@example.in,711100.0,,2017-03-19
C004536,Anika Subramanian,1991-07-12,34,Lucknow,7300897669,anika.subramanian.4536@example.in,1413300.0,2.0,2021-01-04
C004537,Aditya Tiwari,2000-02-15,25,Lucknow,9182867007,aditya.tiwari.4537@example.in,328900.0,1.0,2022-11-19
C004538,Diya Kapoor,1989-04-16,36,Calcutta,,diya.kapoor.4538@example.in,,4.0,2025-05-04
C004539,Anika Verma,2001-12-24,24,Delhi,(958) 533-4692,anika.verma.4539@example.in,740100.0,3.0,2023-05-14
C004540,Nikhil Roy,1954-07-10,71,Lucknow,9264126933,nikhil.roy.4540@example.in,866600.0,7.0,2020-09-12
C004541,Aarav Gupta,1980-08-09,45,Lucknow,6907767554,,538800.0,6.0,2024-08-04
C004542,Aarav Bose,1992-07-12,33,Bhopal,8299827346,aarav.bose.4542@example.in,504800.0,5.0,2017-08-25
C004543,Sanjay Joshi,1969-08-09,56,Kochi,8340392074,sanjay.joshi.4543@example.in,981800.0,5.0,2025-10-13
C004544,Aarav Subramanian,2003-07-21,22,Lucknow,6935361102,aarav.subramanian.4544@example.in,822100.0,4.0,2023-06-14
C004545,Diya Rao,1972-10-11,53,Chennai,8970617172,diya.rao.4545@example.in,334400.0,5.0,2019-09-30
C004546,Kavya Mehta,1985-07-16,40, Lucknow ,6476545026,kavya.mehta.4546@example.in,640800.0,5.0,2016-01-04
C004547,Priya Nair,1982-03-24,43, Bangalore , 91994-95926 ,PRIYA.NAIR.4547@EXAMPLE.IN,742900.0,6.0,2023-04-19
C004548,Arjun Jain,1975-03-07,50,Hyderabad,9828677608,arjun.jain.4548@example.in,,2.0,2019-11-14
C004549,Ananya Joshi,1996-07-16,29,Bengaluru,8533843857,ananya.joshi.4549@example.in,1194500.0,6.0,2025-10-04
C004550,Zoya Iyer,1976-06-20,49,Bengaluru,9810529701,zoya.iyer.4550@example.in,486000.0,3.0,2021-10-06
C004551,Kavya Sharma,1965-03-16,60,Kolkata,,kavya.sharma.4551@example.in,944400.0,,2024-05-10
C004552,Rohan Gupta,1964-07-06,61,Bengaluru, 89706-18899 ,rohangupta4552@example.in,485100.0,1.0,2016-12-02
C004553,Rohan Mukherjee,1998-08-22,27,Bhopal,8998880871,rohan.mukherjee.4553@example.in,958500.0,4.0,2016-12-26
C004554,Shreya Sharma,1957-10-18,68,Hyderbad,7840114675,shreya.sharma.4554@example.in,530100.0,2.0,2023-08-25
C004555,Diya Nair,2000-08-14,25,Hyderabad,8697696227,diya.nair.4555@example.in,970900.0,7.0,2022-11-29
C004556,R. Kapoor,1988-07-15,37,Jaipur,7576539251,rahul.kapoor.4556@example.in,838600.0,1.0,2021-07-03
C004557,Aarav Mehta,1976-01-03,49,Bengaluru,8625387922,aarav.mehta.4557@example.in,805700.0,6.0,2017-07-08
C004558,Kavya Gupta,1993-09-09,32,Kochi,9642925336,kavya.gupta.4558@example.in,2042200.0,1.0,2021-08-07
C004559,Saanvi Mishra,1970-05-05,55,Kochi,9848500526,saanvi.mishra.4559@example.in,457100.0,2.0,2022-05-03
C004560,Rahul Nair,1973-03-01,52, Lucknow ,8827234781,rahul.nair.4560@example.in,435300.0,2.0,2020-12-15
C004561,Rohan Mishra,1961-01-10,64,Hyd,7160186826,rohan.mishra.4561@example.in,1090100.0,,2015-08-10
C004562,Krishna Gupta,1966-03-18,59,Jaipur,6702936142,krishna.gupta.4562@example.in,570100.0,1.0,2016-11-24
C004563,  mira   mishra  ,1988-07-30,37,Chenai,8162171369,mira.mishra.4563@example.in,900200.0,6.0,2022-02-11
C004564,Arjun Mehta,2002-08-10,23,Bhopal,7023937285,arjun.mehta.4564@example.in,1138200.0,5.0,2023-02-06
C004565,Ananya Singh,1994-02-24,31,Bengaluru,9120980565,ananya.singh.4565@example.in,771400.0,1.0,2016-12-30
C004566,Sneha Mishra,1962-10-22,63,Hyderabad,6985884775,sneha.mishra.4566@example.in,1448900.0,3.0,2018-01-30
C004567,Varun Reddy,1992-02-05,33,Delhi,,varun.reddy.4567@example.in,702000.0,6.0,2019-09-28
C004568,Zoya Agarwal,1994-06-03,31,Hyderabad,,zoya.agarwal.4568@example.in,143700.0,6.0,2022-11-08
C004569,Arjun Patel,1988-08-09,37,Jaipur,8859142157,arjun.patel.4569@example.in,985900.0,7.0,2023-06-25
C004570,Varun Gupta,1964-03-04,61,Lucknow,7416460151,varun.gupta.4570@example.in,667300.0,,2016-10-09
C004571,Ishaan Iyer,1959-03-21,66, Jaipur ,8872208711,ishaan.iyer.4571@example.in,218400.0,2.0,2024-01-06
C004572,Anika Subramanian,1971-02-18,54,Jaipur,7503860850,anika.subramanian.4572@example.in,,3.0,2021-05-29
C004573,Pooja Nair,2001-01-18,24,AHMEDABAD,,pooja.nair.4573@example.in,291100.0,5.0,2023-08-15
C004574,Mira Banerjee,1956-08-14,-8,Pune,+91 92298 21240,mira.banerjee.4574@example.in,244000.0,5.0,2016-10-26
C004575,Sneha Kulkarni,2000-08-16,25,Bhopal,7564539949,sneha.kulkarni.4575@example.in,921700.0,1.0,2016-06-25
C004576,Pranav Subramanian,1963-10-31,62,Jaipur,8774220490,pranav.subramanian.4576@example.in,719800.0,6.0,2023-02-17
C004577,Vikram Reddy,1979-06-07,46,Lucknow,9231951638,vikram.reddy.4577@example.in,1948300.0,5.0,2021-03-13
C004578,Zoya Subramanian,1960-07-15,65,Kochin, 87468-00233 ,zoya.subramanian.4578@example.in,718500.0,7.0,2024-09-18
C004579,Rohan Tiwari,1957-08-13,68,Chennai,6715041275,rohan.tiwari.4579@example.in,1047500.0,6.0,2024-02-10
C004580,Krishna Kapoor,1989-01-05,36,Kochi,9268022038,krishna.kapoor.4580@example.in,640600.0,6.0,2022-09-08
C004581,Sneha Menon,1982-04-12,43,Delhi,8601462535,sneha.menon.4581@example.in,381200.0,3.0,2025-06-13
C004582,Sahil Mishra,2002-04-25,23, Mumbai ,8663680382,sahil.mishra.4582@example.in,1641200.0,2.0,2019-09-24
C004583,Meera Khan,1993-03-21,32,Lucknow,7579510860,meera.khan.4583@example.in,354700.0,7.0,2017-05-01
C004584,P. Mishra,1998-01-02,27,Mumbai,8771722393,,244600.0,5.0,2015-08-14
C004585,Sanjay Menon,2002-04-18,23, Delhi ,7873609613,sanjay.menon.4585@example.in,643500.0,7.0,2020-01-27
C004586,Pranav Iyer,1976-01-05,49,Ahmedabad,,pranav.iyer.4586@example.in,2042800.0,5.0,2016-02-29
C004587,Aarav Shah,1950-02-13,75,Bhopal,8419483965,aarav.shah.4587@example.in,2138600.0,5.0,2020-10-22
C004588,Varun Nair,1988-07-19,37,Kochi,7101630691,varun.nair.4588@example.in,363300.0,2.0,2019-02-07
C004589,Kabir Tiwari,1965-08-04,60,Hyderabad,7611680573,kabir.tiwari.4589@example.in,465900.0,4.0,2015-05-30
C004590,Nisha Gupta,1954-10-13,71,Chennai,7067974100,nisha.gupta.4590@example.in,726500.0,7.0,2021-06-22
C004591,Nisha Subramanian,1988-12-18,37,Poona,9651805772,nisha.subramanian.4591@example.in,1054800.0,1.0,2017-05-15
C004592,Kabir Singh,1988-05-07,37,Mumbai,9863086757,kabir.singh.4592@example.in,,5.0,2017-09-09
C004593,Aditi Mukherjee,1950-07-17,75,Dilli,9908447036,aditi.mukherjee.4593@example.in,624300.0,6.0,2017-11-17
C004594,Ishita Kukarni,1995-05-10,30,Lucknow,6665161528,ishita.kulkarni.4594@example.in,630200.0,3.0,2017-10-11
C004595,Kavya Banerjee,1990-09-04,35,Chennai,(700) 555-7239,kavya.banerjee.4595@example.in,,2.0,2020-06-23
C004596,Arjun Iyer,1981-11-27,44,Kochi,8966522605,arjun.iyer.4596@example.in,1150300.0,2.0,2023-07-03
C004597,Vikram Kapoor,1979-05-19,46,Mumbai,8210801552,vikram.kapoor.4597@example.in,908300.0,5.0,2022-08-01
C004598,Pranav Bose,1994-02-08,31,Chennai,+91 64769 06725,pranav.bose.4598@example.in,298900.0,1.0,2022-05-05
C004599,Pranav Nair,1960-05-22,65,Delhi,9423428326,pranav.nair.4599@example.in,1216800.0,1.0,2018-10-25
C004600,Rahul Mishra,1992-12-07,33,Bhopal,6779098977,rahul.mishra.4600@example.in,307100.0,2.0,2025-04-03
C004601,Ananya Sinha,1969-04-08,56,Delhi,7947643762,ananya.sinha.4601@example.in,1071100.0,7.0,2017-07-05
C004602,Shreya Singh,1975-03-10,50,Chennai,6194139739,shreya.singh.4602@example.in,891000.0,4.0,2018-10-11
C004603,Vikram Singh,2005-12-27,20,Hyderabad,6988228120,vikram.singh.4603@example.in,792300.0,4.0,2021-10-25
C004604,Ishaan Roy,2005-07-05,20,Kochi,(662) 521-6474,ishaan.roy.4604@example.in,,7.0,2019-04-07
C004605,Anika Mehta,1961-09-20,64,Bhopal,7341425119,anika.mehta.4605@example.in,270900.0,6.0,2024-11-22
C004606,Pranav Tiwari,1969-04-11,56,Jaypur,91-634-941-8690,pranav.tiwari.4606@example.in,2774700.0,6.0,2018-07-26
C004607,Pranav Tiwari,1952-06-25,73,Jaipur,6938611170,pranav.tiwari.4607@example.in,781300.0,4.0,2023-08-20
C004608,Meera Joshi,1950-08-15,75,Lucknow,8150750204,meera.joshi.4608@example.in,909900.0,5.0,2023-03-25
C004609,Sahil Verma,1968-06-03,57,Hyderabad,9241481533,sahil.verma.4609@example.in,,6.0,2024-04-13
C004610,Anika Tiwari,1980-08-28,45,Kolkata,8018504620,anika.tiwari.4610@example.in,1217200.0,5.0,2025-12-10
C004611,Rohan Menon,1961-01-13,64,Bhopal,6043041399,rohan.menon.4611@example.in,3593200.0,6.0,2025-08-04
C004612,Nikhil Gupta,1963-11-06,62,Jaipur,8231899094,nikhil.gupta.4612@example.in,757800.0,2.0,2022-01-09
C004613,Sneha Kulkarni,1966-08-23,59,CHENNAI,8666034050,sneha.kulkarni.4613@example.in,267700.0,1.0,2020-01-20
C004614,Sneha Kapoor,1954-08-27,71,Kochi,7106460959,SNEHA.KAPOOR.4614@EXAMPLE.IN,2103600.0,5.0,2016-12-24
C004615,Sanjay Nair,2001-01-19,24,Kolkata,8837217058,sanjay.nair.4615@example.in,154100.0,2.0,2016-08-02
C004616,Arjun Singh,1959-08-05,66,Hyd,9981440969,arjun.singh.4616@example.in,,6.0,2018-05-13
C004617,Sneha Chandra,1952-09-03,73,CHENNAI,8582007038,sneha.chandra.4617@example.in,334900.0,7.0,2020-03-19
C004618,Priya Khan,1997-05-12,28,Hyderbad,8332658252,priya.khan.4618@example.in,463800.0,4.0,2021-06-13
C004619,Aarav Rao,2001-04-19,24,Chennai,9746567806,aarav.rao.4619@example.in,375300.0,6.0,2020-07-19
C004620,Rhea Mukherjee,1975-10-02,50,Kochi,7868503582,rhea.mukherjee.4620@example.in,511500.0,2.0,2024-09-20
C004621,Aarav Sen,1988-09-17,37,Lucknow,7680463083,aarav.sen.4621@example.in,949800.0,2.0,2021-11-06
C004622,Saanvi Mukherjee,2001-04-19,24,Hyderabad,9202801047,saanvi.mukherjee.4622@example.in,1484400.0,4.0,2024-05-01
C004623,Shreya Sharma,1979-07-10,46,Mumbai,8066394499,shreya.sharma.4623@example.in,,4.0,2017-01-09
C004624,Arjun Subramanian,1957-08-02,68,AHMEDABAD,6845257824,arjun.subramanian.4624@example.in,788400.0,2.0,2019-03-30
C004625,Pranav Mehta,1982-10-12,43,Bhopal,7294478178,pranav.mehta.4625@example.in,432600.0,4.0,2015-07-23
C004626,Sanjay Reddy,1964-05-12,61,Pune,+91 61509 07560,sanjay.reddy.4626@example.in,1294000.0,7.0,2021-06-19
C004627,Aditya Joshi,1978-06-07,47,Hyderabad,6717806643,aditya.joshi.4627@example.in,401900.0,3.0,2015-05-14
C004628,Akshay Joshi,1963-04-18,62,Chennai,8770749558,akshay.joshi.4628@example.in,3001800.0,1.0,2024-04-15
C004629,Pranav Patel,1968-08-24,57,Pune,6688000894,pranav.patel.4629@example.in,752800.0,5.0,2022-05-10
C004630,Sanjay Rao,2001-06-17,24,Pune,+91 93769 25139,sanjay.rao.4630@example.in,2973800.0,2.0,2015-04-29
C004631,Sneha Banerjee,1993-07-06,32,BHOPAL,6321216475,sneha.banerjee.4631@example.in,2576800.0,7.0,2017-07-13
C004632,Vikram Das,1982-08-18,43,Hyderabad,91-620-424-1843,vikram.das4632@example.in,554100.0,2.0,2018-10-02
C004633,Shreya Joshi,1977-10-21,48,Ahmedabad,6130974812,shreya.joshi.4633@example.in,852200.0,3.0,2021-04-05
C004634,Sanjay Banerjee,1988-02-05,37,Ahmedabad,6677828233,sanjay.banerjee.4634@example.in,3110600.0,4.0,2018-10-12
C004635,Aarav Singh,1973-09-26,52,Jaipur,+91 94275 68620,,332900.0,4.0,2024-03-26
C004636,Aarav Subramanian,1955-05-02,70,Mumbai,+91 85191 01216,aarav.subramanian.4636@example.in,2622800.0,7.0,2016-01-02
C004637,Mira Banerjee,1953-09-03,72,Ahmedabad,8170953768,mira.banerjee.4637@example.in,1083900.0,6.0,2025-04-28
C004638,Pooja Roy,1985-06-13,40,Pune,7463033844,pooa.roy.4638@example.in,484300.0,2.0,2018-04-04
C004639,Pooja Sharma,1966-08-30,59,Delhi,6466335279,pooja.sharma.4639@example.in,683600.0,5.0,2021-08-20
C004640,Rahul Shah,1983-01-20,42,Kolkata,8315287310,rahul.shah.4640@example.in,13151462.175101334,5.0,2022-07-16
C004641,Krishna Mishra,1971-11-04,54,Jaipur,6902930805,krishna.mishra.4641@example.in,577200.0,,2022-11-04
C004642,Sahil Gupta,1999-06-18,26,Hyderabad,6630807744,sahil.gupta.4642@example.in,1407200.0,6.0,2016-09-18
C004643,Anika Shah,1990-08-20,35,Mumbay,9415915075,anika.shah.4643@example.in,1253300.0,6.0,2016-04-15
C004644,Tanvi Bose,1974-04-03,51,Jaipur,9483671878,tanvi.bose.4644@example.in,756300.0,7.0,2024-06-22
C004645,Meera Mukherjee,1955-12-18,70,Lucknow,7658665578,meera.mukherjee.4645@example.in,880700.0,5.0,2021-03-04
C004646,Krishna Iyer,1951-12-30,74,Bhopal, 65309-94894 ,krishnaiyer4646@example.in,801500.0,4.0,2022-04-29
C004647,Arjun Shah,1950-05-28,75,Jaipur,7802724717,arjun.shah.4647@example.in,1808200.0,2.0,2022-05-21
C004648,Vikram Kapoor,1969-10-13,56,Bhopal,8491988997,vikram.kapoor.4648@example.in,703800.0,4.0,2021-07-07
C004649,Sahil Sharma,1971-12-01,54,Pune,91-996-549-0295,sahil.sharma.4649@example.in,2077900.0,6.0,2018-04-12
C004650,Nisha Khan,1976-05-19,49,Delhi,+91 77135 47218,nisha.khan.4650@example.in,1145700.0,2.0,2021-05-31
C004651,Sanjay Desai,1989-07-28,36,Delhi,(918) 471-7779,sanjay.desai.4651@example.in,763000.0,3.0,2025-04-06
C004652,Priya Sharma,1959-02-09,66,Delhi,,priya.sharma.4652@example.in,1200200.0,5.0,2024-07-06
C004653,Rahul Chandra,1954-11-29,71,Pune,8335982557,rahul.chandra.4653@example.in,1628600.0,5.0,2019-10-18
C004654,Mira Mehta,1982-10-01,43,Bhopal,6252747549, mira.mehta.4654@example.in ,1574000.0,3.0,2015-12-16
C004655,Ishita Kulkarni,1978-07-22,47,Delhi,9451585524,ishita.kulkarni.4655@example.in,1797700.0,,2021-04-24
C004656,Saanvi Tiwari,1999-03-13,26,Ahmedabad,8628650366,saanvi.tiwari.4656@example.in,902000.0,5.0,2025-03-31
C004657,  rohan   kulkarni  ,1992-03-05,33,Mumbai,7610717723,rohan.kulkarni.4657@example.in,867300.0,6.0,2022-01-15
C004658,Shreya Verma,2003-12-19,22,Kolkata,(885) 705-8634,shreya.verma.4658@example.in,569200.0,5.0,2015-10-02
C004659,Rahul Mukherjee,1999-04-22,26,Pune,8839416347,rahul.mukherjee.4659@example.in,530100.0,7.0,2021-05-20
C004660,Nikhil Sharma,1980-07-02,45,Hyderabad, 79477-41615 ,nikhil.sharma.4660@example.in,342300.0,4.0,2024-04-24
C004661,Nikhil Mukherjee,1968-02-12,57,Mumbai,+91 61122 25014,nikhil.mukherjee.4661@example.in,,2.0,2021-05-09
C004662,Kavya Kapoor,1998-08-05,27,Ahmedabad,7445005894,kavya.kapoor.4662@example.in,478500.0,2.0,2018-04-04
C004663,Saanvi Reddy,1974-07-23,51,Chennai,(934) 444-7307,saanvi.reddy.4663@example.in,510500.0,1.0,2021-08-11
C004664,Arjun Mishra,2001-02-01,24,Kochi,91-715-117-1740,arjun.mishra.4664@example.in,923600.0,3.0,2025-05-19
C004665,Aditya Sen,1984-12-08,41,MUMBAI,91-788-243-5066,aditya.sen.4665@example.in,492600.0,,2022-05-29
C004666,Aarav Iyer,2004-11-12,21,Ahmedabad, 94121-68761 ,aarav.iyer.4666@example.in,727700.0,3.0,2015-10-08
C004667,Zoya Bose,1999-01-17,26,Pune,+91 98713 93009,zoya.bose.4667@example.in,790400.0,3.0,2016-11-11
C004668,Nisha Roy,1994-10-27,31,HYDERABAD,8646226078,nisha.roy.4668@example.in,591300.0,6.0,2018-10-09
C004669,Rohan Banerjee,1955-01-14,70,Hyderabad,6359824467,rohan.banerjee.4669@example.in,965700.0,5.0,2023-11-15
C004670,Zoya Khan,1963-02-21,62,Mumbay,7759717106,zoyakhan4670@example.in,909500.0,4.0,2019-09-28
C004671,Diya Chandra,1952-03-05,73,Lucknow,7855078409,diya.chandra.4671@example.in,1308600.0,7.0,2024-10-10
C004672,Shreya Bose,1988-04-03,37,Hyderabad,9770223930,shreya.bose.4672@example.in,2095300.0,5.0,2021-08-08
C004673,Kabir Mishra,1968-12-18,57,Hyderabad,7330604582,kabir.mishra.4673@example.in,377300.0,3.0,2020-05-12
C004674,Sneha Gupta,1964-09-25,61,PUNE,8910826870,sneha.gupta.4674@example.in,450500.0,1.0,2022-04-20
C004675,Sanjay Sharma,1983-02-22,42,AHMEDABAD,8580782334,,1022500.0,5.0,2018-02-18
C004676,Arjun Desai,1993-04-21,32,Jaipur,8576450679,arjun.desai.4676@example.in,588200.0,2.0,2025-02-11
C004677,Varun Banerjee,1958-02-01,67,Lucknow,,varun.banerjee.4677@example.in,767400.0,5.0,2023-12-10
C004678,ARJUN JOSHI,1967-10-13,58,Mumbai,8959910976,arjun.joshi.4678@example.in,2574800.0,4.0,2021-12-28
C004679,Pranav Sharma,1955-05-31,70,Delhi,8594068531,pranav.sharma.4679@example.in,612800.0,,2021-04-24
C004680,Arjun Chandra,1998-05-25,27,Kochi,6669915549,arjun.chandra.4680@example.in,,7.0,2020-01-23
C004681,Mira Jain,1987-04-17,38,Bengaluru,7630930627,mira.jain.4681@example.in,413600.0,6.0,2015-04-19
C004682,Kavya Patel,1994-03-07,31,Kolkata,6701102251,kavya.patel.4682@example.in,1259500.0,3.0,2023-04-29
C004683,Mira Mishra,1959-10-07,66,Chennai,6574413143,mira.mishra.4683@example.in,1030300.0,2.0,2024-04-13
C004684,Varun Mukherjee,1970-11-17,55,Pune, 92276-16497 ,varun.mukherjee.4684@example.in,1111900.0,1.0,2023-08-02
C004685,Ananya Gupta,1974-08-16,51,Jaipur,8554274503,ananya.gupta.4685@example.in,2697000.0,4.0,2017-12-16
C004686,Saanvi Subramanian,1994-06-09,31,Kochi,6998984129,saanvi.subramanian.4686@example.in,1657200.0,,2023-10-20
C004687,Rhea Agarwal,1976-09-09,49,Bengaluru,8833115844,rhea.agarwal.4687@example.in,1536900.0,2.0,2021-04-20
C004688,Rahul Verma,1993-02-10,32,Pune, 63369-52924 ,rahul.verma.4688@example.in,926300.0,2.0,2025-05-24
C004689,Varun Sharma,1972-06-25,135,Ahmedabad, 83255-54940 ,varun.sharma.4689@example.in,630600.0,,2015-04-09
C004690,Shreya Iyer,1976-10-05,49,Bengaluru,+91 82107 77094,shreya.iyer.4690@example.in,565300.0,4.0,2016-09-21
C004691,Mira Chandra,1966-07-22,59,Pune,6756027688,mira.chandra.4691@example.in,472000.0,5.0,2016-08-09
C004692,Pooja Khan,1955-09-03,70,Kolkata,6068334467,pooja.khan.4692@example.in,758300.0,,2025-10-24
C004693,Krishna Nair,1962-09-19,63,Pune,9888375303,krishna.nair.4693@example.in,538500.0,4.0,2022-03-27
C004694,Ananya Das,2002-05-22,23,CHENNAI,8209865653,ananya.das.4694@example.in,772300.0,4.0,2018-05-22
C004695,ANANYA SEN,2005-03-16,20,Delhi,91-829-615-3142,ananya.sen.4695@example.in,570800.0,7.0,2017-04-30
C004696,Arjun Reddy,1958-04-15,67,Mumbai,7844354630,arjun.reddy.4696@example.in,379000.0,,2016-09-03
C004697,Nisha Kapoor,1951-04-30,74,Bhopal,,nisha.kapoor.4697@example.in,1637100.0,4.0,2018-06-30
C004698,Meera Das,1983-07-23,42,Hyderabad,9961918354,meera.das.4698@example.in,2586000.0,3.0,2022-01-12
C004699,Kavya Patel,1970-08-31,55,Chenai,8370903168,kavya.patel.4699@example.in,1244900.0,2.0,2021-12-07
C004700,Ananya Shah,1976-05-29,49,Chennai ,(616) 768-2258,ananya.shah.4700@example.in,1220000.0,1.0,2020-02-28
C004701,Saanvi Agarwal,1988-07-24,37,Hyderabad,7248057249,saanvi.agarwal.4701@example.in,425500.0,2.0,2017-02-13
C004702,Sneha Subramanian,1955-09-19,70,Pune,9176270116,sneha.subramanian.4702@example.in,1562600.0,4.0,2021-11-07
C004703,Rhea Kulkarni,1974-03-10,51,Delhi,6163526240,rhea.kulkarni.4703@example.in,1237200.0,3.0,2018-08-25
C004704,Rohan Bose,1965-10-13,60,Jaipur,8073107868,rohan.bose.4704@example.in,,1.0,2025-08-17
C004705,Zoya Subramanian,1950-07-15,75,Kolkata ,6732256455,zoya.subramanian.4705@example.in,1476100.0,5.0,2018-09-13
C004706,Pranav Verma,1971-03-26,54,Kolkata,7177836081,pranav.verma.4706@example.in,498000.0,3.0,2020-10-25
C004707,Zoya Reddy,2000-02-28,25,Jaipur,6175490185,zoya.reddy.4707@example.in,549800.0,5.0,2021-04-09
C004708,Sanjay Verma,1971-10-05,54,Mumbai,7259622032,sanjayverma4708@example.in,656800.0,6.0,2024-09-18
C004709,Nikhil Das,1987-11-03,38,Delhi,,nikhil.das.4709@example.in,458700.0,6.0,2018-05-09
C004710,Saavi Mishra,1959-07-13,66,Pune,8254220731,saanvi.mishra.4710@example.in,2307600.0,,2017-11-13
C004711,Shreya Banerjee,1981-07-28,44,BHOPAL,8928527645,shreya.banerjee.4711@example.in,551900.0,6.0,2019-08-30
C004712,Priya Bose,1976-11-28,49,Kochi,8627661302,priya.bose.4712@example.in,637200.0,5.0,2018-09-06
C004713,Anika Shah,1993-12-10,32,Lucknow,9211157471,anika.shah.4713@example.in,1573500.0,5.0,2023-06-15
C004714,Pranav Agarwal,2003-04-01,22,Mumbai,9581786813,pranav.agarwal.4714@example.in,958100.0,4.0,2022-11-05
C004715,Rahul Patel,1997-07-13,28,Hyderbad,8459366671,rahul.patel.4715@example.in,2624500.0,2.0,2025-03-25
C004716,Zoya Jain,1972-06-02,53,Lucknow, 62013-45561 ,zoya.jain.4716@example.in,1481800.0,3.0,2015-10-19
C004717,Shreya Desai,2001-05-19,24, Jaipur ,,shreya.desai.4717@example.in,403400.0,1.0,2022-08-12
C004718,Sahil Mukherjee,1951-05-23,74,KOCHI,6706148109,sahil.mukherjee.4718@example.in,785100.0,6.0,2017-05-07
C004719,Aditi Banerjee,1963-09-07,62,AHMEDABAD,9165778190,aditi.banerjee.4719@example.in,736200.0,4.0,2023-04-12
C004720,Kavya Das,1956-05-27,69,Kolkata,+91 69674 29448,kavya.das.4720@example.in,1496200.0,1.0,2021-05-24
C004721,Rahul Khan,2001-04-26,24,Lucknow,8951411758,rahul.khan.4721@example.in,360000.0,6.0,2018-06-29
C004722,Anika Singh,2002-06-09,23,Lucknow,8250215355,anika.singh.4722@example.in,4760500.0,4.0,2022-06-05
C004723,Sneha Rao,1970-02-11,55,Kolkata,(834) 858-5348,sneha.rao.4723@example.in,1481500.0,3.0,2015-04-19
C004724,Saanvi Reddy,1958-12-29,67,Lucknow,8407565694,saanvi.reddy.4724@example.in,2610200.0,2.0,2017-07-07
C004725,Sanjay Chandra,1992-09-01,33,Bengaluru,8503119017,sanjay.chandra.4725@example.in,791200.0,4.0,2019-09-25
C004726,Meera Agarwal,2000-11-25,25,Bengaluru,6087177989,,3047800.0,3.0,2018-08-07
C004727,Tanvi Mishra,1999-09-14,26,Hyderabad,9663904937,tanvi.mishra.4727@example.in,676500.0,3.0,2016-03-27
C004728,Shreya Bose,1966-03-06,59,Ahmedabad,9253349029,shreya.bose.4728@example.in,372100.0,1.0,2016-08-19
C004729,Nisha Chandra,1965-04-24,60,Hyderabad,6644229880,nisha.chandra.4729@example.in,590000.0,1.0,2017-02-10
C004730,Shreya Chandra,1953-08-20,72,Jaipur,8031965923,shreya.chandra.4730@example.in,477100.0,7.0,2021-07-27
C004731,Ishaan B.,1985-03-15,40,Bengaluru,9167084127,ishaan.bose.4731@example.in,345800.0,5.0,2023-12-14
C004732,Krishna Sen,1992-10-10,33,Chennai,7392749890,krishna.sen.4732@example.in,438500.0,2.0,2020-03-26
C004733,Ishita Singh,1963-07-05,62,Pune,8915145570,ishita.singh.4733@example.in,458700.0,4.0,2024-02-18
C004734,Sahil Patel,1975-01-06,50,Hyderabad,9973172566,sahil.patel.4734@example.in,572600.0,5.0,2023-07-13
C004735,Priya Khan,2004-01-20,21,Lucknow,6717806100,priya.khan.4735@example.in,665000.0,4.0,2022-08-30
C004736,Krishna Mukherjee,2004-11-13,21,Kochi,7578221311,krishna.mukherjee.4736@example.in,299900.0,3.0,2016-04-16
C004737,Rahul Mishra,1952-01-06,73,Hyderabad,6307487130,rahul.mishra.4737@example.in,1662300.0,4.0,2020-10-22
C004738,Shreya Desai,2002-05-21,23,Bengaluru,,shreya.desai.4738@example.in,743900.0,2.0,2022-12-10
C004739,Ishita Mukherjee,1973-02-04,52,Delhi, 71325-72286 ,ishita.mukherjee.4739@example.in,852600.0,1.0,2015-07-07
C004740,Nikhil Joshi,1964-05-21,61,Jaipur,6645020392,nikhil.joshi.4740@example.in,752400.0,1.0,2017-08-06
C004741,Aditya Gupta,1981-04-09,44,Mumbai,7624629540,aditya.gupta.4741@example.in,772000.0,,2025-05-16
C004742,Tanvi Sinha,1955-05-31,70,Jaipur,9377043724,tanvi.sinha.4742@example.in,2335300.0,7.0,2017-04-02
C004743,Shreya Khan,1993-02-04,32,Chennai,7724529070,shreya.khan.4743@example.in,505900.0,2.0,2016-03-27
C004744,Pooja Banerjee,1973-05-10,52,Kochi,91-821-478-5174,pooja.banerjee.4744@example.in,1754200.0,4.0,2016-09-20
C004745,Pooja Mukherjee,1996-09-13,29,Ahmedabad, 93420-92436 ,pooja.mukherjee.4745@example.in,306700.0,5.0,2024-09-22
C004746,Tanvi Subramanian,1960-03-01,65,Bengluru,8805288525,tanvi.subramanian.4746@example.in,1107400.0,6.0,2022-07-25
C004747,Rhea Agarwal,1974-07-05,51,Pune,9337640305,rhea.agarwal.4747@example.in,2031700.0,6.0,2024-05-03
C004748,Sahil Nair,1955-07-24,70,Chennai,8712941515,sahil.nair.4748@example.in,487500.0,4.0,2020-03-03
C004749,SANJAY RAO,1987-12-16,38,Jaipur,7009420238,sanjay.rao.4749@example.in,1002300.0,3.0,2023-03-11
C004750,Diya Nair,1977-08-20,48,Kochi,7887197931,diya.nair.4750@example.in,294900.0,5.0,2021-07-12
C004751,Shreya Joshi,1985-07-15,40,LUCKNOW,9519292544,shreya.joshi.4751@example.in,,1.0,2019-09-05
C004752,Zoya Mukherjee,1978-04-30,47,Hyderabad,7255485616,,843600.0,7.0,2023-11-02
C004753,Rohan Das,1977-01-21,48,Lucknow,8370739882,rohan.das.4753@example.in,583300.0,2.0,2015-05-10
C004754,Aditya Iyer,1957-08-01,68,New Delhi,9291721555,aditya.iyer.4754@example.in,294400.0,4.0,2017-10-23
C004755,Akshay Joshi,1970-07-12,55,Hyderabad,8939926078,akshay.joshi.4755@example.in,544200.0,3.0,2018-09-12
C004756,Aditi Nair,1968-05-20,57,Mumbai,8787409400,aditi.nair.4756@example.in,1265700.0,1.0,2018-12-16
C004757,Sanjay Menon,1998-02-03,27,Kolkata,7543713430,sanjay.menon.4757@example.in,966300.0,,2017-04-11
C004758,Zoya Roy,1954-07-23,71,Kolkata,7151372891,zoya.roy.4758@example.in,1264600.0,,2024-07-22
C004759,Rahul Reddy,1985-03-01,40,Delhi,91-973-433-8548,rahul.reddy.4759@example.in,696700.0,7.0,2022-11-04
C004760,Ishita Gupta,1995-02-24,30,Delhi,7903554768,ishita.gupta.4760@example.in,,7.0,2015-12-20
C004761,Krishna Chandra,1980-01-09,45,Kolkata ,,krishna.chandra.4761@example.in,846500.0,,2021-07-24
C004762,Kavya Mehta,1962-05-14,63,Delhi,7320241036,kavya.mehta.4762@example.in,2020400.0,3.0,2018-11-27
C004763,Rohan Iyer,1968-01-22,57,Chennai,6734049946,rohan.iyer.4763@example.in,,5.0,2024-12-03
C004764,Sahil Iyer,1974-07-13,51,Bhopal,9800006063,sahil.iyer.4764@example.in,634500.0,4.0,2022-09-30
C004765,Aditi Kapoor,1989-11-19,36,LUCKNOW,8662947578,aditi.kapoor.4765@example.in,,1.0,2017-06-10
C004766,Arjun Reddy,1964-11-28,61,Ahmedabad,9826021694,arjun.reddy.4766@example.in,2907600.0,2.0,2025-07-12
C004767,Aditi Sen,1984-02-19,41,Chennai,7236878191,aditi.sen.4767@example.in,320700.0,2.0,2016-06-04
C004768,Zoya Jain,1954-04-09,71,Jaipur,9929200802,zoya.jain.4768@example.in,453000.0,2.0,2024-06-01
C004769,Pranav Kulkarni,1985-04-10,40,Kochi,91-683-311-8865,pranav.kulkarni.4769@example.in,845200.0,6.0,2018-09-09
C004770,SAHIL PATEL,1995-08-16,30,Kolkata,9540741868,sahil.patel.4770@example.in,,2.0,2020-10-24
C004771,Pranav Subramanian,2005-12-12,20,Chennai,8539433041,pranav.subramanian.4771@example.in,2433600.0,2.0,2020-09-06
C004772,Saanvi Sharma,1955-03-20,70,Hyderabad,9215801854,saanvi.sharma.4772@example.in,528100.0,2.0,2018-01-30
C004773,Ishaan Gupta,1996-08-29,29,Delhi,7279419424,ishaan.gupta.4773@example.in,216400.0,2.0,2018-02-23
C004774,Krishna Meha,1993-05-21,32,Mumbai,6359974376,krishna.mehta.4774@example.in,832700.0,5.0,2024-05-21
C004775,ZOYA SEN,1972-02-03,53,Lucknow,6233446307,ZOYA.SEN.4775@EXAMPLE.IN,,5.0,2021-07-22
C004776,Aditi Menon,1983-06-18,42,Kochi,9105633044,aditi.menon.4776@example.in,448700.0,1.0,2021-07-04
C004777,Saanvi Menon,1971-08-31,54,Mumbai,(746) 395-1599,saanvi.menon.4777@example.in,680500.0,7.0,2025-06-08
C004778,Krishna Khan,2005-02-23,20,Lucknow,9445505591,krishna.khan.4778@example.in,1013900.0,7.0,2021-04-05
C004779,Tanvi Tiwari,1958-09-17,67,Hyderabad,,tanvi.tiwari.4779@example.in,1742600.0,1.0,2022-08-05
C004780,Ananya Agarwal,1953-03-05,72,Lucknow,9519499115,ANANYA.AGARWAL.4780@EXAMPLE.IN,1193400.0,4.0,2016-07-03
C004781,Priya Sinha,1956-08-12,69,Mumbai,7157519011,priya.sinha.4781@example.in,227700.0,6.0,2022-05-03
C004782,Akshay Desai,1960-10-04,65,Hyderabad,6002306094,akshay.desai.4782@example.in,440500.0,6.0,2023-06-22
C004783,Priya Nair,1982-06-05,43,Chennai,8081952049,priya.nair.4783@example.in,1621400.0,5.0,2015-04-22
C004784,Kavya Bose,2001-05-12,24,Jaipur,7460956503,kavya.bose.4784@example.in,641600.0,2.0,2025-02-10
C004785,Mira Shah,1966-09-26,59,Bengaluru,8103911473,mira.shah.4785@example.in,116500.0,3.0,2015-08-21
C004786,Ananya Singh,1995-09-02,30,Jaipur,9483611802,ananya.singh.4786@example.in,507300.0,7.0,2020-08-30
C004787,Kavya Roy,1951-01-30,74,Pune,+91 84312 67745,kavya.roy.4787@example.in,1117500.0,1.0,2016-02-17
C004788,Shreya Sen,2002-10-19,23,Kolkata,6283856588,shreya.sen.4788@example.in,492200.0,3.0,2022-07-09
C004789,Kavya Sen,1953-10-22,72,Bengaluru,8512530071,kavya.sen.4789@example.in,700300.0,1.0,2019-05-29
C004790,Mira Bose,1969-07-02,56,Delhi,8789401547,mira.bose.4790@example.in,401000.0,1.0,2025-04-21
C004791,Rhea Gupta,1985-05-29,40,Jaipur,9369572173,rhea.gupta.4791@example.in,438300.0,4.0,2022-10-26
C004792,Shreya Reddy,1963-08-20,62, Delhi ,8021291817,shreya.reddy.4792@example.in,746500.0,2.0,2018-08-15
C004793,Ishita Sharma,1994-03-28,31,Kochi, 91110-17137 ,ishita.sharma.4793@example.in,1693400.0,2.0,2023-01-05
C004794,Kavya Agarwal,1967-11-03,58, Pune ,91-854-770-3351,kavya.agarwal.4794@example.in,598200.0,5.0,2020-06-11
C004795,Kabir Das,1955-06-22,70,Jaipur,9780791460,kabir.das.4795@example.in,856700.0,5.0,2015-11-17
C004796,Tanvi Reddy,1967-09-12,58,Chennai,9853403705,tanvi.reddy.4796@example.in,1489300.0,5.0,2023-12-03
C004797,Kavya Das,1971-11-09,54,Chenai,7837515390,kavya.das.4797@example.in,999800.0,2.0,2015-07-07
C004798,Nisha Joshi,1965-08-16,60,KOCHI,(646) 705-3007,nisha.joshi.4798@example.in,433400.0,1.0,2019-03-03
C004799,Nisha Chandra,1957-05-20,68,Kochi,6857622114,nisha.chandra.4799@example.in,431900.0,6.0,2016-07-29
C004800,Kabir Desai,1973-04-17,52,Lucknow,9867569402,kabir.desai.4800@example.in,3555300.0,4.0,2024-01-17
C004801,Mira Mukherjee,1965-03-01,60,Jaipur,8755369887,mira.mukherjee.4801@example.in,311600.0,2.0,2020-05-22
C004802,Pooja Jain,1977-12-07,48,Kochi, 62827-73837 ,pooja.jain.4802@example.in,1342300.0,7.0,2022-11-10
C004803,Sahil Joshi,1950-08-05,75, Bangalore ,7496140618,sahil.joshi.4803@example.in,3105400.0,1.0,2016-07-17
C004804,Anika Khan,1980-02-13,45,Ahmedabad,8234466535,anika.khan.4804@example.in,1206800.0,4.0,2024-12-03
C004805,Arjun Singh,1953-05-23,72,Bengaluru,8618323192,arjun.singh.4805@example.in,2673500.0,6.0,2024-07-31
C004806,Varun Sinha,1993-11-07,32,Ahmedabad,8581605350,varun.sinha.4806@example.in,2004900.0,4.0,2017-07-04
C004807,Rahul Kapoor,1968-06-13,57,Jaipur,6890192063,rahul.kapoor.4807@example.in,1189500.0,7.0,2019-07-11
C004808,Vikram Iyer,1995-09-04,30,LUCKNOW,9489027731,vikram.iyer.4808@example.in,,3.0,2015-07-17
C004809,Aarav Singh,1972-04-04,53,Chennai,8265703602,,455800.0,1.0,2022-09-20
C004810,Arjun Reddy,1970-12-06,55,Lucknow,6730078770,,2302500.0,5.0,2023-06-21
C004811,Tanvi Sharma,1974-05-23,51,Bhopal,,,,7.0,2021-06-05
C004812,Ishita Sharma,1962-11-27,63, Kochi , 88153-52872 ,ishita.sharma.4812@example.in,1022800.0,3.0,2020-11-17
C004813,Diya Sen,1957-03-24,68,Bengluru,7909759797,diya.sen.4813@example.in,786600.0,3.0,2017-02-16
C004814,Ishaan Reddy,1951-10-12,74,Lucknow,9774958264,ishaan.reddy.4814@example.in,416300.0,2.0,2023-09-04
C004815,Ishaan Joshi,1977-08-11,48,Bhopal,+91 90632 10108,ishaan.joshi.4815@example.in,448900.0,1.0,2018-10-04
C004816,Aarav Iyer,1957-12-18,68,Lucknow,8992686766,aarav.iyer.4816@example.in,811500.0,3.0,2023-03-20
C004817,Mira Rao,1951-07-08,74,Jaipur,8850305970,mira.rao.4817@example.in,1354900.0,7.0,2019-01-08
C004818,Priya Reddy,1962-03-18,63,Pune,6034527398,priya.reddy.4818@example.in,615600.0,7.0,2018-06-01
C004819,Sneha Khan,1996-09-06,29,Delhi,9226258156,sneha.khan.4819@example.in,586300.0,6.0,2018-02-07
C004820,Arjun Verma,1968-07-10,57,Kolkata,8608457189,arjun.verma.4820@example.in,616600.0,,2017-06-23
C004821,Sanjay Reddy,2001-05-06,24,Hyderabad,91-968-360-0993,sanjay.reddy.4821@example.in,1047900.0,5.0,2025-04-27
C004822,Zoya Agarwal,1987-09-21,38,Pune,(765) 855-9486,zoya.agarwal.4822@example.in,989500.0,2.0,2016-05-29
C004823,Nikhil Gupta,2003-12-08,22,Bhopal,6917585393,nikhil.gupta.4823@example.in,366600.0,4.0,2018-11-24
C004824,Rohan Sinha,1982-03-01,43,Mumbai,6189656993,rohan.sinha.4824@example.in,1101800.0,3.0,2018-11-01
C004825,Aditi Chandra,1983-08-01,42,Kolkata,9247937343,aditichandra4825@example.in,295100.0,4.0,2022-07-18
C004826,Pranav Iyer,1952-03-20,73,Pune,(641) 136-2819,pranav.iye.4826@example.in,2010200.0,1.0,2021-04-06
C004827,Pranav Verma,1980-07-12,45,Calcutta,9995700795,pranav.verma.4827@example.in,942600.0,6.0,2022-02-19
C004828,Varun Subramanian,1978-07-02,47,Jaipur,(993) 730-9078,varun.subramanian.4828@example.in,1016200.0,4.0,2022-10-15
C004829,I. Banerjee,1983-10-26,42,Pune,8817844545,ishaan.banerjee.4829@example.in,671400.0,4.0,2023-12-17
C004830,Zoya Joshi,1990-02-20,35,Chennai,9972970777,zoya.joshi.4830@example.in,924500.0,4.0,2016-08-20
C004831,Anika Sinha,1986-10-18,39,Mumbai,91-934-622-0385,anika.sinha.4831@example.in,1052500.0,3.0,2024-04-04
C004832,Anika Singh,1972-02-07,53,Bengaluru,+91 89085 73098,anika.singh.4832@example.in,1343500.0,4.0,2017-09-09
C004833,Anika Jain,1971-12-25,54,Pune,(855) 334-2853,anika.jain.4833@example.in,415800.0,2.0,2016-08-27
C004834,Saanvi Bnerjee,1968-10-10,-2, Delhi ,8921905562,saanvi.banerjee.4834@example.in,,,2016-05-10
C004835,Saanvi Desai,1951-12-10,74,Kolkata,7121160574,saanvi.desai.4835@example.in,488200.0,6.0,2023-08-11
C004836,Vikram Patel,1991-08-15,34,Delhi,9970212070,vikram.patel.4836@example.in,2695700.0,1.0,2024-11-04
C004837,Varun Khan,1995-01-19,30,Lucknow,8406604317,varun.khan.4837@example.in,1766700.0,6.0,2018-11-24
C004838,Ananya Khan,1976-05-26,49,Bengaluru,6173491478,ananya.khan.4838@example.in,1003300.0,1.0,2019-06-10
C004839,Nikhil Roy,1986-02-10,39,Kochi,9339765725,nikhil.roy.4839@example.in,857900.0,3.0,2018-10-23
C004840,Aarav Singh,1968-03-20,57,Jaipur,7752695506,,380900.0,3.0,2022-12-27
C004841,Kabir Sharma,1966-02-09,59,Bengaluru,9083646757,kabir.sharma.4841@example.in,892500.0,3.0,2017-01-29
C004842,Kavya Khan,1984-08-18,41,Hyderabad,,kavya.khan.4842@example.in,777400.0,5.0,2016-02-04
C004843,Mira Sen,1956-05-01,69,Chennai,6817477534,mira.sen.4843@example.in,268700.0,7.0,2020-04-07
C004844,Zoya Chandra,2002-05-27,23,Ahmedabad,6042603243,zoyachandra4844@example.in,440300.0,3.0,2015-06-02
C004845,Vikram Khan,1951-07-08,74,Mumbai,6734285206,vikram.khan.4845@example.in,797200.0,,2016-07-01
C004846,Priya Mishra,1998-04-11,27,Kochi,9003387516,priya.mishra.4846@example.in,617900.0,1.0,2019-12-14
C004847,Zoya Roy,1999-10-31,26, Mumbai ,(795) 237-5952,zoya.roy.4847@example.in,236700.0,,2023-07-30
C004848,Arjun Mukherjee,1982-04-12,43,Jaipur,(897) 534-3426,arjun.mukherjee.4848@example.in,1523900.0,1.0,2020-01-16
C004849,Pooja Menon,1973-08-13,52,Delhi,7082415486,,833100.0,3.0,2025-05-30
C004850,Nikhil Mehta,1973-01-14,52,Dilli,91-881-480-7289,nikhil.mehta.4850@example.in,1143900.0,,2015-05-13
C004851,Snha Chandra,1958-05-08,67,Mumbai,7195443215,sneha.chandra.4851@example.in,968700.0,,2023-03-28
C004852,Meera Verma,1973-06-11,52,Hyderabad,9036628105,meera.verma.4852@example.in,606300.0,7.0,2022-04-14
C004853,Ananya J.,2004-01-03,21,Delhi,8775521769,ananya.joshi.4853@example.in,417600.0,2.0,2016-06-09
C004854,Aarav Chandra,1970-03-27,55,Mumbai,7408063091,aarav.chandra.4854@example.in,366000.0,1.0,2023-10-16
C004855,Rahul Verma,1995-03-18,30,Jaipur,8391567238,rahul.verma.4855@example.in,1155900.0,1.0,2022-11-18
C004856,Priya Joshi,1983-02-15,42,CHENNAI,9209251856,priya.joshi.4856@example.in,1535500.0,5.0,2015-01-06
C004857,Meera Mishra,1958-09-07,67,Lucknow,6439105924,meera.mishra.4857@example.in,263200.0,4.0,2015-05-30
C004858,Pranav Kulkarni,1978-12-03,47,Hyderabad,9911245497,pranav.kulkarni.4858@example.in,710200.0,6.0,2019-04-01
C004859,Tanvi Tiwari,1985-08-05,40,KOLKATA,9601055186,tanvi.tiwari.4859@example.in,,7.0,2021-06-23
C004860,  mira   bose  ,1991-09-30,34,Jaipur,,mira.bose.4860@example.in,895800.0,1.0,2024-04-28
C004861,Kavya Khan,1977-04-12,48,Pune,6086274027,kavya.khan.4861@example.in,,1.0,2016-06-18
C004862,Krishna Sinha,1972-04-11,53, Ahmedabad ,,krishna.sinha.4862@example.in,227000.0,5.0,2019-10-05
C004863,Arjun Menon,1968-02-03,57,Pune,9043339677,arjun.menon.4863@example.in,984800.0,6.0,2025-02-09
C004864,Rhea Patel,1966-07-10,59,Bhopal,7960781907,rhea.patel.4864@example.in,640600.0,1.0,2016-12-25
C004865,Aarav Patel,1983-09-08,42,Kolkata,6677839842,aarav.patel.4865@example.in,673700.0,3.0,2023-05-17
C004866,Varun Shah,2005-07-11,20,Hyderabad,6452710964,,1008600.0,1.0,2019-01-22
C004867,Tanvi Shah,1993-08-11,32,Kochi,6386685474,tanvi.shah.4867@example.in,448400.0,2.0,2019-07-23
C004868,Ishita Reddy,2000-08-28,25,Bengaluru,7610911634,ishita.reddy.4868@example.in,795700.0,3.0,2019-08-26
C004869,Rahul Sen,1972-03-25,53,Lucknow,6628734917,,1079200.0,3.0,2024-09-12
C004870,Zoya Patel,1974-07-08,51,Chennai,8682559861,zoya.patel.4870@example.in,919400.0,5.0,2024-04-11
C004871,Sneha Jain,1965-03-13,60,Delhi,6145294136,sneha.jain.4871@example.in,226100.0,1.0,2025-06-16
C004872,Aditya Banerjee,1995-10-25,30,Hyderabad, 81445-87635 ,aditya.banerjee.4872@example.in,560500.0,3.0,2016-02-05
C004873,Ishaan Tiwari,1994-03-06,31,KOCHI,6793002275,ishaan.tiwari.4873@example.in,575900.0,5.0,2018-03-10
C004874,Tanvi Jain,1977-05-08,48,Lucknow,6143295468,tanvi.jain.4874@example.in,855000.0,2.0,2020-01-07
C004875,Mira Tiwari,2002-01-26,23,Delhi,6830542438,mira.tiwari.4875@example.in,1140600.0,2.0,2019-11-18
C004876,Arjun Tiwari,1991-04-30,34,Chennai,8440567529,ARJUN.TIWARI.4876@EXAMPLE.IN,990400.0,4.0,2019-01-13
C004877,Pooja Mehta,1988-08-10,37,Ahmedabad,+91 64292 38345,pooja.mehta.4877@example.in,226100.0,2.0,2015-07-13
C004878,Anika Roy,1965-04-05,60,Ahmedabad,8459086809,anika.roy.4878@example.in,409600.0,1.0,2019-01-27
C004879,Kavya Gupta,1968-01-19,57,Chennai, 77525-62433 ,kavya.gupta.4879@example.in,1389700.0,5.0,2015-08-06
C004880,Nisha Sharma,1961-05-06,64,Lucknow,7048504426,nisha.sharma.4880@example.in,309300.0,1.0,2018-01-13
C004881,Rhea Menon,2002-07-14,23,Mumbai,8075793254,rheamenon4881@example.in,1911800.0,2.0,2025-06-22
C004882,Rohan Bose,1976-01-19,49,JAIPUR,(729) 384-8127,rohan.bose.4882@example.in,623700.0,5.0,2020-10-19
C004883,Nikhil Reddy,1979-04-05,46, Kochi ,(986) 933-8463,nikhil.reddy.4883@example.in,,3.0,2024-09-19
C004884,Kabir Joshi,1952-03-17,73,Bengaluru,9123866863,kabir.joshi.4884@example.in,773100.0,1.0,2016-03-17
C004885,Aarav Kapoor,1967-03-28,58,Mumbai,,aarav.kapoor.4885@example.in,368700.0,1.0,2020-05-03
C004886,Priya Rao,1998-01-16,27,Hyderabad,8555795988,priya.rao.4886@example.in,792100.0,2.0,2020-04-08
C004887,Ananya Rao,1956-03-19,69,Ahmedabad,6736453438,ananya.rao.4887@example.in,529900.0,7.0,2020-09-02
C004888,Ananya Nair,1997-07-23,28,Mumbai,8802268438,ananya.nair.4888@example.in,1637300.0,2.0,2024-04-21
C004889,Rhea Agarwal,1962-07-08,63,Kolkata,6515951568,rhea.agarwal.4889@example.in,701900.0,7.0,2019-10-28
C004890,Aditya Das,1966-11-28,59,Pune,8319345451,aditya.das.4890@example.in,,7.0,2020-07-02
C004891,Tanvi Singh,1990-04-28,35,Mumbai,8994391440,tanvi.singh.4891@example.in,420000.0,,2017-01-26
C004892,Rohan Menon,1993-05-21,32,Chennai,9715358142,rohan.menon.4892@example.in,643600.0,,2023-11-08
C004893,Rohan Menon,1998-03-23,27,Hyderabad,9499328755,rohan.menon.4893@example.in,701000.0,6.0,2019-09-19
C004894,Kabir Das,1980-03-04,45,Bhopal,91-827-537-3471,kabir.das.4894@example.in,1251100.0,1.0,2020-02-18
C004895,Nisha Sinha,1982-03-02,43,Hyderabad,8614357100,nisha.sinha.4895@example.in,228800.0,5.0,2023-01-05
C004896,Kabir Iyer,1995-08-15,30,Kochi,6123858522,kabir.iyer.4896@example.in,1466300.0,5.0,2017-03-12
C004897,Kabir Bose,1992-01-06,33,Kolkata,7408371770,kabir.bose.4897@example.in,1079200.0,,2024-12-09
C004898,Sneha Mehta,1953-02-07,72,Mumbai,6948561355,sneha.mehta.4898@example.in,1133500.0,6.0,2015-07-05
C004899,Rahul Kulkarni,1976-12-30,49,Hyd,6744100515,rahul.kulkarni.4899@example.in,922200.0,7.0,2019-08-27
C004900,Kabir Verma,1979-12-06,46,Chennai,(857) 094-0396,kabir.verma.4900@example.in,619900.0,6.0,2019-04-25
C004901,Krishna Mukherjee,1986-02-16,39,Lucknow,9685319541,krishna.mukherjee.4901@example.in,755000.0,3.0,2016-10-24
C004902,Aarav Khan,1981-07-08,44,Mumbai,6099443597,aarav.khan.4902@example.in,547000.0,3.0,2016-03-24
C004903,Aarav Shah,1995-09-01,30,Ahmedabad,7023714451,aarav.shah.4903@example.in,1732500.0,1.0,2023-07-16
C004904,Shreya Subramanian,1963-04-09,62,Ahmedabad,7035013775,shreya.subramanian.4904@example.in,600400.0,5.0,2019-04-15
C004905,Pranav Sen,1989-08-09,36,Bhopal, 83971-05512 ,pranav.sen.4905@example.in,42183726.72357762,3.0,2023-03-11
C004906,Diya Sinha,1983-06-07,42,Bhopal,,diya.sinha.4906@example.in,1430400.0,2.0,2022-06-01
C004907,Nisha Kapoor,1998-09-09,27,Lucknow,7478865461,nisha.kapoor.4907@example.in,352800.0,5.0,2023-04-08
C004908,Pranav Chandra,1954-05-07,71,Jaipur,7718520017,pranav.chandra.4908@example.in,367700.0,2.0,2020-10-13
C004909,Diya Chandra,1979-06-13,46,Bhopal,8537217567,diya.chandra.4909@example.in,2632300.0,2.0,2022-06-18
C004910,Zoya Reddy,1957-12-23,68,Mumbai,8717288118,zoya.reddy.4910@example.in,819700.0,1.0,2017-12-06
C004911,Aditya Shah,1983-01-28,42,Kochi,(949) 497-4533,aditya.shah.4911@example.in,1781800.0,4.0,2018-11-12
C004912,Ishaan Sen,1999-01-28,26,Mumbai,9947300018,ishaan.sen.4912@example.in,504400.0,5.0,2024-11-11
C004913,Kavya Patel,1975-09-06,50,Bhopal, 91771-86234 ,kavya.patel.4913@example.in,740600.0,4.0,2021-07-12
C004914,Meera Iyer,1971-07-25,54,Mumbai,+91 67194 96627,meera.iyer.4914@example.in,304000.0,7.0,2024-07-12
C004915,Krishna Desai,1998-07-20,27,Hyderabad,+91 98372 32756,krishna.desai.4915@example.in,1349600.0,1.0,2016-10-30
C004916,Nikhil Sharma,1985-07-29,40,Hyderabad,7343639740,nikhil.sharma.4916@example.in,537300.0,6.0,2022-02-15
C004917,Anika Subramanian,1999-06-06,26,Delhi,6095303328,anika.subramanian.4917@example.in,1062500.0,2.0,2017-01-25
C004918,Sahil Kapoor,1975-07-12,50,Bengaluru,9335777673,sahil.kapoor.4918@example.in,1078500.0,2.0,2015-02-12
C004919,Pranav Menon,1975-04-10,50,Ahmedabad,6684041225,pranav.menon.4919@example.in,,7.0,2015-03-22
C004920,Rahul Sinha,1970-05-26,55,Delhi,9164553280,rahul.sinha.4920@example.in,766900.0,5.0,2017-01-01
C004921,Pooja Chandra,2005-12-15,20,Jaipur,,pooja.chandra.4921@example.in,2457700.0,4.0,2015-08-20
C004922,Pooja Menon,2003-11-17,22,Kolkata,7664061972,pooja.menon.4922@example.in,597400.0,1.0,2023-03-29
C004923,Ananya Agarwal,1981-10-02,44,Dilli,,ananya.agarwal.4923@example.in,825300.0,,2019-11-28
C004924,Saanvi Sen,2002-10-23,23,Kolkata,91-815-850-2714,saanvi.sen.4924@example.in,774800.0,,2017-12-03
C004925,Sneha Sen,1991-09-09,34,Pune,8555492770,sneha.sen.4925@example.in,2907500.0,6.0,2020-08-25
C004926,Ishita Jain,1960-01-13,65,Lucknow,9847614885,ishita.jain.4926@example.in,1246500.0,5.0,2018-10-20
C004927,Rhan Sinha,1988-03-10,37,Pune,91-740-668-2750,rohan.sinha.4927@example.in,2124400.0,4.0,2022-01-01
C004928,Pooja Das,1988-05-24,37,Ahemdabad, 94696-63165 ,pooja.das.4928@example.in,1317600.0,6.0,2023-11-23
C004929,Sanjay Khan,1973-09-13,52,Bhopal,,sanjay.khan.4929@example.in,1254600.0,3.0,2023-03-19
C004930,Ananya Banerjee,1967-02-20,58,Chennai,9448590433,ananya.banerjee.4930@example.in,290700.0,,2020-02-05
C004931,Sahil Mehta,1974-12-09,51,Delhi,9996509129,sahil.mehta.4931@example.in,742700.0,5.0,2021-05-10
C004932,Sahil Chandra,1971-01-18,54,Bhopal,,sahil.chandra.4932@example.in,482800.0,3.0,2020-02-13
C004933,Shreya Banerjee,1994-09-09,31,Lakhnau,8293349235,shreya.banerjee.4933@example.in,228300.0,1.0,2020-10-21
C004934,  kavya   nair  ,1955-06-14,70,Mumbay,6858574648,kavya.nair.4934@example.in,818400.0,6.0,2023-08-01
C004935,Nisha Nair,1979-05-14,46,Lucknow,8641537926,nisha.nair.4935@example.in,629200.0,7.0,2015-12-09
C004936,Rahul Reddy,1961-02-10,64,Mumbai,8368496158,rahul.reddy.4936@example.in,931900.0,7.0,2022-01-22
C004937,Tanvi Gupta,1974-10-22,51,Chennai,6480544396,tanvi.gupta.4937@example.in,526800.0,7.0,2015-11-05
C004938,Pooja Gupta,1968-01-25,57,Chennai,8848782292,pooja.gupta.4938@example.in,497100.0,1.0,2018-10-22
C004939,Ananya Rao,1998-07-23,27,Jaipur,6108722219,ananya.rao.4939@example.in,522200.0,,2019-03-08
C004940,Saanvi Banerjee,1980-07-20,45,Hyderabad,,saanvi.banerjee.4940@example.in,927300.0,3.0,2017-12-28
C004941,Kavya Agarwal,1974-03-12,51,Bhopal,9320618961,kavya.agarwal.4941@example.in,715200.0,2.0,2018-07-08
C004942,Shreya Patel,1973-10-21,52, Lucknow ,(970) 187-2580,shreya.patel.4942@example.in,329600.0,2.0,2020-09-07
C004943,Anika Agarwal,1967-03-21,58,Mumbai,9506027460,anika.agarwal.4943@example.in,1026600.0,5.0,2019-09-24
C004944,Zoya Desai,1975-07-14,50,HYDERABAD,8282879776,zoya.desai.4944@example.in,1019500.0,2.0,2015-05-14
C004945,Sahil Chandra,1977-06-06,48,Jaipur,7405641986,sahil.chandra.4945@example.in,494500.0,6.0,2023-07-05
C004946,Rohn Reddy,1998-09-18,27,Kochi, 83002-64066 ,rohan.reddy.4946@example.in,,,2017-12-21
C004947,Ishaan Reddy,1990-08-08,35,Delhi,6340510371,ishaan.reddy.4947@example.in,1856200.0,,2023-04-28
C004948,Pranav Patel,1989-01-03,36,Hyderabad,+91 80980 68620,pranav.patel.4948@example.in,,7.0,2021-07-25
C004949,Rhea Sharma,1957-05-05,68,KOLKATA,91-973-393-6815,rhea.sharma.4949@example.in,761000.0,5.0,2023-09-25
C004950,Sanjay Mishra,1988-06-16,37,Chennai,6028165545,sanjay.mishra.4950@example.in,,5.0,2019-08-17
C004951,Zoya Tiwari,1968-02-09,57,Bhopal,8137820655,zoya.tiwari.4951@example.in,1181400.0,4.0,2016-04-08
C004952,Ishita Iyer,2000-03-04,25,Jaipur,7175657993,ishita.iyer.4952@example.in,,5.0,2021-03-20
C004953,Priya Joshi,1969-11-21,56,Kochi,9367808286,priya.joshi.4953@example.in,,3.0,2019-01-15
C004954,Varun Banerjee,2003-10-22,22,Delhi,8851956216,,1012800.0,,2021-01-22
C004955,Priya Mukherjee,1978-08-01,47,Kolkata,9967847452,priya.mukherjee.4955@example.in,540800.0,7.0,2017-02-06
C004956,Varun Verma,1960-09-09,65,Pune,9213300405,varun.verma.4956@example.in,707200.0,2.0,2021-02-09
C004957,Nikhil Banerjee,1977-02-14,48,BHOPAL,9365367274,nikhil.banerjee.4957@example.in,772300.0,4.0,2019-02-21
C004958,Varun Rao,1987-09-25,38,Kochi,9453042514,varun.rao.4958@example.in,1223900.0,5.0,2022-12-18
C004959,Rahul Khan,1978-04-07,47,Kochi,9475446997,rahul.khan.4959@example.in,1166700.0,1.0,2020-03-29
C004960,Pranav Tiwari,1977-04-22,48,Ahmedabad,7011991700,pranav.tiwari.4960@example.in,828900.0,6.0,2019-04-13
C004961,Sneha Joshi,1973-04-03,52,Mumbai,9009812715,sneha.joshi.4961@example.in,254100.0,1.0,2020-07-23
C004962,Aditya Jain,1986-08-15,145,Kochi,9879942670,aditya.jain.4962@example.in,1785200.0,1.0,2025-02-08
C004963,Krishna Menon,1953-08-02,72,PUNE,,krishna.menon.4963@example.in,1722700.0,1.0,2018-06-23
C004964,Krishna Joshi,1966-05-27,59,Delhi,6557006590,krishna.joshi.4964@example.in,668700.0,6.0,2023-12-14
C004965,Aditya Sen,1952-04-24,73,Bhopal,8389680485,aditya.sen.4965@example.in,843000.0,2.0,2021-02-01
C004966,Aarav Mukherjee,1958-03-24,67,Mumbai,8813079643,aarav.mukherjee.4966@example.in,418000.0,4.0,2016-01-05
C004967,Aditi Sinha,1960-05-10,65,Kolkata,9814580212,,1146400.0,1.0,2024-03-23
C004968,Kavya Gupta,1964-01-14,61,Kolkata,6922494319,kavya.gupta.4968@example.in,1880900.0,3.0,2020-03-24
C004969,Varun Kapoor,1995-12-09,30,CHENNAI,8923041292, varun.kapoor.4969@example.in ,1669300.0,2.0,2023-08-20
C004970,Aditya Mukherjee,1957-03-24,68,Mumbai,6542885159,aditya.mukherjee.4970@example.in,185000.0,5.0,2025-03-26
C004971,Arjun Agarwal,1953-02-23,72,Kolkata,9422575193,arjun.agarwal.4971@example.in,666900.0,5.0,2015-07-13
C004972,Tanvi Subramanian,1970-10-11,55,Lucknow,8399664352,tanvi.subramanian.4972@example.in,5149500.0,6.0,2017-07-14
C004973,Sneha Banerjee,1971-02-18,54,Pune,7452219223,sneha.banerjee.4973@example.in,368000.0,6.0,2019-10-04
C004974,Vikram Sinha,1955-12-05,70,Jaipur,6553603463,vikram.sinha.4974@example.in,,5.0,2024-04-05
C004975,Sanjay Tiwari,1971-08-11,54,Ahmedabad,8172662519,sanjay.tiwari.4975@example.in,1590700.0,1.0,2020-09-29
C004976,Ananya Desai,1968-03-22,57,Lucknow,8326628736,ananya.desai.4976@example.in,478600.0,5.0,2021-01-07
C004977,Kavya Verma,1951-05-17,74,Kochi,9524358897,kavya.verma.4977@example.in,820000.0,4.0,2016-09-17
C004978,Aditya Gupta,1978-10-13,47,Bengluru,,aditya.gupta.4978@example.in,1086200.0,2.0,2021-01-12
C004979,Nisha Sen,1999-04-21,26,Bombay,6740336787,nisha.sen.4979@example.in,723400.0,,2025-02-11
C004980,Vikram Jain,2002-12-16,23,Jaipur,7724258908,vikram.jain.4980@example.in,528500.0,1.0,2015-03-11
C004981,Nisha Reddy,1956-12-06,69,LUCKNOW,7484853330,nisha.reddy.4981@example.in,614000.0,5.0,2022-08-21
C004982,Saanvi Nair,1966-06-25,59,Bhopal,8720321909,saanvi.nair.4982@example.in,660700.0,2.0,2019-01-21
C004983,Rohan Reddy,1973-01-18,52,LUCKNOW,7072347441,rohan.reddy.4983@example.in,517400.0,5.0,2018-12-11
C004984,  ishaan   mishra  ,1983-08-21,42,Delhi,(670) 508-3943,ishaan.mishra.4984@example.in,1059300.0,1.0,2021-09-10
C004985,Zoya Banerjee,1951-09-05,74,Chennai,6900629820,zoya.banerjee.4985@example.in,1045000.0,3.0,2021-12-12
C004986,Sanjay Chandra,1967-04-15,58,Bhopl,+91 78301 93578,sanjay.chandra.4986@example.in,,6.0,2018-04-14
C004987,Shreya Verma,1983-04-26,42,Ahemdabad,8577379631,shreya.verma.4987@example.in,889100.0,4.0,2019-07-26
C004988,Pooja Shah,1980-10-15,45,Kochi,7019636286,pooja.shah.4988@example.in,751800.0,6.0,2015-04-26
C004989,Nisha Rao,1963-01-04,62,Jaipur,9654599375,nisha.rao.4989@example.in,3045000.0,1.0,2020-09-07
C004990,Mira Banerjee,1981-09-14,44,DELHI,7111873598,mira.banerjee.4990@example.in,1510300.0,,2023-04-26
C004991,Diya Sharma,1983-09-17,42,New Delhi,6287436945,diya.sharma.4991@example.in,,2.0,2025-07-31
C004992,Akshay Das,1952-01-27,73,Mumbai,91-648-450-1420,akshay.das.4992@example.in,945700.0,2.0,2025-01-08
C004993,Akshay Khan,1989-05-25,36,Chennai ,7119070255,AKSHAY.KHAN.4993@EXAMPLE.IN,,7.0,2017-01-04
C004994,Meera Desai,1965-11-24,60,Bengaluru,6682901036,meera.desai.4994@example.in,579300.0,2.0,2020-06-30
C004995,Vikram Kapoor,1964-09-13,61,Hyderabad,7661530085,vikram.kapoor.4995@example.in,629200.0,2.0,2015-09-10
C004996,Aditya Tiwari,1971-05-31,54,Pune,6940933437,aditya.tiwari.4996@example.in,2343900.0,5.0,2017-07-23
C004997,Pooja Mehta,1997-07-17,28,Kochi,9941492716,pooja.mehta.4997@example.in,1269600.0,6.0,2019-07-17
C004998,Tanvi Mukherjee,1958-12-16,67,Ahmedabad,7326275770,tanvi.mukherjee.4998@example.in,,5.0,2023-09-10
C004999,  aditya   tiwari  ,1960-01-21,65,Jaipur,,aditya.tiwari.4999@example.in,1205200.0,2.0,2024-07-26
C005000,Tanvi Nair,2002-07-09,23,Mumbai,7532728629,tanvi.nair.5000@example.in,975800.0,3.0,2022-05-03
C005001,Rahul Chandra,1999-07-03,26,Mumbai,7910540922,rahul.chandra.5001@example.in,662700.0,7.0,2019-08-03
C005002,Vikram Kapoor,2000-03-15,25,Hyderabad,91-849-770-9261,vikram.kapoor.5002@example.in,,,2018-12-19
C005003,Varun Joshi,1956-03-28,69,Jaipur,9193564953,varun.joshi.5003@example.in,1133300.0,1.0,2023-10-15
C005004,Vikram Mishra,1957-01-30,68,Bhopal,6013705361,vikram.mishra.5004@example.in,,5.0,2024-12-01
C005005,Kabir Menon,1976-05-31,49,DELHI,+91 87525 66254,kabir.menon.5005@example.in,1152900.0,,2025-03-29
C005006,Rhea Mehta,1984-01-03,41,Lucknow,91-750-281-3934,rhea.mehta.5006@example.in,1211100.0,2.0,2022-03-25
C005007,Priya Gupta,2003-08-09,22,Bhopal,7957244360,priya.gupta.5007@example.in,900600.0,6.0,2023-09-06
C005008,Kabir Bose,1950-08-10,75,Mumbai,7661132048,kabir.bose.5008@example.in,906500.0,2.0,2022-05-18
C005009,Pooja Das,1980-06-11,45,Pune,7484159394,pooja.das.5009@example.in,,6.0,2020-01-12
C005010,Rohan Roy,1973-07-14,52,Pune,,rohan.roy.5010@example.in,114200.0,1.0,2017-08-18
C005011,Rohan Subramanian,1982-08-21,43, Bangalore ,91-672-454-3370,rohan.subramanian.5011@example.in,1464300.0,5.0,2017-02-27
C005012,Sanjay Verma,1952-01-18,73,Chennai,9574547258,sanjay.verma.5012@example.in,363200.0,6.0,2019-10-20
C005013,Pooja Bose,1978-07-12,47,Jaipur,(617) 006-1906,pooja.bose.5013@example.in,428200.0,1.0,2019-09-27
C005014,Zoya Sharma,1969-10-19,56,Bengaluru,6328738448,zoya.sharma.5014@example.in,990000.0,6.0,2023-07-21
C005015,Rohan Singh,1964-06-08,61,Chennai ,7005870948,rohan.singh.5015@example.in,322000.0,7.0,2017-06-30
C005016,Aarav Kapoor,1976-04-05,49,Pune,7350007868,aarav.kapoor.5016@example.in,1102200.0,3.0,2021-07-13
C005017,Meera Sharma,1984-01-21,41,Ahmedabad,6703309271,,1233000.0,5.0,2023-02-20
C005018,Anika Sharma,1990-05-29,35,Pune,7018534238,anika.sharma.5018@example.in,1478600.0,5.0,2021-09-03
C005019,Aditya Das,1955-11-12,70,Jaipur,8757290571,aditya.das.5019@example.in,404800.0,6.0,2016-06-16
C005020,Tanvi Shah,1968-12-26,57,Chennai,9317612633,tanvi.shah.5020@example.in,712100.0,5.0,2021-01-11
C005021,Arjun Das,1965-04-02,60,HYDERABAD,,arjun.das.5021@example.in,369900.0,7.0,2023-02-18
C005022,Shreya Kapoor,1985-09-10,40,Delhi,7580686035,shreya.kapoor.5022example.in,,3.0,2023-10-13
C005023,Rahul Jain,1981-01-30,44,Pune,8836574964,rahul.jain.5023@example.in,309100.0,1.0,2023-12-20
C005024,Rahul Sen,1974-12-09,51,Hyderabad,6501954567,rahul.sen.5024@example.in,482800.0,5.0,2022-10-12
C005025,Zoya Das,1963-10-27,62,Hyderabad,8052083866,zoya.das.5025@example.in,494600.0,3.0,2016-09-25
C005026,Sanjay Banerjee,1953-11-27,72,Delhi,7992542875,sanjay.banerjee.5026@example.in,779500.0,3.0,2015-02-08
C005027,Sanjay Chandra,1997-06-15,28,Jaipur,9327461080,sanjay.chandra.5027@example.in,542100.0,7.0,2016-05-08
C005028,Aarav Tiwari,1995-01-06,30,Bengaluru,6061152911,aarav.tiwari.5028@example.in,531900.0,1.0,2024-03-03
C005029,Sanjay Subramanian,2004-04-14,21,Jaipur,9764164525,sanjay.subramanian.5029@example.in,2314400.0,2.0,2023-11-19
C005030,Kavya Kulkarni,1960-08-15,65,Bengaluru,91-693-210-4175,kavya.kulkarni.5030@example.in,628900.0,2.0,2023-05-11
C005031,Rhea Bose,1954-03-28,71,Pune,,rhea.bose.5031@example.in,1214800.0,7.0,2023-04-21
C005032,Kabir Verma,1964-08-12,61,Bengaluru,+91 96420 58498,kabir.verma.5032@example.in,1089600.0,6.0,2023-12-30
C005033,Aditi Das,1987-11-26,38,Hyderabad,9355863559,,914700.0,6.0,2016-08-03
C005034,Tanvi Roy,1983-10-05,42,Mumbai,7351140051,tanvi.roy.5034@example.in,835600.0,3.0,2025-06-15
C005035,Priya Menon,1960-12-23,65,Puna,8698471547,priya.menon.5035@example.in,365400.0,6.0,2017-05-16
C005036,Arjun Banerjee,1980-03-16,45,Lucknow,+91 97177 13651,arjun.banerjee.5036@example.in,740400.0,7.0,2025-05-27
C005037,Sanjay Banerjee,1967-04-11,58, Bangalore ,9771457605,sanjay.banerjee.5037@example.in,,4.0,2023-06-09
C005038,Ananya Sinha,2004-01-28,21,Ahmedabad,6320968623,ananya.sinha.5038@example.in,855000.0,7.0,2016-01-24
C005039,Shreya Subramanian,1959-03-25,66,Delhi,(927) 944-3129,shreya.subramanian.5039@example.in,,1.0,2024-08-01
C005040,Kabir Banerjee,1967-01-02,58,Kochi,9051318719,,1206500.0,5.0,2025-10-06
C005041,Nikhil Banerjee,1968-08-09,57,Hyderabad,+91 69577 29386,nikhil.banerjee.5041@example.in,793400.0,4.0,2018-03-26
C005042,Arjun Chandra,1963-10-12,62,Lucknow,6844042010,arjun.chandra.5042@example.in,,1.0,2015-05-01
C005043,Pooja Mishra,2004-02-26,21,Chennai,8877686680,pooja.mishra.5043@example.in,242600.0,7.0,2015-05-23
C005044,Anika Das,1962-03-11,63,Pune,9184768114,anika.das.5044@example.in,2181000.0,2.0,2017-08-09
C005045,Sanjay Patel,1982-08-26,43,Kolkata,9914335937,sanjay.patel.5045@example.in,479800.0,6.0,2020-07-16
C005046,Sahil Chandra,1955-04-18,70,Mumbai,8376670211,sahil.chandra.5046@example.in,3387800.0,6.0,2025-02-24
C005047,Anaya Reddy,1960-08-24,65,Bengaluru,8545740895,ananya.reddy.5047@example.in,765700.0,5.0,2025-08-21
C005048,Zoya Patel,2001-12-31,24,Mumbai,9913302811,zoya.patel.5048@example.in,,7.0,2018-09-06
C005049,Sanjay Jshi,1983-06-01,42, Kochi ,9506318661,sanjay.joshi.5049@example.in,1094900.0,1.0,2016-08-18
C005050,Arjun G.,2000-06-01,25,Chennai,6752499418,arjun.gupta.5050@example.in,,2.0,2019-10-02
C005051,Aditi Singh,1952-08-03,73,Jaipur,(634) 337-4619,aditi.singh.5051@example.in,363900.0,7.0,2022-09-02
C005052,Saanvi Tiwari,1959-08-15,66,Bhopal, 63170-69824 ,saanvi.tiwari.5052@example.in,2541300.0,2.0,2023-09-22
C005053,Akshay Tiwari,1950-09-22,75,Mumbai,91-613-133-7426,akshay.tiwari.5053@example.in,237500.0,,2016-10-08
C005054,Kavya Shah,1994-04-03,31,Bengaluru,8466717897,kavya.shah.5054@example.in,630300.0,4.0,2022-07-15
C005055,Vikram Menon,1998-01-18,27,Mumbai,6484235659,vikram.menon.5055@example.in,802800.0,1.0,2018-12-14
C005056,Ishaan Rao,2002-04-04,23,Kochin,,ishaan.rao.5056@example.in,935800.0,3.0,2019-01-14
C005057,Zoya Iyer,1994-01-20,31,Bengaluru,91-794-737-5348,zoya.iyer.5057@example.in,818700.0,1.0,2025-10-06
C005058,Nisha Bose,1970-09-25,55,Chennai,7637191716,nisha.bose.5058@example.in,240400.0,3.0,2020-02-16
C005059,Meera Nair,1997-11-03,28,Ahmedabad,+91 90649 20231,meera.nair.5059@example.in,667300.0,1.0,2025-11-07
C005060,Pooja Mukherjee,1998-08-03,27,Chennai,6373286751,pooja.mukherjee.5060@example.in,401300.0,,2023-07-03
C005061,Rhea Banerjee,1976-01-30,49,Delhi,8780120629,rhea.banerjee.5061@example.in,3278200.0,3.0,2021-05-26
C005062,Kabir Kulkarni,1981-10-11,44,Hyderabad,7430870365,kabir.kulkarni.5062@example.in,1250100.0,6.0,2015-12-07
C005063,Anika Menon,1954-06-29,71,Chennai,7943962483,anika.menon.5063@example.in,367100.0,4.0,2023-01-21
C005064,Arjun Kulkarni,1956-07-04,69,Bengaluru,9316436046,arjun.kulkarni.5064@example.in,268700.0,5.0,2018-08-01
C005065,Zoya Reddy,2002-06-11,23,Bhopal,8810134446,zoya.reddy.5065@example.in,908500.0,2.0,2024-10-03
C005066,Kabir Shah,1965-12-14,60,MUMBAI,7281398267,kabir.shah.5066@example.in,3674200.0,6.0,2015-07-23
C005067,Diya Iyer,1982-03-07,43,Bengaluru,9194433645,diya.iyer.5067@example.in,809200.0,2.0,2016-10-23
C005068,Saanvi Verma,1959-03-04,66,Bengaluru,8035385810,saanvi.verma.5068@example.in,178400.0,1.0,2021-10-01
C005069,Nikhil Kulkarni,1972-08-31,53,Pune,,nikhil.kulkarni.5069@example.in,224600.0,3.0,2020-10-13
C005070,Ishita Chandra,1969-02-20,56,Chennai,6090602413,ishita.chandra.5070@example.in,794100.0,5.0,2022-07-16
C005071,Sahil Shah,1962-07-09,63,Kolkata,6176508875,sahil.shah.5071@example.in,621100.0,3.0,2024-04-02
C005072,Varun Sharma,1992-07-31,33,Mumbai,7321398400,varun.sharma.5072@example.in,950000.0,5.0,2025-07-15
C005073,Diya Desai,1999-11-02,26,BENGALURU, 62576-73081 ,diya.desai.5073@example.in,714900.0,4.0,2025-05-13
C005074,Ishaan Patel,1979-05-11,46,Lucknow,6569168828,ishaan.patel.5074@example.in,863500.0,5.0,2025-06-18
C005075,Nisha Bose,1972-12-13,53,Lucknow,6498441449,nisha.bose.5075@example.in,2747500.0,2.0,2023-07-05
C005076,Krishna Kulkarni,1958-03-12,67,Pune,6178191074,krishna.kulkarni.5076@example.in,1118700.0,3.0,2018-10-01
C005077,Varun Desai,1995-05-03,30,Jaipur,9564965191,varun.desai.5077@example.in,722900.0,2.0,2022-09-06
C005078,Aditi Kapoor,1981-06-29,44, Ahmedabad ,8255544010,aditi.kapoor.078@example.in,438300.0,2.0,2023-11-25
C005079,Pooja Mehta,1988-07-09,37,Delhi,+91 95161 68936,pooja.mehta.5079@example.in,772800.0,,2023-07-21
C005080,Shreya Sinha,1965-04-09,60,Mumbai,9501155196,shreya.sinha.5080@example.in,1021900.0,7.0,2018-01-21
C005081,Nikhil Kulkarni,1973-04-03,52,Ahmedabad,6358192216,nikhil.kulkarni.581@example.in,,2.0,2021-08-23
C005082,Shreya Khan,1998-10-22,27,Delhi,6085948916,shreya.khan.5082@example.in,1309700.0,7.0,2017-06-18
C005083,Zoya Sen,1993-11-13,32,Bhopal,6148019416,zoya.sen.5083@example.in,1125100.0,3.0,2019-03-23
C005084,Aarav Agarwal,2005-11-02,20,Delhi,9186055431,aarav.agarwal.5084@example.in,809900.0,,2015-05-09
C005085,Anika Chandra,2002-06-04,23,Bhopal,8448509512,anika.chandra.5085@example.in,616900.0,2.0,2019-06-02
C005086,Aditya Mehta,1958-10-22,67,Bengaluru,7365444833,aditya.mehta.5086@example.in,553900.0,6.0,2019-01-03
C005087,Akshay Mishra,1980-10-08,45,Delhi,91-801-455-9228,akshay.mishra.5087@example.in,1055000.0,,2023-01-30
C005088,Mira S.,1960-07-08,65,Ahmedabad,7754911742, mira.subramanian.5088@example.in ,692800.0,3.0,2019-12-27
C005089,Kabir Khan,1961-11-13,64,Kochi,7362480517,kabir.khan.5089@example.in,1176100.0,5.0,2016-01-17
C005090,Varun Sen,1977-01-06,48,Mumbai,6540235248,varun.sen.5090@example.in,558700.0,4.0,2017-07-30
C005091,Rohan Mukherjee,1992-02-25,33,Calcutta,9162866750,rohan.mukherjee.5091@example.in,,,2015-04-24
C005092,Nikhil Sen,1988-03-10,37,Jaipur,9520963081,nikhil.sen.5092@example.in,2382700.0,7.0,2019-06-26
C005093,Diya Sen,1956-08-05,69,Pune,,diya.sen.5093@example.in,506700.0,7.0,2018-10-26
C005094,Nikhil Desai,1985-04-13,40,Bengaluru,8910385105,nikhil.desai.5094@example.in,1098000.0,7.0,2016-09-25
C005095,Diya Jain,1984-01-06,41,Mumbai,+91 93731 63289,diya.jain.5095@example.in,415600.0,1.0,2020-11-09
C005096,Saanvi Joshi,1954-12-26,71,Mumbai,7592417508,saanvi.joshi.5096@example.in,,3.0,2019-09-26
C005097,Varun Bose,1976-04-26,49,Lucknow,8276406259,varun.bose.5097@example.in,710500.0,6.0,2015-02-02
C005098,Akshay Banerjee,1959-12-01,66,Chennai,,akshay.banerjee.5098@example.in,541400.0,5.0,2020-01-17
C005099,Ishita Khan,2002-04-27,23,Chennai,6566054938,ishita.khan.5099@example.in,216300.0,4.0,2023-05-05
C005100,Rohan Joshi,1952-12-03,73,Kochi,6278134247,rohan.joshi.5100@example.in,1923400.0,3.0,2023-02-27
C005101,Nisha Agarwal,2005-12-05,20,Ahmedabad,9742595372,nisha.agarwal.5101@example.in,1210600.0,7.0,2021-06-24
C005102,Sahil Joshi,1995-09-05,30,Pune,9861653744,sahil.joshi.5102@example.in,280900.0,7.0,2015-02-01
C005103,Nisha Sharma,1984-05-29,41,Bhopal,7919820463,nisha.sharma.5103@example.in,789300.0,6.0,2020-06-13
C005104,Arjun Shah,1989-12-09,36,Kolkata,6527561943,arjun.shah.5104@example.in,724500.0,,2025-07-30
C005105,Pooja Kapoor,2002-05-04,23,Lucknow,8132479352,pooja.kapoor.5105@example.in,2374200.0,7.0,2018-03-30
C005106,Rhea Khan,1954-09-24,71,Jaipur,8803991556,rhea.khan.5106@example.in,,4.0,2021-06-27
C005107,Mira Mehta,1965-11-08,60,Jaypur,9028587265,mira.mehta.5107@example.in,827700.0,2.0,2022-04-30
C005108,Rahul Iyer,1969-05-20,56,Bombay,,rahul.iyer.5108@example.in,626800.0,4.0,2023-01-07
C005109,Pranav Bose,2003-05-19,22,Pune,9383932116,pranav.bose.5109@example.in,1207100.0,1.0,2023-06-08
C005110,Meera Sinha,1986-08-10,39,Bengaluru,7334565687,meera.sinha.5110@example.in,1096500.0,3.0,2016-07-27
C005111,Arjun Singh,1985-05-26,40,Lucknow,6683913296,arjun.singh.5111@example.in,844900.0,5.0,2020-01-10
C005112,Kabir Rao,1973-01-30,52,Delhi,7274420890,kabir.rao.5112@example.in,1183800.0,2.0,2020-04-22
C005113,Nisha Rao,1950-05-09,75, Lucknow ,7406500951,nisha.rao.5113@example.in,693300.0,2.0,2015-09-30
C005114,Pooja Jain,2000-03-31,25,Bengaluru,9742848631,pooja.jain.5114@example.in,285300.0,7.0,2025-06-15
C005115,Ishita Reddy,1955-09-08,70,Kolkata,9590547702,ishita.reddy.5115@example.in,1881500.0,3.0,2023-09-16
C005116,Priya Subramanian,1951-01-22,74,Kolkata,6963499955,priya.subramanian.5116@example.in,627600.0,2.0,2025-11-04
C005117,Kabir Sen,1980-01-14,45,Cochin,,kabir.sen.5117@example.in,530200.0,3.0,2024-06-08
C005118,Ananya Khan,1971-06-16,54,Chennai,91-792-520-1478,ananya.khan.5118@example.in,1614200.0,2.0,2023-08-23
C005119,Sahil Bose,1970-11-26,55,Ahmedabad,,sahil.bose.5119@example.in,,,2024-08-12
C005120,Arjun Mehta,1966-02-20,59, Pune ,9784634703,arjun.mehta.5120@example.in,1254300.0,4.0,2021-08-19
C005121,Sanjay Sen,1960-09-21,65,Ahemdabad,8523176227,sanjay.sen.5121@example.in,876600.0,7.0,2022-02-04
C005122,Kabir Rao,1974-10-04,51,Ahmedabad,6657430966,kabir.rao.5122@example.in,803400.0,4.0,2017-04-13
C005123,Krishna Mishra,1953-05-14,72,Lucknow,7615389576,krishna.mishra.5123@example.in,1191600.0,4.0,2015-11-15
C005124,Kabir Reddy,1976-02-26,49,Pune,6534167139,kabir.reddy.5124@example.in,,2.0,2015-11-07
C005125,  krishna   joshi  ,1985-03-29,40,KOLKATA,91-668-116-2925,krishna.joshi.5125@example.in,1457700.0,1.0,2020-06-03
C005126,Rohan Mehta,1970-08-11,55,Pune,8651954796,rohan.mehta.5126@example.in,1096800.0,3.0,2021-06-03
C005127,Varun Mishra,1959-12-26,66,Bhopal,8423970480,varun.mishra.5127@example.in,508000.0,1.0,2025-09-18
C005128,Arjun Das,1994-01-23,31,CHENNAI,6144488562,arjun.das.5128@example.in,61659267.00610362,3.0,2025-02-28
C005129,Krishna Mehta,1955-11-16,70,Pune,8185738097,krishna.mehta.5129@example.in,2001200.0,6.0,2021-11-12
C005130,Rohan Shah,1997-01-08,28,LUCKNOW,9642348924,rohan.shah.5130@example.in,1073500.0,6.0,2024-12-06
C005131,Sneha Nair,1995-06-18,30,Ahmedabad,6665890114,sneha.nair.5131@example.in,1384900.0,7.0,2021-05-09
C005132,Nikhil Das,2004-10-18,21,AHMEDABAD,(702) 529-0501,nikhil.das.5132@example.in,183400.0,,2022-08-21
C005133,Rhea Iyer,1985-11-14,40,Mumbai,6878007929,rhea.iyer.5133@example.in,572600.0,6.0,2020-08-05
C005134,Nikhil Patel,1964-03-11,61,Mumbai,7605344456,nikhil.patel.5134@example.in,257400.0,3.0,2020-08-09
C005135,Priya Subramanian,1966-06-25,59,Pune,(662) 513-1371,priya.subramanian.5135@example.in,2501300.0,1.0,2019-10-13
C005136,Meera Desai,1958-12-30,67,Mumbai,9815235766,meera.desai.5136@example.in,1449800.0,7.0,2020-11-16
C005137,Varun Iyer,1965-01-16,60,Ahemdabad,8015823919,varun.iyer.5137@example.in,755900.0,1.0,2025-03-05
C005138,Aditya Banerjee,2005-05-14,20,Hyderabad,8366708038,aditya.banerjee.5138@example.in,736400.0,1.0,2024-11-28
C005139,Ananya Nair,1992-01-02,33,Lucknow,7516280332,ananya.nair.5139@example.in,712900.0,4.0,2018-08-25
C005140,Ananya Sharma,1952-12-19,73,Mumbai,+91 80920 25264,ananya.sharma.5140@example.in,1302500.0,4.0,2024-06-04
C005141,Sahil Bose,2004-08-07,21,Pune,91-613-863-6057,sahil.bose.5141@example.in,985300.0,5.0,2017-03-28
C005142,Varun Tiwari,1958-03-13,67,Hyderabad,91-977-098-6366,varun.tiwari.5142@example.in,1786600.0,,2023-04-03
C005143,Saanvi Shah,1987-02-16,38,Mumbai,8235495920,saanvi.shah.5143@example.in,1645800.0,1.0,2018-03-11
C005144,Sneha Chandra,1970-08-09,55,Pune,7437858004, sneha.chandra.5144@example.in ,642200.0,4.0,2015-11-30
C005145,Akshay Roy,1993-12-01,32, Bhopal ,+91 95459 04501,akshay.roy.5145@example.in,927800.0,1.0,2016-12-25
C005146,Saanvi Rao,1998-11-04,27,Kolkata,7194147767,saanvi.rao.5146@example.in,348100.0,4.0,2020-01-23
C005147,Anika Khan,1968-07-21,57,Poona,6357718360,anika.khan.5147@example.in,,1.0,2017-08-30
C005148,Saanvi Reddy,1969-06-16,56,Pune,6906282240,saanvi.reddy.5148@example.in,274900.0,3.0,2017-10-25
C005149,Varun Subramanian,2005-10-29,20,Lakhnau,(818) 449-5225, varun.subramanian.5149@example.in ,608600.0,1.0,2022-07-25
C005150,Pranav Shah,2005-11-23,20,Mumbai,9837230191,pranav.shah.5150@example.in,780900.0,1.0,2025-10-22
C005151,Rhea Mishra,1953-04-20,72,Jaipur,6930928120,rhea.mishra.5151@example.in,736400.0,6.0,2016-04-27
C005152,Meera Subramanian,1990-01-13,35,Bhopal,91-652-672-4997,meera.subramanian.5152@example.in,373000.0,,2019-06-20
C005153,Aditya Tiwari,2004-09-10,21,Delhi,6383626155,aditya.tiwari.5153@example.in,3026700.0,,2021-09-27
C005154,Nikhil Mukherjee,1970-08-21,55,JAIPUR,,nikhil.mukherjee.5154@example.in,812800.0,5.0,2022-11-11
C005155,Anika Sen,1994-08-02,31,Hyderabad,8315908219,anika.sen.5155@example.in,,,2017-08-24
C005156,Mira Mukherjee,2003-04-24,22,Bhopal,6978757789,mira.mukherjee.5156@example.in,228200.0,7.0,2018-09-16
C005157,Zoya Tiwari,1976-05-19,49,Bengaluru,91-831-334-0424,,1982500.0,6.0,2023-08-12
C005158,Mira Agarwal,1963-04-26,62,Jaipur,9573714292,mira.agarwal.5158@example.in,1743800.0,6.0,2017-09-12
C005159,Shreya Sen,1975-07-04,50,Bhopal,9471783137,shreya.sen.5159@example.in,439600.0,6.0,2017-09-11
C005160,M. Iyer,1958-06-15,67,Kolkata,9461708249,mira.iyer.5160@example.in,382300.0,6.0,2018-10-14
C005161,Zoya Kulkarni,1972-09-15,53,Bhopal, 74346-11402 ,zoya.kulkarni.5161@example.in,584100.0,4.0,2016-09-01
C005162,Aditya Sen,1989-08-07,36,Ahemdabad,9929119838,aditya.sen.5162@example.in,549200.0,4.0,2023-05-21
C005163,Aarav Joshi,1959-09-03,66,Ahmedabad,,aarav.joshi.5163@example.in,533200.0,,2022-11-23
C005164,Sahil Patel,1972-08-29,53,Kolkata,7626957005,sahil.patel.5164@example.in,436100.0,5.0,2023-11-16
C005165,Rahul Sharma,1969-04-02,56,Lucknow,8210028059,rahul.sharma.5165@example.in,377700.0,4.0,2019-02-17
C005166,Akshay Agarwal,1959-09-11,66,Bengaluru,+91 85081 81478,akshay.agarwal.5166@example.in,1271400.0,1.0,2023-03-20
C005167,Sanjay Tiwari,1974-12-08,51,Kolkata,6724367106,sanjay.tiwari.5167@example.in,645900.0,2.0,2017-06-05
C005168,Pranav Shah,1982-02-14,43,Jaipur,7785245246,,982800.0,7.0,2018-12-14
C005169,Sanjay Banerjee,1966-09-27,59,Mumbai,8836375576,sanjay.banerjee.5169@example.in,948900.0,,2023-04-24
C005170,Varun Chandra,1972-06-12,53,Hyderabad,9552461318,varun.chandra.5170@example.in,307300.0,5.0,2016-12-12
C005171,Rahul Shah,1981-04-19,44,Jaipur,9266353040,rahul.shah.5171@example.in,666500.0,3.0,2024-03-05
C005172,Ishita Khan,1987-11-15,38,Bhopal,8496437140,ishita.khan.5172@example.in,582100.0,1.0,2022-02-09
C005173,Mira Sen,1973-11-17,52,Jaipur,8115318890,mira.sen.5173@example.in,1488900.0,4.0,2019-02-28
C005174,Priya Bose,1984-04-03,41,Kolkata,8181594699,priya.bose.5174@example.in,1145600.0,7.0,2022-10-04
C005175,Anika Iyer,1964-08-08,61,Delhi,9368717327,anika.iyer.5175@example.in,789800.0,,2024-02-05
C005176,Varun Bose,1998-09-04,27,Jaypur,,varun.bose.5176@example.in,721900.0,5.0,2023-05-23
C005177,Sanjay Desai,1965-12-24,60,Bengaluru,9969184442,sanjay.desai.5177@example.in,608400.0,7.0,2020-10-24
C005178,Pranav Gupta,2004-05-11,21,Mumbai,8393509860,pranav.gupta.5178@example.in,1136000.0,1.0,2022-12-02
C005179,Shreya Agarwal,1968-08-24,57,Kolkata ,7392914758,shreya.agarwal.5179@example.in,415400.0,6.0,2024-10-12
C005180,Akshay Shah,1953-10-18,72,Ahmedabad,7323177562,akshay.shah.5180@example.in,500700.0,1.0,2016-12-03
C005181,Pooja Sharma,1977-03-05,48,Ahmedabad,+91 60775 88110,pooja.sharma.5181@example.in,1134500.0,6.0,2020-11-07
C005182,Rahul Kapoor,1978-07-09,47,Chennai,(758) 422-0279,rahul.kapoor.5182@example.in,630300.0,2.0,2016-11-25
C005183,  saanvi   kulkarni  ,1995-12-01,30,Mumbai,7603381326,saanvi.kulkarni.5183@example.in,873900.0,2.0,2022-04-26
C005184,Ananya Verma,2002-03-22,23,Chennai ,7178287374,ananya.verma.5184@example.in,2045400.0,3.0,2017-01-08
C005185,Aditi Iyer,1963-07-16,62,Pune,6116780862,,182300.0,7.0,2018-11-24
C005186,Arjun Patel,1976-03-08,49,Pune,7076892092,arjun.patel.5186@example.in,392200.0,1.0,2023-06-15
C005187,Meera Jain,1951-09-16,74,Bengaluru,8902173513,MEERA.JAIN.5187@EXAMPLE.IN,525100.0,4.0,2016-09-27
C005188,Varun Mehta,1951-08-24,74,Bengaluru,(688) 867-2712,varun.mehta.5188@example.in,465200.0,3.0,2019-09-12
C005189,Shreya Mishra,1991-01-22,34, Ahmedabad ,6957583161,shreya.mishra.5189@example.in,1076300.0,4.0,2021-09-26
C005190,  saanvi   agarwal  ,1997-01-07,28,Delhi,9978418598,saanvi.agarwal.5190@example.in,862300.0,1.0,2024-10-20
C005191,Diya Singh,1965-06-24,60,Kolkata,9160990515,diya.singh.5191@example.in,1062400.0,3.0,2016-12-04
C005192,Zoya Bose,1998-08-06,27,Hyderabad,6780082423,zoya.bose.5192@example.in,602400.0,2.0,2022-12-27
C005193,Kavya Das,1954-09-05,71,Pune,9573030100,kavya.das.5193example.in,328600.0,2.0,2021-05-24
C005194,Tanvi Bose,1980-07-09,45,Bengaluru,7282712374,tanvi.bose.5194@example.in,458700.0,2.0,2022-10-22
C005195,Saanvi Khan,1952-05-19,73,Kochi,8983193149,saanvi.khan.5195@example.in,1079300.0,2.0,2015-05-14
C005196,Krishna Menon,2004-03-31,21,Hyderabad,8012063180,krishna.menon.5196@example.in,1581000.0,1.0,2024-12-06
C005197,Shreya Verma,1992-09-21,33,Pune, 87316-14390 ,shreya.verma.5197@example.in,407500.0,1.0,2021-04-10
C005198,Saanvi Rao,1980-04-11,45,Bhopal,,saanvi.rao.5198@example.in,924300.0,7.0,2024-04-24
C005199,Mira Subramanian,1955-10-18,70,Lucknow,6220372339,mira.subramanian.5199@example.in,1223300.0,2.0,2015-05-04
C005200,Varun Das,1967-03-14,58,Chennai,6583735913,varun.das.5200@example.in,1275900.0,2.0,2025-05-23
C005201,Arjun Tiwari,1968-11-28,57,Chennai,8200598796,arjun.tiwari.5201@example.in,472600.0,5.0,2024-10-17
C005202,Sanjay Subramanian,1998-11-16,27,Bengaluru, 93003-77736 ,sanjay.subramanian.5202@example.in,,2.0,2016-12-14
C005203,Arjun Joshi,1992-06-08,33,Kolkata ,7324239256,arjun.joshi.5203@example.in,,7.0,2025-10-11
C005204,Aditya Nair,1967-07-26,58,Kochin,91-755-214-9541,aditya.nair.5204@example.in,814500.0,1.0,2024-10-17
C005205,Vikram Kapoor,1974-08-25,51,Poona,7125842444,vikram.kapoor.5205@example.in,405600.0,6.0,2017-01-22
C005206,Aditya Nair,1974-07-18,51,Kochi,9197529853,aditya.nair.5206@example.in,492500.0,4.0,2018-10-02
C005207,Krishna Menon,1983-10-03,42,Lucknow,91-881-299-2295,krishna.menon.5207@example.in,1410000.0,7.0,2025-05-02
C005208,Aditi Sharma,1964-02-25,61,Kolkata,7007116953,aditi.sharma.5208@example.in,670100.0,3.0,2021-04-15
C005209,D. Agarwal,1953-07-16,72,Chennai,9674922935,diya.agarwal.5209@example.in,1272500.0,7.0,2016-02-14
C005210,Mira Tiwari,1952-09-12,73,Delhi,9621073950,mira.tiwari.5210@example.in,1241900.0,1.0,2020-09-18
C005211,POOJA REDDY,1989-04-18,36,Kolkata,9626456024,pooja.reddy.5211@example.in,1883800.0,2.0,2017-10-17
C005212,Kabir Reddy,1996-12-20,29,Lakhnau,9140938973,kabir.reddy.5212@example.in,1383800.0,3.0,2021-10-13
C005213,Aarav Reddy,1991-01-22,34,MUMBAI,,aarav.reddy.5213@example.in,797000.0,3.0,2024-11-16
C005214,Krishna Bose,1955-03-06,70,Delhi,8721128985,krishna.bose.5214@example.in,3214600.0,3.0,2024-12-07
C005215,Ananya Shah,1993-01-24,32,Hyderabad,8560706235,ananya.shah.5215@example.in,1347900.0,2.0,2018-03-16
C005216,Tanvi Menon,1952-08-06,73,Ahmedabad,8357238419,tanvi.menon.5216@example.in,509600.0,,2017-11-02
C005217,Kavya Kulkarni,1990-09-14,35,Delhi,9911970928,kavya.kulkarni.5217@example.in,750500.0,1.0,2025-01-21
C005218,Rohan Jain,2001-11-27,24,Chennai,8289181849,rohan.jain.5218@example.in,404000.0,5.0,2016-11-13
C005219,Shreya Menon,1964-06-08,61,Kolkata, 82891-59846 ,shreya.menon.5219@example.in,736300.0,2.0,2018-06-21
C005220,Rahul Reddy,1962-02-17,63,Mumbai,7786946043,rahul.reddy.5220@example.in,,2.0,2019-01-27
C005221,Nikhil Shara,1961-04-28,64,Chennai,+91 92152 72103,nikhil.sharma.5221@example.in,1438300.0,3.0,2017-02-07
C005222,Ishita Tiwari,1952-02-04,73,Kochi,8530085215,ishita.tiwari.5222@example.in,505700.0,6.0,2019-10-01
C005223,Rhea Subramanian,1983-09-28,42,Kochi,9309376250,rhea.subramanian.5223@example.in,945100.0,7.0,2025-01-08
C005224,Shreya Shah,1997-02-22,28,Lucknow,9478745713,shreya.shah.5224@example.in,1312400.0,3.0,2024-02-14
C005225,Vikram Singh,1981-08-06,44,Bombay,(847) 517-1618,vikram.singh.5225@example.in,,,2019-10-14
C005226,Anika Kapoor,1957-05-26,68,Hyderabad,9714667271,anika.kapoor.5226@example.in,876700.0,6.0,2019-12-30
C005227,Nikhil Sharma,1957-11-10,68,Kolkata,7574499078,nikhilsharma5227@example.in,,3.0,2018-07-02
C005228,Sneha Das,2000-12-07,25,Hyderabad,8783448764,sneha.das.5228@example.in,1403400.0,2.0,2018-03-18
C005229,Sanjay Kulkarni,1960-05-27,65,Ahmedabad,8247506093,sanjay.kulkarni.5229@example.in,1323000.0,3.0,2023-11-01
C005230,Nisha Jain,1974-06-17,51,Lucknow,9887539802,nisha.jain.5230@example.in,1062900.0,1.0,2023-11-22
C005231,Kabir Nair,2002-06-26,23, Bhopal ,9422790979,kabir.nair.5231@example.in,626800.0,6.0,2022-07-29
C005232,Nikhil Verma,1950-09-07,75,Bengaluru,8587871126,nikhil.verma.5232@example.in,495500.0,7.0,2016-12-21
C005233,Akshay Banerjee,1994-10-07,31,Chennai,6347930658,akshay.banerjee.5233@example.in,659600.0,3.0,2015-11-07
C005234,Ishita Kapoor,1963-09-22,62,Bhopal,8368142764,ishita.kapoor.5234@example.in,962800.0,3.0,2023-05-21
C005235,Nikhil Shah,1991-03-17,34,Delhi,6297647032,nikhil.shah.5235@example.in,526900.0,4.0,2016-12-29
C005236,Meera Singh,1972-10-25,53,Jaipur,8677064887,meera.singh.5236@example.in,679300.0,,2022-06-30
C005237,Sahil Menon,1951-02-10,74,Pune,6590473835,sahil.menon.5237@example.in,1485400.0,1.0,2016-03-12
C005238,Rahul Shah,1952-12-08,73,Mumbai,6046665992,rahul.shah.5238@example.in,1484000.0,6.0,2021-04-03
C005239,Akshay Sinha,1979-08-25,46,Bhopal,6916424124,akshay.sinha.5239@example.in,727700.0,2.0,2024-07-05
C005240,Ishita Bose,1970-04-03,55,Hyderabad,7857093396,ishita.bose.5240@example.in,1499000.0,7.0,2024-09-09
C005241,Pranav Kapoor,1989-02-11,36,Bhopal,9197551731,pranav.kapoor.5241@example.in,,7.0,2019-02-12
C005242,Ishita Banerjee,1964-10-12,61,Delhi,6973955190,ishita.banerjee.5242@example.in,439500.0,4.0,2017-12-10
C005243,Pranav Iyer,1957-01-13,68,Chennai,9442436121,,799700.0,3.0,2018-01-26
C005244,Ananya Das,1962-02-07,63,Lucknow,+91 99095 55598,ananya.das.5244@example.in,801500.0,5.0,2020-09-22
C005245,Pranav Bose,1960-05-31,65,Pune,7305505822,pranav.bose.5245@example.in,782800.0,3.0,2018-05-02
C005246,Ishaan Kapoor,1980-10-06,45,Lucknow,7492585058,ishaan.kapoor.5246@example.in,1302500.0,,2023-07-20
C005247,Aditya Patel,1962-08-27,63,Bengaluru,8633372472,aditya.patel.5247@example.in,581500.0,7.0,2023-07-26
C005248,Aditi Sharma,1958-10-28,67,Lucknow,6941361600,,1367200.0,5.0,2016-09-03
C005249,Aditi Mehta,1967-11-11,58,LUCKNOW,6861856145,aditi.mehta.5249@example.in,1633100.0,2.0,2015-09-13
C005250,Aditi Sinha,1950-08-25,75,Mumbai,8543980607,aditi.sinha.5250@example.in,369300.0,2.0,2023-05-24
C005251,Saanvi Das,1964-08-21,61,HYDERABAD,,saanvi.das.5251@example.in,967900.0,5.0,2016-06-08
C005252,Rohan Kapoor,2005-06-26,20,Hyderabad,7940683265,rohan.kapoor.5252@example.in,392800.0,1.0,2019-01-18
C005253,Sahil Patel,1955-02-02,70,Kochi,,sahil.patel.5253@example.in,1065100.0,1.0,2025-09-19
C005254,Kabir Sinha,1954-03-14,71, Lucknow ,+91 86241 81243,kabir.sinha.5254@example.in,1355200.0,3.0,2020-10-15
C005255,Mira Singh,1963-05-23,62,Jaipur,91-675-001-0077,mira.singh.5255@example.in,378800.0,2.0,2019-06-12
C005256,Rohan Patel,1981-01-30,44,Hyderabad,6195997165,rohan.patel.5256@example.in,,2.0,2017-06-24
C005257,Ishita Reddy,1962-07-23,63,Pune,7747886994,ishita.reddy.5257@example.in,1073700.0,5.0,2020-05-15
C005258,Kavya Sinha,1963-09-02,62,Pune,+91 92745 25377,kavya.sinha.5258@example.in,470800.0,7.0,2020-05-07
C005259,Diya Nair,1969-05-04,56,Kolkata,6828328383,diya.nair.5259@example.in,594300.0,1.0,2020-04-11
C005260,Sahil Subramanian,1988-08-31,37,Pune,6722370523,sahil.subramanian.5260@example.in,612700.0,6.0,2021-01-04
C005261,Meera Desai,1973-04-06,52,Mumbai,8548975292,MEERA.DESAI.5261@EXAMPLE.IN,836300.0,3.0,2018-02-25
C005262,Varun Agarwal,1994-06-16,31,Kolkata,9609830020,varun.agarwal.5262@example.in,,1.0,2024-06-09
C005263,Shreya Sharma,2003-03-29,22,Ahmedabad,9365572697,shreya.sharma.5263@example.in,885900.0,1.0,2018-12-23
C005264,Sahil Mehta,1985-12-21,40,Delhi,,sahil.mehta.5264@example.in,230000.0,5.0,2023-02-24
C005265,Zoya Das,1969-11-27,56,Lucknow,8881052589,zoya.das.5265@example.in,836300.0,5.0,2020-01-13
C005266,Diya Bose,1967-08-25,58,Delhi,8670352991,diya.bose.5266@example.in,385300.0,,2022-10-11
C005267,Nisha Chandra,1997-06-23,28,Lucknow,7843676331,nisha.chandra.5267@example.in,,2.0,2016-05-19
C005268,Anika Joshi,2001-10-16,24,Bengluru,6925615057,anika.joshi.5268@example.in,1714300.0,1.0,2023-12-09
C005269,Krishna Sen,1980-09-21,45,Ahmedabad,9448967162,krishna.sen.5269@example.in,579300.0,4.0,2019-07-26
C005270,Sahil Mishra,2000-08-28,25,Chennai, 65330-54160 ,sahil.mishra.5270@example.in,,6.0,2019-09-26
C005271,Rohan Subramanian,1954-08-29,71,Kochi,6527220164,rohan.subramanian.5271@example.in,4238100.0,4.0,2024-02-18
C005272,Diya Rao,2001-02-19,24,Lucknow,6083593176,diya.rao.5272@example.in,760500.0,5.0,2021-05-19
C005273,Sahil Nair,1952-03-25,73,Bengaluru,6632338344,sahil.nair.5273@example.in,913900.0,5.0,2025-05-09
C005274,Varun Sinha,1976-10-05,49,Bhopal,9898239336,varun.sinha.5274@example.in,271300.0,3.0,2018-12-26
C005275,Priya Sharma,2000-11-30,25,Jaipur,8319669774,priya.sharma.5275@example.in,1125700.0,3.0,2023-03-06
C005276,Priya Iyer,1979-11-07,46,Lucknow,9853070653,priya.iyer.5276@example.in,645200.0,2.0,2024-05-03
C005277,Ananya Kulkarni,1968-09-17,57,PUNE,8989170351,ananya.kulkarni.5277@example.in,762500.0,7.0,2019-11-14
C005278,Pooja Kulkarni,1978-07-13,47,Jaipur, 71711-70562 ,pooja.kulkarni.5278@example.in,787300.0,4.0,2018-07-24
C005279,Krishna Kulkarni,1984-11-20,41,Bengaluru,,krishna.kulkarni.5279@example.in,1097200.0,1.0,2015-11-15
C005280,Ananya Sharma,1999-06-23,26,Bengluru,8370520780,ananya.sharma.5280@example.in,318900.0,1.0,2025-06-15
C005281,Aditi Jain,1993-05-09,32,Jaipur,6285510770,aditi.jain.5281@example.in,343500.0,1.0,2019-07-15
C005282,Ishita Roy,1990-02-11,35,Hyderabad,,ishita.roy.5282@example.in,2036100.0,2.0,2022-08-22
C005283,Kabir Sinha,1988-08-31,37,Hyderabad,+91 81425 93997,kabir.sinha.5283@example.in,161700.0,1.0,2018-09-15
C005284,Zoya Joshi,1988-07-21,37,Lucknow,8299832513,zoyajoshi5284@example.in,1257000.0,1.0,2025-07-12
C005285,Zoya Gupta,1994-11-19,31,Delhi,7098304215,zoya.gupta.5285@example.in,604000.0,1.0,2016-02-04
C005286,Sanjay Das,1997-03-12,28,Lakhnau,6050903638,sanjay.das.5286@example.in,1949200.0,7.0,2018-05-07
C005287,Pooja Sinha,1962-04-26,63, Kochi ,6553265786,,461200.0,7.0,2020-12-13
C005288,Anika Menon,1955-06-07,70,Pune,9277455391,anika.menon.5288@example.in,197000.0,2.0,2017-07-19
C005289,Aarav Desai,1956-12-05,69,Pune,7722932432, aarav.desai.5289@example.in ,1175200.0,7.0,2023-06-10
C005290,Aditya Bose,1952-02-24,73,Kochi, 97903-55434 ,aditya.bose.5290@example.in,727800.0,7.0,2023-09-12
C005291,Varun Roy,2000-07-28,25,Chennai ,6401193639,varun.roy.5291@example.in,3193400.0,7.0,2025-09-11
C005292,Saanvi Subramanian,1989-01-14,36,Lucknow,6611973935,saanvi.subramanian.5292@example.in,1047300.0,2.0,2018-12-12
C005293,Shreya Kapoor,1965-04-23,60, Mumbai ,9394304710,shreya.kapoor.5293@example.in,378200.0,1.0,2016-04-24
C005294,Varun Sharma,1953-04-08,72,Delhi,8317877804,varun.sharma.5294@example.in,1019600.0,1.0,2025-02-02
C005295,Rohan Nair,1998-04-18,27,Ahmedabad,8765617527,rohan.nair.5295@example.in,,3.0,2023-02-19
C005296,Priya Joshi,1969-11-29,56,Delhi,7960166516,priya.joshi.5296@example.in,583500.0,3.0,2016-11-24
C005297,Vikram Tiwari,1982-01-19,43,Lucknow,7487417942,vikram.tiwari.5297@example.in,566200.0,1.0,2017-04-04
C005298,Aditya Patel,1972-06-26,53,Kochi,6665298727,aditya.patel.5298@example.in,1276200.0,1.0,2020-08-04
C005299,Anika Agarwal,1956-04-21,69,Chennai,9518509710,anika.agarwal.5299@example.in,1197200.0,4.0,2016-01-10
C005300,Sneha Das,1987-09-11,38,Pune,9345056338,sneha.das.5300@example.in,456200.0,,2019-01-11
C005301,Shreya Iyer,1969-09-14,56,Bangalore,9477962300,shreya.iyer.5301@example.in,710800.0,3.0,2015-01-27
C005302,Sanjay Menon,2005-08-10,20, Delhi ,8714852183,sanjay.menon.5302@example.in,924500.0,1.0,2017-10-29
C005303,Nikhil Tiwari,1969-06-08,56,Bhopal,9850568232,nikhil.tiwari.5303@example.in,868500.0,7.0,2022-04-14
C005304,Diya Banerjee,1975-06-12,50,Lucknow,7805774955,diya.banerjee.5304@example.in,916000.0,5.0,2023-07-03
C005305,Kabir Agarwal,1989-05-08,36,Pune,(831) 817-4154,,551600.0,5.0,2024-02-27
C005306,Sneha Verma,1976-01-07,49,Hyderabad,8852546678,sneha.verma.5306@example.in,561200.0,7.0,2016-01-23
C005307,Aditya Kulkarni,1990-12-16,35,Mumbai,9604082412,aditya.kulkarni.5307@example.in,1687300.0,7.0,2024-02-17
C005308,Mira Khan,1958-03-16,67,Kolkata,6295817928,mira.khan.5308@example.in,498400.0,4.0,2025-07-12
C005309,Saanvi Roy,1964-05-04,61,Delhi,7807316482,saanvi.roy.5309@example.in,409100.0,4.0,2015-06-25
C005310,Aditya Verma,1975-09-29,50,JAIPUR,+91 83325 27672,aditya.verma.5310@example.in,1342400.0,5.0,2015-09-10
C005311,Shreya Das,2003-03-30,22,Kochi,8942456974,shreya.das.5311@example.in,384900.0,3.0,2024-01-29
C005312,Anika Mukherjee,1992-02-28,33,Kochi,8287833094,anika.mukherjee.5312@example.in,626500.0,,2025-07-24
C005313,ANIKA MENON,1991-01-02,34,Hyderabad,6781594613,anika.menon.5313@example.in,449100.0,6.0,2022-01-07
C005314,Rohan Sharma,1996-05-21,29,Pune,9771794178,rohan.sharma.5314@example.in,1070800.0,2.0,2015-09-03
C005315,Varun Kulkarni,1954-01-21,71,Ahmedabad,7470243565,varun.kulkarni.5315@example.in,402200.0,5.0,2019-05-28
C005316,Pranav Desai,1970-07-06,55,Kolkata,7313523827,pranav.desai.5316@example.in,1787400.0,3.0,2021-02-23
C005317,Aarav Singh,1991-06-09,34,Ahmedabad,7849439074,aarav.singh.5317@example.in,210000.0,1.0,2022-06-06
C005318,Rahul Agarwal,1963-04-24,62,Lucknow,6773841866,rahul.agarwal.5318@example.in,298100.0,7.0,2015-08-01
C005319,Kabir Subramanian,1950-02-09,75,Hyderabad,9662380803,kabir.subramanian.5319@example.in,738000.0,2.0,2025-01-11
C005320,Diya Agarwal,1968-11-21,57,Pune,(644) 743-8911,diya.agarwal.5320@example.in,493600.0,3.0,2023-05-16
C005321,Sahil Reddy,1990-09-02,35,Cochin,91-709-837-0433,sahil.reddy.5321@example.in,890900.0,5.0,2022-02-27
C005322,Zoya Mishra,1995-08-30,30,Bhopl,+91 83205 13067,zoya.mishra.5322@example.in,630000.0,3.0,2024-01-29
C005323,Sneha Joshi,1961-05-11,145,Lucknow,6298865104,sneha.joshi.5323@example.in,631100.0,1.0,2023-09-05
C005324,Sanjay Jain,1973-04-12,52,Ahmedabad,8336880866,sanjay.jain.5324@example.in,1159600.0,2.0,2015-03-20
C005325,Sanjay Shah,1968-03-27,57,KOCHI, 83880-02302 ,sanjay.shah.5325@example.in,546900.0,4.0,2016-01-30
C005326,Ishita Agarwal,2000-05-02,25,Kolkata,9467574753,ishita.agarwal.5326@example.in,460700.0,6.0,2021-10-17
C005327,Sahil Banerjee,1960-05-04,65,Delhi,9656539690,sahil.banerjee.5327@example.in,577900.0,7.0,2022-06-26
C005328,Priya Mishra,1971-12-14,54,Jaipur,8418610028,priya.mishra.5328@example.in,1251500.0,4.0,2025-08-08
C005329,Aarav Sen,1976-04-24,49,Chennai,6935689045,aarav.sen.5329@example.in,239800.0,5.0,2021-05-30
C005330,Rahul Chandra,1997-04-03,28,Mumbai,,rahul.chandra.5330@example.in,,2.0,2016-07-31
C005331,Tanvi Desai,2000-12-12,25,Mumbai,9172910820,tanvi.desai.5331@example.in,1072700.0,6.0,2017-11-17
C005332,Aditya Sinha,2005-02-07,20,Kolkata,7225479264,aditya.sinha.5332@example.in,2664600.0,,2024-01-16
C005333,Aditi Rao,2004-09-17,21,Bhopal,9875579687,aditi.rao.5333@example.in,860200.0,4.0,2015-03-14
C005334,PRIYA RAO,2004-06-06,21,Bhopal,7376593172,priya.rao.5334@example.in,582300.0,2.0,2022-02-22
C005335,Anika Chandra,1995-01-06,30,HYDERABAD,7592504484,anika.chandra.5335@example.in,620700.0,3.0,2017-09-18
C005336,Varun Singh,1982-02-15,43,Pune,9058492035,varun.singh.5336@example.in,1162600.0,7.0,2025-01-26
C005337,Sneha Sen,1979-12-13,46,Mumbai,8327116574,sneha.sen.5337@example.in,545300.0,,2022-03-19
C005338,Nikhil Nair,1980-02-16,45,Chennai,7289340756, nikhil.nair.5338@example.in ,342400.0,6.0,2017-02-26
C005339,Varun Mnon,1975-12-29,50,Chennai,8626682087,varun.menon.5339@example.in,319300.0,4.0,2021-06-28
C005340,Arjun Patel,1998-08-15,27,Kolkata,6586835898,arjun.patel.5340@example.in,248300.0,,2021-02-18
C005341,Aditya Das,1958-04-06,67,Bhopal, 96081-55024 ,aditya.das.5341@example.in,418200.0,3.0,2017-06-30
C005342,Aarav Gupta,1999-11-26,26,Pune,9926266223,aarav.gupta.5342@example.in,1542000.0,4.0,2016-06-05
C005343,Arjun Rao,1950-03-21,75,Bengluru,7596387183,arjun.rao.5343@example.in,527500.0,1.0,2022-10-16
C005344,Mira Desai,2001-10-08,24,Kolkata,6879910780,mira.desai.5344@example.in,145100.0,6.0,2017-04-14
C005345,Mira Agarwal,1964-01-11,61,Ahmedabad,9963326692,mira.agarwal.5345@example.in,383500.0,1.0,2023-06-10
C005346,Ananya Iyer,1983-06-02,42,Bhopal,9496200362,ananya.iyer.5346@example.in,781200.0,7.0,2017-02-28
C005347,Anika Iyer,1964-12-09,61,Lucknow,8551416492,anika.iyer.5347@example.in,512000.0,6.0,2025-09-03
C005348,Pranav Verma,1972-12-12,53,Chennai,6032671852,pranav.verma.5348@example.in,872600.0,5.0,2016-12-07
C005349,Varun Iyer,1955-06-24,70,Kochi,8507504020,varun.iyer.5349@example.in,367500.0,1.0,2024-04-09
C005350,Rohan Shah,2000-07-03,25,Bengaluru,91-795-365-5070,rohan.shah.5350@example.in,1220500.0,5.0,2023-04-16
C005351,Zoya Mukherjee,1992-06-05,33,Mumbai,91-912-339-0363,zoya.mukherjee.5351@example.in,442400.0,2.0,2023-03-11
C005352,Nisha Shah,1983-12-12,42,Delhi,,nisha.shah.5352@example.in,376300.0,3.0,2017-07-28
C005353,Priya Khan,1960-01-19,65,Chennai,(700) 321-9415,priya.khan.5353@example.in,492200.0,3.0,2015-07-29
C005354,Shreya Joshi,1971-12-30,54,Kochi,8152588688,shreya.joshi.5354@example.in,1915600.0,,2016-01-02
C005355,Mira Sinha,1998-01-20,27,Mumbai,9940156125,mira.sinha.5355@example.in,595300.0,,2016-10-09
C005356,Nikhl Mehta,1973-06-18,52,Calcutta,(868) 831-5526,nikhil.mehta.5356@example.in,2668100.0,2.0,2020-03-06
C005357,Nisha Sinha,1984-08-17,41,Lucknow,6066704286,nisha.sinha.5357@example.in,662000.0,3.0,2015-10-09
C005358,Saanvi Desai,1954-09-25,71,Delhi,8043850925,saanvi.desai.5358@example.in,,,2020-03-10
C005359,Ishita Joshi,1970-04-29,55,Bhopal,9726861356,ishita.joshi.5359@example.in,1377100.0,6.0,2023-07-22
C005360,Ishaan Iyer,1981-09-17,44,Kochi,6707913456,ishaan.iyer.5360@example.in,276200.0,1.0,2021-01-11
C005361,Sanjay S.,1968-09-06,57,Kolkata,+91 84198 67414,sanjay.sharma.5361@example.in,641200.0,3.0,2017-08-01
C005362,Arjun Bose,1961-09-15,64,Jaipur,9270917224,arjun.bose.5362@example.in,1503800.0,3.0,2017-12-17
C005363,Sneha Kulkarni,1967-07-06,58,Bhopal,8775416766,sneha.kulkarni.5363@example.in,1014500.0,7.0,2023-07-21
C005364,Ananya Kulkarni,1971-05-04,54,Jaypur,6791814394,ananya.kulkarni.5364@example.in,1133900.0,3.0,2015-01-31
C005365,Kavya Jain,1997-09-12,28,Mumbai,8341854807,kavya.jain.5365@example.in,296500.0,6.0,2023-06-06
C005366,Arjun Joshi,1958-09-09,67,Lucknow,91-972-538-1204,arjun.joshi.5366@example.in,658000.0,1.0,2019-10-29
C005367,Rohan Subramanian,1964-04-23,61,Jaipur, 86783-52310 ,rohan.subramanian.5367@example.in,767800.0,7.0,2025-02-27
C005368,Kabir Reddy,1979-01-27,46,Chennai,9615768349,kabir.reddy.5368@example.in,954300.0,1.0,2018-09-03
C005369,Tanvi Subramanian,1981-08-13,44,Hyderabad,8630182669,tanvi.subramanian.5369@example.in,1949400.0,2.0,2024-04-30
C005370,Pooja Sen,1954-02-06,71,Chennai,6324390465,pooja.sen.5370@example.in,1928900.0,6.0,2022-02-01
C005371,Meera Tiwari,1988-07-03,37,Jaipur,9408312191,meera.tiwari.5371@example.in,2346000.0,4.0,2018-07-14
C005372,Zoya Singh,1962-01-10,63,Lucknow,8625751170,zoya.singh.5372@example.in,1542900.0,1.0,2018-09-22
C005373,Pooja Tiwari,1980-03-07,45,Hyderabad,7343112693,pooja.tiwari.5373@example.in,704500.0,4.0,2020-11-28
C005374,Krishna Nair,1989-10-04,36,Ahmedabad,7254177034,krishna.nair.5374@example.in,1438200.0,2.0,2015-03-06
C005375,Rohan Mishra,1999-01-06,26,Pune,8152866587,rohan.mishra.5375@example.in,172200.0,2.0,2024-11-19
C005376,Krishna Sharma,1975-10-28,50,Delhi,+91 73773 18362,krishna.sharma.5376@example.in,466600.0,5.0,2022-03-20
C005377,Saanvi Sinha,1971-01-05,54,Lucknow,6371410190,saanvi.sinha.5377@example.in,1336900.0,5.0,2024-08-13
C005378,Zoya Mishra,1982-08-27,43,Ahmedabad,8359115830,zoya.mishra.5378@example.in,,2.0,2015-01-05
C005379,Rhea Gupta,1973-03-21,52, Pune ,8410340813,rhea.gupta.5379@example.in,,1.0,2020-04-23
C005380,Akshay Roy,1997-05-23,28,Bhopal,7340938580,akshay.roy.5380@example.in,426600.0,5.0,2025-03-14
C005381,Varun Kapoor,1966-01-05,59,Bhopal,6533253347,varun.kapoor.5381@example.in,467500.0,1.0,2017-12-11
C005382,Nisha Chandra,2000-08-27,25,Bhopal,6137635310,nisha.chandra.5382@example.in,337800.0,5.0,2023-12-27
C005383,Tanvi Singh,1987-06-20,38,Mumbai,9540982600,tanvi.singh.5383@example.in,1465000.0,7.0,2023-09-05
C005384,Priya Reddy,1975-03-08,50,LUCKNOW,8305360777,priya.reddy.5384@example.in,771600.0,5.0,2016-05-23
C005385,Kavya Iyer,2005-11-16,20,Bhopal,8408146174,kavya.iyer.5385@example.in,1287200.0,2.0,2024-11-13
C005386,Tanvi Kulkarni,1989-01-11,36,Bhopal,7409828016,tanvi.kulkarni.5386@example.in,745900.0,6.0,2023-01-26
C005387,Mira Tiwari,2001-12-11,24, Mumbai ,7234452375,mira.tiwari.5387@example.in,318600.0,,2021-03-26
C005388,Anika Mehta,1993-05-02,32,Hyd,6666610961,anika.mehta.5388@example.in,1236600.0,4.0,2023-05-21
C005389,Diya Khan,1961-12-31,64,Hyderabad, 76483-36285 ,,763200.0,6.0,2023-02-06
C005390,Sanjay Desai,1960-06-05,65,Bengaluru,9304282822,sanjay.desai.5390@example.in,923300.0,6.0,2022-06-19
C005391,Ishita Mishra,1988-11-07,37,Bengaluru,9675885027,,513800.0,7.0,2017-01-17
C005392,Anika Kulkarni,1981-12-22,44,Kolkata,(831) 005-5824,anika.kulkarni.5392@example.in,2566100.0,2.0,2019-03-29
C005393,Ananya Kapoor,1999-05-15,26,Ahemdabad,+91 74459 94265,ananya.kapoor.5393@example.in,,4.0,2021-03-04
C005394,Akshay Mukherjee,1986-06-14,39,Pune,8990173752,akshay.mukherjee.5394@example.in,162600.0,6.0,2017-05-21
C005395,Nikhil Shah,1968-05-10,57,Lucknow,9648799365,nikhil.shah.5395@example.in,1574300.0,6.0,2024-04-15
C005396,Kavya Gupta,1969-01-23,56,CHENNAI,8824644152,kavya.gupta.5396@example.in,1120400.0,2.0,2021-03-23
C005397,Akshay Singh,1981-10-06,44,Chennai,9676801869,akshay.singh.5397@example.in,1287100.0,4.0,2016-10-23
C005398,Rohan Shah,1972-12-10,53,Pune,9396832346,rohan.shah.5398@example.in,615800.0,7.0,2015-11-08
C005399,Pranav Jain,1963-03-28,62,Kochi,8134013925,pranav.jain.5399@example.in,1958000.0,3.0,2020-04-03
C005400,Rahul Banerjee,1974-01-19,51,Mumbai,9519546219,rahul.banerjee.5400@example.in,624600.0,5.0,2023-04-15
C005401,Meera Menon,1996-02-08,29,Ahmedabad,8219977467,meera.menon.5401@example.in,675400.0,5.0,2021-12-06
C005402,Kavya Chandra,1984-01-17,41,PUNE,,kavya.chandra.5402@example.in,1048200.0,4.0,2015-03-11
C005403,Krishna Khan,1970-01-10,55,Jaipur,+91 73646 73348,krishna.khan.5403@example.in,1409800.0,4.0,2021-11-10
C005404,Anika Sinha,1975-11-14,50, Ahmedabad ,9816030413,anika.sinha.5404@example.in,894500.0,3.0,2017-09-04
C005405,Rhea Mishra,1970-11-13,55,Kochi,6691690068,rhea.mishra.5405@example.in,342400.0,2.0,2018-05-27
C005406,Rohan Bose,1952-12-01,73,Ahmedabad,7199111867,rohan.bose.5406@example.in,1539800.0,2.0,2019-04-27
C005407,Ishita Nair,1974-05-25,51,Pune,8544497740,ishita.nair.5407@example.in,285800.0,1.0,2016-03-09
C005408,Krishna Sinha,1969-12-11,56,Kolkata,6057086185,krishna.sinha.5408@example.in,405400.0,7.0,2021-08-26
C005409,Sreya Sharma,1966-12-19,59,Bengaluru,9991824263,shreya.sharma.5409@example.in,664100.0,1.0,2024-04-16
C005410,Sanjay Kulkarni,1971-03-27,54,Jaipur,7999801768,sanjay.kulkarni.5410@example.in,611800.0,2.0,2025-08-20
C005411,Aarav Verma,1971-10-05,54, Jaipur ,6377860026,aarav.verma.5411@example.in,713400.0,2.0,2018-05-21
C005412,Ananya Agarwal,1966-12-11,59,Mumbai,(984) 695-0185,ananya.agarwal.5412@example.in,1561800.0,7.0,2021-01-10
C005413,Arjun Verma,1975-02-07,50,Kolkata,9442721813,arjun.verma.5413@example.in,618400.0,,2021-03-01
C005414,Sahil Banerjee,2004-02-01,21,BENGALURU,,sahil.banerjee.5414@example.in,1016800.0,6.0,2024-02-16
C005415,Shreya Patel,1986-06-05,39,Kochi,8876008158,shreya.patel.5415@example.in,2842200.0,6.0,2015-02-05
C005416,Sanjay Roy,2001-01-21,24,Bengaluru,9240407229,sanjay.roy.5416@example.in,1323800.0,3.0,2015-11-09
C005417,Ananya Sharma,1982-06-04,43,Lucknow,8266733621,ananya.sharma.5417@example.in,1190500.0,6.0,2020-12-27
C005418,Anika Sinha,1980-07-02,45,Pune,7638301138,anika.sinha.5418@example.in,392700.0,3.0,2016-07-11
C005419,Arjun Joshi,1990-06-21,35,Ahmedabad,8098148521,arjun.joshi.5419@example.in,1384700.0,4.0,2016-07-22
C005420,Aarav Reddy,1975-06-12,50,Pune,8397519160,aarav.reddy.5420@example.in,428400.0,7.0,2015-10-27
C005421,Akshay Agarwal,1985-02-11,40,Mumbai,6437874336,akshay.agarwal.5421@example.in,1043600.0,2.0,2021-08-13
C005422,Sanjay Bose,2005-06-20,20,Bhopal,8133707943,sanjay.bose.5422@example.in,599200.0,1.0,2023-06-20
C005423,Anika Menon,1984-02-29,41,LUCKNOW,6736366569,anika.menon.5423@example.in,924400.0,,2016-12-20
C005424,Ishaan Khan,2004-04-21,21,Hyderabad,(922) 414-8427,ishaan.khan.5424@example.in,394300.0,1.0,2016-10-08
C005425,Diya Sen,1951-04-09,74,Chennai,9010309140,diya.sen.5425@example.in,799100.0,3.0,2017-02-08
C005426,Priya Sinha,1956-09-29,69,Pune,,priya.sinha.5426@example.in,155600.0,1.0,2020-02-05
C005427,Rahul Roy,1974-01-20,51,Chenai,7830444004,rahul.roy.5427@example.in,774600.0,5.0,2019-12-28
C005428,Rhea Iyer,1973-05-07,52,Kolkata,+91 76807 57033,rhea.iyer.5428@example.in,1302500.0,6.0,2015-10-06
C005429,Ishaan S.,1998-12-15,27,Bengaluru,,ishaan.shah.5429@example.in,728300.0,6.0,2015-09-05
C005430,Meera Agarwal,1981-05-15,44,Jaipur,9724687925,meera.agarwal.5430@example.in,878500.0,6.0,2017-06-29
C005431,Priya Sinha,1970-10-09,55,Bhopal,,priya.sinha.5431@example.in,,1.0,2016-01-25
C005432,Arjun Gupta,1991-03-29,34,Kochi,6142431158,arjun.gupta.5432@example.in,671600.0,3.0,2017-02-06
C005433,S. Sen,1996-02-28,29,Mumbai,8428851020,saanvi.sen.5433@example.in,451900.0,4.0,2017-03-14
C005434,Vikram Menon,1996-05-23,29,Bhopal,9285118247,vikram.menon.5434@example.in,810100.0,3.0,2015-10-24
C005435,Mira Chandra,1972-11-17,53,Mumbai,,mira.chandra.5435@example.in,603200.0,1.0,2020-06-08
C005436,Meera Shah,1972-10-14,53,Bengaluru,9885994110,meera.shah.5436@example.in,252900.0,6.0,2015-05-30
C005437,Anika Sinha,1951-01-08,74,Lucknow,+91 63168 39676,anika.sinha.5437@example.in,645800.0,1.0,2018-05-08
C005438,Nisha Singh,1966-10-11,59,Mumbai,8658898762,nisha.singh.5438@example.in,776600.0,6.0,2025-10-02
C005439,Zoya Banerjee,1998-11-03,27,Hyderabad,9732326868,zoya.banerjee.5439@example.in,396900.0,5.0,2024-11-24
C005440,Mira Kulkarni,1985-07-17,40,KOLKATA,7818666801,mira.kulkarni.5440@example.in,820900.0,3.0,2017-07-22
C005441,Rohan Nair,1987-06-07,38,Chennai,7377653575,rohan.nair.5441@example.in,847400.0,5.0,2018-07-02
C005442,Shreya Reddy,1982-03-22,43,Ahmedabad,91-785-345-6518,shreya.reddy.5442@example.in,764300.0,7.0,2016-09-18
C005443,Akshay Tiwari,1984-03-26,41,Kochi, 87442-74567 ,akshay.tiwari.5443@example.in,7567200.0,1.0,2024-04-25
C005444,Saanvi Kulkarni,1961-08-22,64,Hyderabad,,saanvi.kulkarni.5444@example.in,703200.0,6.0,2021-02-03
C005445,Zoya Subramanian,1953-02-11,72,Jaipur,8594351387,zoya.subramanian.5445@example.in,499600.0,4.0,2017-05-04
C005446,Arjun Sen,1963-10-01,62,Mumbai,8571027019,arjun.sen.5446@example.in,,1.0,2023-05-20
C005447,Anika Shah,1969-10-28,56,Jaipur,8427484151,anika.shah.5447@example.in,420700.0,6.0,2018-01-03
C005448,Aditi Menon,1954-09-15,71,Ahemdabad,9346493124,aditi.menon.5448@example.in,1293500.0,3.0,2022-11-28
C005449,Rahul Rao,1965-05-17,60,Mumbai,9880852029,rahul.rao.5449@example.in,1110900.0,3.0,2018-11-16
C005450,Krishna Bose,1958-01-01,68,Pune,8473336463,KRISHNA.BOSE.5450@EXAMPLE.IN,1464200.0,6.0,2024-02-25
C005451,Ishita Roy,1980-12-04,45,Pune,6849256434,ishita.roy.5451@example.in,543200.0,3.0,2017-03-08
C005452,Aarav Agarwal,1956-03-20,69,Mumbai,,aarav.agarwal.5452@example.in,564900.0,5.0,2018-04-25
C005453,Pooja Jain,1951-04-15,74,Bengaluru,91-755-762-0731,pooja.jain.5453@example.in,,,2025-04-18
C005454,Pooja Singh,1974-02-07,51,Delhi,8697974678,pooja.singh.5454@example.in,591700.0,7.0,2024-12-30
C005455,Varun Joshi,1990-07-24,35,KOLKATA,6547669297,varun.joshi.5455@example.in,533200.0,5.0,2016-01-04
C005456,Aditya Kapoor,1959-01-18,66,Lakhnau,8220753112,aditya.kapoor.5456@example.in,690600.0,7.0,2018-09-28
C005457,Priya Tiwari,1982-10-27,43,Delhi,7627199608,priya.tiwari.5457@example.in,945200.0,6.0,2025-12-27
C005458,  arjun   jain  ,1967-10-27,58,Bengaluru,7904664017,arjun.jain.5458@example.in,1168100.0,5.0,2020-09-30
C005459,Krishna Sen,1979-12-03,46, Pune ,7383405047,krishna.sen.5459@example.in,650500.0,7.0,2021-12-31
C005460,Sneha Kapoor,1965-06-23,60,Mumbai,9571122320,SNEHA.KAPOOR.5460@EXAMPLE.IN,1780000.0,6.0,2023-05-11
C005461,Sanjay Mukherjee,1975-11-18,50,Bhopal,7173046287,,,2.0,2023-03-28
C005462,Zoya Verma,1957-01-03,68,Hyderabad,7522082191,zoya.verma.5462@example.in,661500.0,2.0,2020-12-17
C005463,Akshay Menon,2002-11-24,23,Kolkata,8920340218,akshaymenon5463@example.in,,7.0,2024-02-18
C005464,Vikram K.,1973-04-19,52,Hyderabad,6606976237,vikram.kulkarni.5464@example.in,1376400.0,5.0,2024-12-25
C005465,Nikhil Gupta,1971-10-31,54,Hyderabad,8757516779,nikhil.gupta.5465@example.in,895500.0,3.0,2025-05-04
C005466,Tanvi Das,1953-07-03,72,Lucknow,7449059965,tanvi.das.5466@example.in,645300.0,5.0,2024-08-05
C005467,Sneha Roy,1999-07-18,26, Mumbai ,9201177485,sneha.roy.5467@example.in,,1.0,2021-12-29
C005468,Meera Nair,1986-10-28,39,Delhi,9613857041,meera.nair.5468@example.in,699400.0,1.0,2018-07-25
C005469,Varun Tiwari,1987-06-02,38,Jaipur,8950185098,varun.tiwari.5469@example.in,915200.0,7.0,2016-07-27
C005470,Pooja Iyer,1980-08-24,45,Ahmedabad,6471461651,pooja.iyer.5470@example.in,978400.0,5.0,2023-03-03
C005471,Anika Desai,1976-06-23,49,Mumbai,7868424283,anika.desai.5471@example.in,,5.0,2025-02-24
C005472,Mira Gupta,1977-04-20,48,Jaipur,6502873402,mira.gupta.5472@example.in,376500.0,6.0,2024-08-27
C005473,Aditi Subramanian,2000-06-30,25,Kochi,91-793-390-3833,aditi.subramanian.5473@example.in,564800.0,1.0,2025-01-10
C005474,Rohan Nair,1996-08-31,29,Jaypur,9388824825,rohan.nair.5474@example.in,625200.0,4.0,2021-08-31
C005475,Priya Roy,1990-12-18,35,Jaypur,8406851519,priya.roy.5475@example.in,571500.0,7.0,2016-09-15
C005476,Nikhil Gupta,1964-01-05,61,Pune,7119368449,nikhil.gupta.5476@example.in,479000.0,5.0,2017-12-13
C005477,Kavya Sinha,1976-05-11,49,Mumbai,8083521739,KAVYA.SINHA.5477@EXAMPLE.IN,924900.0,1.0,2022-10-19
C005478,Tanvi Verma,2004-06-19,21,Bengaluru,6606444025,tanvi.verma.5478@example.in,1086900.0,3.0,2025-07-29
C005479,Shreya Mehta,1992-01-16,33,Bengaluru,7187976148,shreya.mehta.5479@example.in,1833700.0,3.0,2020-01-17
C005480,Ishita Subramanian,1981-05-12,44,Chennai ,6367583552,ishita.subramanian.5480@example.in,556200.0,1.0,2018-01-08
C005481,Mira Singh,1957-08-22,68,Bengaluru,7305588953,mira.singh.5481@example.in,619200.0,5.0,2021-11-27
C005482,Tanvi Banerjee,1986-02-04,39,Jaipur,6729184766,tanvi.banerjee.5482@example.in,800300.0,4.0,2024-06-21
C005483,Saanvi Mishra,1960-09-22,65,Delhi,+91 67080 39708,saanvi.mishra.5483@example.in,327500.0,5.0,2019-11-27
C005484,Arjun Menon,1953-04-22,72,Chennai,9411641711,arjun.menon.5484@example.in,,7.0,2023-12-19
C005485,Aditi Menon,1974-06-24,51,Puna,+91 70630 40158,,837200.0,5.0,2023-09-02
C005486,Saanvi Desai,1965-02-05,60,Bhopal,8014026777,saanvi.desai.5486@example.in,161900.0,7.0,2018-04-17
C005487,Pooja Mishra,1990-08-26,35,Jaipur,7309727593,not-an-email,,2.0,2016-12-26
C005488,Zoya Reddy,not-a-date,58,Hyderabad,91-949-752-8507,zoya.reddy.5488@example.in,744200.0,5.0,2017-12-05
C005489,Varun Sen,1998-12-27,27,Mumbai,91-723-424-5977,varun.sen.5489@example.in,1371900.0,3.0,2018-10-07
C005490,Pranav Kulkarni,1978-12-03,47,Delhi,7111853441,pranav.kulkarni.5490@example.in,,2.0,2018-01-05
C005491,Priya Patel,1984-10-06,41,Delhi,8273629209,priya.patel.5491@example.in,1565800.0,,2024-06-22
C005492,Aarav Patel,1959-09-03,66,Lucknow,7451057772,aarav.patel.5492@example.in,484400.0,3.0,2018-07-25
C005493,Priya Sen,1984-07-26,41,Mumbai,6566381818,priya.sen.5493@example.in,1698100.0,,2025-01-06
C005494,Vikram Singh,1996-06-19,29,Bhopal,+91 97345 68597,vikram.singh.5494@example.in,1000800.0,5.0,2020-11-15
C005495,Sahil Rao,2003-06-14,22,Bhopl,6600029276,sahil.rao.5495@example.in,1608500.0,4.0,2016-10-06
C005496,Priya Mishra,1980-01-11,45,Ahmedabad,6283728536,priya.mishra.5496@example.in,2441800.0,3.0,2025-09-04
C005497,Ishita Menon,1983-09-04,42,Pune,8947177232,ishita.menon.5497@example.in,784200.0,2.0,2022-11-28
C005498,Diya Mukherjee,1993-01-01,32,Hyderabad,7168113160,diya.mukherjee.5498@example.in,857900.0,7.0,2020-12-13
C005499,Aditi Khan,1968-01-08,57,Kochi,6188284078,aditi.khan.5499@example.in,774900.0,4.0,2025-11-10
C005500,Sanjay Bose,1982-11-26,43,Ahmedabad,9505884963,,,7.0,2018-07-28
C005501,Priya Sen,1960-04-12,65,Bhopal,7001598716,priya.sen.5501@example.in,925400.0,5.0,2025-11-15
C005502,Saanvi Verma,1954-06-15,71,Ahmedabad,8930485155,saanvi.verma.5502@example.in,3059800.0,7.0,2023-06-07
C005503,Sanjay Khan,1961-05-02,64,Bengaluru,9037757733,sanjay.khan.5503@example.in,786200.0,6.0,2023-07-22
C005504,Sahil Iyer,1969-04-19,56,DELHI,,sahil.iyer.5504@example.in,288300.0,,2021-07-28
C005505,Nisha Roy,1978-10-22,47,Kochi,8448630797,nisha.roy.5505@example.in,608800.0,2.0,2022-10-12
C005506,Mira Nair,1965-11-11,60,Hyderabad,7464686335,mira.nair.5506@example.in,1192800.0,1.0,2024-12-03
C005507,Akshay Jain,2002-01-29,23,Jaipur,8276287489,akshay.jain.5507@example.in,1556900.0,5.0,2017-09-29
C005508,Varun Mukherjee,1980-03-15,45,Ahmedabad,9500683906,varun.mukherjee.5508@example.in,651900.0,6.0,2016-12-15
C005509,Pranav Das,1951-09-02,74,Mumbai,7803062732,pranav.das.5509@example.in,697700.0,,2015-08-16
C005510,Aditi Joshi,1983-03-24,42,Chennai,9071996573,,852900.0,5.0,2025-07-30
C005511,Rohan Roy,1974-10-15,51,Ahmedabad,7023132236,rohan.roy.5511@example.in,2678200.0,5.0,2025-12-13
C005512,Ananya Patel,1967-05-19,58,Pune,6855918867,ananya.patel.5512@example.in,1108800.0,7.0,2018-11-20
C005513,Kabir Gupta,1975-10-03,50,Hyderabad,8636750921,kabir.gupta.5513@example.in,1113300.0,5.0,2023-03-04
C005514,Vikram Chandra,1962-02-10,63,Chennai,8656760145,vikram.chandra.5514@example.in,623700.0,2.0,2023-07-12
C005515,Zoya Sharma,1974-04-08,51,Lucknow,9397756290,zoya.sharma.5515@example.in,483000.0,4.0,2016-08-02
C005516,Rohan Banerjee,1993-04-23,32,Ahmedabad, 85836-00676 ,rohan.banerjee.5516@example.in,492200.0,,2021-09-10
C005517,Saanvi Sinha,2000-09-23,25,Ahmedabad,8913139763,saanvi.sinha.5517@example.in,2269000.0,4.0,2018-01-27
C005518,Tanvi Singh,1993-08-10,32,Kochi,8412813548,tanvi.singh.5518@example.in,3406100.0,1.0,2020-04-22
C005519,Krishna Sinha,2003-06-10,22,Calcutta,6598007489,krishna.sinha.5519@example.in,608900.0,,2023-03-16
C005520,Rahul Agarwal,1983-10-25,42,Mumbai,9182194014,rahul.agarwal.5520@example.in,3756000.0,6.0,2024-06-16
C005521,  saanvi   verma  ,1965-03-26,60,Kochi,8407094109,saanvi.verma.5521@example.in,,3.0,2020-07-20
C005522,Arjun Reddy,1969-02-10,56,AHMEDABAD,7603319368,arjun.reddy.5522@example.in,443300.0,4.0,2024-06-22
C005523,Nisha Desai,1972-03-09,53,Kochin,+91 77181 86245,nisha.desai.5523@example.in,479700.0,7.0,2015-03-11
C005524,Ananya Agarwal,1978-07-10,47,Chennai,6876148204,ananya.agarwal.5524@example.in,2297200.0,3.0,2018-12-03
C005525,Meera Desai,1955-01-14,70,Pune,6825514032,meera.desai.5525@example.in,2436200.0,7.0,2017-03-11
C005526,Ishita Reddy,1970-01-07,55,Bhopl,6631942007,ishita.reddy.5526@example.in,2887000.0,4.0,2016-11-03
C005527,Ananya Mishra,1962-05-14,63,Bengaluru,6735533917,ananya.mishra.5527@example.in,1106200.0,1.0,2025-02-02
C005528,Kavya Agarwal,1988-10-09,37,Hyderabad,7291524550,kavya.agarwal.5528@example.in,,7.0,2018-07-31
C005529,Saanvi Jain,1957-06-20,68,Bombay,(783) 349-7075,saanvi.jain.5529@example.in,336900.0,5.0,2023-05-08
C005530,Krishna Verma,2000-04-24,25,Lucknow,6401646089,krishna.verma.5530@example.in,,2.0,2025-02-25
C005531,Sanjay Verma,1953-09-24,72,Kolkata,91-761-640-2765,sanjay.verma.5531@example.in,379300.0,7.0,2024-03-26
C005532,Varun Sen,1982-04-27,43,Bhopal,6895377500,varun.sen.5532@example.in,1626500.0,5.0,2024-01-08
C005533,ADITYA TIWARI,1950-09-15,75,Bengaluru,8645173231,aditya.tiwari.5533@example.in,731300.0,4.0,2021-05-28
C005534,Diya Das,1986-07-10,39,Jaipur,7770902319,diya.das.5534@example.in,886200.0,4.0,2020-05-28
C005535,Pooja Sharma,1966-03-10,59,Lucknow,8973965459,pooja.sharma.5535@example.in,933700.0,3.0,2023-01-11
C005536,Aarav Nair,1990-01-25,35,Bhopal,7643245549,aarav.nair.5536@example.in,929000.0,2.0,2023-11-17
C005537,Tanvi Nair,1958-06-05,67,Lucknow,(601) 650-6988,tanvi.nair.5537@example.in,2135700.0,7.0,2022-10-21
C005538,Sahil Kulkarni,1996-09-10,29,Bengaluru,9786710705,sahil.kulkarni.5538@example.in,1087000.0,4.0,2016-08-31
C005539,Tanvi Jain,1973-09-15,52,Bhopal,6801231753,tanvi.jain.5539@example.in,620800.0,,2024-07-13
C005540,Saanvi Desai,1962-12-23,63,Bhopal,9453799208,saanvi.desai.5540@example.in,2493600.0,7.0,2020-11-29
C005541,Saanvi Menon,1953-11-26,72,Ahmedabad,8524481300,saanvi.menon.5541@example.in,1218000.0,7.0,2015-12-22
C005542,Varun Verma,1965-12-20,60,Mumbai,(946) 235-1033,varun.verma.5542@example.in,393400.0,,2018-02-03
C005543,Ananya Iyer,1994-02-15,31,Kolkata,6532072371,ananya.iyer.5543@example.in,1350700.0,7.0,2017-02-21
C005544,Krishna Rao,1979-09-30,46,Bengaluru,7939809057,krishna.rao.5544@example.in,758700.0,6.0,2020-12-13
C005545,Ananya Sinha,1962-10-21,63,Kochi,9266574072,ananya.sinha.5545@example.in,2125900.0,1.0,2020-12-01
C005546,Aditi Tiwari,1999-02-06,26,Kolkata,8285518964,ADITI.TIWARI.5546@EXAMPLE.IN,873600.0,3.0,2018-04-19
C005547,M. Das,1962-06-06,63,Bengaluru,7311248442,meera.das.5547@example.in,665800.0,5.0,2025-12-18
C005548,Krishna Desai,2005-06-26,20,Bengaluru,8935217581,krishna.desai.5548@example.in,1123900.0,2.0,2016-09-30
C005549,Nikhil Joshi,1977-09-23,48,Mumbai,7687633151,nikhil.joshi.5549@example.in,374500.0,1.0,2022-07-22
C005550,Nikhil Mishra,1990-09-28,35,Chennai, 74884-80776 ,nikhil.mishra.5550@example.in,728600.0,1.0,2015-02-28
C005551,Sneha Menon,1960-04-02,65,Bengaluru,9445949666,sneha.menon.5551@example.in,551700.0,5.0,2017-09-29
C005552,Sneha Reddy,2002-10-05,23,Cochin,7737277736,sneha.reddy.5552@example.in,1766800.0,3.0,2023-10-22
C005553,Rahul Patel,1990-02-15,35,Bengaluru,8485063806,rahul.patel.5553@example.in,313100.0,2.0,2023-06-16
C005554,Tanvi Jain,1958-06-03,67,Kolkata,6515290292,tanvi.jain.5554@example.in,1179400.0,4.0,2022-03-02
C005555,Rohan Banerjee,1991-05-10,34,Hyderabad,9707036823,rohan.banerjee.5555@example.in,2160200.0,1.0,2015-09-05
C005556,Priya Verma,1967-08-08,58,Kolkata,7031899024,priya.verma.5556@example.in,281600.0,1.0,2023-10-12
C005557,Rhea Sinha,1951-10-07,74,Hyderabad,(648) 604-3273,rhea.sinha.5557@example.in,327100.0,5.0,2019-07-16
C005558,Rohan Mishra,1961-05-20,64,Lucknow,9907242047,rohan.mishra.5558@example.in,810100.0,2.0,2016-09-18
C005559,Aarav Joshi,1962-12-16,63,Kochi,9778460525,aarav.joshi.5559@example.in,,7.0,2021-04-10
C005560,Aditya Sinha,2001-01-22,24,BENGALURU,9763119283,aditya.sinha.5560@example.in,,,2018-04-23
C005561,Rohan Agarwal,1978-04-21,47, Ahmedabad ,8302624104,rohan.agarwal.5561@example.in,1643600.0,4.0,2017-12-22
C005562,Rhea Gupta,1958-01-25,67,Bengaluru,9814058674,rhea.gupta.5562@example.in,439500.0,3.0,2015-10-18
C005563,Mira Shah,1959-06-09,66,Bengaluru,6773334625,mira.shah.5563@example.in,1623300.0,1.0,2016-10-09
C005564,Krishna Mishra,1997-01-21,28,Pune,9377932026,krishna.mishra.5564@example.in,342100.0,4.0,2021-12-10
C005565,Aarav Patel,1994-11-12,31,HYDERABAD,6152211704,aarav.patel.5565@example.in,825900.0,5.0,2016-12-04
C005566,Aditya Singh,1973-10-07,52,Chennai,+91 93182 37157,aditya.singh.5566@example.in,2156600.0,4.0,2016-12-04
C005567,Pranav Kapoor,1952-04-24,73,Kolkata,8916194075,pranav.kapoor.5567@example.in,470200.0,1.0,2025-11-24
C005568,Rohan Reddy,1972-11-21,53,Chennai,9499650398,rohan.reddy.5568@example.in,,2.0,2021-08-12
C005569,Aditi Sen,1976-09-11,49,PUNE,7509942132,aditi.sen.5569@example.in,693100.0,4.0,2016-01-30
C005570,Priya Menon,1958-09-09,67,Bhopal,9065428878,priya.menon.5570@example.in,933100.0,7.0,2022-08-31
C005571,Kavya Reddy,1971-11-19,54,Ahmedabad,6939027414,kavya.reddy.5571@example.in,506800.0,3.0,2021-01-24
C005572,Zoya Nair,1976-10-27,49,Bengaluru,6371674929,zoya.nair.5572@example.in,512800.0,3.0,2017-03-27
C005573,Vikram Bose,1953-10-30,72,Kolkata,7070172073,vikram.bose.5573@example.in,2057300.0,6.0,2021-11-02
C005574,Shreya Mukherjee,1998-01-19,27,Pune,9561371070,shreya.mukherjee.5574@example.in,718000.0,3.0,2023-06-12
C005575,Anika Agarwal,1987-07-12,38,Ahmedabad,91-818-087-5732,anika.agarwal.5575@example.in,940500.0,7.0,2016-06-09
C005576,Pooja Mehta,1987-05-19,38,Mumbai,9845709032,pooja.mehta.5576@example.in,1203800.0,7.0,2025-12-26
C005577,Nisha Singh,1959-04-18,66,Hyderabad,,nisha.singh.5577@example.in,1363600.0,7.0,2024-04-09
C005578,Aditya Mishra,2004-05-03,21,Kolkata,8040782526,aditya.mishra.5578@example.in,313300.0,7.0,2020-06-23
C005579,Kabir Roy,1995-06-24,30,Jaipur,8898247138,kabir.roy.5579@example.in,747000.0,3.0,2025-05-11
C005580,Rahul Reddy,2000-01-19,25,KOLKATA,7906243700,rahul.reddy.5580@example.in,702300.0,,2024-08-30
C005581,Ishaan Mukherjee,1972-06-13,53,Mumbai,8406472239,ishaan.mukherjee.5581@example.in,715500.0,7.0,2025-04-12
C005582,Shreya Jain,1989-10-27,36,Chennai,7228145086,shreya.jain.5582@example.in,,5.0,2018-05-16
C005583,Mira Desai,1953-08-26,72,Ahmedabad,9081995736,mira.desai.5583@example.in,415900.0,7.0,2018-04-05
C005584,Sahil Sinha,2002-11-29,23,Mumbai,9532721678,sahil.sinha.5584@example.in,731100.0,2.0,2017-11-20
C005585,Priya Banerjee,2001-10-01,24,Pune,,priya.banerjee.5585@example.in,721100.0,5.0,2018-01-18
C005586,Sahil Bose,1972-12-19,53,Pune,91-776-323-1814,sahil.bose.5586@example.in,985200.0,6.0,2017-04-18
C005587,Arjun Jain,2002-05-12,23,Pune,6493167666,arjun.jain.5587@example.in,1444900.0,7.0,2020-10-06
C005588,Pooja Mehta,1999-03-06,26,Mumbai,7282466840,pooja.mehta.5588@example.in,912500.0,4.0,2015-02-08
C005589,Sahil Shah,1951-08-15,74,Kolkata,9212581696,sahil.shah.5589@example.in,446000.0,1.0,2016-07-30
C005590,Sneha Banerjee,1957-05-06,68,Delhi,8576307888,,841200.0,7.0,2023-02-06
C005591,Zya Shah,1965-06-11,60,Kochi,6795616044,zoya.shah.5591@example.in,484400.0,6.0,2023-03-01
C005592,Nisha Menon,1965-09-17,60,Lucknow,6802261252,nisha.menon.5592@example.in,761000.0,2.0,2020-01-14
C005593,Aarav Reddy,1978-07-24,47,Ahmedabad,6679862981,aarav.reddy.5593@example.in,,5.0,2020-01-09
C005594,Varun Singh,1979-05-16,46,Hyderabad,8272430582,varun.singh.5594@example.in,719700.0,,2023-03-20
C005595,Rohan Singh,1993-07-24,32,Hyderabad,7748623125,rohan.singh.5595@example.in,2048400.0,6.0,2017-04-30
C005596,Pooja Mehta,1979-03-13,46,Mumbai,7515743073,pooja.mehta.5596@example.in,296600.0,2.0,2022-02-17
C005597,Tanvi Desai,1959-05-15,66,Kolkata,9012285830,tanvi.desai.5597@example.in,1924800.0,1.0,2019-10-21
C005598,Shreya Iyer,1999-06-15,26,Kochi,,shreya.iyer.5598@example.in,465800.0,1.0,2015-11-15
C005599,Sahil Jain,1972-11-23,53,Lucknow,9111192970,sahil.jain.5599@example.in,743700.0,,2016-04-15
C005600,POOJA MENON,1965-12-25,60,Bangalore,(701) 001-8464,not-an-email,804100.0,6.0,2017-08-18
C005601,Aarav R.,1983-02-16,42,Ahmedabad,+91 90362 52153,,944100.0,3.0,2024-12-11
C005602,  vikram   nair  ,1989-06-11,36,BHOPAL,7371632783,vikramnair3303@example.in,725900.0,4.0,2015-08-14
C005603,KAVYA KHAN,1996-07-27,29,Chennai ,91-874-092-9174,kavya.kan.1559@example.in,686200.0,6.0,2017-03-26
C005604,Arjun Jan,1991-08-22,34,BHOPAL,6495444030,arjunjain0047@example.in,,4.0,2022-12-22
C005605,AKSHAY TIWARI,1984-03-26,41,Cochin,8744274567,AKSHAY.TIWARI.5443@EXAMPLE.IN,7567200.0,1.0,2024-04-25
C005606,SAHIL IYER,1969-04-19,56,Delhi,+91 62077 66054,SAHIL.IYER.5504@EXAMPLE.IN,288300.0,4.0,2021-07-28
C005607,Rohan C.,2003-05-20,22,Chennai ,6737708232,ROHAN.CHANDRA.4405@EXAMPLE.IN,544300.0,7.0,2024-01-08
C005608,  pooja   agarwal  ,2005-05-29,20,JAIPUR,(904) 244-5579,pooja.agarwal.2002@example.in,574000.0,3.0,2024-02-15
C005609,Diya Chanda,2003-05-26,22,New Delhi,9155381422,diya.chandr.2890@example.in,750600.0,5.0,2024-04-14
C005610,Ishita Meta,1952-07-16,73,Pune, 69851-73526 ,ishitamehta2455@example.in,345300.0,4.0,2016-07-14
C005611,Ishita J.,1989-06-26,36,Bhopal,7692813236,ishitajain4386@example.in,392500.0,5.0,2025-02-24
C005612,Tanvi Shama,1965-05-22,60,Chenai, 95413-97976 ,tanvisharma2183@example.in,514500.0,6.0,2022-08-21
C005613,Varun C.,1953-05-31,72,Mumbay,(732) 854-0892,varun.chandra.0836@example.in,,3.0,2025-01-19
C005614,AARAV BANERJEE,2005-05-27,20,Ahmedabad, 84951-59890 , aarav.banerjee.4062@example.in ,1831300.0,5.0,2022-05-20
C005615,Zoa Rao,1953-12-21,72,Bhopal,(618) 942-9439,zoyarao4069@example.in,759900.0,1.0,2023-11-25
C005616,Sanay Mishra,1973-07-05,52, Kochi ,+91 85490 51697,sanjay.mishra.2996@example.in,610800.0,1.0,2024-02-24
C005617,ADITYA SEN,1989-08-07,36, Ahmedabad ,+91 99291 19838, aditya.sen.5162@example.in ,549200.0,4.0,2023-05-21
C005618,S. Khan,1975-09-08,50,Madras,+91 63854 72585, shreya.khan.2958@example.in ,2800300.0,2.0,2025-05-19
C005619,Rhan Reddy,1997-02-25,28,BHOPAL,+91 70457 83911,rohan.reddy.2537@example.in,,2.0,2021-04-09
C005620,Diya K.,2001-04-09,24,Calcutta,7787296794,diyakapoor0946@example.in,665100.0,,2020-10-28
C005621,VARUN REDDY,1986-05-02,39, Pune ,+91 84263 23123,VARUN.REDDY.3274@EXAMPLE.IN,1066800.0,5.0,2020-01-25
C005622,Kabir J.,1952-03-17,73,Bengaluru, 91238-66863 ,KABIR.JOSHI.4884@EXAMPLE.IN,773100.0,1.0,2016-03-17
C005623,Prnav Sharma,1955-05-31,70,New Delhi,+91 85940 68531,pranavsharma4679@example.in,612800.0,1.0,2021-04-24
C005624,R. Shah,1962-07-06,63,HYDERABAD,,,800600.0,6.0,2019-01-21
C005625,Adti Banerjee,2003-03-24,22,DELHI,+91 84719 29175,aditibanerjee0272@example.in,539800.0,1.0,2021-10-22
C005626,Mira Johi,1958-01-25,67,Dilli,91-806-616-3254,,1704300.0,1.0,2021-06-24
C005627,Aditi S.,1976-09-04,49, Pune , 75099-42132 ,aditi.sen.5569@example.in,693100.0,4.0,2016-01-30
C005628,  kabir   jain  ,1969-06-10,56,LUCKNOW,91-780-889-4535,kabi.jain.4328@example.in,1714700.0,7.0,2023-10-01
C005629,  i.   menon  ,1998-08-19,27,Delhi,91-959-081-4043,ishita.mnon.1692@example.in,596000.0,3.0,2020-11-27
C005630,Ishita Sigh,1961-05-11,64,BHOPAL,9025454276,ISHITA.SINGH.2475@EXAMPLE.IN,,7.0,2020-11-05
C005631,KRISHNA KHAN,1968-03-29,57,Hyderabad,6848284598,krishnakhan2678@example.in,1033300.0,2.0,2016-06-09
C005632,S. Mishra,1959-07-13,66,Puna,+91 82542 20731,saanvi.mishra.470@example.in,2307600.0,5.0,2017-11-13
C005633,V. Singh,1996-06-19,29, Bhopal ,+91 97345 68597,VIKRAM.SINGH.5494@EXAMPLE.IN,1000800.0,5.0,2020-11-15
C005634,Adti Iyer,1987-09-08,38,LUCKNOW,91-607-837-3787,aditi.iyer.3887@example.in,499800.0,6.0,2022-06-29
C005635,MIRA SEN,1973-08-04,52,Kolkatta,91-665-546-5707,mirasen1270@example.in,590500.0,,2020-11-25
C005636,SAANVI SEN,1989-04-28,-2,Pune,91-628-167-3407, saanvi.sen.3804@example.in ,1479500.0,6.0,2015-02-17
C005637,  pooja   jain  ,1984-11-13,41,Bombay, 97787-06111 , pooja.jain.3949@example.in ,433600.0,6.0,2017-06-21
C005638,Aditya R.,1955-03-31,70,Calcutta, 83355-64119 ,aditya.roy.2502@example.in,,6.0,2018-11-02
C005639,A. Banejee,1976-02-21,49, Bangalore ,+91 69062 86384,AKSHAY.BANERJEE.4205@EXAMPLE.IN,533400.0,1.0,2024-07-04
C005640,Vaun Roy,2000-07-28,25,Madras,+91 64011 93639, varun.roy.5291@example.in ,3138500.0,7.0,2025-09-11
C005641,Mira M.,2002-02-16,23,BHOPAL,91-691-502-9328,mira.menon.3223@example.in,838300.0,5.0,2015-06-07
C005642,Saani Agarwal,1969-08-27,56,Dilli, 61783-44533 ,saanvi.agarwal.0527@example.in,1055100.0,3.0,2016-10-25
C005643,A. Singh,1976-11-07,49,Ahmedabad,91-747-876-5018,aaav.singh.1239@example.in,548900.0,5.0,2024-09-25
C005644,M. Kapoor,1950-05-28,75,Kochi,91-774-340-8366,meera.kapor.0249@example.in,373800.0,,2015-01-16
C005645,D. Sen,1996-03-06,29, Ahmedabad ,8065712670,diyasen2668@example.in,154100.0,2.0,2021-11-23
C005646,Aarav C.,1973-03-27,52,KOLKATA,+91 68818 31881,aaravchandra1078@example.in,1502000.0,7.0,2021-07-03
C005647,Snjay Joshi,1988-05-20,37, Bhopal ,91-823-745-5478, sanjay.joshi.3373@example.in ,372600.0,6.0,2018-08-29
C005648,Ishaan V.,1972-05-03,53,Delhi,6748381888,ishaan.verma.2865@example.in,586000.0,4.0,2021-09-21
C005649,S. Roy,1954-12-03,71,Dilli,+91 63755 57846,shreya.roy.781@example.in,538300.0,5.0,2018-04-18
C005650,  rhea   chandra  ,1990-07-02,35, Mumbai ,91-868-309-3420,rheachandra4446@example.in,1761900.0,2.0,2023-09-13
C005651,Shreya S.,1963-05-23,62, Pune ,8807291277,SHREYA.SHAH.3018@EXAMPLE.IN,1701800.0,5.0,2022-06-20
C005652,Krishna K.,1997-08-18,28,KOLKATA,91-644-218-1292, krishna.kulkarni.4077@example.in ,1122800.0,2.0,2024-03-26
C005653,I. Reddy,1951-10-12,74,Lakhnau,91-977-495-8264,ishaan.redy.4814@example.in,416300.0,2.0,2023-09-04
C005654,A. Mukherjee,1972-08-06,53,Kolkata ,,ARJUN.MUKHERJEE.3318@EXAMPLE.IN,979600.0,5.0,2019-10-13
C005655,POOJA NAIR,1953-04-15,72,Kochin,+91 91542 93154,,299200.0,1.0,2017-01-24
C005656,NISHA CHANDRA,1997-06-23,28, Lucknow , 78436-76331 ,NISHA.CHANDRA.5267@EXAMPLE.IN,,2.0,2016-05-19
C005657,A. Patel,1972-06-02,53,Kolkata ,+91 83881 61677,ARJUN.PATEL.0200@EXAMPLE.IN,126100.0,5.0,2025-09-06
C005658,  sanjay   menon  ,2002-04-18,23,DELHI, 78736-09613 ,SANJAY.MENON.4585@EXAMPLE.IN,643500.0,7.0,2020-01-27
C005659,KRISHNA VERMA,1969-08-01,56,Calcutta,9464121634, krishna.verma.2984@example.in ,280800.0,1.0,2022-04-09
C005660,  nikhil   bose  ,2005-06-02,20,BENGALURU, 77245-34502 , nikhil.bose.1602@example.in ,,7.0,2020-03-07
C005661,RHEA IYER,1985-11-14,40,MUMBAI,+91 68780 07929,rheaiyer5133@example.in,572600.0,6.0,2020-08-05
C005662,Tanvi P.,2000-08-18,25,Bengaluru,+91 92009 07685, tanvi.patel.4487@example.in ,2282100.0,7.0,2019-07-12
C005663,Sanjay Subraanian,1998-11-16,27,Bangalore,(930) 037-7736,SANJAY.SUBRAMANIAN.5202@EXAMPLE.IN,,2.0,2016-12-14
C005664,Rahul Banerje,1950-07-25,75,Jaipur,8810631128,rahul.banerjee.3832@example.in,700300.0,3.0,2023-01-09
C005665,S. Nair,1989-08-27,36,Bangalore,91-800-943-3116, sneha.nair.1945@example.in ,324600.0,,2024-12-02
C005666,Sanjay K.,1982-08-28,43,Jaipur,(617) 316-2331, sanjay.khan.3199@example.in ,586800.0,4.0,2020-05-04
C005667,SNEHA SHAH,1954-04-12,71, Mumbai ,+91 78082 01410,sneha.hah.0196@example.in,1559500.0,5.0,2025-01-07
C005668,Panav Joshi,1971-07-13,54,Cochin,6767451348,PRANAV.JOSHI.0386@EXAMPLE.IN,510500.0,6.0,2015-07-26
C005669,ARJUN MISHRA,1963-02-07,62, Bhopal ,7602230982,arjunmishra3410@example.in,854400.0,4.0,2022-07-09
C005670,Vikram V.,1955-04-14,70,Jaypur, 67940-80510 ,vikram.verma.2465@example.in,387500.0,2.0,2022-05-14
C005671,  kavya   chandra  ,1992-08-21,33,Madras,9685898988,kavya.chanda.1051@example.in,1004000.0,1.0,2024-10-13
C005672,K. Shah,1955-06-25,70,Jaypur, 69369-18512 ,kabirshah0544@example.in,1663600.0,2.0,2018-12-14
C005673,Rahul S.,1957-08-25,68, Bhopal , 85009-52887 ,rahul.sharma.0954@example.in,549300.0,1.0,2018-12-03
C005674,Saanvi I.,1996-05-20,29,Bengaluru,+91 64339 64746,saanvi.iyer.2390@example.in,239400.0,7.0,2025-10-08
C005675,  mira   patel  ,1973-11-27,52,Bhopal,91-814-116-7651,mira.pate.1331@example.in,775000.0,2.0,2015-11-27
C005676,Meera Deai,1965-11-24,60,Bengluru, 66829-01036 ,meera.desai.4994@example.in,579300.0,2.0,2020-06-30
C005677,Pranav M.,1984-10-25,41, Ahmedabad ,8313972310,pranav.enon.3815@example.in,1950600.0,5.0,2015-08-17
C005678,Rul Nair,1971-06-05,54,Jaipur,,rahulnair0113@example.in,411500.0,2.0,2023-05-19
C005679,Mira G.,1983-01-07,42,Pune,+91 84028 40284,mira.guta.1307@example.in,,6.0,2018-09-11
C005680,Sanvi Verma,1984-05-25,41,Poona, 70401-08676 ,SAANVI.VERMA.3684@EXAMPLE.IN,450100.0,1.0,2015-11-03
C005681,Aditi R.,1967-04-29,58,KOCHI,91-769-975-3644,aditi.roy.1447@example.in,1259200.0,6.0,2015-02-21
C005682,SHREYA MENON,1972-05-07,53,Puna,91-600-941-3885,SHREYAMENON4269@EXAMPLE.IN,456500.0,4.0,2015-04-18
C005683,TANVI PATEL,1981-07-21,44,Puna,(696) 552-0736,TANVI.PATEL.1784@EXAMPLE.IN,,7.0,2023-03-06
C005684,  aditi   roy  ,1951-08-11,74,KOCHI,+91 99150 87603,aditiroy2674@example.in,847700.0,2.0,2025-09-30
C005685,Pooja Kulkani,1957-02-28,68,Poona,(657) 934-3626,pooja.kulkarni.0178@example.in,1022700.0,2.0,2024-02-04
C005686,Arjun J.,1990-06-21,35, Ahmedabad ,8098148521,,1384700.0,4.0,2016-07-22
C005687,  mira   banerjee  ,1961-10-02,64, Kochi ,(910) 502-8524,mira.anerjee.2314@example.in,416900.0,4.0,2024-12-31
C005688,VIKRAM DAS,1997-10-31,28,HYDERABAD, 98350-56152 , vikram.das.0594@example.in ,2316500.0,6.0,2015-08-22
C005689,Vikram Misha,2004-10-23,21,DELHI, 69835-76684 , vikram.mishra.2754@example.in ,1945300.0,4.0,2024-02-05
C005690,PRANAV JAIN,1978-08-09,47,Puna,(857) 534-6942,prana.jain.2217@example.in,1148000.0,3.0,2018-12-26
C005691,Roan Sinha,2003-07-22,22,Lucknow,7941685693,rohan.sina.0757@example.in,344600.0,4.0,2019-11-07
C005692,Shreya B.,1988-04-03,37,Hyd,(977) 022-3930,shreya.bose.4672@example.in,2095300.0,5.0,2021-08-08
C005693,Ajun Mukherjee,1982-04-05,43,JAIPUR,91-897-534-3426,,,1.0,2020-01-16
C005694,Anka Shah,1969-10-27,56,Jaipur,+91 84274 84151,anikashah5447@example.in,420700.0,6.0,2018-01-03
C005695,Ishita Chadra,1992-12-04,33,Cochin,9389665247,ishita.chandra.2634@example.in,481500.0,4.0,2025-04-26
C005696,Zoya Jin,1965-12-07,60,Cochin,91-941-579-0188,zoya.jain.0516@example.in,1076500.0,7.0,2025-10-02
C005697,A. Roy,1962-10-27,63, Bangalore ,+91 68128 62590,arjun.ro.423@example.in,958000.0,1.0,2016-12-26
C005698,Meera T.,1986-08-12,39,HYDERABAD, 92925-04415 ,meera.iwari.2685@example.in,3194500.0,2.0,2024-04-17
C005699,Aditi S.,1996-11-10,29,LUCKNOW,(848) 114-5599,aditi.sinha.0327@example.in,352000.0,7.0,2018-11-28
C005700,Aditya D.,1974-07-31,51,BHOPAL, 89141-94232 ,adityadas0914@example.in,2496100.0,2.0,2018-10-04
C005701,Nisha Guta,1972-08-31,53, Ahmedabad ,+91 96352 66164,nisha.gupta.1566@example.in,685500.0,5.0,2015-08-10
C005702,ISHITA NAIR,1978-06-28,47,Hyderbad,6275088718, ishita.nair.2381@example.in ,1789100.0,1.0,2017-05-22
C005703,Kvya Sen,1967-08-11,58,HYDERABAD,(756) 650-2797,kavyasen2593@example.in,,7.0,2018-01-02
C005704,  rahul   kulkarni  ,1980-09-15,45,Bengluru,,RAHUL.KULKARNI.0295@EXAMPLE.IN,519900.0,3.0,2015-04-17
C005705,NISHA KHAN,1985-02-18,40,Bombay,+91 93283 32112,nisha.khan.3911@example.in,1762100.0,4.0,2025-07-18
C005706,PRANAV REDDY,1952-08-17,73,Kochi,(648) 696-1975,pranav.reddy.0683@example.in,1685700.0,5.0,2020-12-29
C005707,S. Tiwari,1971-08-18,54,Ahemdabad, 81726-62519 ,sanjay.tiwari.475@example.in,1590700.0,1.0,2020-09-29
C005708,Aditi S.,1996-10-15,29, Lucknow ,6967949455,aditi.subramanian.524@example.in,,1.0,2021-02-06
C005709,ZOYA PATEL,1962-06-17,63,AHMEDABAD,91-803-112-6010, zoya.patel.2105@example.in ,1055200.0,1.0,2025-06-26
C005710,MEERA KULKARNI,1981-09-03,44,Lucknow,9817012479, meerakulkarni2495@example.in ,,5.0,2022-05-21
C005711,Saanvi Gua,1952-04-14,73, Ahmedabad ,+91 70074 29548,saanvi.guta.0122@example.in,634300.0,5.0,2023-03-13
C005712,Kaya Mishra,1985-02-12,40, Ahmedabad ,91-961-299-4275,kavya.mishra.0534@example.in,629100.0,6.0,2024-01-17
C005713,Rahl Rao,1975-08-24,50,Lakhnau,8218349599, rahul.rao.1630@example.in ,1348100.0,1.0,2024-11-05
C005714,N. Sharma,1981-09-26,44,AHMEDABAD, 86922-88207 ,nishasharma3657@example.in,1301900.0,5.0,2018-12-20
C005715,aditi b.,1999-09-06,26,Madras, 99424-49403 ,aditi.bse.2143@example.in,907800.0,2.0,2024-01-31
C005716,A. Rao,1953-05-23,72,Hyderbad,91-661-456-5833,aditi.ra.2422@example.in,1243400.0,,2023-04-14
C005717,TANVI TIWARI,1985-08-05,40,Kolkata,(960) 105-5186,tanvi.tiari.4859@example.in,,,2021-06-23
C005718,RAHUL MISHRA,1992-12-06,33, Bhopal ,91-677-909-8977, rahulmishra4600@example.in ,307100.0,2.0,2025-04-03
C005719,Diya C.,1957-12-19,68,KOCHI,+91 63605 77891,DIYA.CHANDRA.2075@EXAMPLE.IN,339200.0,7.0,2016-04-10
C005720,  sneha   bose  ,1962-11-14,63,Bengluru,91-692-898-5309,sneha.bose.1473@example.in,422100.0,7.0,2022-08-01
C005721,Sanvi Rao,1950-06-10,75,PUNE,91-873-518-6825,SAANVI.RAO.1968@EXAMPLE.IN,415000.0,3.0,2022-08-18
C005722,VARUN SHARMA,1992-07-31,33,Mumbay,91-732-139-8400,VARUN.SHARMA.5072@EXAMPLE.IN,950000.0,5.0,2025-07-15
C005723,SAHIL MEHTA,1962-04-20,63,Chennai ,+91 79749 56874,sail.mehta.2437@example.in,763500.0,1.0,2025-05-10
C005724,VARUN IYER,1959-04-25,66,Bengluru,6934935465,varuniyer0168@example.in,1884900.0,,2019-07-25
C005725,Dya Das,1996-05-18,29,JAIPUR,(831) 935-1948,DIYA.DAS.1729@EXAMPLE.IN,,5.0,2025-12-24
C005726,  sanjay   mehta  ,2001-09-07,24,Lakhnau,6719554250, sanjay.mehta.0162@example.in ,,7.0,2022-05-06
C005727,Zoya Boe,1998-08-06,27,Hyderbad,6780082423,zoy.bose.5192@example.in,614800.0,2.0,2022-12-27
C005728,Zoa Mishra,1963-06-17,62,Chennai ,(771) 462-5136,zoyamishra1457@example.in,889100.0,1.0,2019-10-16
C005729,R. Nair,1999-01-05,26,Calcutta,+91 99095 09443,rohan.nair.3140@example.in,530200.0,7.0,2018-10-14
C005730,Rohn Agarwal,2004-11-11,21,Jaipur,(614) 439-1997,rohan.agaral.0167@example.in,266500.0,1.0,2021-08-01
C005731,Kabir Jan,1977-11-07,48,AHMEDABAD,(896) 623-9493, kabir.jain.0811@example.in ,1834400.0,3.0,2019-07-26
C005732,A. Jain,1971-02-19,54,Lucknow,(876) 024-4317,AKSHAY.JAIN.3454@EXAMPLE.IN,1537200.0,2.0,2020-06-23
C005733,ANIKA GUPTA,1971-03-22,54,Chenai,6341493603, anika.gupta.0909@example.in ,648200.0,4.0,2024-11-29
C005734,Krishna M.,1972-06-07,53,Madras,(756) 869-8903,krishna.mishra.4300@example.in,740000.0,5.0,2023-04-20
C005735,Zoya Kulkani,1957-10-05,68,Mumbay,91-679-218-9726,ZOYA.KULKARNI.3643@EXAMPLE.IN,1160900.0,5.0,2021-12-04
C005736,Saanvi Bse,1956-11-13,69,Jaipur,(712) 698-7722,SAANVIBOSE1897@EXAMPLE.IN,296000.0,5.0,2018-01-27
C005737,KABIR K.,1952-07-19,73,Puna,7310455153,kabir.khan.024@example.in,941700.0,2.0,2023-04-21
C005738,Varun D.,1991-03-17,34,Poona, 62734-52808 , varun.das.4045@example.in ,1746900.0,5.0,2017-09-27
C005739,M. Kulkarni,1986-01-28,39,CHENNAI,(962) 393-5005,,,3.0,2020-02-17
C005740,  nikhil   khan  ,2004-02-19,21,Chenai, 68255-64271 , nikhil.khan.2320@example.in ,986000.0,3.0,2016-07-01
C005741,Rhan Kulkarni,1992-03-12,33,MUMBAI, 76107-17723 ,ROHAN.KULKARNI.4657@EXAMPLE.IN,867300.0,,2022-01-15
C005742,ZOYA SHAH,1965-06-11,60,KOCHI,(679) 561-6044,ZOYA.SHAH5591@EXAMPLE.IN,500300.0,6.0,2023-03-01
C005743,  krishna   shah  ,1965-08-30,60,MUMBAI,91-607-860-8987,krishnashah0703@example.in,639900.0,2.0,2023-05-23
C005744,Ishia Iyer,1996-10-16,29,Jaipur,6059460970,ISHITA.IYER.1728@EXAMPLE.IN,540200.0,7.0,2020-06-06
C005745,Anika Kapor,1957-05-26,68,Hyd,9714667271,anikakapoor5226@example.in,876700.0,6.0,2019-12-30
C005746,Sanjy Tiwari,2005-12-02,20,Puna,,sanjay.tiwari.032@example.in,,2.0,2019-08-28
C005747,Ananya Sngh,1953-07-30,72,Bengaluru, 79905-74061 , ananya.singh.1483@example.in ,,5.0,2015-07-04
C005748,Anaya Patel,1965-03-18,60,BENGALURU,,ananyapatel2129@example.in,496100.0,4.0,2016-04-05
C005749,Nikhil B.,1957-11-11,68,Chennai, 60039-99215 ,nikhilbanerjee.3172@example.in,1446600.0,6.0,2019-07-20
C005750,S. Chandra,2004-03-07,21, Kochi ,91-675-042-2214,saanvi.chandra.3618@example.in,401500.0,,2017-08-13
C005751,MEERA PATEL,1954-11-12,71, Jaipur ,(839) 831-7495,meerapatel1232@example.in,468400.0,5.0,2025-03-05
C005752,ZOYA SINHA,1980-08-10,45,Chenai,+91 65162 82603,zoya.sinha.3574@example.in,1295700.0,5.0,2025-02-05
C005753,Arjun Dsai,1974-05-07,51, Bangalore ,(699) 171-9455, arjun.desai.0041@example.in ,817300.0,2.0,2024-05-07
C005754,S. Kulkarni,1976-09-04,49,Chennai,+91 90517 17155,sahil.kulkarni.2922@example.in,240900.0,6.0,2022-03-07
C005755,NIKHIL REDDY,1979-04-05,46,Cochin,,nikhilreddy4883@example.in,526300.0,3.0,2024-09-19
C005756,Arjun Siha,1966-12-29,59,Hyd, 78344-89928 ,arjun.sinha.3014@example.in,,2.0,2021-05-16
C005757,Nikhil Khn,1975-06-22,50,MUMBAI,(661) 019-7677, nikhil.khan.0463@example.in ,612100.0,2.0,2024-04-23
C005758,Aditi Mihra,1950-06-06,75,Kochi,6984582543,aditimishra2848@example.in,398100.0,5.0,2018-08-20
C005759,a. menon,1973-04-20,52,Ahemdabad,(677) 286-1496,ADITYA.MENON.0903@EXAMPLE.IN,283400.0,6.0,2020-03-23
C005760,A. Mukherjee,1986-06-14,39,Pune,+91 89901 73752,AKSHAY.MUKHERJEE.5394@EXAMPLE.IN,162600.0,6.0,2017-05-21
C005761,  nisha   joshi  ,1974-01-19,51,Bengaluru,+91 68587 23650,nishajoshi0375@example.in,218000.0,1.0,2015-06-25
C005762,Mera I.,1971-07-25,54,Mumbai,6719496627,meeraiyer4914@example.in,310300.0,7.0,2024-07-12
C005763,Krishna Khn,1970-01-10,55, Jaipur , 73646-73348 ,krishnakhan5403@example.in,1409800.0,4.0,2021-11-10
C005764,SNEHA SINHA,1991-10-22,34, Delhi ,+91 91961 32188, sneha.sinha.4277@example.in ,1169000.0,5.0,2024-01-02
C005765,Saanvi Redy,1960-11-06,65,Mumbay,8593098605,saanvireddy3509@example.in,1092700.0,1.0,2019-11-08
C005766,Raul Rao,1965-05-17,60, Mumbai ,9880852029,rahul.rao.5449@example.in,1110900.0,3.0,2018-11-16
C005767,Rha Khan,1956-05-09,69,MUMBAI,(641) 881-5723,rea.khan.0437@example.in,1462600.0,6.0,2017-03-14
C005768,  sahil   subramanian  ,1955-07-04,70,Bengluru,91-612-226-5616,sahil.subramanian.1200@example.in,738000.0,2.0,2025-07-23
C005769,Arjun Sngh,1994-03-21,31,Bhopal,+91 85742 07270,arjn.singh.0009@example.in,313500.0,5.0,2019-09-02
C005770,Ajun Banerjee,1980-03-16,45, Lucknow ,+91 97177 13651,ARJUN.BANERJEE.5036@EXAMPLE.IN,740400.0,7.0,2025-05-27
C005771,Nisha K.,1995-08-15,30,Jaipur,, nisha.kulkarni.2729@example.in ,827900.0,5.0,2018-04-30
C005772,Pria Roy,1983-07-04,42,Dilli,+91 95166 48253,PRIYA.ROY.1932@EXAMPLE.IN,398000.0,5.0,2015-12-13
C005773,RAHUL RAO,1986-01-04,39,Jaipur,+91 65905 15337,rahul.rao.2681@example.in,764800.0,6.0,2023-12-18
C005774,Adita Subramanian,1954-02-05,71,DELHI,+91 67332 04803,,,4.0,2020-02-13
C005775,ADITYA SINGH,1958-11-03,67,Dilli,(760) 083-2872,ADITYA.SINGH.3948@EXAMPLE.IN,537900.0,4.0,2025-12-31
C005776,Rahl Khan,1966-09-24,59,Hyd,(959) 152-2439,rahul.kha.4008@example.in,1954200.0,3.0,2015-04-22
C005777,SHREYA SEN,1998-10-29,27,Mumbai, 88548-07830 ,SHREYA.SEN.0628@EXAMPLE.IN,491500.0,,2021-05-17
C005778,P. Gupta,1997-04-22,28,Lakhnau,9552750156,poojagupta3254@example.in,594800.0,2.0,2023-12-03
C005779,Ananya R.,1995-03-24,30,Hyderbad, 68339-38966 ,ananya.reddy.3799@example.in,819800.0,3.0,2024-01-25
C005780,  rohan   desai  ,1958-05-10,67, Ahmedabad ,+91 75926 28879,ROHAN.DESAI.1898@EXAMPLE.IN,,4.0,2023-12-18
C005781,A. Mehta,1951-12-24,74,Ahemdabad,+91 96085 55899, arjun.mehta.2939@example.in ,1814600.0,4.0,2022-09-30
C005782,Priya R.,1998-01-16,27,Hyderabad,,not-an-email,792100.0,2.0,2020-04-08
C005783,Tanvi Sah,1962-10-07,63,New Delhi,+91 77841 98730,TANVI.SHAH.3195@EXAMPLE.IN,1006400.0,5.0,2021-03-21
C005784,ANIKA KHAN,1953-07-29,72,Bhopal,(714) 810-6767,ania.khan.1495@example.in,1458200.0,5.0,2022-07-12
C005785,MIRA MUKHERJEE,2003-04-24,22, Bhopal ,91-697-875-7789,mira.mukherjee.5156@example.in,228200.0,7.0,2018-09-16
C005786,SHREYA DAS,1978-09-23,47,Mumbai,6975218791, shreya.das.3269@example.in ,1731800.0,1.0,2022-03-10
C005787,Sneha J.,1965-03-13,60,New Delhi,, sneha.jain.4871@example.in ,226100.0,1.0,2025-06-16
C005788,  priya   mukherjee  ,1978-08-01,47,Kolkata,91-996-784-7452,priya.mukerjee.4955@example.in,540800.0,7.0,2017-02-06
C005789,Saani Reddy,1972-09-30,53,BHOPAL,91-818-412-7519,SAANVI.REDDY.0839@EXAMPLE.IN,1341900.0,4.0,2017-07-26
C005790,SANJAY MENON,1986-02-06,39,Mumbay,(643) 586-5930,sanjay.menon.1899@example.in,708800.0,2.0,2022-01-05
C005791,Priya Muherjee,1976-05-31,49,Jaipur,91-640-292-1816,,1831200.0,3.0,2019-11-29
C005792,P. Bose,1987-04-08,38,Pune,(722) 169-9517,pranav.bose.437@example.in,488800.0,7.0,2021-10-19
C005793,Zoa Mishra,1990-03-26,35, Lucknow , 83388-52832 ,zoya.mishra.4165@example.in,1024600.0,1.0,2020-11-18
C005794,Aditi Kan,1979-01-20,46,Kolkata , 81473-32058 ,aditi.khan.1918@example.in,906100.0,,2018-04-29
C005795,  pranav   patel  ,1968-08-24,57,Poona,,pranav.patel.4629@example.in,752800.0,5.0,2022-05-10
C005796,Aditya Siha,1962-04-25,63,Kochi,+91 78289 35324,ADITYA.SINHA.0257@EXAMPLE.IN,454700.0,3.0,2019-10-20
C005797,A. Desai,1996-05-27,29,Mumbai,91-844-896-0752,ANANYA.DESAI.2920@EXAMPLE.IN,2945100.0,7.0,2016-06-12
C005798,Ananya Deai,1975-06-27,50,New Delhi,+91 72110 39159,ANANYA.DESAI.3620@EXAMPLE.IN,441800.0,5.0,2020-05-29
C005799,MIRA SUBRAMANIAN,1967-01-21,58,HYDERABAD,(650) 397-3297,mira.subramanian.3119@example.in,399200.0,3.0,2024-05-21
C005800,  anika   reddy  ,1984-10-21,41,New Delhi,9704688432, anika.reddy.3200@example.in ,709900.0,3.0,2025-04-03
C005801,Rea Das,1968-11-15,57,BHOPAL,(651) 316-9964,rhea.as.0512@example.in,732400.0,7.0,2018-02-27
C005802,Zoa Sinha,1970-05-14,55,Jaypur,+91 79946 49490,zoyasinha1265@example.in,339500.0,5.0,2024-10-30
C005803,Ishita T.,1964-10-19,61,Kolkata,+91 71375 19612, ishita.tiwari.3146@example.in ,278700.0,5.0,2018-07-30
C005804,Saanvi Vrma,1981-12-31,44, Kochi ,(695) 866-0685,saanviverma1371@example.in,2177700.0,6.0,2025-03-07
C005805,MEERA NAR,1978-02-21,47, Kochi , 62993-38983 ,MEERA.NAIR.1214@EXAMPLE.IN,704300.0,7.0,2025-05-09
C005806,Adiya Kulkarni,1990-12-16,35,Mumbai,+91 96040 82412,ADITYA.KULKARNI.5307@EXAMPLE.IN,,,2024-02-17
C005807,Rohan S.,1967-11-09,58,Mumbai,7393033497,rohansubramanian3218@example.in,861600.0,1.0,2018-11-03
C005808,S. Sarma,1999-09-26,26,Bengluru,+91 64411 72263,shreyasharma.2628@example.in,,4.0,2023-01-13
C005809,A. Mehta,1951-08-07,74,Pune,(877) 256-9093,aditimehta2251@example.in,723100.0,7.0,2022-09-03
C005810,Z. Roy,1954-07-23,71,KOLKATA,7151372891,ZOYA.ROY.4758@EXAMPLE.IN,1264600.0,,2024-07-22
C005811,A. Agarwal,1981-10-02,44,New Delhi,+91 85437 99652,,825300.0,2.0,2019-11-28
C005812,  mia   verma  ,1968-09-11,57,Pune, 61687-94733 , mira.verma.2613@example.in ,,1.0,2024-02-26
C005813,POOJA MEHTA,1980-04-04,45,MUMBAI,(759) 840-9045,pooja.mehta.113@example.in,577500.0,,2020-12-03
C005814,P. Verma,1959-02-23,66,Hyderbad,91-758-126-3223,pranav.verma.413@example.in,427100.0,6.0,2022-09-22
C005815,I. Mukherjee,1989-12-05,36,Puna,+91 93806 53025,ishitamukherjee0752@example.in,561800.0,6.0,2025-01-07
C005816,  s.   kulkarni  ,1996-09-10,29,BENGALURU,(978) 671-0705,sahilkulkarni5538@example.in,1087000.0,4.0,2016-08-31
C005817,N. Agarwal,1990-12-13,35, Jaipur ,(865) 819-5254, nikhil.agarwal.2983@example.in ,529800.0,1.0,2015-10-25
C005818,  shreya   vrma  ,1992-09-21,33,PUNE,8731614390, shreya.verma.5197@example.in ,407500.0,,2021-04-10
C005819,Niha Nair,1950-05-13,75,Bangalore, 85326-16688 ,nishanair1576@example.in,2096600.0,1.0,2016-06-09
C005820,Rhea D.,1969-04-11,56,Bombay,+91 68116 55468, rhea.desai.2023@example.in ,1042600.0,,2025-03-11
C005821,A. Mishra,1982-08-31,43,KOLKATA,+91 72560 91747,aarav.mishra.407@example.in,628500.0,7.0,2017-01-19
C005822,S. Rao,1959-07-29,66,CHENNAI,(926) 719-9272, sneha.rao.1285@example.in ,651000.0,3.0,2016-02-03
C005823,ANANYA CHANDRA,2002-03-18,23,Ahmedabad,91-871-515-6700, ananya.chandra.2748@example.in ,1197200.0,4.0,2016-01-13
C005824,R. Reddy,1955-02-25,70, Kochi ,9660366256,rohan.reddy.3359@example.in,822600.0,1.0,2018-10-21
C005825,SAHIL NAIR,1955-07-24,70,Chenai,+91 87129 41515,SAHIL.NAIR.4748@EXAMPLE.IN,487500.0,4.0,2020-03-03
C005826,Diya N.,2000-08-14,25,Hyderabad,+91 86976 96227,diyanair4555@example.in,970900.0,7.0,2022-11-29
C005827,ANIKA KHAN,1951-04-05,74, Jaipur ,7927580145,anika.khan.3866@example.in,557400.0,4.0,2022-05-19
C005828,K. Patel,1975-09-06,50,Bhopl,9177186234,KAVYA.PATEL.4913@EXAMPLE.IN,740600.0,4.0,2021-07-12
C005829,  akshay   banerjee  ,1962-09-19,63,Jaipur,8098734752,akshay.banerjee.2778@example.in,928000.0,1.0,2018-02-02
C005830,A. Kulkarni,1961-09-02,64,Puna, 99624-56194 ,ananya.kulkarni.1462@example.in,704100.0,5.0,2023-04-27
C005831,Ananya Boe,2000-03-10,25,Bhopal,+91 70300 30445, ananya.bose.0824@example.in ,496700.0,7.0,2022-11-04
C005832,Sheya Dsai,2002-05-22,23,Bengaluru, 95570-33311 ,SHREYA.DESAI.4738@EXAMPLE.IN,743900.0,2.0,2022-12-10
C005833,R. Reddy,1983-08-04,42,Delhi, 78691-22487 ,ROHAN.REDDY.4513@EXAMPLE.IN,1131500.0,1.0,2018-06-22
C005834,Pooja Sinh,1974-02-07,51,New Delhi,+91 86979 74678,poojasingh5454@example.in,591700.0,7.0,2024-12-30
C005835,Kabir Sngh,1988-05-07,37,Mumbai,(986) 308-6757,kabirsingh4592@example.in,1733100.0,5.0,2017-09-09
C005836,PRANAV MEHTA,2003-03-08,22,KOLKATA,8504251640,PRANAV.MEHTA.0820@EXAMPLE.IN,403400.0,1.0,2022-11-03
C005837,Priya Iyr,1979-11-07,46, Lucknow ,91-985-307-0653,priyaiyer5276@example.in,645200.0,2.0,2024-05-03
C005838,  rohan   patel  ,1972-06-29,53, Ahmedabad ,+91 75793 09671,rohan.patel.935@example.in,908000.0,7.0,2015-02-04
C005839,  sneha   banerjee  ,1971-02-17,54, Pune , 74522-19223 ,sneha.banerjee.4973@example.in,368000.0,6.0,2019-10-04
C005840,Arjun C.,1957-01-30,68,Pune,9427961994,arjunchandra1419@example.in,1560800.0,3.0,2019-07-30
C005841,Sahil V.,1968-06-03,57,Hyderbad,91-924-148-1533,sahil.verma.4609@example.in,2080000.0,6.0,2024-04-13
C005842,  varun   sen  ,1961-12-13,64,Lucknow,(964) 437-1291,VARUN.SEN.1027@EXAMPLE.IN,915300.0,6.0,2018-04-20
C005843,KAVYA SINGH,1963-04-15,62, Lucknow ,(962) 014-9153,kavyasingh0494@example.in,755700.0,3.0,2022-10-01
C005844,Meera Jan,1957-08-15,68,Chennai, 70947-80487 , meera.jain.4078@example.in ,186100.0,5.0,2017-08-04
C005845,SAHIL IYER,1974-07-13,51,BHOPAL, 98000-06063 , sahil.iyer.4764@example.in ,634500.0,4.0,2022-09-30
C005846,Rea Iyer,1952-08-20,73,Ahmedabad,91-919-690-2699,RHEA.IYER.3747@EXAMPLE.IN,1068900.0,6.0,2022-07-07
C005847,Dya Tiwari,1995-09-29,30,Hyderabad,7968990311, diya.tiwari.0111@example.in ,1089400.0,7.0,2017-03-30
C005848,Rohan Ptel,1961-09-26,64,Dilli, 76528-83603 ,ROHAN.PATEL.0933@EXAMPLE.IN,343500.0,,2023-12-07
C005849,Aditya Klkarni,1993-02-17,32,KOLKATA,7769365625,ADITYA.KULKARNI.3619@EXAMPLE.IN,462500.0,4.0,2025-02-01
C005850,Nikhil Misha,1990-09-29,35,Chennai,7488480776, nikhil.mishra.5550@example.in ,672200.0,1.0,2015-02-28
C005851,A. Menon,1980-11-12,45,Calcutta,6127244621, aarav.menon.4208@example.in ,1006700.0,2.0,2016-12-14
C005852,  shreya   sharma  ,1966-12-19,59, Bangalore ,(999) 182-4263,SHREYA.SHARMA.5409@EXAMPLE.IN,664100.0,1.0,2024-04-16
C005853,D. Jain,1984-01-06,41,Mumbay,9373163289,diya.jan.5095@example.in,415600.0,1.0,2020-11-09
C005854,  shreya   kapoor  ,1967-06-09,58,Lucknow, 87359-01182 ,shreya.kapoor.3131@example.in,996000.0,7.0,2021-10-05
C005855,Sneha M.,1971-12-30,54,PUNE,+91 65872 00479, sneha.mishra.3371@example.in ,361200.0,1.0,2020-03-28
C005856,SAANVI A.,1988-07-24,37,Hyderbad,(724) 805-7249,saanvi.agarwal.4701@example.in,425500.0,,2017-02-13
C005857,PRIYA BOSE,1971-09-27,54,Kolkatta,(709) 096-1598,priyabose2980@example.in,877800.0,6.0,2015-01-14
C005858,  sneha   menon  ,1955-06-12,70,HYDERABAD,(834) 160-5233,snehamenon4003@example.in,805200.0,3.0,2025-10-10
C005859,MIRA RAO,2005-10-10,20,DELHI,91-746-992-8981,mirarao4435@example.in,1726700.0,4.0,2021-01-13
C005860,NISHA BOSE,1972-12-13,53,Lucknow, 64984-41449 ,nisha.bose.5075@example.in,2747500.0,2.0,2023-07-05
C005861,ZOYA SEN,1993-11-13,32,BHOPAL,+91 61480 19416,zoya.sen.5083@example.in,1108300.0,3.0,2019-03-23
C005862,SAHIL AGARWAL,1954-02-08,71,AHMEDABAD,91-951-791-6170,SAHIL.AGARWAL.3915@EXAMPLE.IN,,4.0,2016-05-22
C005863,Kvya Joshi,1956-07-04,69,HYDERABAD,(978) 862-1570, kavya.joshi.3526@example.in ,,2.0,2021-01-29
C005864,  priya   rao  ,1960-08-12,65,CHENNAI, 73553-06692 ,priyarao3512@example.in,1424900.0,1.0,2018-09-30
C005865,Sneha Ier,1960-05-18,65, Pune ,(952) 415-0196,snehaiyer2625@example.in,2273300.0,1.0,2025-04-22
C005866,Ishita N.,1997-12-26,28,Lakhnau,, ishita.nair.1324@example.in ,653300.0,5.0,2023-02-25
C005867,Zoya Pael,2001-12-31,24, Mumbai ,91-991-330-2811,zoya.patel.548@example.in,908800.0,,2018-09-06
C005868,A. Subramanian,1957-08-02,68,AHMEDABAD,91-684-525-7824,arjun.subramanian.4624@example.in,788400.0,2.0,2019-03-30
C005869,MIRA MISHRA,2004-07-01,21, Ahmedabad ,+91 61396 78253,miramishra3493@example.in,770200.0,5.0,2015-06-26
C005870,  rohan   rao  ,1997-03-01,28,New Delhi,+91 87376 44395,rohan.ao.1562@example.in,,7.0,2019-10-19
C005871,Akshay Kan,1950-09-23,75,Ahemdabad,91-803-557-5510,akshay.kha.0549@example.in,729900.0,1.0,2024-04-11
C005872,V. Nair,1962-12-03,63, Kochi ,8214405163, vikra.nair.0780@example.in ,694100.0,1.0,2017-12-28
C005873,Zoya D.,1963-10-27,62,Hyd,+91 80520 83866,,494600.0,3.0,2016-09-25
C005874,Pooja P.,1967-07-26,58,JAIPUR, 64954-10412 ,poojapatel0315@example.in,,7.0,2020-03-12
C005875,S. Mishra,1973-08-15,52,Ahmedabad,+91 98573 42690,snehamishra4233@example.in,679100.0,1.0,2023-04-20
C005876,Akhy Banerjee,1961-03-21,64,Calcutta,91-853-097-1559, akshay.banerjee.4063@example.in ,410800.0,1.0,2018-06-08
C005877,RAHUL ROY,1979-06-08,46,Bangalore,(969) 807-0773,rahul.roy0198@example.in,790600.0,3.0,2021-01-05
C005878,  sahil   singh  ,1998-01-17,27,Puna,+91 98539 53997, sahil.singh.2296@example.in ,666500.0,1.0,2015-12-02
C005879,ROHAN KULKRNI,2004-07-30,21,Bhopal,+91 94641 31189,rohan.kulkarni.1089@example.in,756000.0,6.0,2024-09-29
C005880,Nisha S.,1967-11-23,58,Chennai,91-862-212-3735, nisha.sharma.2208@example.in ,757400.0,2.0,2019-03-31
C005881,Ishita Snha,1988-05-04,37,BHOPAL,9057105567,ISHITA.SINHA.1645@EXAMPLE.IN,2605100.0,7.0,2025-03-22
C005882,K. Singh,1989-11-01,36,BHOPAL, 93480-02821 ,kavyasingh0523@example.in,2093000.0,6.0,2016-11-23
C005883,Ananya M.,1993-10-04,32,Kolkata ,(943) 324-1370, ananya.mishra.1856@example.in ,2371200.0,2.0,2018-07-15
C005884,Nisha Bse,1952-06-23,73,BENGALURU,(965) 956-9341,NISHA.BOSE.3418@EXAMPLE.IN,1876000.0,3.0,2024-03-19
C005885,Aditi Nar,1998-05-25,27,Mumbay,(972) 227-2990,aditinair1434@example.in,,7.0,2021-01-28
C005886,Pranv Sinha,1998-02-20,27,BHOPAL,7672614449,pranav.sinha.1988@example.in,689500.0,6.0,2022-04-16
C005887,Varun R.,1996-12-24,29, Lucknow ,6836628586, varun.roy.1143@example.in ,1092700.0,7.0,2018-05-17
C005888,P. Kulkarni,1985-04-10,40,Kochin,6833118865,PRANAV.KULKARNI.4769@EXAMPLE.IN,845200.0,6.0,2018-09-09
C005889,SAANVI DAS,1964-08-21,61,HYDERABAD,(882) 338-3364,saanvi.das.5251@example.in,1014200.0,5.0,2016-06-08
C005890,Mira N.,2005-05-31,20,Hyd,91-786-875-8703,miranair2324@example.in,491600.0,6.0,2017-09-09
C005891,Aaav Sharma,1953-10-12,72, Bhopal ,(962) 147-6530,aarav.sharma.3898@example.in,986300.0,2.0,2021-04-11
C005892,SAHIL MEHTA,1983-02-11,42,Chennai ,(934) 951-2691,sahilmehta0387@example.in,830000.0,7.0,2020-04-28
C005893,ISHAAN MEHTA,1951-09-14,74,HYDERABAD,(791) 524-4830,isaan.mehta.1534@example.in,706800.0,6.0,2023-06-20
C005894,ARJUN KULKARNI,1960-03-31,65,Pune, 78129-87356 ,ARJUN.KULKARNI.1451@EXAMPLE.IN,538200.0,6.0,2021-04-20
C005895,A. Chandra,1969-09-13,56, Jaipur ,91-620-921-5550, ananya.chandra.1298@example.in ,976300.0,1.0,2025-12-01
C005896,  ishita   gupta  ,1963-08-16,62,Jaipur, 90928-53012 ,ishita.gupta.2058@example.in,1004900.0,4.0,2023-10-05
C005897,  priya   sinha  ,1966-04-08,59,Bangalore,(608) 396-0371,PRIYA.SINHA.0639@EXAMPLE.IN,620900.0,1.0,2015-08-08
C005898,Ihaan Banerjee,1958-07-30,67,KOCHI,,ISHAAN.BANERJEE.2144@EXAMPLE.IN,769600.0,2.0,2018-12-20
C005899,Kavya B.,1951-08-05,74, Bhopal , 73284-62014 , kavya.bose.3498@example.in ,734500.0,7.0,2023-03-01
C005900,Aarv Patel,1994-11-12,31,Hyderabad, 61522-11704 ,aarav.patel.5565@example.in,825900.0,5.0,2016-12-04
C005901,Sanjay Agaral,1979-02-28,46,Lucknow,(991) 091-7707,sanja.agarwal.3025@example.in,448300.0,5.0,2023-08-20
C005902,  ishita   bose  ,1956-08-14,69, Bangalore , 61266-34120 ,ishita.bose.072@example.in,12704415.657228347,7.0,2021-04-05
C005903,SNEHA AGARWAL,1959-02-27,66,New Delhi, 91707-03993 , sneha.agarwal.3088@example.in ,858500.0,,2018-02-07
C005904,Ihita Bose,1958-10-21,67,Hyderbad,(674) 954-2519, ishita.bose.0735@example.in ,600400.0,3.0,2021-09-28
C005905,Anka Menon,1984-02-29,41,Lucknow,91-673-636-6569,anika.mnon.5423@example.in,925000.0,7.0,2016-12-20
C005906,Ihaan Nair,1974-10-07,51,PUNE, 60782-08762 ,ISHAAN.NAIR.4480@EXAMPLE.IN,498900.0,7.0,2023-04-22
C005907,ISHAAN SINHA,1972-12-27,53, Lucknow ,(956) 354-6854,ISHAAN.SINHA.2898@EXAMPLE.IN,790400.0,2.0,2018-08-19
C005908,  rohan   rao  ,1969-01-26,56,BENGALURU,7066623568,rohanrao2441@example.in,778800.0,7.0,2022-05-29
C005909,  nikhil   menon  ,1953-04-22,72,Poona, 65890-96843 ,nikhilmenon3253@example.in,1244500.0,6.0,2021-07-29
C005910,Kabir S.,1950-02-09,75,Hyderbad,(966) 238-0803,kabir.subramanian.5319@example.in,734000.0,2.0,2025-01-11
C005911,Sanjy D.,1997-03-12,28,LUCKNOW,+91 60509 03638,sanjay.das.5286@example.in,,7.0,2018-05-07
C005912,Dya Iyer,1952-03-16,73,Madras,+91 98060 65067, diya.iyer.0562@example.in ,329400.0,1.0,2025-07-27
C005913,NIKHIL DAS,1956-05-01,69,PUNE,8083151905,nikhil.das2577@example.in,1154000.0,4.0,2018-08-07
C005914,Snea Reddy,1975-10-23,50,Kolkata,91-996-976-3548,snea.reddy.2274@example.in,1910200.0,5.0,2024-06-25
C005915,ANANYA ROY,2002-06-22,23,Hyderbad,+91 82335 57655,ananya.roy.0352@example.in,293500.0,7.0,2019-01-09
C005916,Ishan Verma,1989-08-17,36,Hyd,91-994-396-0661,ishaanverma1133@example.in,1610600.0,2.0,2019-04-22
C005917,Aditya S.,1973-10-07,52,Chennai ,91-931-823-7157,adityasingh5566@example.in,2156600.0,4.0,2016-12-04
C005918,V. Das,1953-01-12,72,Bengaluru, 98436-99423 ,varun.das.1471@example.in,405800.0,,2024-09-25
C005919,  varun   verma  ,1952-02-10,73,Poona,7495920859,varun.verma.3586@example.in,582400.0,6.0,2021-01-28
C005920,S. Kulkarni,1960-05-27,65, Ahmedabad ,8247506093, sanjay.kulkarni.5229@example.in ,1329800.0,3.0,2023-11-01
C005921,Priya M.,1971-12-14,54,Jaipur,+91 84186 10028,priya.mishra.5328@example.in,1251500.0,4.0,2025-08-08
C005922,Tanvi J.,1977-05-08,48, Lucknow ,91-614-329-5468, tanvi.jain.4874@example.in ,855000.0,2.0,2020-01-07
C005923,Tani Mukherjee,1971-08-31,54,Bengaluru, 73730-34731 ,TANVI.MUKHERJEE.2361@EXAMPLE.IN,999600.0,6.0,2019-09-12
C005924,A. Mukherjee,1987-06-22,38,Bhopal,9954558325,ANANYA.MUKHERJEE.1753@EXAMPLE.IN,738600.0,2.0,2024-12-20
C005925,Anika M.,1991-11-04,34,Kolkatta,+91 79513 00286,anikamehta.4379@example.in,223300.0,6.0,2019-11-20
C005926,  ananya   nair  ,1992-01-02,33,LUCKNOW,7516280332,ananya.nai.5139@example.in,720300.0,4.0,2018-08-25
C005927,Anka Mukherjee,1953-01-27,72,Kochin,(924) 320-3405, anika.mukherjee.2270@example.in ,1072800.0,4.0,2019-09-08
C005928,T. Khan,1996-08-19,29,Bengaluru,(875) 810-4430, tanvi.khan.2287@example.in ,2959700.0,5.0,2025-03-01
C005929,AKSHAY JOSHI,1992-02-23,33,JAIPUR,91-725-257-8078,akshay.joshi4453@example.in,1552800.0,2.0,2015-01-24
C005930,Nikhil D.,1987-11-03,38,Dilli,91-884-542-5431,NIKHIL.DAS.4709@EXAMPLE.IN,458700.0,6.0,2018-05-09
C005931,Priya S.,1959-02-09,66,New Delhi, 84199-30764 ,priyasharma4652@example.in,1200200.0,5.0,2024-07-06
C005932,Shreya J.,1990-02-24,35,DELHI,9542902241,shreya.joshi.3584@example.in,357800.0,2.0,2024-11-02
C005933,Poja Tiwari,1998-05-22,27,Chennai ,9833131578,pooja.tiwari.2774@example.in,2683300.0,1.0,2025-08-20
C005934,K. Agarwal,1967-11-03,58,Pune,91-854-770-3351,KAVYA.AGARWAL.4794@EXAMPLE.IN,598200.0,5.0,2020-06-11
C005935,SAHIL ROY,1962-11-08,63,KOCHI, 84716-95408 ,sahilroy2302@example.in,631800.0,5.0,2023-10-23
C005936,Rhea Siha,1980-08-25,45,Jaypur,,rhe.sinha.0596@example.in,593200.0,4.0,2018-10-05
C005937,RHEA AGARWAL,1962-07-08,63,Calcutta,+91 65159 51568, rhea.agarwal.4889@example.in ,701900.0,7.0,2019-10-28
C005938,KRISHNA KAPOOR,1995-01-09,30,BHOPAL,8237471203, krishna.kapoor.0406@example.in ,,4.0,2015-03-23
C005939,KRISHNA MISHRA,1977-11-06,48, Bhopal ,(686) 129-5622,krishna.mishra.3706@example.in,931600.0,3.0,2025-02-24
C005940,Nikil Chandra,1958-04-07,67,Mumbai,6330447999,nikhil.chanra.1656@example.in,487800.0,3.0,2025-04-14
C005941,Ishaan M.,1961-06-16,64,Mumbai, 75712-77602 ,ishaa.menon.0312@example.in,3442500.0,4.0,2019-04-29
C005942,ADITYA DAS,1966-11-28,59,Poona,91-831-934-5451,adityadas4890@example.in,,7.0,2020-07-02
C005943,  diya   kapoor  ,1967-05-14,58,KOLKATA, 74380-48821 ,diya.kapoor.1958@example.in,274800.0,5.0,2015-08-23
C005944,Nikhil S.,1964-11-30,61,Kochi,(824) 140-1463, nikhil.singh.2225@example.in ,1025700.0,2.0,2020-08-30
C005945,A. Mishra,1969-05-28,56,Mumbay,9160162730,aditi.mishra.1716@example.in,570500.0,2.0,2025-07-13
C005946,A. Kapoor,1986-03-25,39,JAIPUR,+91 70965 91813,akshaykapoor0208@example.in,508300.0,3.0,2021-12-23
C005947,ANANYA TIWARI,1972-09-28,53,KOLKATA, 61937-86677 ,ananyatiwari0864@example.in,829100.0,5.0,2022-01-10
C005948,Tanvi B.,1987-05-08,38,Poona,,tanvi.baneree.0781@example.in,424300.0,6.0,2016-06-07
C005949,Rohan S.,1976-11-01,49,LUCKNOW,+91 89380 39450,ROHAN.SINGH.1620@EXAMPLE.IN,440900.0,7.0,2019-01-16
C005950,  diya   mehta  ,1966-06-02,59,AHMEDABAD,(616) 225-6447, diya.mehta.1382@example.in ,241400.0,3.0,2015-02-03
C005951,KABIR VERMA,1983-08-10,42,AHMEDABAD,+91 62047 58869, kabir.verma.1069@example.in ,1044000.0,5.0,2020-03-05
C005952,R. Menon,2000-03-20,25,Kochi,+91 96189 39561, rhea.menon.1468@example.in ,423900.0,2.0,2016-11-21
C005953,Kvya Bose,1951-07-14,74,New Delhi,+91 77609 36151,KAVYA.BOSE.3609@EXAMPLE.IN,1040700.0,7.0,2024-08-22
C005954,Sanjay D.,1971-02-05,54,HYDERABAD, 90857-92975 , sanjay.desai.0280@example.in ,499600.0,4.0,2023-03-03
C005955,Sahil I.,1988-06-04,37,Pune, 82647-17921 ,sahil.iyer.723@example.in,671900.0,6.0,2022-12-08
C005956,SAHIL SHARMA,2001-03-14,24, Delhi ,91-614-644-0455,sahil.shara.3010@example.in,263700.0,4.0,2018-08-06
C005957,DIYA SEN,1988-11-22,37,LUCKNOW,(774) 290-7593,DIYA.SEN.0158@EXAMPLE.IN,,1.0,2015-04-06
C005958,M. Joshi,1976-06-03,49,Jaipur, 64502-70078 ,MEERA.JOSHI.4512@EXAMPLE.IN,1105400.0,6.0,2021-04-01
C005959,KAVYA KAPOOR,1998-08-05,27,Ahmedabad,91-744-500-5894,kaya.kapoor.4662@example.in,478500.0,2.0,2018-04-04
C005960,  kabir   mishra  ,1966-02-20,59,AHMEDABAD,91-852-092-3438,kabirmishra2185@example.in,760000.0,6.0,2020-10-29
C005961,  saanvi   sinha  ,2002-05-02,23,AHMEDABAD,,saanvi.sinha.3164@example.in,834700.0,6.0,2017-07-24
C005962,  diya   verma  ,1968-03-15,57,Bengaluru,6353299751,DIYA.VERMA.3165@EXAMPLE.IN,504700.0,5.0,2016-09-17
C005963,Nikhil Mihra,1992-03-03,33,Hyd, 99621-47447 ,nikhil.mihra.0770@example.in,886000.0,7.0,2018-03-01
C005964,Pooja Chadra,1993-11-14,32,CHENNAI,91-676-740-8282,pooja.chandra.0054@example.in,778800.0,6.0,2015-09-17
C005965,ZOYA PATEL,1995-08-04,30, Mumbai ,(678) 708-5947, zoya.patel.2256@example.in ,1082600.0,1.0,2016-05-22
C005966,Kavya Jin,1997-09-12,28, Mumbai , 83418-54807 ,kavya.jain.5365@example.in,296500.0,6.0,2023-06-06
C005967,N. Shah,1980-10-01,45,Mumbay,6470240627,nikhilshah0966@example.in,2011800.0,2.0,2024-05-13
C005968,DIYA IYER,1982-03-07,43,Bangalore, 91944-33645 ,diyaiyer5067@example.in,809200.0,2.0,2016-10-23
C005969,SAHIL MENON,1992-02-27,33,Madras,,sahil.menon.2021@example.in,1017400.0,5.0,2022-11-20
C005970,K. Tiwari,1973-02-17,52, Pune ,(983) 101-4206,kavyatiwari2818@example.in,819700.0,7.0,2025-11-26
C005971,Snha Banerjee,1954-01-02,71,Madras, 84146-27195 ,sneha.banerjee.0070@example.in,591300.0,5.0,2025-03-23
C005972,S. Jain,1985-02-25,40, Ahmedabad ,91-973-486-0247,sneha.jain.1312@example.in,512900.0,1.0,2019-06-25
C005973,Aditya S.,1956-01-28,69, Bangalore , 74296-60592 ,ADITYA.SINGH.0566@EXAMPLE.IN,2573000.0,7.0,2017-04-26
C005974,Kabir J.,2001-02-11,24, Lucknow ,+91 87340 80329, kabir.jain.1629@example.in ,528700.0,6.0,2019-08-06
C005975,Kabir Ptel,1983-05-25,42,Dilli, 66771-19746 ,KABIR.PATEL.2271@EXAMPLE.IN,847300.0,6.0,2015-11-27
C005976,  saanvi   rao  ,2004-12-03,21,Hyd,7188527993,saani.rao.0987@example.in,1878900.0,,2018-02-19
C005977,ISHAAN REDDY,1980-12-03,45,Mumbay,9713565494,ishaan.reddy.2835@example.in,309500.0,6.0,2023-07-25
C005978,Shrea Kapoor,1988-11-11,37,Mumbay, 71031-06285 ,SHREYA.KAPOOR.2006@EXAMPLE.IN,430700.0,1.0,2020-01-12
C005979,Shreya K.,1953-04-25,72,KOLKATA, 63893-77998 , shreya.kulkarni.1464@example.in ,582300.0,5.0,2016-01-06
C005980,NIKHIL SHAH,1952-08-20,73, Mumbai , 96886-13902 ,NIKHIL.SHAH.0039@EXAMPLE.IN,525100.0,7.0,2022-11-02
C005981,Shil Desai,1980-03-07,45, Mumbai ,+91 88392 00335,sahildesai3805@example.in,1326400.0,5.0,2022-01-04
C005982,Akay Mishra,1976-01-08,49,Kochin,+91 91251 01768,AKSHAY.MISHRA.4055@EXAMPLE.IN,1763000.0,4.0,2025-09-23
C005983,  mira   roy  ,1982-05-18,43,LUCKNOW,(652) 434-0127,miraroy.2930@example.in,490900.0,5.0,2020-06-08
C005984,Varun Subrmanian,2005-10-29,20,Lucknow,91-818-449-5225,VARUN.SUBRAMANIAN.5149@EXAMPLE.IN,611900.0,1.0,2022-07-25
C005985,Shreya Meha,1992-01-16,33,BENGALURU,+91 71879 76148,shreya.mehta.5479@example.in,,3.0,2020-01-17
C005986,Z. Roy,2001-07-05,24, Jaipur ,9309957247,zoy.roy.3500@example.in,443700.0,1.0,2020-02-09
C005987,ANANYA REDDY,1960-08-24,65,Bengluru,+91 85457 40895,ANANYA.REDDY.5047@EXAMPLE.IN,765700.0,5.0,2025-08-21
C005988,  nikhil   mukherjee  ,1985-08-22,40,Mumbai,+91 72335 99021,NIKHIL.MUKHERJEE.0702@EXAMPLE.IN,1459700.0,1.0,2021-09-10
C005989,  vikram   tiwari  ,1982-08-15,43, Ahmedabad ,+91 66453 29624,vikramtiwari3431@example.in,806800.0,7.0,2015-06-16
C005990,DIYA JOSHI,2005-06-02,20,BENGALURU, 98223-97781 , diya.joshi.2638@example.in ,1262600.0,2.0,2016-04-10
C005991,Vikram I.,1991-10-14,34, Jaipur , 72316-81934 , vikram.iyer.3868@example.in ,1107500.0,3.0,2024-06-06
C005992,A. Khan,1980-02-13,45,Ahmedabad,(823) 446-6535,anikakhan4804@example.in,1206800.0,4.0,2024-12-03
C005993,  kavya   chandra  ,1984-01-17,41,Puna,+91 69195 64745,kavya.chandra.5402@example.in,1048200.0,,2015-03-11
C005994,Nikhil M.,1982-03-17,43, Pune , 87328-73831 ,nikhil.mukherjee.107@example.in,639800.0,5.0,2021-12-26
C005995,A. Tiwari,1956-05-27,69,Kochin,(970) 517-8181,anika.tiwari.112@example.in,850100.0,1.0,2017-11-08
C005996,Sheya Kapoor,1959-08-26,66,AHMEDABAD,,shreya.kapoor.3624@example.in,539500.0,4.0,2015-09-15
C005997,Zoa Shah,1994-09-24,31,Hyd,(666) 763-1589,zoya.hah.2090@example.in,680000.0,7.0,2022-03-05
C005998,Adtya Agarwal,1968-10-28,57,Madras,9352719590, aditya.agarwal.4065@example.in ,516500.0,7.0,2022-07-12
C005999,POOJA SEN,1953-08-12,72,Lucknow,+91 76300 83820,poojasen0876@example.in,319400.0,3.0,2025-04-14
C006000,Prya Patel,1977-09-10,48,Cochin,, priya.patel.1264@example.in ,811600.0,7.0,2017-08-24
C006001,K. Tiwari,2005-06-09,20,PUNE,9064809236,KABIR.TIWARI.0476@EXAMPLE.IN,851000.0,6.0,2015-01-27
C006002,Tanvi Suramanian,1968-02-18,57,Poona,7329250834,tanv.subramanian.3270@example.in,834100.0,7.0,2018-04-03
C006003,ADITYA RAO,2005-07-20,20,Lakhnau, 70032-56106 ,adityarao4291@example.in,966100.0,2.0,2023-02-19
C006004,Vikram T.,1982-01-19,43,Lucknow,91-748-741-7942, vikram.tiwari.5297@example.in ,566200.0,1.0,2017-04-04
C006005,Mira Jin,1960-08-30,65,Kolkatta,91-980-872-4062, mira.jain.2751@example.in ,568400.0,7.0,2020-12-22
C006006,K. Banerjee,1974-10-06,51,Bangalore,(712) 183-8750,kabi.banerjee.1431@example.in,755300.0,,2018-12-28
C006007,Nikil Patel,1964-03-11,61,MUMBAI,91-760-534-4456,NIKHIL.PATEL.5134@EXAMPLE.IN,257400.0,,2020-08-09
C006008,S. Banerjee,1957-09-14,68,Hyderabad,91-841-390-1346,sahilbanerjee2176@example.in,754500.0,1.0,2023-11-13
C006009,K. Banerjee,2003-02-06,22,Kolkata,+91 71182 60088,krishna.banerjee.0760@example.in,451900.0,1.0,2017-05-27
C006010,Sahil Meon,1996-04-20,29,AHMEDABAD,7826389564,sahilmenon4052@example.in,1326900.0,3.0,2016-01-10
C006011,S. VERMA,1977-04-12,48,Bengaluru,9565556575,shreya.verma.0984@example.in,642100.0,6.0,2020-04-11
C006012,Ajun Desai,1977-05-24,48,Hyderbad,8647702093,arjun.dsai.2722@example.in,234800.0,1.0,2019-06-08
C006013,KRISHNA RAO,1979-09-29,46, Bangalore ,(793) 980-9057,krishna.rao.5544@example.in,758700.0,6.0,2020-12-13
C006014,VIKRAM ROY,1985-01-29,40,Mumbai,6464293415,VIKRAM.ROY.0005@EXAMPLE.IN,,4.0,2024-07-04
C006015,Nihil Mishra,1986-10-04,39,KOLKATA,7704329845,nikhilmishra2479@example.in,1166400.0,6.0,2023-05-29
C006016,V. Khan,1995-01-19,30, Lucknow ,+91 84066 04317,varunkhan4837@example.in,1766700.0,6.0,2018-11-24
C006017,Aiti Khan,1995-08-03,30, Lucknow ,7475680994,aditi.khan.2874@example.in,613800.0,4.0,2015-03-10
C006018,  varun   mukherjee  ,2003-01-26,22,KOCHI,(642) 144-2036,varun.mukherjee.0969@example.in,1350500.0,3.0,2024-01-28
C006019,Arjun V.,1991-07-31,34,Kolkatta,(801) 578-2797,arjunverma2083@example.in,2637200.0,5.0,2024-12-23
C006020,Rahul Mnon,1977-12-27,48,AHMEDABAD,+91 65017 42677,rahul.menon.1259@example.in,,2.0,2025-06-20
C006021,POOJA DAS,1971-02-14,54,Kolkata ,91-758-697-9735,poojadas2719@example.in,377800.0,,2016-10-22
C006022,Dia Pael,1956-07-12,69,LUCKNOW,, diya.patel.0278@example.in ,486200.0,2.0,2025-05-26
C006023,Aditi J.,1967-12-15,58,Kolkata,91-750-447-6856,aditi.jain.3311@example.in,,3.0,2025-03-05
C006024,Kavya M.,1989-06-29,36,Hyderabad,6247998405,KAVYA.MISHRA.0185@EXAMPLE.IN,860100.0,4.0,2021-06-12
C006025,M. Mishra,1996-04-16,29,Pune,+91 95867 96806,miramishra4066@example.in,1929700.0,7.0,2025-06-07
C006026,Zoya B.,2004-06-26,21,JAIPUR,91-680-340-9364,ZOYA.BANERJEE.2819@EXAMPLE.IN,432300.0,3.0,2025-10-16
C006027,R. Das,1951-06-26,74,Bhopl,+91 62427 73737,RHEA.DAS.2571@EXAMPLE.IN,,,2025-12-07
C006028,Dia Khan,1958-12-09,67, Kochi ,91-846-441-6981,DIYA.KHAN.0812@EXAMPLE.IN,522900.0,6.0,2015-08-22
C006029,A. Reddy,1972-04-21,53,AHMEDABAD,91-954-821-2833,AKSHAY.REDDY.1834@EXAMPLE.IN,1089200.0,3.0,2020-12-15
C006030,T. Reddy,1967-09-12,58,Madras,+91 98534 03705,tanvireddy4796@example.in,,5.0,2023-12-03
C006031,Diya Redy,1966-01-28,59,Bengaluru,91-638-703-5135,diy.reddy.4499@example.in,707100.0,3.0,2017-05-08
C006032,K. Nair,1983-08-05,42,Poona,91-732-493-6343,kabirnair1193@example.in,297100.0,7.0,2022-12-27
C006033,  rhea   shah  ,1963-03-29,62, Delhi ,,rhea.shah.1634@example.in,1422100.0,1.0,2023-09-05
C006034,  meera   nair  ,1963-11-28,62,BHOPAL, 91747-85450 , meera.nair.1299@example.in ,824200.0,1.0,2025-11-24
C006035,S. Banerjee,1993-04-13,32,Puna,(744) 041-5858,shreyabanerjee1144@example.in,1048700.0,4.0,2017-01-08
C006036,Sanjay Sinh,1975-04-03,50,Mumbai,9834734157,sanjay.singh.0481@example.in,666900.0,7.0,2023-05-02
C006037,Varun T.,1994-06-17,31,Dilli, 68968-94542 ,,387200.0,2.0,2019-11-12
C006038,Aarv Mehta,1991-06-26,34,Dilli,7965520866,AARAV.MEHTA.2849@EXAMPLE.IN,752900.0,3.0,2019-09-09
C006039,  kabir   tiwari  ,1996-12-05,29,Kochi,8534356539,KABIR.TIWARI.3579@EXAMPLE.IN,1166300.0,4.0,2025-07-19
C006040,Nisha Desi,1972-03-09,53,KOCHI, 77181-86245 ,nishadesai5523@example.in,479700.0,7.0,2015-03-11
C006041,Pranv Kulkarni,1996-12-01,29,Chennai, 77100-64043 ,PRANAV.KULKARNI.4297@EXAMPLE.IN,431500.0,4.0,2025-08-07
C006042,Nisha Jshi,1965-08-16,60,Kochi,(646) 705-3007,NISHA.JOSHI.4798@EXAMPLE.IN,433400.0,1.0,2019-03-03
C006043,S. Desai,1973-09-29,52,Bhopal,8152337382,saanvi.desa.2970@example.in,667000.0,6.0,2025-02-26
C006044,Anika Misra,1993-07-25,32,Chennai,91-810-825-6353,anika.mishra.3765@example.in,433200.0,6.0,2019-05-24
C006045,SAHIL KULKARNI,1952-05-03,73, Delhi ,(772) 922-7176,SAHIL.KULKARNI.0906@EXAMPLE.IN,1325600.0,2.0,2021-03-24
C006046,SNEHA JOSHI,1982-07-12,43, Bangalore ,(692) 687-8113,snehajoshi1122@example.in,864800.0,1.0,2023-10-19
C006047,TANVI TIWARI,1965-12-23,60,BENGALURU, 69700-32078 ,tanvi.tiwari.2472@example.in,919100.0,4.0,2019-10-15
C006048,Ishita Bse,2003-07-30,22,JAIPUR,+91 71440 57777,ishita.bose.490@example.in,1311300.0,5.0,2016-03-05
C006049,R. Rao,1993-06-11,32,Kolkatta,+91 83747 35724,rohan.rao.3998@example.in,842800.0,3.0,2021-05-07
C006050,  pooja   joshi  ,1999-11-11,26, Kochi ,91-942-126-5318,pooja.joshi.4336@example.in,659700.0,7.0,2020-06-27
C006051,Sneha S.,1961-11-05,64,JAIPUR,91-745-107-9616,snehashah2313@example.in,1493500.0,1.0,2015-06-18
C006052,R. Gupta,1972-04-21,53,Cochin, 98937-16169 ,rha.gupta.0924@example.in,321700.0,1.0,2024-04-19
C006053,S. Khan,1977-11-26,48, Kochi ,6594940869,snehakhan0001@example.in,1228700.0,7.0,2020-02-16
C006054,  anika   roy  ,1950-05-25,75, Kochi , 76649-24306 , anika.roy.2915@example.in ,330500.0,7.0,2019-12-14
C006055,  sanjay   sinha  ,1956-11-05,69,BHOPAL,91-686-845-6901, sanjay.sinha.1875@example.in ,1181500.0,4.0,2016-06-09
C006056,Nisha S.,1983-12-12,42,Dilli, 87829-19482 ,nishashah5352@example.in,376300.0,,2017-07-28
C006057,R. Agarwal,1983-10-25,42,Mumbai,9182194014,rahul.garwal.5520@example.in,3741600.0,6.0,2024-06-16
C006058,Rhan Banerjee,1987-12-24,38,BHOPAL,91-822-807-7038, rohan.banerjee.1853@example.in ,556800.0,4.0,2020-07-10
C006059,Kavya T.,1983-02-24,42,Chennai,91-692-170-5448,kavyatiwari2521@example.in,607800.0,7.0,2017-07-06
C006060,S. Nair,1955-05-02,70, Mumbai ,+91 62614 56161, sneha.nair.4221@example.in ,592500.0,4.0,2020-03-30
C006061,Rohan A.,2001-10-03,24,Ahemdabad,+91 81967 20688,rohan.agrwal.1241@example.in,262300.0,6.0,2021-12-25
C006062,Poja Agarwal,1966-04-09,59, Delhi ,+91 85071 52855, pooja.agarwal.2117@example.in ,2098700.0,1.0,2017-03-17
C006063,A. Patel,1961-06-25,64,Dilli,91-640-145-0898,akshay.patel.0837@example.in,582800.0,1.0,2024-06-26
C006064,Adtya Joshi,1980-02-09,45,Ahemdabad,91-787-420-1305,aditya.johi.1157@example.in,1215600.0,7.0,2017-12-25
C006065,  pranav   kulkarni  ,1957-03-21,68,Ahmedabad, 65037-34675 ,PRANAV.KULKARNI.1882@EXAMPLE.IN,547400.0,2.0,2018-09-12
C006066,S. Kulkarni,1950-01-30,75,Ahemdabad,91-994-722-4751,SHREYA.KULKARNI.3828@EXAMPLE.IN,1050800.0,7.0,2019-05-25
C006067,AKSHAY SINHA,1961-05-24,64,MUMBAI,(773) 673-6097,akshay.sinha.3901@example.in,1121300.0,,2015-05-14
C006068,  nisha   subramanian  ,2001-10-22,24,Kolkata ,6831369976,,1708200.0,1.0,2024-06-19
C006069,Aditya Siha,1978-05-18,47,Chennai,+91 93471 63344,aditya.sinha.0815@example.in,1229800.0,7.0,2022-04-03
C006070,RAHUL REDDY,1953-12-29,72,Kolkatta,91-644-197-0407,rahul.redd.3115@example.in,617900.0,5.0,2022-05-11
C006071,KABIR SHAH,1965-12-14,-8,Mumbay,(728) 139-8267,kabir.shah.5066@example.in,3674200.0,6.0,2015-07-23
C006072,Saanvi B.,1974-12-08,51,KOCHI,91-630-651-5848,saavi.banerjee.4260@example.in,1013000.0,1.0,2020-03-24
C006073,M. Mehta,1956-05-07,69,Cochin,91-867-382-4300,miramehta1040@example.in,510300.0,7.0,2016-01-01
C006074,Diya S.,1982-10-27,43,Lucknow,+91 73778 21812, diya.subramanian.1252@example.in ,632600.0,7.0,2017-05-16
C006075,Saavi Desai,1962-12-23,63, Bhopal , 94537-99208 ,saanvidesai5540@example.in,2387800.0,,2020-11-29
C006076,M. Tiwari,1962-05-24,63,JAIPUR,6858678285, meera.tiwari.4460@example.in ,,6.0,2019-11-18
C006077,TANVI SEN,1978-06-10,47,Bangalore,91-887-566-4832,tanvisen4457@example.in,597400.0,3.0,2023-09-04
C006078,NIKHIL KULKARNI,1973-04-03,52,Ahemdabad,6358192216,nikhil.kulkarni.581@example.in,856100.0,2.0,2021-08-23
C006079,  nisha   reddy  ,1981-06-26,44,Madras,91-753-158-4926,nishareddy.1079@example.in,1062500.0,3.0,2017-07-13
C006080,Z. Desai,1997-03-16,-2,DELHI,8994090961,zoyadesai1500@example.in,739200.0,2.0,2021-10-11
C006081,  sneha   chandra  ,1986-09-21,39,Bhopal,+91 69400 91049,sneha.chandra.4500@example.in,334100.0,7.0,2023-05-02
C006082,Kair Rao,1966-05-28,59,Lakhnau,9993757650, kabir.rao.1301@example.in ,394800.0,3.0,2021-05-18
C006083,Arjun Ier,1966-05-07,59,Kochin, 61341-84230 , arjun.iyer.3794@example.in ,231900.0,7.0,2019-11-01
C006084,Vikram Mhta,1979-05-09,46,Calcutta,8462362622,VIKRAM.MEHTA.0606@EXAMPLE.IN,720100.0,,2018-05-12
C006085,Z. Chandra,1997-01-01,28,Jaipur,9983127978, zoya.chandra.3789@example.in ,1486500.0,4.0,2024-10-26
C006086,  nikhil   mukherjee  ,1968-02-12,57, Mumbai ,91-611-222-5014, nikhil.mukherjee.4661@example.in ,3480700.0,2.0,2021-05-09
C006087,Nisha P.,1960-08-22,65,BHOPAL,91-722-779-9549, nisha.patel.3139@example.in ,3166000.0,6.0,2017-02-21
C006088,  arjun   bose  ,1987-05-03,38,Hyderabad, 80505-96256 ,arjunbose2512@example.in,,7.0,2024-08-11
C006089,P. Roy,1986-08-06,39,Ahemdabad,+91 62342 15462,PRIYA.ROY.0921@EXAMPLE.IN,,4.0,2023-07-25
C006090,Vikam Patel,1999-10-08,26,MUMBAI,(929) 636-4497, vikram.patel.3226@example.in ,474900.0,1.0,2025-02-26
C006091,Tanvi Mihra,1955-05-26,70,Hyderbad,8577684245,tanvi.misra.2221@example.in,1112100.0,3.0,2021-07-31
C006092,S. Sharma,2002-09-13,23,LUCKNOW,+91 97090 73315,sanjay.sharma.1795@example.in,1002600.0,1.0,2023-06-24
C006093,  meera   agarwal  ,1970-12-17,55,Madras,9311155196,MEERA.AGARWAL.3091@EXAMPLE.IN,261100.0,7.0,2022-03-26
C006094,  tanvi   desai  ,1952-02-18,73,Kolkatta, 91490-62340 ,tanvi.desai.4515@example.in,779400.0,3.0,2022-11-15
C006095,  meera   shah  ,1972-10-14,53,Bengaluru,+91 98859 94110,mera.shah.5436@example.in,252900.0,6.0,2015-05-30
C006096,V. Rao,2003-09-24,22, Jaipur ,9193656909,varunrao1478@example.in,648200.0,4.0,2015-07-23
C006097,Anika Sinh,1952-08-03,73,Jaipur,6325230080,ania.singh.2950@example.in,592900.0,5.0,2024-01-11
C006098,Rha Mishra,1954-05-10,71,Bombay,91-866-628-6582,,1782600.0,3.0,2024-07-28
C006099,Zya Menon,1976-06-03,49,Kolkata ,(775) 969-4514,ZOYA.MENON.0627@EXAMPLE.IN,790100.0,5.0,2018-03-21
C006100,Aditi S.,1969-03-02,56,Bhopal,8187146084,ADITI.SEN.3235@EXAMPLE.IN,265000.0,4.0,2021-05-09
C006101,Pooja S.,1962-04-26,63,Kochin,(655) 326-5786,pooja.sinh.5287@example.in,461200.0,7.0,2020-12-13
C006102,SNEHA PATEL,1999-12-18,26,Jaypur,9189741587, sneha.patel.0410@example.in ,324400.0,2.0,2018-05-30
C006103,Rohan B.,1970-02-22,55,Bhopal,91-923-143-4683,rohanbanerjee3858@example.in,781300.0,4.0,2022-10-27
C006104,Snha Shah,1971-03-21,54,DELHI,91-921-678-2288,SNEHA.SHAH.0442@EXAMPLE.IN,954400.0,,2018-11-10
C006105,A. M.,1977-10-25,48,Poona,8880010282,anikamukherjee0732@example.in,1447700.0,4.0,2017-01-05
C006106,P. Gupta,1955-04-16,70,Jaypur,91-653-164-4082,priya.gupta.1273@example.in,1279500.0,2.0,2021-02-21
C006107,Sneha Pael,1967-04-25,58, Bangalore ,+91 82769 53441,sneha.patl.0629@example.in,1192900.0,,2021-04-26
C006108,A. Kapoor,1966-11-15,59,Hyd, 67771-65316 ,arjun.kapoor.4087@example.in,900400.0,3.0,2021-10-26
C006109,Saanvi J.,1990-04-16,35,Mumbai,7331893323,saanvi.jshi.0057@example.in,4213000.0,4.0,2025-09-24
C006110,Tavi Roy,1987-04-05,38,Chennai , 67598-41642 ,tanvi.roy.1097@example.in,2593500.0,5.0,2022-03-27
C006111,Saanvi S.,1980-05-28,45,Kochin,,saavi.sinha.4026@example.in,665300.0,3.0,2015-11-07
C006112,Nisha V.,1989-04-05,36, Ahmedabad ,(872) 230-7404,nisha.verma.2220@example.in,1675300.0,3.0,2019-09-23
C006113,Aditya M.,1994-12-23,31,Ahmedabad,(660) 671-7270,aditya.mehta.3448@example.in,834400.0,1.0,2025-01-24
C006114,MEERA NAIR,1962-12-10,63,Kochi,9644835703,MEERA.NAIR.2456@EXAMPLE.IN,447800.0,2.0,2016-11-30
C006115,Sail Mukherjee,1983-03-29,42,Pune,(693) 281-3664,sahil.mukherjee.2738@example.in,631500.0,2.0,2018-08-25
C006116,Pooja P.,1956-12-23,69,Lucknow, 80454-46308 ,poojapatel3142@example.in,268100.0,2.0,2015-05-19
C006117,N. Das,1962-05-06,63,Jaipur,7243224641,nikhil.da.0243@example.in,515600.0,2.0,2015-08-14
C006118,S. Singh,1992-06-11,33,Chenai,(841) 047-9673, saanvi.singh.1819@example.in ,822900.0,6.0,2016-03-01
C006119,RHEA BOSE,1979-01-13,46,Kochin,, rhea.bose.1428@example.in ,496300.0,2.0,2025-02-01
C006120,Kabir Subramanin,1982-04-25,43, Bangalore ,+91 76351 81571,KABIR.SUBRAMANIAN.3046@EXAMPLE.IN,980500.0,3.0,2017-04-30
C006121,Vikam Menon,1956-11-07,69,Kolkata,+91 63997 86308, vikram.menon.3839@example.in ,413600.0,1.0,2019-03-06
C006122,ANIKA TIWARI,1980-08-28,45,KOLKATA,+91 80185 04620,anika.tiwari.4610@example.in,1217200.0,,2025-12-10
C006123,Nikhil S.,1952-06-19,73, Jaipur ,+91 73051 19210,nikhil.sharma.3256@example.in,587900.0,6.0,2017-09-12
C006124,Rahul K.,1976-12-30,49,Hyd,91-674-410-0515,RAHUL.KULKARNI.4899@EXAMPLE.IN,922200.0,7.0,2019-08-27
C006125,A. Banerjee,1971-04-26,54,BHOPAL,6305942038, aditya.banerjee.2013@example.in ,3648800.0,4.0,2023-01-30
C006126,A. Verma,1960-09-27,65, Delhi , 77828-79627 , aditya.verma.0841@example.in ,347500.0,,2021-04-03
C006127,K. Bose,1996-06-16,29,Lucknow,(906) 884-0328,not-an-email,5066600.0,7.0,2015-08-24
C006128,Kabir M.,1995-12-21,30,New Delhi,91-728-928-4066,kabir.meta.2057@example.in,510600.0,,2024-06-12
C006129,S. Sinha,1988-09-04,37,PUNE,+91 77586 70214,SANJAYSINHA3614@EXAMPLE.IN,1354100.0,3.0,2022-01-27
C006130,K. Menon,1951-06-02,74,Jaipur,(981) 364-1916, krishna.menon.4181@example.in ,1099900.0,4.0,2015-07-23
C006131,Diya S.,1967-06-20,58,LUCKNOW, 84033-75778 ,DIYA.SINHA.3187@EXAMPLE.IN,1655500.0,6.0,2024-09-25
C006132,S. Rao,1960-01-02,65,Kolkata , 67879-98674 ,SAHIL.RAO.1648@EXAMPLE.IN,3979200.0,4.0,2017-02-11
C006133,ANIKA MEHTA,1993-05-02,32,HYDERABAD,91-666-661-0961,anka.mehta.5388@example.in,1184100.0,4.0,2023-05-21
C006134,Rhea Guta,1958-02-01,67,Bengluru, 98140-58674 , rhea.gupta.5562@example.in ,439500.0,3.0,2015-10-18
C006135,Krishna M.,1953-05-14,72,Lakhnau, 76153-89576 ,krishna.mishra.5123@example.in,1217700.0,4.0,2015-11-15
C006136,Sanjay B.,1961-07-26,64,AHMEDABAD,(690) 862-7622, sanjay.banerjee.3760@example.in ,1183100.0,3.0,2025-09-22
C006137,A. Bose,1986-04-19,39, Ahmedabad ,(967) 593-4851,ADITYA.BOSE.2783@EXAMPLE.IN,882600.0,4.0,2020-10-06
C006138,Sneha C.,1966-03-07,59,Mumbay,+91 78990 48206, sneha.chandra.2527@example.in ,487200.0,1.0,2017-08-13
C006139,ADITYA MUKHERJEE,2000-03-22,25,Lucknow,9213627952,aditya.mukherjee.318@example.in,720500.0,4.0,2018-08-11
C006140,Sneha S.,1984-09-17,41,Jaipur,+91 78884 81744,snehasubramanian2026@example.in,1230000.0,2.0,2017-02-09
C006141,Nikhil K.,1958-05-10,67,Bhopl,9375198824,not-an-email,,4.0,2022-12-03
C006142,Vikram Redy,1957-10-11,68,Madras,7262831240,VIKRAM.REDDY.3602@EXAMPLE.IN,841600.0,7.0,2022-09-30
C006143,A. Verma,2001-01-22,24, Kochi , 60158-57099 ,ADITI.VERMA.3834@EXAMPLE.IN,1004000.0,3.0,2021-12-02
C006144,Raul Patel,1988-05-08,37,MUMBAI,(619) 534-7611, rahul.patel.2544@example.in ,862200.0,,2019-02-21
C006145,Aarav N.,1990-01-25,35,Bhopal, 76432-45549 ,aarav.nair.5536@example.in,929000.0,,2023-11-17
C006146,Ishita P.,1976-04-14,49,Chennai,(972) 715-9065,ishita.pate.1619@example.in,1130500.0,5.0,2015-01-04
C006147,Shreya B.,1952-02-02,73,Jaypur,(627) 763-8350,shreya.ose.2858@example.in,1010900.0,2.0,2019-08-17
C006148,Kavya M.,2002-09-17,23, Mumbai , 82642-66639 ,kavyamihra0991@example.in,538500.0,1.0,2021-04-29
C006149,K. Sharma,1962-03-30,63,Kolkata,,krishnasharma3291@example.in,264500.0,7.0,2017-01-08
C006150,Sanjay P.,1992-12-28,33,Delhi,+91 70813 15082,sanjay.pate.2560@example.in,,4.0,2020-04-28
C006151,Nisha Desi,1966-08-16,59,Hyd,+91 75976 50772,NISHA.DESAI.3085@EXAMPLE.IN,1016000.0,6.0,2020-03-02
C006152,Shreya Redy,1982-03-23,43,Ahmedabad,91-785-345-6518,SHREYA.REDDY.5442@EXAMPLE.IN,764300.0,7.0,2016-09-18
C006153,Niha Tiwari,1980-11-14,45,KOLKATA, 75976-26434 , nisha.tiwari.1547@example.in ,,7.0,2018-03-25
C006154,AKSHAY CHANDRA,1995-09-30,30,Bangalore, 65540-41754 , akshay.chandra.0950@example.in ,632500.0,6.0,2021-02-12
C006155,Anana Gupta,1970-09-13,55,Ahemdabad,+91 81348 39790,ananyagupta1769@example.in,761200.0,6.0,2025-06-17
C006156,SNEHA BOSE,1950-07-27,75, Jaipur , 88494-22155 ,sneha.bose.2063@example.in,2390900.0,1.0,2020-03-02
C006157,MEERA REDDY,1954-07-13,71, Mumbai , 88896-90792 ,meera.redd.4430@example.in,794600.0,7.0,2022-12-11
C006158,A. Mishra,2001-02-01,24,Cochin,+91 71511 71740,ARJUN.MISHRA.4664@EXAMPLE.IN,923600.0,3.0,2025-05-19
C006159,  pranav   kapoor  ,1985-03-25,40,AHMEDABAD, 81256-14911 ,pranavkapoor1493@example.in,720500.0,7.0,2024-01-17
C006160,  nikhil   menon  ,1981-08-30,44,BENGALURU,91-636-402-2138,nikhil.menn.3502@example.in,457400.0,,2021-12-28
C006161,Krishna Mihra,1955-06-09,70, Pune ,(957) 708-8569,krishnamishra2964@example.in,761400.0,,2025-03-16
C006162,Ananya Sina,2004-01-04,21,HYDERABAD, 80228-09514 ,ANANYA.SINHA.2192@EXAMPLE.IN,771600.0,4.0,2020-05-22
C006163,Ishan Iyer,1958-04-06,67,Poona,91-616-417-6083,ishaaniyer0446@example.in,382300.0,6.0,2018-02-03
C006164,Kavya Boe,1997-12-07,28, Bangalore ,(630) 595-2002, kavya.bose.3577@example.in ,1066800.0,5.0,2017-01-25
C006165,  kabir   menon  ,1966-01-31,59,Bangalore, 94953-55486 , kabir.menon.0597@example.in ,701500.0,4.0,2021-02-28
C006166,  zoya   mehta  ,1992-02-27,33,Puna,+91 88347 13144,zoya.mehta.2999@example.in,1159000.0,1.0,2021-08-11
C006167,Anika Siha,1975-11-14,50,AHMEDABAD,(981) 603-0413,anika.sinha5404@example.in,894500.0,3.0,2017-09-04
C006168,ISHAAN DAS,1970-08-02,55,Jaypur,6769237943,ishaandas0002@example.in,1425700.0,1.0,2024-04-03
C006169,Shrea Singh,2001-06-27,24,KOCHI, 95439-80976 , shreya.singh.1066@example.in ,493700.0,4.0,2019-12-17
C006170,ROHAN MISHRA,1967-08-22,58,MUMBAI,(991) 544-7313,rohn.mishra.0649@example.in,302600.0,4.0,2017-03-20
C006171,Poja Mukherjee,2005-04-27,20,KOLKATA,+91 66924 15379,pooa.mukherjee.2844@example.in,1093000.0,6.0,2016-12-06
C006172,  zoya   mukherjee  ,1992-06-04,33,Mumbay,+91 91233 90363,ZOYA.MUKHERJEE.5351@EXAMPLE.IN,442400.0,2.0,2023-03-11
C006173,Ishita K.,1995-05-11,30,Lucknow,91-666-516-1528,ISHITA.KULKARNI.4594@EXAMPLE.IN,626500.0,3.0,2017-10-11
C006174,  sahil   sen  ,1993-02-21,32,New Delhi,(806) 588-6941,SAHIL.SEN.2596@EXAMPLE.IN,408500.0,7.0,2022-09-09
C006175,S. Mishra,1968-11-02,57,LUCKNOW,+91 88853 67519,SHREYA.MISHRA.3063@EXAMPLE.IN,535700.0,6.0,2017-07-07
C006176,ANANYA AGARWAL,1990-10-02,35,Chenai,(687) 051-1702,ananyaagarwal2450@example.in,725700.0,1.0,2016-09-30
C006177,NISHA AGARWAL,1991-10-17,34,Ahemdabad, 77352-05390 ,nisa.agarwal.0311@example.in,612300.0,,2025-03-20
C006178,Ishita D.,1983-08-28,42,Lucknow,9313785596,ishita.das.0496@example.in,636800.0,4.0,2019-06-21
C006179,Aanya Sinha,1962-10-21,63,Kochin,(926) 657-4072,ananya.sinha.5545@example.in,48031080.9346886,1.0,2020-12-01
C006180,V. Rao,1954-03-16,71,KOCHI,91-609-290-8098,,2037300.0,5.0,2018-06-24
C006181,Tanvi Sah,1968-12-26,57,Chenai,(931) 761-2633,,714300.0,5.0,2021-01-11
C006182,Mera Sinha,1986-08-10,39,Bengluru,(733) 456-5687,meera.sinha.5110@example.in,1096500.0,3.0,2016-07-27
C006183,Rahul Patl,1979-01-16,46,Chennai ,6017455201,rahulpatel0948@example.in,1150300.0,7.0,2024-07-09
C006184,Aarav M.,1993-06-16,32,CHENNAI, 85705-49235 , aarav.mehta.4298@example.in ,332900.0,4.0,2020-05-27
C006185,Shreya Agrwal,1962-01-03,63, Bhopal , 73463-94468 ,shreya.agarwal.2870@example.in,762700.0,7.0,2025-02-15
C006186,Annya Menon,1956-03-07,69,HYDERABAD,(862) 609-3245,ANANYA.MENON.1647@EXAMPLE.IN,1456500.0,4.0,2018-12-26
C006187,A. MEHTA,1970-03-01,55, Jaipur ,91-991-290-5770,aditi.mehta.3573@example.in,1974500.0,5.0,2024-11-13
C006188,RAHUL I.,1998-05-09,27,Hyderabad,+91 89484 89485, rahul.iyer.0350@example.in ,,4.0,2019-02-25
C006189,Vikram S.,1980-08-01,45,Hyd,91-793-874-4676,vikramsingh3183@example.in,680400.0,3.0,2022-03-11
C006190,A. Mukherjee,1993-07-21,32,Ahemdabad,+91 62293 53130,akshay.mukherjee.2135@example.in,492700.0,2.0,2021-12-02
C006191,Aarav Redy,1978-07-24,47,Ahemdabad,6679862981, aarav.reddy.5593@example.in ,581400.0,5.0,2020-01-09
C006192,S. Rao,1959-10-08,66,Chennai ,6652877429,sneharao4261@example.in,980400.0,4.0,2025-12-30
C006193,Saanvi Sigh,1971-01-12,54, Kochi ,+91 66001 23769, saanvi.singh.0953@example.in ,797400.0,2.0,2018-08-13
C006194,Vikram Redy,1987-09-07,38,Chennai, 98942-34428 ,VIKRAM.REDDY.0231@EXAMPLE.IN,457000.0,5.0,2016-05-31
C006195,Meea Mukherjee,1955-12-17,70, Lucknow ,91-765-866-5578,MEERA.MUKHERJEE.4645@EXAMPLE.IN,880700.0,5.0,2021-03-04
C006196,Annya Sharma,1982-06-04,43,LUCKNOW, 82667-33621 , ananya.sharma.5417@example.in ,1190500.0,6.0,2020-12-27
C006197,  sneha   das  ,1987-09-11,38,PUNE,+91 93450 56338,snehadas5300@example.in,456200.0,4.0,2019-01-11
C006198,  diya   chandra  ,1954-08-11,71,Ahmedabad,91-619-993-7644, diya.chandra.1590@example.in ,257300.0,,2018-09-28
C006199,Roan Verma,1984-12-17,41,Kolkata,91-866-151-9535, rohan.verma.3600@example.in ,1126500.0,2.0,2023-01-14
C006200,TANVI SINGH,1987-06-27,38, Mumbai ,(954) 098-2600,tanvi.sigh.5383@example.in,1465000.0,7.0,2023-09-05
C006201,Aditya S.,1953-01-08,72,AHMEDABAD,, aditya.singh.3715@example.in ,488800.0,4.0,2024-05-05
C006202,Pranav S.,1984-02-06,41, Jaipur , 89399-14771 ,pranav.sah.2427@example.in,694000.0,4.0,2024-08-27
C006203,KAVYA REDDY,1975-02-11,50,Chenai,(790) 087-6828,KAVYA.REDDY.3125@EXAMPLE.IN,1587100.0,4.0,2019-04-15
C006204,KAVYA DAS,1954-09-12,71,PUNE,+91 95730 30100,kava.das.5193@example.in,322800.0,2.0,2021-05-24
C006205,R. Banerjee,1956-05-13,69, Mumbai ,8188105176,rahul.baneree.2968@example.in,591500.0,7.0,2022-06-26
C006206,  rhea   desai  ,1991-06-13,34,Ahemdabad,91-643-416-2231,rhea.desai.4250@example.in,484100.0,7.0,2025-07-29
C006207,ADITYA DAS,2002-09-21,23,Jaypur,8624771685,ADITYA.DAS.1421@EXAMPLE.IN,1078400.0,6.0,2016-12-28
C006208,N. Das,2004-10-18,21,Ahemdabad, 70252-90501 ,nikhil.das.5132@example.in,183400.0,5.0,2022-08-21
C006209,ROHAN VERMA,2001-12-29,24,Mumbai,+91 92385 83508,rohan.vema.2510@example.in,189200.0,1.0,2022-03-29
C006210,  rohan   bose  ,1960-07-31,65,Bangalore,(609) 915-9920,ROHAN.BOSE.1609@EXAMPLE.IN,1816300.0,1.0,2023-02-28
C006211,S. Desai,1953-04-03,72,Puna,91-940-031-5957,saanvi.desai.0138@example.in,436800.0,1.0,2021-10-12
C006212,I. Khan,1981-07-04,44,Lakhnau,91-655-635-1363,ishitakhan0662@example.in,165500.0,2.0,2018-09-09
C006213,Aarv Sharma,1979-06-04,46,Bengaluru, 82078-90055 ,,413200.0,3.0,2024-12-08
C006214,Pooja Mukherje,1962-12-20,63,Lucknow,(903) 087-9705,POOJA.MUKHERJEE.2470@EXAMPLE.IN,985400.0,2.0,2024-08-04
C006215,Mra Verma,1977-05-14,48,Lucknow,,mira.verma.1329@example.in,1005100.0,5.0,2015-03-09
C006216,Ishita Chanda,1962-10-09,63,Dilli,7039112192, ishita.chandra.3178@example.in ,499800.0,6.0,2024-02-21
C006217,  krishna   kulkarni  ,1950-11-09,75, Pune ,+91 95879 13284,krishnakulkarni4006@example.in,1100400.0,3.0,2018-01-17
C006218,POOJA SEN,1952-07-18,73,LUCKNOW,91-727-475-0412,pooja.sen.266@example.in,976400.0,3.0,2025-10-23
C006219,Vikram Misra,1979-04-08,46,New Delhi,91-870-355-0551,vikrammishra1096@example.in,5310500.0,1.0,2024-05-20
C006220,Arjun M.,1979-03-08,46,HYDERABAD,91-912-070-0305,arjun.mihra.0793@example.in,361700.0,2.0,2019-08-27
C006221,D. Mehta,2004-06-28,21, Lucknow ,91-970-889-4506,diya.meht.4102@example.in,549000.0,7.0,2025-02-17
C006222,D. Sen,2002-12-24,23,BHOPAL, 86108-98216 ,dya.sen.2494@example.in,665600.0,5.0,2020-02-17
C006223,Mra Kapoor,1977-03-31,48, Ahmedabad , 74521-96126 , mira.kapoor.0897@example.in ,366100.0,3.0,2021-07-16
C006224,Isaan Tiwari,1991-04-20,34,Hyd, 68938-22340 ,ISHAAN.TIWARI.3271@EXAMPLE.IN,,7.0,2024-08-29
C006225,Aarav B.,1959-05-22,66, Bhopal , 74396-49071 ,aaravbanerjee1183@example.in,682400.0,7.0,2020-02-19
C006226,Krshna Das,1976-01-01,50,Hyd,(657) 582-4347,krishnadas1782@example.in,1186500.0,7.0,2025-03-25
C006227,Pranav Agawal,1997-06-19,28,Bombay,,pranav.agarwa.1900@example.in,,2.0,2017-06-09
C006228,PRANAV MEHTA,1980-06-15,45, Kochi , 74649-56472 , pranav.mehta.2660@example.in ,1355700.0,7.0,2019-10-22
C006229,KRISHNA SHARMA,1981-04-08,44,Lucknow,(861) 012-2708, krishna.sharma.1911@example.in ,1899500.0,1.0,2018-07-02
C006230,Rohan R.,1973-01-18,52,Lucknow,(707) 234-7441,rohanreddy4983@example.in,517400.0,5.0,2018-12-11
C006231,Krishna S.,1969-12-11,56,Kolkatta,6057086185,KRISHNA.SINHA.5408@EXAMPLE.IN,,7.0,2021-08-26
C006232,Nsha Shah,1960-01-27,65,Hyderbad, 86954-16335 ,nisha.shh.0652@example.in,1583600.0,5.0,2018-06-25
C006233,Saanvi Meta,1994-07-21,31,Madras,91-665-029-5665,saani.mehta.2873@example.in,800900.0,7.0,2016-04-20
C006234,Snea Kulkarni,1955-05-16,70,Calcutta,91-930-945-1703,snehakulkarni.2374@example.in,623600.0,4.0,2015-09-05
C006235,P. Bose,1971-05-24,54, Ahmedabad ,6678719128,pranav.bose.1269@example.in,822300.0,4.0,2015-01-10
C006236,Dia Mishra,1965-03-13,60,JAIPUR,91-765-737-0708,diyamishra0323@example.in,,7.0,2018-05-27
C006237,S. Chandra,1997-11-25,28, Bhopal , 71654-20066 ,shreyachandra1094@example.in,262200.0,5.0,2019-10-22
C006238,Vikam Sen,1961-02-22,64,Mumbay,91-766-704-8602,VIKRAM.SEN.4340@EXAMPLE.IN,736300.0,7.0,2015-01-02
C006239,Vikram S.,1970-04-29,55,Bhopal,6636277715,vikramsharma4060@example.in,639300.0,6.0,2018-07-15
C006240,MIRA SEN,1956-05-01,69,CHENNAI, 68174-77534 ,MIRA.SEN.4843@EXAMPLE.IN,268700.0,7.0,2020-04-07
C006241,K. Roy,1951-01-30,74,Poona,+91 84312 67745,kavya.roy.4787@example.in,1187000.0,1.0,2016-02-17
C006242,  sanjay   menon  ,1950-11-06,75,Madras,+91 61027 35193,sanjay.menon.3302@example.in,,5.0,2020-05-11
C006243,Zya Subramanian,1950-07-15,75,KOLKATA,6732256455, zoya.subramanian.4705@example.in ,1476100.0,5.0,2018-09-13
C006244,ADITYA GUPTA,1978-10-20,47,Bengluru,+91 72794 15362,adityagupta4978@example.in,1086200.0,2.0,2021-01-12
C006245,SAHIL ROY,1972-06-15,53,Jaipur,91-832-623-4823,SAHIL.ROY.2048@EXAMPLE.IN,1263400.0,6.0,2025-02-06
C006246,Arjun Redy,1970-12-06,55,Lakhnau, 67300-78770 , arjun.reddy.4810@example.in ,2152900.0,5.0,2023-06-21
C006247,Aanya Mehta,1959-11-29,66,Lucknow,(839) 698-3014,ANANYA.MEHTA.3397@EXAMPLE.IN,501100.0,4.0,2018-10-30
C006248,  diya   tiwari  ,1957-07-04,68, Bangalore , 70690-09840 ,DIYA.TIWARI.3082@EXAMPLE.IN,119800.0,2.0,2024-03-23
C006249,Anka Mukherjee,2003-08-15,22, Bangalore ,9380735494,anika.mukhrjee.4166@example.in,549100.0,6.0,2015-03-30
C006250,  akshay   tiwari  ,1950-09-22,75,Bombay,6131337426,AKSHAY.TIWARI.5053@EXAMPLE.IN,237500.0,3.0,2016-10-08
C006251,Pooja Sah,1992-01-30,33,Delhi,+91 81389 40186, pooja.shah.2997@example.in ,2304300.0,6.0,2018-08-09
C006252,R. Agawal,1975-12-16,50, Bhopal ,(794) 717-5203,rohan.agarwal.4406@example.in,567100.0,6.0,2025-12-16
C006253,  rohan   rao  ,1958-06-15,67,AHMEDABAD, 86212-79121 , rohan.rao.3420@example.in ,664400.0,3.0,2024-01-27
C006254,Ishita J.,1987-01-12,38,Poona, 71446-58714 ,ishita.josi.1757@example.in,796100.0,2.0,2024-03-20
C006255,Roan Jain,1957-09-13,68,Mumbay,91-683-879-3413,rohan.jain.0819@example.in,1143200.0,1.0,2022-10-02
C006256,  kavya   singh  ,2003-10-24,22,Bombay,+91 64362 94345,KAVYA.SINGH.0063@EXAMPLE.IN,342900.0,4.0,2017-04-24
C006257,I. Sharma,1983-05-18,42,New Delhi,8285479537,ishita.sharma.2193@example.in,485200.0,5.0,2023-12-13
C006258,ROHAN BANERJEE,1956-07-21,-2,Jaypur,8304527180,rohanbanerjee3981@example.in,1359600.0,2.0,2016-12-17
C006259,  krishna   mehta  ,1974-12-03,51,Bhopl, 78896-44946 , krishna.mehta.4232@example.in ,1733600.0,,2023-04-20
C006260,SAANVI REDDY,1961-06-28,64,Jaypur, 71859-03977 ,saanvi.reddy.0433@example.in,1794700.0,7.0,2019-02-12
C006261,A. Banerjee,1993-07-11,32,Kolkata, 67253-61734 ,akshaybanerjee1022@example.in,377000.0,2.0,2024-01-19
C006262,Akshay M.,1959-11-21,66,Mumbay, 78181-02299 , akshay.mishra.1320@example.in ,1127800.0,3.0,2021-03-03
C006263,Krishna S.,2002-03-12,23, Bhopal ,9536893722,krishna.subramanian.4306@example.in,774700.0,6.0,2021-01-16
C006264,ADITYA KAPOOR,1959-01-18,66,LUCKNOW,+91 82207 53112,adityakapoor5456@example.in,690600.0,7.0,2018-09-28
C006265,R. Sinha,1991-10-11,34,JAIPUR,91-726-624-7269, rhea.sinha.3707@example.in ,303900.0,3.0,2025-05-11
C006266,Saanvi Kulkrni,1951-05-23,74,Kochi,91-788-196-0546, saanvi.kulkarni.2677@example.in ,928700.0,4.0,2017-12-07
C006267,Mira A.,1966-03-09,59,Ahmedabad,91-750-419-0211, mira.agarwal.1124@example.in ,447600.0,4.0,2020-10-16
C006268,Aditya J.,1960-06-30,65,Delhi,6855089895,aditya.jain.2967@example.in,1122500.0,5.0,2019-11-04
C006269,  arjun   nair  ,2004-01-19,21, Lucknow , 89561-21963 ,arjunnair0029@example.in,1027200.0,7.0,2017-05-05
C006270,SNEHA TIWARI,1988-05-03,37, Pune ,(736) 939-4878, sneha.tiwari.3377@example.in ,680200.0,4.0,2017-05-22
C006271,I. REDDY,1960-12-23,65, Delhi ,+91 86820 60680,,694300.0,5.0,2019-10-15
C006272,V. IYER,1968-04-07,57,Hyderabad,7441587227,vikramiyer3007@example.in,1255400.0,4.0,2018-05-28
C006273,SAANVI ROY,1977-10-15,48,Hyd,(811) 847-7353,SAANVI.ROY.2478@EXAMPLE.IN,689100.0,2.0,2018-05-04
C006274,Rahul S.,1955-05-21,70,LUCKNOW,91-857-420-7885,rahul.sinha.0290@example.in,474300.0,2.0,2023-07-11
C006275,Aaav Rao,2001-04-19,24,Madras,(974) 656-7806,AARAV.RAO.4619@EXAMPLE.IN,371900.0,6.0,2020-07-19
C006276,  tanvi   subramanian  ,1970-10-11,55,Lakhnau,+91 83996 64352,tanvi.subrmanian.4972@example.in,5149500.0,6.0,2017-07-14
C006277,POOJA TIWARI,1954-09-04,71,Hyderabad,+91 89738 89309,poja.tiwari.1242@example.in,,5.0,2019-04-24
C006278,Sneha Sina,1987-09-22,38,Ahemdabad,91-987-345-5861,SNEHA.SINHA.3662@EXAMPLE.IN,1014100.0,7.0,2016-01-17
C006279,S. Banerjee,1994-07-06,31,Mumbay,(899) 101-7626,saani.banerjee.3208@example.in,1528600.0,2.0,2020-10-14
C002579,Ishita Reddy,1955-04-03,70,Puna,9897760074,ishita.reddy.2579@example.in,1132400.0,4.0,2019-11-20
C002870,Shreya Agarwal,1962-01-03,63,Bhopal,7346394468,shreya.agarwal.2870@example.in,762700.0,7.0,2025-02-15
C001700,Aditi Mukherjee,1991-12-29,34,Poona,6596879293,aditi.mukherjee.1700@example.in,1695800.0,7.0,2025-02-22
C002338,Anika Chandra,1987-07-15,38,Delhi,9996390627,anika.chandra.2338@example.in,548600.0,6.0,2023-03-07
C002006,Shreya Kapoor,1988-11-11,37,Mumbai,7103106285,shreya.kapoor.2006@example.in,430700.0,1.0,2020-01-12
C000232,Meera Roy,1982-05-25,43,Ahmedabad,8632547243,meera.roy.0232@example.in,711000.0,7.0,2023-04-26
C006211,S. Desai,1953-04-03,72,Puna,91-940-031-5957,saanvi.desai.0138@example.in,436800.0,1.0,2021-10-12
C005082,Shreya Khan,1998-10-22,27,Delhi,6085948916,shreya.khan.5082@example.in,1309700.0,7.0,2017-06-18
C005716,A. Rao,1953-05-23,72,Hyd,91-661-456-5833,aditi.ra.2422@example.in,1243400.0,1.0,2023-04-14
C004028,Nikhil Mehta,1973-06-23,52,Bengaluru,8549258556,nikhil.mehta.4028@example.in,873500.0,4.0,2019-08-30
C002493,Nisha Khan,1959-03-10,66,Pune,8806883766,nisha.khan.2493@example.in,855300.0,5.0,2019-07-14
C004194,Kabir Mehta,1972-01-09,53,Ahmedabad,(989) 319-6331,kabir.mehta.4194@example.in,881100.0,4.0,2021-07-30
C003044,Zoya Rao,1977-04-08,48,Jaipur,7211907432,zoya.rao.3044@example.in,874800.0,5.0,2017-02-18
C005048,Zoya Patel,2001-12-31,24,Mumbai,9913302811,,908800.0,,2018-09-06
C000373,Vikram Jain,1988-10-03,37,Bhopal,9156733711,vikram.jain.0373@example.in,1348600.0,4.0,2023-11-11
C001022,Akshay Banerjee,1993-07-11,32,Kolkata,6725361734,akshay.banerjee.1022@example.in,393000.0,2.0,2024-01-19
C000921,Priya Roy,1986-08-06,39,Ahmedabad,6234215462,priya.roy.0921@example.in,1404300.0,4.0,2023-07-25
C004144,  varun   chandra  ,2001-02-28,24,Mumbai,8290284549,varun.chandra.4144@example.in,1017800.0,1.0,2016-12-12
C005339,Varun Menon,1975-12-29,50,Chennai, 86266-82087 ,varun.menon.5339@example.in,319300.0,4.0,2021-06-28
C000088,Priya Rao,1966-11-02,59,Lucknow,,priya.rao.0088@example.in,666400.0,7.0,2016-12-14
