transaction_id,customer_id,transaction_date,amount,channel,merchant_city,items,discount
T0000000,C002269,2024-03-04,4579.38,store,Pune,8,0.097
T0000001,C000901,2024-12-22,7157.28,online,Delhi,9,
T0000002,C000776,2024-01-18,2338.48,store,Bengaluru,10,0.109
T0000003,C003129,2025-09-28,425.91,online,Pune,1,0.056
T0000004,C003586,2025-02-09,454.61,store,Lucknow,6,0.038
T0000005,C003386,2024-05-11,1597.04,store,Kolkata,11,0.069
T0000006,C004108,2025-01-24,681.64,mobile,Delhi,11,0.143
T0000007,C000437,2025-11-16,3429.18,online,Kolkata,10,
T0000008,C000940,2024-02-08,2582.15,mobile,Mumbai,3,0.131
T0000009,C005295,2024-03-16,4003.22,online,Lucknow,5,0.061
T0000010,C002432,2024-01-10,5671.0,mobile,Hyderabad,6,0.02
T0000011,C004148,2024-07-07,1088.14,mobile,Mumbai,1,0.001
T0000012,C002859,2024-02-17,1271.4,mobile,Bengaluru,10,0.053
T0000013,C001387,2025-01-23,322.33,store,Delhi,8,0.034
T0000014,C005024,2025-02-04,784.36,store,Delhi,7,0.279
T0000015,C002796,2024-06-03,643.89,store,Ahmedabad,10,0.124
T0000016,C004646,2025-09-22,3417.03,store,Bhopal,1,0.053
T0000017,C000156,2025-07-22,595.86,online,Lucknow,8,
T0000018,C003597,2024-12-04,1464.06,store,Ahmedabad,8,0.051
T0000019,C001187,2025-12-09,885.38,online,Bengaluru,5,0.061
T0000020,C001852,2024-09-02,6507.5,mobile,Kolkata,7,0.141
T0000021,C004100,2025-11-20,4662.76,store,Lucknow,8,0.046
T0000022,C005634,2024-05-11,970.3,online,Ahmedabad,8,0.012
T0000023,C005815,2024-02-17,3360.8,online,Kolkata,6,0.069
T0000024,C001122,2024-01-15,553.02,mobile,Kochi,6,0.018
T0000025,C001986,2024-05-12,1591.5,phone,Kolkata,2,0.165
T0000026,C001118,2024-04-19,760.81,online,Mumbai,4,0.111
T0000027,C005622,2024-08-31,1184.0,mobile,Pune,9,0.071
T0000028,C002811,2025-02-04,907.46,mobile,Delhi,3,0.058
T0000029,C004324,2024-07-10,716.69,store,Pune,9,0.102
T0000030,C002356,2025-05-09,3001.83,online,Jaipur,7,0.059
T0000031,C000021,2024-10-16,2019.42,online,Hyderabad,3,0.077
T0000032,C006033,2024-04-06,1929.79,online,Lucknow,6,0.136
T0000033,C000760,2025-09-30,3996.39,mobile,Hyderabad,10,0.173
T0000034,C005768,2025-08-28,1557.21,store,Jaipur,9,0.103
T0000035,C000748,2025-10-29,1976.39,store,Kolkata,7,0.075
T0000036,C000394,2024-04-19,1587.5,phone,Lucknow,1,0.045
T0000037,C005748,2024-12-21,1044.48,online,Ahmedabad,8,
T0000038,C004455,2024-06-02,750.64,mobile,Kolkata,9,0.074
T0000039,C004182,2024-11-29,2836.11,online,Lucknow,3,0.046
T0000040,C000908,2024-12-12,12942.42,mobile,Mumbai,8,0.014
T0000041,C003177,2024-09-08,2282.41,online,Lucknow,4,0.019
T0000042,C005008,2024-04-28,1756.96,online,Jaipur,7,0.051
T0000043,C003948,2025-12-12,1328.48,online,Hyderabad,10,0.005
T0000044,C002656,2025-08-31,596.34,phone,Mumbai,6,
T0000045,C005554,2024-08-12,437.44,online,Lucknow,2,0.057
T0000046,C001523,2024-03-25,1837.23,store,Hyderabad,7,0.006
T0000047,C000561,2024-03-26,18016.59,online,Mumbai,1,0.132
T0000048,C002616,2024-09-23,1673.62,store,Hyderabad,4,0.002
T0000049,C002591,bad-date,233.71,mobile,Delhi,6,0.061
T0000050,C004460,2024-03-18,1853.99,online,Hyderabad,9,0.025
T0000051,C003255,2024-04-28,10096.49,mobile,Delhi,2,0.014
T0000052,C000881,2024-06-22,1415.56,mobile,Mumbai,2,0.112
T0000053,C000242,2024-11-18,1671.0,online,Bengaluru,7,0.017
T0000054,C004557,2024-10-25,3596.02,store,Bengaluru,9,0.199
T0000055,C004648,2024-10-10,1216.52,store,Kochi,10,0.029
T0000056,C001015,2024-04-01,408.15,mobile,Kolkata,10,0.01
T0000057,C000203,2024-02-21,4241.35,online,Bhopal,1,0.141
T0000058,C005022,2024-03-31,310.98,store,Bhopal,5,0.108
T0000059,C005646,2024-03-26,3083.03,phone,Bengaluru,7,0.057
T0000060,C001309,2024-12-27,1597.93,online,Lucknow,4,0.218
T0000061,C001245,2025-05-10,1096.51,online,Lucknow,3,0.038
T0000062,C005883,2024-10-27,633.16,online,Kochi,6,0.052
T0000063,C000037,2024-11-19,2204.48,online,Jaipur,10,0.203
T0000064,C006083,2025-12-29,17901.84,online,Bhopal,6,0.086
T0000065,C005364,2024-09-22,323.43,online,Hyderabad,11,0.132
T0000066,C001946,2024-09-09,639.8,online,Jaipur,4,0.031
T0000067,C001984,2024-10-18,5009.92,mobile,Mumbai,5,0.161
T0000068,C003081,2024-01-19,374.89,mobile,Ahmedabad,11,0.048
T0000069,C000313,2025-12-14,11549.03,mobile,Chennai,4,0.065
T0000070,C005504,2025-11-03,506.72,store,Hyderabad,7,0.065
T0000071,C000069,2024-12-17,5976.76,online,Lucknow,5,
T0000072,C004550,2024-12-12,925.17,online,Kochi,9,0.121
T0000073,C006110,2024-03-05,1791.09,online,Bengaluru,6,0.085
T0000074,C006272,2025-06-21,6987.95,online,Bhopal,3,0.061
T0000075,C002778,2025-04-18,1171.56,mobile,Bengaluru,10,0.047
T0000076,C001246,2024-10-06,913.39,mobile,Jaipur,3,
T0000077,C005280,2024-10-20,3350.87,store,Pune,9,0.011
T0000078,C004633,2025-10-01,1640.19,mobile,Ahmedabad,9,0.111
T0000079,C000701,2024-01-13,1568.63,phone,Jaipur,3,0.013
T0000080,C000374,2025-12-14,1521.26,mobile,Pune,10,0.005
T0000081,C002602,2024-04-03,1357.43,store,Jaipur,9,0.109
T0000082,C003964,2024-03-12,5814.99,phone,Hyderabad,5,
T0000083,C000548,2025-07-12,1334.79,online,Bhopal,7,0.012
T0000084,C002452,2025-09-29,653.29,online,Hyderabad,6,0.079
T0000085,C000169,2024-09-21,6622.37,online,Hyderabad,9,0.082
T0000086,C005907,2024-04-18,3991.76,online,Kochi,5,0.112
T0000087,C005332,2024-08-01,2494.42,online,Hyderabad,6,0.135
T0000088,C004179,2025-06-13,1114.94,online,Ahmedabad,11,0.067
T0000089,C004703,2025-08-28,1161.59,store,Kolkata,8,0.007
T0000090,C001600,2024-03-25,10631.33,mobile,Pune,11,0.071
T0000091,C000504,2024-03-06,2756.58,online,Delhi,3,0.044
T0000092,C002422,2025-10-06,1166.54,phone,Jaipur,9,0.067
T0000093,C002387,2025-03-25,3652.75,store,Hyderabad,1,0.058
T0000094,C004986,2025-01-31,6170.96,online,Hyderabad,10,0.13
T0000095,C003867,bad-date,3223.03,mobile,Bhopal,2,
T0000096,C000692,2025-11-02,306.14,online,Kochi,7,0.048
T0000097,C002935,2024-08-30,440.96,online,Kochi,11,0.021
T0000098,C000860,2025-04-22,474.67,online,Hyderabad,5,0.114
T0000099,C000192,2025-03-14,1864.0,online,Chennai,3,0.048
T0000100,C000318,2025-09-03,641.14,online,Delhi,3,0.017
T0000101,C003586,2024-02-21,2096.74,store,Bhopal,1,0.034
T0000102,C001753,2024-01-26,1146.23,phone,Lucknow,9,0.005
T0000103,C006224,2024-11-03,19666.29,store,Bhopal,5,
T0000104,C000643,2025-10-27,4780.44,mobile,Delhi,1,0.05
T0000105,C002059,2025-02-15,2629.55,phone,Hyderabad,4,0.011
T0000106,C006187,2024-02-05,358.54,online,Mumbai,2,0.03
T0000107,C005898,2025-06-15,589.77,online,Kolkata,3,0.004
T0000108,C002331,2024-09-25,793.63,store,Mumbai,9,0.065
T0000109,C005342,2024-05-22,1198.54,store,Hyderabad,1,0.14
T0000110,C000250,2024-10-08,24751.39,online,Chennai,2,
T0000111,C003166,2024-08-27,896.07,store,Kochi,4,0.022
T0000112,C001489,2024-05-12,4498.2,online,Bhopal,10,0.022
T0000113,C001751,2025-07-13,1324.1,store,Pune,9,0.123
T0000114,C005561,2024-02-17,781.53,online,Bengaluru,1,0.104
T0000115,C001607,2025-10-09,1034.89,online,Bengaluru,11,0.03
T0000116,C005253,2025-01-26,1025.29,store,Chennai,11,0.038
T0000117,C001620,2025-02-01,756.14,store,Bhopal,3,0.07
T0000118,C000798,2024-08-04,453.15,phone,Hyderabad,5,0.093
T0000119,C003884,2024-06-28,1203.62,online,Kolkata,9,0.026
T0000120,C004686,2024-07-15,1969.15,online,Bhopal,9,0.013
T0000121,C005312,2025-07-30,3882.58,online,Bengaluru,3,0.027
T0000122,C003651,2025-04-08,1504.44,store,Delhi,11,0.002
T0000123,C002606,2024-10-31,1103.63,mobile,Chennai,2,0.018
T0000124,C001953,2024-01-17,6576.06,store,Bhopal,11,0.022
T0000125,C003124,2024-03-25,331.75,online,Bengaluru,7,
T0000126,C000491,2024-05-28,770.4,phone,Pune,6,0.082
T0000127,C005837,2024-01-26,27137.724070420143,store,Kochi,9,0.016
T0000128,C001742,2024-03-05,4835.21,online,Pune,11,0.094
T0000129,C006276,2025-12-11,4619.1,store,Lucknow,1,0.134
T0000130,C002292,2024-02-15,1522.05,store,Bengaluru,10,0.058
T0000131,C002753,2025-09-01,1426.92,store,Mumbai,2,0.044
T0000132,C000297,2024-02-24,2190.12,online,Pune,2,0.031
T0000133,C003164,2025-09-10,836.51,store,Delhi,3,0.032
T0000134,C002119,2024-07-01,961.47,store,Kolkata,9,0.073
T0000135,C002687,2025-08-06,303.34,mobile,Ahmedabad,10,0.096
T0000136,C005542,2024-02-19,1978.73,store,Pune,10,0.053
T0000137,C002781,2025-11-16,16619.44,online,Jaipur,9,0.033
T0000138,C002098,2025-02-12,680.91,online,Jaipur,7,0.059
T0000139,C003935,2024-03-19,551.29,online,Hyderabad,10,0.077
T0000140,C003383,2025-08-12,813.28,online,Lucknow,10,0.006
T0000141,C003125,2025-12-20,6120.01,mobile,Mumbai,2,0.114
T0000142,C002289,2024-12-18,703.1,mobile,Kolkata,4,0.06
T0000143,C000369,2024-01-03,2283.25,online,Hyderabad,3,0.018
T0000144,C001259,2025-07-05,7160.0,store,Lucknow,4,0.033
T0000145,C004474,2025-11-23,595.87,mobile,Kochi,8,0.039
T0000146,C000661,2025-12-22,555.64,online,Kochi,11,0.184
T0000147,C000736,2024-05-26,827.98,online,Mumbai,1,0.002
T0000148,C003501,2025-07-08,1164.43,online,Hyderabad,5,0.05
T0000149,C000276,2025-06-26,654.93,store,Hyderabad,7,0.005
T0000150,C003680,2024-01-10,832.7,phone,Kochi,11,0.014
T0000151,C001182,2024-04-03,6466.11,online,Jaipur,8,0.005
T0000152,C004506,2025-07-27,2980.63,online,Kolkata,5,0.073
T0000153,C002698,2024-03-06,991.53,online,Jaipur,2,0.009
T0000154,C006044,2025-12-02,11853.43,online,Mumbai,6,0.011
T0000155,C004491,2024-10-12,1772.39,store,Kolkata,9,0.023
T0000156,C001319,2024-08-19,5390.46,store,Kochi,10,0.086
T0000157,C002200,2024-08-19,1266.12,store,Kochi,5,0.065
T0000158,C005769,2025-03-20,1190.13,phone,Kolkata,9,0.007
T0000159,C000779,2025-03-06,2291.45,phone,Ahmedabad,11,0.041
T0000160,C004659,2025-09-27,529.93,online,Bengaluru,1,
T0000161,C005607,2024-09-03,512.78,online,Bengaluru,2,0.012
T0000162,C005038,2025-04-04,1666.88,mobile,Chennai,10,0.071
T0000163,C000154,2024-04-18,1029.97,store,Kolkata,11,0.034
T0000164,C004348,2025-09-30,1215.02,store,Hyderabad,1,0.076
T0000165,C005643,2025-04-05,3315.45,mobile,Kolkata,9,0.168
T0000166,C003352,2024-10-22,3210.66,online,Kochi,5,
T0000167,C002012,2024-12-24,1706.68,phone,Kolkata,8,0.092
T0000168,C002821,2024-03-31,538.6,online,Pune,3,0.063
T0000169,C005283,2025-04-20,2918.09,mobile,Mumbai,2,0.033
T0000170,C002085,2024-06-09,1003.6,online,Chennai,8,0.029
T0000171,C002065,2025-02-21,2959.24,phone,Kochi,8,0.016
T0000172,C000019,2025-05-31,1323.96,online,Delhi,11,0.006
T0000173,C004812,2024-09-16,5031.83,phone,Pune,4,0.151
T0000174,C003805,2024-10-19,8228.75,mobile,Jaipur,6,0.012
T0000175,C004122,2024-02-12,138.32,online,Hyderabad,5,0.02
T0000176,C005075,2024-06-27,2159.09,online,Hyderabad,6,0.022
T0000177,C004116,2024-01-11,1048.19,online,Ahmedabad,7,0.069
T0000178,C002184,2024-09-24,915.52,store,Chennai,3,0.132
T0000179,C003321,2025-05-31,2051.24,store,Kolkata,9,
T0000180,C002522,2024-08-17,1047.47,store,Mumbai,6,0.047
T0000181,C000443,2024-04-12,2155.83,online,Kochi,3,0.02
T0000182,C002824,2025-05-16,1278.21,online,Jaipur,11,0.005
T0000183,C001060,2024-10-02,1457.11,online,Jaipur,10,0.009
T0000184,C004568,2025-06-17,389.93,mobile,Delhi,1,0.029
T0000185,C000759,2025-06-15,1078.8,store,Kolkata,9,0.043
T0000186,C004196,2024-03-01,1289.16,phone,Kochi,3,0.033
T0000187,C001978,2024-07-30,4368.45,mobile,Hyderabad,5,0.008
T0000188,C000682,2024-04-04,1413.18,online,Mumbai,8,0.079
T0000189,C002621,2024-05-08,732.26,store,Hyderabad,9,0.002
T0000190,C002331,2025-01-04,929.87,online,Kolkata,6,0.074
T0000191,C005157,2024-01-25,352.34,store,Kochi,6,0.145
T0000192,C005869,2024-06-12,1320.13,online,Kolkata,8,
T0000193,C003212,2024-08-17,3370.93,store,Bhopal,4,0.02
T0000194,C005051,2024-09-07,3104.62,store,Kolkata,6,0.072
T0000195,C001192,2024-02-14,1304.19,online,Kolkata,10,0.0
T0000196,C000050,2024-12-26,1206.3,online,Mumbai,9,0.029
T0000197,C003846,2025-08-23,5051.08,store,Kochi,2,0.083
T0000198,C001094,2025-07-28,2299.74,phone,Kochi,7,0.057
T0000199,C001836,2025-12-02,27759.72,mobile,Kolkata,6,0.037
T0000200,C004433,2024-09-29,1384.62,mobile,Mumbai,3,0.166
T0000201,C004596,2025-03-28,2965.17,store,Jaipur,3,0.006
T0000202,C001051,2025-11-09,805.85,online,Bhopal,9,0.014
T0000203,C000607,2025-04-17,4854.22,store,Ahmedabad,6,0.076
T0000204,C001688,2024-01-24,868.91,mobile,Jaipur,5,0.102
T0000205,C001776,2024-04-03,5181.46,mobile,Hyderabad,7,0.094
T0000206,C004210,2024-11-09,1060.81,store,Lucknow,6,0.113
T0000207,C003462,2024-11-14,686.75,online,Delhi,10,0.016
T0000208,C001089,2024-12-23,1040.99,online,Bhopal,5,0.073
T0000209,C000244,2024-08-06,2505.24,online,Chennai,2,0.027
T0000210,C003522,2024-09-05,1309.57,store,Chennai,11,
T0000211,C003857,2024-09-02,4006.32,store,Bhopal,1,0.128
T0000212,C005685,2025-02-22,3852.81,online,Jaipur,1,0.084
T0000213,C001040,2025-02-01,2072.47,store,Mumbai,1,0.049
T0000214,C000859,2025-12-09,486.75,mobile,Kochi,1,0.105
T0000215,C002708,2025-12-27,1663.71,online,Bhopal,10,0.035
T0000216,C002281,2025-06-26,1396.54,store,Pune,7,0.184
T0000217,C000286,2025-06-04,1371.82,mobile,Delhi,8,0.075
T0000218,C003624,2025-03-30,1360.84,mobile,Bengaluru,1,
T0000219,C006148,2025-01-24,3182.66,online,Mumbai,1,0.03
T0000220,C003962,2025-08-25,1759.27,mobile,Hyderabad,5,0.059
T0000221,C001723,2025-04-12,2066.23,store,Bengaluru,4,0.078
T0000222,C003669,2025-02-22,1486.76,mobile,Lucknow,8,0.013
T0000223,C000236,2025-08-15,11300.29,mobile,Ahmedabad,3,0.064
T0000224,C004425,2025-12-06,1301.46,online,Pune,2,0.039
T0000225,C000003,2024-08-06,997.04,online,Kolkata,7,0.043
T0000226,C003965,2025-09-19,511.23,store,Lucknow,9,0.048
T0000227,C000225,2024-01-01,7898.26,online,Hyderabad,2,0.066
T0000228,C000855,2025-06-05,635.64,online,Hyderabad,5,0.141
T0000229,C005295,2024-08-29,4752.62,online,Kolkata,7,0.003
T0000230,C002822,2025-05-20,8132.34,online,Ahmedabad,9,0.058
T0000231,C001858,2025-03-17,7571.16,mobile,Mumbai,7,0.036
T0000232,C002787,2024-10-03,3152.51,store,Hyderabad,9,0.019
T0000233,C001709,2025-03-31,395.79,store,Mumbai,4,0.032
T0000234,C003500,2024-02-17,5873.35,store,Pune,7,0.092
T0000235,C004540,2025-05-20,1713.64,online,Chennai,3,0.018
T0000236,C003116,2024-08-15,1679.31,online,Jaipur,8,0.143
T0000237,C002892,2025-05-07,984.1,store,Chennai,7,0.072
T0000238,C002345,2024-05-17,5633.63,online,Bhopal,1,0.011
T0000239,C000467,2025-03-29,2072.83,online,Pune,3,0.066
T0000240,C004352,2024-08-28,2560.24,mobile,Pune,3,0.023
T0000241,C001372,2025-12-11,1073.56,mobile,Chennai,9,0.096
T0000242,C001862,2025-07-11,1653.78,store,Mumbai,1,0.007
T0000243,C005666,2024-09-11,508.31,store,Bhopal,2,0.011
T0000244,C003269,2024-08-14,1599.02,online,Lucknow,6,0.008
T0000245,C004884,2025-01-25,5440.86,online,Jaipur,4,0.001
T0000246,C005172,2025-01-29,2089.57,online,Chennai,2,0.001
T0000247,C003195,2024-08-28,482.96,online,Hyderabad,11,0.006
T0000248,C002408,2024-06-27,881.78,online,Kochi,3,0.134
T0000249,C005651,2025-12-16,1110.63,store,Pune,2,0.158
T0000250,C004246,2025-07-09,4546.69,mobile,Ahmedabad,5,0.042
T0000251,C002381,2025-10-05,5775.8,online,Lucknow,3,0.047
T0000252,C003699,2024-11-06,347.78,store,Mumbai,4,0.014
T0000253,C005971,2024-03-13,1672.98,mobile,Kochi,11,0.205
T0000254,C001152,2025-01-17,5628.16,store,Kolkata,2,0.057
T0000255,C003089,2024-11-25,1242.62,online,Kochi,6,0.038
T0000256,C004229,2024-08-12,3655.4,store,Bhopal,7,0.1
T0000257,C004522,2025-07-13,327.33,online,Hyderabad,6,0.014
T0000258,C003100,2024-06-19,5322.91,phone,Bhopal,4,
T0000259,C000729,2025-01-19,12803.9,store,Chennai,10,0.033
T0000260,C002657,2025-11-21,840.11,online,Kolkata,6,0.122
T0000261,C003866,2025-04-19,6671.75,store,Hyderabad,7,0.041
T0000262,C005016,2024-05-15,383.17,online,Jaipur,1,
T0000263,C000848,2025-01-15,2780.45,store,Lucknow,4,
T0000264,C000631,2025-09-21,920.57,store,Bhopal,3,0.012
T0000265,C003200,2024-04-13,1627.99,online,Bengaluru,10,0.009
T0000266,C005200,2025-06-02,780.73,online,Delhi,1,0.02
T0000267,C003605,2025-07-28,12529.32,mobile,Pune,4,0.045
T0000268,C004897,2024-02-29,1680.58,online,Delhi,10,0.048
T0000269,C003632,2024-07-20,819.51,online,Delhi,7,0.006
T0000270,C003382,2025-08-03,346.26,online,Chennai,9,0.077
T0000271,C005433,2025-05-31,840.99,online,Bengaluru,11,0.041
T0000272,C002565,2024-03-10,1231.33,online,Hyderabad,10,0.015
T0000273,C000186,2025-04-24,259.07,online,Pune,10,0.01
T0000274,C002625,2024-07-13,1192.71,mobile,Hyderabad,2,0.036
T0000275,C000780,2024-08-18,1196.53,online,Ahmedabad,4,0.104
T0000276,C003159,2024-11-21,2150.3,online,Lucknow,10,0.083
T0000277,C006104,2024-08-15,2301.23,mobile,Pune,6,0.015
T0000278,C002255,2025-02-02,332.63,mobile,Pune,5,0.05
T0000279,C001615,2025-02-27,1482.4,mobile,Ahmedabad,3,0.045
T0000280,C005501,2024-10-15,1574.76,store,Bhopal,8,0.028
T0000281,C004306,2024-07-19,1197.86,store,Delhi,3,0.149
T0000282,C001730,2025-08-02,3362.45,online,Kolkata,8,0.033
T0000283,C_BAD_001,2025-04-06,1425.1,online,Lucknow,4,0.075
T0000284,C002860,2025-04-30,977.12,store,Mumbai,3,0.025
T0000285,C005473,2025-08-19,5487.5,online,Bengaluru,1,0.048
T0000286,C004391,2024-04-16,1432.54,mobile,Hyderabad,6,0.044
T0000287,C000328,2024-01-14,8363.19,mobile,Jaipur,11,0.004
T0000288,C002416,2024-12-28,240.26,online,Jaipur,2,0.066
T0000289,C000126,2024-09-12,63849.59685108423,mobile,Lucknow,2,0.165
T0000290,C003409,2024-05-01,673.69,mobile,Chennai,6,0.088
T0000291,C003749,2024-09-28,2825.7,store,Mumbai,9,0.199
T0000292,C004467,2024-08-08,1688.48,online,Mumbai,5,0.095
T0000293,C004574,2024-09-08,1625.0,mobile,Bengaluru,4,0.035
T0000294,C000825,2024-10-21,832.02,online,Kolkata,5,0.257
T0000295,C005999,2024-07-12,2318.74,online,Hyderabad,4,0.106
T0000296,C003023,2024-04-27,11604.1,online,Bengaluru,2,0.071
T0000297,C000818,2024-01-30,75.59,online,Kochi,5,0.048
T0000298,C005742,2024-10-23,2948.26,online,Pune,5,
T0000299,C001852,2025-07-12,17177.94,store,Chennai,7,0.019
T0000300,C000815,2025-07-31,8427.55,store,Hyderabad,7,
T0000301,C003327,2024-09-24,743.19,online,Bhopal,5,0.068
T0000302,C005321,2024-05-31,521.09,phone,Mumbai,5,0.081
T0000303,C002956,2024-10-26,2949.17,mobile,Kochi,1,0.042
T0000304,C006247,2024-04-08,4435.13,store,Kochi,3,0.076
T0000305,C004810,2025-10-25,986.48,online,Lucknow,3,0.086
T0000306,C001591,2024-03-07,3316.41,mobile,Kolkata,1,0.055
T0000307,C004594,2024-04-06,1203.7,mobile,Jaipur,8,0.029
T0000308,C003902,2024-01-01,740.22,store,Kochi,7,0.034
T0000309,C005718,2025-10-06,473.12,store,Jaipur,4,0.096
T0000310,C002437,2025-12-15,7376.14,online,Bengaluru,3,0.014
T0000311,C005819,2025-12-05,639.45,store,Chennai,1,0.004
T0000312,C005765,2025-07-07,354.68,store,Kochi,4,0.097
T0000313,C002106,2024-09-08,363.29,online,Kochi,5,0.129
T0000314,C002832,2024-12-21,1335.01,store,Kolkata,9,0.03
T0000315,C000607,2025-01-01,19790.21,store,Mumbai,5,0.099
T0000316,C001397,2025-08-16,3913.36,store,Delhi,9,0.126
T0000317,C005068,2024-09-05,2032.05,online,Chennai,5,0.106
T0000318,C002041,2025-10-20,2832.11,mobile,Bengaluru,4,0.072
T0000319,C002358,2024-08-13,5367.63,store,Jaipur,8,0.036
T0000320,C004801,2024-02-26,6552.67,online,Hyderabad,4,0.049
T0000321,C001803,2024-03-09,1630.26,store,Mumbai,2,0.027
T0000322,C004235,2024-10-28,915.67,online,Kochi,10,0.003
T0000323,C003606,2025-08-21,1328.84,mobile,Delhi,6,
T0000324,C004382,2025-07-09,895.89,online,Mumbai,6,0.017
T0000325,C003785,2024-10-20,1594.47,store,Lucknow,4,0.153
T0000326,C001360,2025-07-22,1708.4,phone,Kolkata,8,0.109
T0000327,C000922,2024-09-06,8265.99,phone,Delhi,3,0.002
T0000328,C005743,2024-11-27,650.01,online,Jaipur,7,0.049
T0000329,C005544,2024-01-24,600.53,store,Hyderabad,8,0.03
T0000330,C000607,2025-03-10,1586.4,store,Delhi,7,0.038
T0000331,C001518,2024-01-09,1284.88,online,Jaipur,9,0.032
T0000332,C000960,2024-06-08,1782.96,online,Hyderabad,3,0.084
T0000333,C000763,2025-07-24,2804.98,store,Kochi,5,0.039
T0000334,C003710,2025-08-14,1758.44,store,Ahmedabad,6,0.003
T0000335,C000494,2024-04-20,970.42,online,Ahmedabad,7,0.069
T0000336,C001213,2024-05-23,2254.05,online,Jaipur,8,0.076
T0000337,C005926,2025-01-09,503.74,online,Bengaluru,1,0.024
T0000338,C003809,2024-11-15,427.68,store,Bengaluru,4,0.157
T0000339,C003453,2024-12-08,6109.54,online,Bengaluru,8,0.031
T0000340,C004742,2025-07-02,968.51,store,Jaipur,8,0.17
T0000341,C002575,2024-01-20,2031.33,mobile,Lucknow,3,0.029
T0000342,C000567,2025-07-07,1743.31,store,Hyderabad,4,0.007
T0000343,C003539,2024-12-28,1382.26,online,Jaipur,11,0.015
T0000344,C002088,2024-04-14,262.43,mobile,Hyderabad,7,0.03
T0000345,C004056,2024-01-05,1455.39,store,Bhopal,3,0.055
T0000346,C004013,2025-08-18,3968.94,online,Jaipur,2,0.021
T0000347,C005518,2024-02-06,2157.02,mobile,Bhopal,7,0.147
T0000348,C003269,2024-08-31,5191.54,online,Kochi,10,
T0000349,C002180,2024-11-08,1728.73,online,Delhi,5,0.086
T0000350,C001884,2024-03-21,1140.22,online,Jaipur,7,0.002
T0000351,C003551,2024-12-20,1488.73,online,Kolkata,1,0.14
T0000352,C006057,2024-09-18,2283.8,store,Chennai,2,0.018
T0000353,C000657,2024-05-25,8563.06,online,Hyderabad,1,0.162
T0000354,C000378,2025-02-21,219293.42885988034,online,Mumbai,4,0.071
T0000355,C004892,2025-01-06,1292.83,online,Jaipur,11,0.034
T0000356,C001228,2025-08-17,3103.5,store,Jaipur,2,0.031
T0000357,C005617,2024-07-21,605.6,mobile,Ahmedabad,10,0.006
T0000358,C003105,2025-04-22,3093.48,store,Lucknow,3,0.122
T0000359,C001744,2024-10-13,1240.26,store,Kolkata,6,0.238
T0000360,C002035,2024-03-03,1793.77,online,Mumbai,7,0.015
T0000361,C004433,2024-08-23,903.8,online,Kochi,5,0.039
T0000362,C005923,2024-11-03,2059.91,online,Lucknow,4,0.023
T0000363,C003440,2025-10-08,1207.16,store,Delhi,1,0.001
T0000364,C003406,2025-10-07,684.04,phone,Kolkata,5,0.016
T0000365,C003110,2025-03-04,955.35,mobile,Mumbai,2,0.059
T0000366,C000455,2025-10-08,1725.07,mobile,Bengaluru,7,0.049
T0000367,C004288,2025-09-21,5032.63,online,Bhopal,2,0.101
T0000368,C004952,2025-05-29,1435.53,store,Kochi,1,0.096
T0000369,C003191,2024-10-02,468.62,store,Jaipur,4,0.051
T0000370,C002833,2024-07-08,1472.18,online,Delhi,8,
T0000371,C005685,2025-09-24,4065.84,mobile,Lucknow,5,0.237
T0000372,C002396,2024-12-24,1667.76,store,Pune,6,0.039
T0000373,C000643,2025-12-02,2199.35,online,Bengaluru,11,0.109
T0000374,C000252,2025-07-21,1334.84,online,Lucknow,11,0.032
T0000375,C000577,2024-04-02,1972.54,phone,Kolkata,10,0.037
T0000376,C004579,2024-12-08,7743.77,store,Lucknow,4,0.024
T0000377,C002227,2024-10-30,1915.7,store,Pune,9,0.039
T0000378,C004998,2025-12-17,458.79,store,Kolkata,7,0.146
T0000379,C000853,2024-06-18,996.56,online,Chennai,7,0.193
T0000380,C003996,2024-08-21,777.68,online,Hyderabad,4,0.102
T0000381,C003722,2025-04-21,1750.25,online,Jaipur,7,0.17
T0000382,C003073,2024-11-28,2007.81,store,Mumbai,11,0.171
T0000383,C005833,2024-12-09,4179.91,online,Bengaluru,1,0.004
T0000384,C005595,2025-12-06,1034.23,mobile,Mumbai,2,0.029
T0000385,C000670,2024-08-08,821.64,mobile,Kolkata,5,
T0000386,C003424,2025-12-01,2285.56,online,Pune,11,0.093
T0000387,C006138,2024-02-29,3583.27,online,Kolkata,5,
T0000388,C002887,2024-04-25,1445.12,store,Ahmedabad,2,0.03
T0000389,C005029,2025-02-04,195.77,store,Lucknow,11,0.002
T0000390,C005691,2025-11-04,442.77,online,Kochi,5,0.144
T0000391,C001324,2025-04-22,1206.29,online,Pune,5,0.032
T0000392,C002191,2025-08-05,1907.82,online,Bengaluru,1,0.091
T0000393,C005031,2025-01-15,1357.15,online,Jaipur,2,0.031
T0000394,C000353,2025-08-26,3119.87,mobile,Jaipur,3,0.15
T0000395,C003210,2024-05-10,1551.54,mobile,Hyderabad,1,0.227
T0000396,C003432,2025-08-22,2115.82,online,Mumbai,4,0.126
T0000397,C000284,2024-12-04,485.29,online,Pune,10,0.008
T0000398,C001222,2025-07-03,1564.4,mobile,Ahmedabad,3,0.219
T0000399,C002661,2025-06-13,1705.31,online,Mumbai,3,0.088
T0000400,C001385,2024-05-01,21958.98,online,Ahmedabad,6,0.033
T0000401,C005311,2024-07-30,2065.05,mobile,Kolkata,5,0.253
T0000402,C001200,2025-01-18,1473.08,store,Kolkata,3,0.014
T0000403,C006276,2025-07-06,2724.03,online,Jaipur,4,
T0000404,C006158,2025-05-25,5201.13,mobile,Bhopal,1,0.034
T0000405,C004257,2024-01-20,2940.8,online,Kolkata,2,0.033
T0000406,C005302,2024-12-25,1080.5,store,Delhi,6,0.117
T0000407,C002557,2024-08-26,2828.25,online,Bhopal,2,0.106
T0000408,C002303,2025-03-23,1729.19,store,Chennai,5,0.008
T0000409,C001976,2024-12-08,1022.82,mobile,Ahmedabad,2,0.028
T0000410,C000819,2024-08-13,239.69,online,Hyderabad,5,0.063
T0000411,C003067,2025-02-15,1523.21,online,Pune,10,0.107
T0000412,C001177,2025-04-17,2082.56,online,Chennai,7,0.112
T0000413,C000456,2025-11-11,4871.38,online,Delhi,11,0.042
T0000414,C001667,2024-12-21,2444.41,store,Lucknow,5,0.017
T0000415,C003216,2025-10-13,4422.45,online,Mumbai,1,0.097
T0000416,C000163,2025-01-30,1106.31,online,Bengaluru,11,0.117
T0000417,C006157,2025-01-03,1965.07,online,Bhopal,1,0.11
T0000418,C005182,2025-07-26,297.46,online,Lucknow,9,0.013
T0000419,C004860,2024-04-06,166.44,mobile,Kolkata,6,0.037
T0000420,C003691,2024-04-03,6625.72,mobile,Lucknow,9,
T0000421,C002386,2024-02-27,2447.77,store,Pune,10,0.112
T0000422,C000245,2025-07-04,834.22,online,Hyderabad,9,0.128
T0000423,C001967,2024-01-09,1357.3,store,Bengaluru,9,0.01
T0000424,C002534,2024-06-07,6084.38,store,Kolkata,7,0.044
T0000425,C002277,2025-06-09,505.04,online,Chennai,2,0.045
T0000426,C000156,2024-08-20,1352.75,online,Ahmedabad,9,0.01
T0000427,C005352,2024-06-03,1667.06,online,Mumbai,5,0.04
T0000428,C002774,2024-11-24,5384.23,store,Hyderabad,9,0.061
T0000429,C000063,2024-06-17,2644.45,store,Bhopal,4,0.017
T0000430,C005113,2024-09-29,1140.93,online,Mumbai,10,0.082
T0000431,C004892,2024-01-22,1073.02,online,Kolkata,2,0.079
T0000432,C005426,2025-08-14,5846.34,online,Pune,11,0.021
T0000433,C003931,2024-09-04,574.03,online,Lucknow,6,0.012
T0000434,C002617,2024-12-06,3431.12,store,Hyderabad,2,0.08
T0000435,C001578,2025-12-19,1900.92,online,Pune,9,0.103
T0000436,C005072,2024-07-11,13885.92,store,Kochi,4,0.081
T0000437,C003261,2025-08-06,1166.44,online,Chennai,11,0.124
T0000438,C004667,2024-03-22,786.61,store,Kolkata,7,0.032
T0000439,C004519,2025-07-09,710.06,store,Ahmedabad,1,0.07
T0000440,C001940,2024-07-31,1680.63,online,Jaipur,9,0.071
T0000441,C002465,2024-05-24,1555.74,store,Pune,7,0.141
T0000442,C001525,2025-07-02,1616.34,store,Lucknow,5,0.093
T0000443,C004540,2025-01-12,1208.69,store,Lucknow,9,0.032
T0000444,C000723,2025-01-16,357.0,online,Kochi,6,0.036
T0000445,C003974,2025-10-17,4309.25,mobile,Pune,11,0.075
T0000446,C001243,2024-10-20,2300.31,store,Pune,7,0.215
T0000447,C001650,2024-11-17,7548.81,store,Mumbai,4,0.058
T0000448,C001398,2024-04-10,555.77,store,Jaipur,2,0.018
T0000449,C004895,2024-02-12,4976.08,store,Chennai,3,0.101
T0000450,C003512,2024-03-06,2346.54,phone,Jaipur,5,0.055
T0000451,C002537,2025-03-09,2591.85,online,Pune,7,0.001
T0000452,C003733,2024-12-20,1579.97,store,Delhi,4,0.048
T0000453,C006191,2025-04-30,3572.34,store,Bhopal,8,0.038
T0000454,C005707,2024-07-06,1638.08,online,Jaipur,6,0.244
T0000455,C000036,2024-12-22,1208.11,mobile,Chennai,9,0.067
T0000456,C005935,2025-11-09,1768.43,online,Kolkata,8,0.246
T0000457,C005914,2024-07-10,523.75,online,Pune,8,0.041
T0000458,C002419,2024-01-27,1506.39,online,Pune,4,0.04
T0000459,C005770,2024-05-28,5867.65,store,Kochi,4,0.17
T0000460,C005657,2024-01-12,6705.34,online,Bhopal,9,0.024
T0000461,C004350,2025-09-12,1438.36,online,Delhi,3,0.055
T0000462,C001987,2024-12-19,2502.74,online,Pune,5,0.074
T0000463,C005679,2025-07-10,1491.46,online,Ahmedabad,7,0.168
T0000464,C003584,2024-05-14,1199.52,store,Delhi,8,0.027
T0000465,C006151,2025-05-24,2130.42,store,Lucknow,2,
T0000466,C000796,2024-04-12,330.05,mobile,Jaipur,10,0.003
T0000467,C004270,2024-12-25,3280.29,store,Lucknow,7,0.002
T0000468,C001467,2024-11-13,4804.6,phone,Bengaluru,3,0.039
T0000469,C003428,2024-05-15,654.8,mobile,Kolkata,10,0.094
T0000470,C004589,2025-03-15,1239.19,online,Kochi,1,0.124
T0000471,C002843,2024-10-31,3124.92,online,Ahmedabad,11,0.05
T0000472,C000478,2024-04-08,3246.62,mobile,Delhi,2,0.031
T0000473,C004450,2025-05-01,440.78,mobile,Mumbai,10,0.0
T0000474,C004869,2024-10-15,1331.59,store,Mumbai,4,0.058
T0000475,C004239,2024-04-12,9105.36,phone,Bengaluru,2,0.029
T0000476,C000089,2024-09-20,5023.03,online,Kolkata,5,0.011
T0000477,C003163,2025-10-27,5602.34,store,Mumbai,6,0.053
T0000478,C004003,2025-03-22,1667.67,online,Chennai,6,
T0000479,C004355,2025-03-25,927.95,store,Ahmedabad,3,0.191
T0000480,C003120,2025-05-12,1137.56,mobile,Ahmedabad,7,0.053
T0000481,C001560,2024-04-30,375.22,online,Jaipur,11,0.093
T0000482,C005788,2025-07-23,21679.08,online,Pune,7,
T0000483,C004824,2025-08-10,643.24,online,Mumbai,5,0.035
T0000484,C003344,2024-10-05,5552.89,store,Kolkata,2,0.128
T0000485,C002724,2024-08-18,4550.87,phone,Kolkata,8,0.062
T0000486,C005609,2025-09-22,505.26,online,Jaipur,2,0.095
T0000487,C004133,2024-09-20,1990.14,store,Delhi,3,
T0000488,C003508,2024-05-30,3223.73,mobile,Bhopal,7,0.008
T0000489,C000802,2025-07-30,859.78,mobile,Ahmedabad,4,0.104
T0000490,C001911,2024-11-06,2354.49,store,Bhopal,6,0.139
T0000491,C002211,2025-10-07,1507.21,online,Kolkata,10,0.124
T0000492,C005486,2025-06-06,5588.39,phone,Chennai,3,0.07
T0000493,C002949,2025-11-14,2386.31,online,Jaipur,6,0.031
T0000494,C005499,2024-05-16,1150.55,online,Hyderabad,8,0.135
T0000495,C000397,2024-06-28,638.15,online,Kolkata,4,0.097
T0000496,C005891,2024-07-06,1908.87,store,Kolkata,11,0.017
T0000497,C005998,2024-06-10,752.83,online,Mumbai,11,0.081
T0000498,C004563,2025-03-18,6504.33,online,Pune,1,0.047
T0000499,C003401,2025-01-30,767.21,store,Mumbai,3,0.005
T0000500,C001562,2025-04-25,2375.8,mobile,Bhopal,4,0.012
T0000501,C005380,2024-09-28,747.16,online,Bhopal,9,0.128
T0000502,C000735,2024-07-16,2007.37,store,Jaipur,8,
T0000503,C005168,2025-08-23,3125.52,store,Bengaluru,3,0.012
T0000504,C000047,2025-10-21,2326.7,mobile,Chennai,1,0.129
T0000505,C002975,2025-02-25,19613.21,store,Delhi,10,0.078
T0000506,C005836,2024-09-18,277.05,mobile,Mumbai,2,0.114
T0000507,C004584,2024-07-08,501.09,mobile,Mumbai,8,0.011
T0000508,C005449,2025-10-27,519.34,online,Mumbai,2,0.026
T0000509,C004247,2025-07-21,2236.46,online,Kochi,7,0.017
T0000510,C002993,2024-06-12,2134.45,mobile,Lucknow,4,0.028
T0000511,C005824,2024-06-12,3374.29,store,Kolkata,4,0.156
T0000512,C004777,2025-05-24,1753.18,store,Mumbai,10,0.054
T0000513,C002475,2025-05-17,395.24,mobile,Hyderabad,7,0.047
T0000514,C000236,2025-07-11,774.42,mobile,Bhopal,5,0.028
T0000515,C005422,2024-10-27,1866.49,online,Kolkata,2,0.1
T0000516,C001901,2025-12-02,2138.84,store,Jaipur,6,0.128
T0000517,C003701,2024-01-04,1044.09,online,Jaipur,5,0.024
T0000518,C000718,2025-12-08,1543.99,online,Chennai,1,0.081
T0000519,C004498,2024-03-26,2804.18,online,Bhopal,5,0.06
T0000520,C004255,2024-08-24,2309.47,online,Bhopal,10,0.136
T0000521,C000579,2024-04-14,1320.09,phone,Kochi,6,0.075
T0000522,C003558,2024-10-11,1292.8,mobile,Pune,5,0.04
T0000523,C002211,2025-09-27,329.81,mobile,Ahmedabad,10,0.059
T0000524,C005296,2024-01-17,3111.46,online,Hyderabad,11,0.079
T0000525,C001381,2025-11-26,1643.73,mobile,Jaipur,8,0.025
T0000526,C004852,2024-12-17,4584.62,online,Pune,7,0.026
T0000527,C002141,2024-06-27,3307.5,mobile,Ahmedabad,3,0.062
T0000528,C005625,2024-10-11,910.12,online,Hyderabad,3,0.078
T0000529,C002005,2025-02-23,1144.43,online,Jaipur,5,0.147
T0000530,C002822,2024-12-03,5799.64,mobile,Lucknow,3,0.012
T0000531,C003727,2024-09-20,646.08,online,Mumbai,7,0.077
T0000532,C005321,2025-11-21,441.85,mobile,Jaipur,6,0.203
T0000533,C004612,2024-02-07,407.61,store,Mumbai,9,0.036
T0000534,C004350,2024-05-20,1157.95,online,Chennai,10,0.061
T0000535,C005850,2024-01-29,530.63,mobile,Kochi,3,0.083
T0000536,C000367,2025-12-18,2854.57,store,Pune,10,0.04
T0000537,C002535,2024-10-03,1684.0,online,Delhi,5,0.196
T0000538,C001300,2025-05-23,2250.15,store,Jaipur,2,0.131
T0000539,C001731,2025-12-25,805.33,store,Bengaluru,9,0.063
T0000540,C006018,2024-01-18,9628.6,mobile,Delhi,5,0.127
T0000541,C001309,2024-06-19,10237.76,store,Kolkata,2,
T0000542,C000602,2024-12-25,2898.68,store,Bengaluru,2,
T0000543,C000304,2024-07-03,2102.72,store,Bengaluru,3,0.005
T0000544,C001700,2024-05-15,5983.14,online,Delhi,9,0.048
T0000545,C004182,2024-05-13,3064.32,online,Ahmedabad,9,0.102
T0000546,C006048,2024-04-07,775.1,store,Ahmedabad,8,0.036
T0000547,C001995,2025-03-02,582.08,online,Chennai,11,0.062
T0000548,C006228,2024-03-22,1861.89,store,Bhopal,8,0.161
T0000549,C000264,2025-03-14,2104.27,mobile,Bhopal,1,0.149
T0000550,C002196,2025-08-29,2703.64,online,Mumbai,8,0.131
T0000551,C000192,2025-01-21,294.09,online,Kochi,9,0.075
T0000552,C003410,2025-10-12,1139.86,online,Delhi,6,0.108
T0000553,C001027,2025-06-19,666.82,online,Pune,11,0.005
T0000554,C003382,2024-04-01,1753.88,phone,Lucknow,9,0.006
T0000555,C004828,2025-05-07,1378.35,online,Bengaluru,11,0.025
T0000556,C005985,2025-09-03,1884.88,online,Kolkata,7,0.014
T0000557,C005792,2024-01-27,207.79,online,Hyderabad,4,0.014
T0000558,C004982,2025-02-13,397.09,mobile,Lucknow,4,0.103
T0000559,C002062,2025-12-28,2242.61,store,Bhopal,7,0.063
T0000560,C002682,2025-07-22,1362.09,online,Chennai,11,0.08
T0000561,C002878,2025-06-24,10503.46,online,Delhi,2,0.106
T0000562,C002008,2025-06-13,5450.78,store,Bengaluru,4,0.037
T0000563,C003234,2025-05-16,5660.64,mobile,Kochi,10,0.024
T0000564,C004687,2025-10-02,1086.34,mobile,Bengaluru,9,0.008
T0000565,C004037,2025-06-03,1843.39,online,Mumbai,7,0.037
T0000566,C002187,2024-02-16,873.06,store,Delhi,3,0.053
T0000567,C001115,2025-05-07,23846.49,store,Delhi,2,0.143
T0000568,C002651,2025-12-07,4454.37,mobile,Pune,5,0.155
T0000569,C002781,2025-02-17,2711.52,online,Mumbai,7,0.026
T0000570,C004296,2024-09-23,3531.68,mobile,Mumbai,3,0.112
T0000571,C001237,2025-05-28,787.7,phone,Delhi,11,0.109
T0000572,C003209,2025-08-31,1216.04,mobile,Pune,2,0.054
T0000573,C000572,2024-10-01,1336.26,mobile,Chennai,11,0.005
T0000574,C005950,2024-08-10,1073.12,store,Hyderabad,8,0.045
T0000575,C001966,2025-11-15,2062.76,online,Mumbai,3,0.099
T0000576,C002547,2025-08-04,410.68,online,Kochi,2,0.021
T0000577,C000260,2025-06-23,658.38,online,Delhi,10,0.009
T0000578,C005291,2024-10-17,1007.43,online,Ahmedabad,9,0.096
T0000579,C000533,2024-12-14,2289.65,online,Bhopal,6,0.025
T0000580,C005553,2025-02-14,460.31,store,Jaipur,4,0.018
T0000581,C001096,2024-07-12,1077.31,store,Lucknow,11,0.009
T0000582,C003080,2025-12-27,1093.09,phone,Delhi,5,0.035
T0000583,C003315,2024-11-23,1251.72,store,Kochi,4,0.006
T0000584,C000929,2024-01-02,1814.19,phone,Bhopal,11,0.15
T0000585,C002349,2024-04-25,1234.73,online,Jaipur,11,0.065
T0000586,C005947,2025-03-14,196.94,online,Lucknow,1,0.005
T0000587,C004492,2025-07-25,2649.13,mobile,Bengaluru,3,0.027
T0000588,C001018,2024-03-23,2005.41,store,Pune,6,0.015
T0000589,C003925,2024-10-14,1913.46,online,Kochi,10,0.014
T0000590,C001721,2024-04-04,1085.28,online,Hyderabad,9,0.065
T0000591,C004828,2025-10-05,3305.32,mobile,Bengaluru,4,0.119
T0000592,C004240,2024-08-06,725.39,online,Mumbai,3,0.005
T0000593,C004563,2024-10-17,245.16,online,Jaipur,2,0.044
T0000594,C003323,2024-08-23,1036.32,mobile,Bengaluru,1,0.053
T0000595,C001818,2024-03-28,1155.55,mobile,Mumbai,3,0.054
T0000596,C003272,2025-08-14,7032.72,store,Pune,6,0.061
T0000597,C005785,2024-05-03,2205.23,mobile,Jaipur,7,0.1
T0000598,C005604,2025-01-28,4080.79,store,Bhopal,2,0.208
T0000599,C001082,2025-08-11,1843.36,store,Bhopal,7,0.008
T0000600,C000482,2024-05-01,656.85,mobile,Kochi,1,0.088
T0000601,C000080,2024-02-02,829.05,mobile,Bengaluru,1,0.022
T0000602,C005172,2025-11-17,1789.71,online,Hyderabad,4,0.183
T0000603,C002186,2024-08-21,3732.74,mobile,Hyderabad,3,0.041
T0000604,C002677,2025-06-08,1680.25,mobile,Ahmedabad,8,0.104
T0000605,C002576,2025-08-16,327.87,online,Chennai,7,0.182
T0000606,C000452,2025-07-16,803.8,online,Chennai,8,0.017
T0000607,C000296,2025-05-24,1979.77,online,Lucknow,6,0.079
T0000608,C004222,2025-06-18,352.83,online,Ahmedabad,2,0.007
T0000609,C000076,2024-02-09,1910.48,online,Ahmedabad,10,0.007
T0000610,C004091,2025-11-15,1622.9,online,Bhopal,8,0.027
T0000611,C002363,2024-02-10,751.3,store,Bengaluru,9,0.042
T0000612,C_BAD_010,2025-10-12,793.2,online,Kolkata,9,0.166
T0000613,C003740,2024-11-07,868.28,online,Pune,6,0.017
T0000614,C000388,2025-01-28,4807.57,online,Jaipur,11,0.052
T0000615,C001270,2024-05-30,4069.08,mobile,Pune,10,0.021
T0000616,C003053,2025-10-18,2694.99,online,Bengaluru,8,
T0000617,C002306,2024-08-02,1470.93,online,Kolkata,2,0.036
T0000618,C000280,2024-02-04,1301.48,online,Ahmedabad,9,0.031
T0000619,C001493,2024-12-09,232.64,phone,Ahmedabad,11,0.177
T0000620,C004824,2025-08-14,1107.59,online,Pune,10,0.023
T0000621,C003253,2025-11-30,2837.37,mobile,Lucknow,5,0.023
T0000622,C000920,2025-09-25,525.22,online,Hyderabad,3,0.007
T0000623,C005070,2024-07-12,1802.18,store,Lucknow,1,0.005
T0000624,C005280,2024-08-31,594.8,online,Delhi,6,0.131
T0000625,C002825,2024-11-20,1550.46,online,Kolkata,5,0.102
T0000626,C001373,2025-07-29,2141.01,online,Kolkata,6,0.223
T0000627,C002733,2025-05-07,8755.04,store,Mumbai,11,0.016
T0000628,C002228,2024-09-05,602.68,store,Jaipur,5,0.022
T0000629,C003335,2024-01-09,4220.96,store,Hyderabad,9,0.055
T0000630,C004202,2024-01-15,1079.1,online,Bhopal,4,
T0000631,C003590,2025-09-13,5193.08,store,Bengaluru,3,0.004
T0000632,C002015,2024-03-19,639.23,store,Jaipur,3,0.131
T0000633,C002289,2025-09-29,791.62,online,Chennai,7,0.028
T0000634,C001254,2025-09-28,2658.54,online,Mumbai,2,0.029
T0000635,C000835,2025-05-22,954.05,mobile,Lucknow,3,0.06
T0000636,C003357,2025-09-03,707.01,online,Lucknow,6,0.083
T0000637,C005137,2025-10-05,5300.83,online,Bhopal,11,0.038
T0000638,C000791,2025-12-01,344.99,online,Mumbai,3,0.058
T0000639,C004656,2025-07-23,3359.3,online,Mumbai,8,0.048
T0000640,C001977,2025-10-19,876.5,online,Hyderabad,9,0.259
T0000641,C004441,2024-12-14,931.57,store,Delhi,7,
T0000642,C003465,2024-05-27,1144.95,store,Bhopal,2,0.028
T0000643,C004355,2024-10-16,1713.76,store,Jaipur,8,0.143
T0000644,C006274,2025-07-29,297.03,store,Kolkata,4,0.111
T0000645,C005481,2025-07-22,7484.33,online,Lucknow,11,0.035
T0000646,C003011,2025-08-29,-7743.1,online,Chennai,2,0.011
T0000647,C006258,2025-03-25,1523.95,online,Hyderabad,7,0.048
T0000648,C002885,2025-12-26,6702.07,phone,Kochi,10,0.074
T0000649,C001280,2024-06-22,1828.23,mobile,Chennai,1,0.022
T0000650,C002242,2025-11-11,2281.24,online,Pune,7,0.132
T0000651,C006049,2024-06-19,3940.31,online,Bengaluru,3,0.011
T0000652,C005364,2024-01-18,3316.75,online,Bhopal,2,0.126
T0000653,C002728,2025-07-10,1193.14,online,Pune,5,0.014
T0000654,C006107,2025-09-12,25345.49,store,Bhopal,4,0.097
T0000655,C003835,2025-09-08,3784.68,mobile,Bhopal,10,
T0000656,C000933,2024-06-21,713.94,phone,Chennai,11,0.029
T0000657,C000042,2025-12-27,1598.52,store,Chennai,5,0.151
T0000658,C001181,2025-12-24,1303.37,online,Kochi,8,0.066
T0000659,C003160,2025-06-21,3480.74,mobile,Bhopal,7,
T0000660,C001027,2024-10-16,4858.94,online,Bengaluru,11,0.003
T0000661,C003016,2025-09-27,358.49,mobile,Ahmedabad,10,0.015
T0000662,C004815,2025-05-23,1309.08,store,Kochi,11,0.091
T0000663,C005322,2024-02-11,987.04,mobile,Chennai,8,0.093
T0000664,C003619,2024-04-05,1955.69,store,Bhopal,1,0.02
T0000665,C004089,2024-04-01,5979.74,mobile,Delhi,10,0.072
T0000666,C001210,2025-09-21,5276.59,online,Lucknow,6,0.03
T0000667,C003879,2024-11-11,552.19,online,Kolkata,5,0.0
T0000668,C004211,2024-05-29,1509.49,mobile,Jaipur,4,0.159
T0000669,C002766,2024-12-20,472.32,online,Bhopal,11,0.011
T0000670,C004909,2025-04-26,1233.56,online,Bengaluru,7,0.127
T0000671,C002790,2024-11-04,1084.32,store,Kochi,6,0.02
T0000672,C002662,2025-03-02,2336.6,mobile,Jaipur,8,0.051
T0000673,C003584,2024-02-22,2222.81,online,Delhi,2,0.083
T0000674,C001830,2024-02-05,915.97,store,Bhopal,2,0.022
T0000675,C003876,2024-01-30,1137.35,mobile,Kochi,5,0.031
T0000676,C003525,2024-11-10,1009.37,mobile,Chennai,2,0.02
T0000677,C003626,2024-03-17,2600.77,mobile,Delhi,6,0.043
T0000678,C004114,2025-09-15,17042.66,online,Kochi,9,0.01
T0000679,C003161,2025-05-13,2635.61,online,Jaipur,6,0.06
T0000680,C002786,2025-10-26,5429.58,store,Delhi,4,
T0000681,C005402,2024-08-23,6121.1,store,Bhopal,9,0.031
T0000682,C004838,2024-01-31,2851.43,mobile,Chennai,1,0.064
T0000683,C004410,2024-09-14,426.28,online,Bhopal,6,0.137
T0000684,C002678,2025-09-16,4542.54,phone,Bengaluru,5,
T0000685,C002279,2025-03-30,2272.9,store,Pune,10,
T0000686,C005961,2024-07-27,3520.01,phone,Chennai,10,0.088
T0000687,C005846,2024-05-18,3111.08,store,Kolkata,11,0.02
T0000688,C005008,2024-06-23,3279.11,store,Hyderabad,4,0.016
T0000689,C000594,2024-06-18,1712.56,store,Jaipur,5,0.014
T0000690,C002068,2025-09-30,2759.88,store,Ahmedabad,11,0.042
T0000691,C004144,2025-06-21,4632.32,phone,Chennai,6,0.078
T0000692,C006089,2025-09-05,168.22,store,Jaipur,3,
T0000693,C004642,2025-02-21,2180.85,online,Lucknow,11,0.023
T0000694,C003008,2024-11-30,2293.84,mobile,Hyderabad,10,
T0000695,C004609,2024-02-14,6555.42,online,Ahmedabad,9,
T0000696,C003126,2025-02-10,1085.12,online,Mumbai,6,0.071
T0000697,C000756,2025-11-20,2664.05,store,Chennai,9,
T0000698,C002181,2024-07-06,1323.82,phone,Ahmedabad,3,0.02
T0000699,C005702,2024-05-26,1874.51,store,Jaipur,8,0.027
T0000700,C002810,2025-03-27,2603.39,online,Hyderabad,6,0.011
T0000701,C005629,2025-09-08,1985.67,store,Bhopal,9,0.081
T0000702,C002212,2025-05-10,1026.4,store,Chennai,11,0.026
T0000703,C002586,2024-06-14,886.06,online,Lucknow,7,0.042
T0000704,C002998,2024-06-29,4316.77,online,Mumbai,8,0.017
T0000705,C004122,2025-01-02,1205.03,mobile,Jaipur,4,0.017
T0000706,C004437,2024-06-06,1824.8,online,Bhopal,5,0.115
T0000707,C003369,2024-05-31,4804.6,store,Delhi,9,0.137
T0000708,C000627,2024-03-12,806.57,store,Kolkata,4,0.042
T0000709,C005006,2024-08-10,2709.27,store,Bengaluru,8,0.113
T0000710,C003955,2024-02-11,2952.53,store,Hyderabad,11,0.01
T0000711,C003274,2024-03-25,997.19,online,Delhi,6,0.043
T0000712,C003952,2024-12-28,8674.39,online,Mumbai,6,0.017
T0000713,C002443,2024-04-05,1632.47,online,Jaipur,7,0.127
T0000714,C001817,2025-10-18,1955.57,store,Jaipur,10,0.066
T0000715,C000565,2025-07-13,-3321.15,online,Lucknow,10,0.051
T0000716,C003625,2024-12-06,695.48,store,Delhi,5,0.008
T0000717,C004113,2024-03-13,1741.81,store,Jaipur,10,0.095
T0000718,C005507,2025-09-02,5869.3,online,Mumbai,9,0.029
T0000719,C003525,2025-04-06,763.94,store,Ahmedabad,10,0.01
T0000720,C003909,2024-05-30,100.55,mobile,Bengaluru,4,0.04
T0000721,C005361,2025-09-22,1265.47,online,Ahmedabad,8,0.038
T0000722,C006179,2025-05-25,3186.77,store,Mumbai,9,0.062
T0000723,C004022,2025-02-04,967.1,store,Chennai,4,0.006
T0000724,C005092,2025-01-11,7979.36,store,Pune,11,0.156
T0000725,C004471,2024-02-17,746.5,online,Kochi,10,0.098
T0000726,C000053,2025-02-09,280.27,mobile,Kochi,5,0.019
T0000727,C004441,2025-03-28,988.18,store,Kolkata,3,0.064
T0000728,C005419,2024-12-30,422.65,store,Pune,1,0.005
T0000729,C000382,2025-10-05,9119.18,store,Hyderabad,1,0.003
T0000730,C003997,2024-01-05,4012.19,store,Pune,9,0.018
T0000731,C000644,2025-06-13,8833.74,store,Hyderabad,9,0.03
T0000732,C004775,2025-03-27,6711.93,online,Pune,4,0.129
T0000733,C001394,2025-01-29,11053.5,store,Delhi,3,0.044
T0000734,C003235,2024-09-09,297.31,phone,Delhi,9,0.115
T0000735,C001260,2024-05-15,7197.48,online,Ahmedabad,9,0.025
T0000736,C001480,2025-04-20,597.51,mobile,Bhopal,11,0.152
T0000737,C000115,2024-07-30,880.27,online,Kochi,1,0.008
T0000738,C001591,2024-07-09,4071.48,online,Pune,1,0.272
T0000739,C002618,2025-12-05,455.55,online,Delhi,3,0.058
T0000740,C005981,2025-02-28,2423.81,mobile,Delhi,6,0.018
T0000741,C000900,2025-10-11,2909.24,store,Chennai,4,0.053
T0000742,C000221,2024-07-06,1143.78,online,Lucknow,8,
T0000743,C003882,2024-03-27,379.2,store,Hyderabad,3,0.021
T0000744,C005776,2024-12-27,1052.99,store,Jaipur,11,0.017
T0000745,C002878,2024-08-07,569.25,store,Jaipur,11,0.023
T0000746,C002021,2024-07-05,1223.83,mobile,Hyderabad,8,
T0000747,C000959,2025-12-20,1401.77,mobile,Lucknow,1,0.013
T0000748,C000672,2025-12-03,14997.28,online,Bengaluru,11,0.007
T0000749,C000033,2025-03-16,3622.39,store,Bengaluru,11,0.032
T0000750,C003503,2024-03-08,564.56,online,Kolkata,3,0.002
T0000751,C005481,2025-01-12,1626.24,online,Bhopal,1,0.012
T0000752,C002321,2025-04-27,832.06,store,Lucknow,8,0.064
T0000753,C004305,2024-04-25,506.75,online,Bhopal,8,0.025
T0000754,C003206,2025-11-09,733.32,online,Bhopal,9,0.022
T0000755,C003350,2025-05-20,3176.85,phone,Hyderabad,9,0.067
T0000756,C005146,2024-12-17,5118.76,store,Kolkata,3,0.098
T0000757,C002762,2025-05-09,3449.66,online,Kolkata,11,
T0000758,C002916,2024-12-18,1514.54,store,Ahmedabad,1,0.037
T0000759,C004336,2024-08-17,1767.68,online,Bhopal,4,0.078
T0000760,C005121,2024-07-29,416.34,online,Kolkata,11,0.115
T0000761,C006042,2024-12-04,9840.42,store,Delhi,2,0.11
T0000762,C000344,2024-10-30,5988.27,store,Ahmedabad,4,0.135
T0000763,C003112,2025-11-13,1185.83,online,Ahmedabad,6,0.145
T0000764,C003613,2024-11-12,129.46,store,Pune,3,0.016
T0000765,C004285,2025-07-22,626.03,online,Mumbai,1,0.048
T0000766,C001248,2024-12-09,2924.67,mobile,Kolkata,9,0.118
T0000767,C000708,2025-02-09,2822.61,store,Kochi,8,0.138
T0000768,C004538,2025-12-28,548.2,online,Pune,11,
T0000769,C006140,2024-12-06,953.32,online,Ahmedabad,4,0.057
T0000770,C000603,2024-10-21,-3642.7,online,Delhi,8,0.044
T0000771,C004209,2024-04-16,1322.38,online,Pune,11,0.094
T0000772,C002436,2025-12-30,2057.56,online,Hyderabad,11,0.036
T0000773,C004088,2025-06-14,1575.92,store,Jaipur,5,0.051
T0000774,C001042,2025-04-05,1064.26,store,Jaipur,5,0.019
T0000775,C000081,2025-01-13,1882.89,online,Kochi,3,0.076
T0000776,C003070,2024-04-07,13356.16,phone,Mumbai,9,0.006
T0000777,C000734,2025-10-13,2693.37,online,Hyderabad,10,0.037
T0000778,C001303,2025-05-13,1112.56,online,Kochi,8,0.001
T0000779,C002873,2025-03-13,1074.38,online,Bhopal,5,0.003
T0000780,C003047,2025-02-10,2896.45,online,Delhi,10,0.077
T0000781,C005784,2025-06-06,824.34,store,Jaipur,5,0.018
T0000782,C002012,2025-05-08,553.14,mobile,Kochi,2,0.045
T0000783,C002589,2024-08-01,2557.9,mobile,Jaipur,8,0.115
T0000784,C004889,2024-05-05,1084.09,store,Ahmedabad,2,0.005
T0000785,C003567,2025-12-02,2191.43,store,Hyderabad,6,0.011
T0000786,C004090,2024-03-17,187.62,mobile,Ahmedabad,11,0.139
T0000787,C000617,2024-06-11,17937.02,mobile,Delhi,1,0.003
T0000788,C004006,2024-11-26,457.06,store,Delhi,4,0.025
T0000789,C001539,2024-02-08,1631.82,online,Hyderabad,7,
T0000790,C005982,2024-09-22,1952.48,store,Delhi,3,0.059
T0000791,C000669,2025-01-13,4646.07,store,Jaipur,10,0.048
T0000792,C005848,2024-04-29,1516.68,mobile,Kochi,10,0.121
T0000793,C003205,2024-08-15,5939.3,online,Jaipur,10,0.075
T0000794,C005854,2025-10-09,1084.06,mobile,Ahmedabad,10,0.196
T0000795,C005306,2024-01-10,834.35,store,Bengaluru,10,0.053
T0000796,C002652,2025-08-13,5579.46,store,Delhi,5,0.012
T0000797,C004897,2025-04-13,714.91,mobile,Ahmedabad,8,0.095
T0000798,C001530,2024-02-26,3731.78,mobile,Delhi,4,0.056
T0000799,C005248,2025-07-01,2800.89,phone,Kolkata,3,0.051
T0000800,C004739,2025-02-15,1244.94,online,Kolkata,2,0.026
T0000801,C000607,2024-07-08,336.89,store,Bengaluru,6,0.058
T0000802,C000217,2025-09-29,5084.27,store,Delhi,5,0.01
T0000803,C002354,2024-03-31,4184.19,mobile,Ahmedabad,5,
T0000804,C003936,2024-05-18,4646.68,mobile,Ahmedabad,5,0.018
T0000805,C001770,2025-02-19,2036.31,online,Mumbai,4,0.021
T0000806,C000008,2025-05-22,1230.07,online,Delhi,2,0.096
T0000807,C001490,2025-08-23,8636.24,online,Ahmedabad,10,0.057
T0000808,C001218,2025-01-20,1272.86,online,Bengaluru,6,0.02
T0000809,C003834,2024-06-05,750.91,online,Hyderabad,2,0.048
T0000810,C002687,2024-03-14,319.97,mobile,Bengaluru,10,
T0000811,C004843,2024-04-08,4288.49,store,Jaipur,1,0.038
T0000812,C002222,2024-01-16,6633.32,store,Delhi,7,0.029
T0000813,C002754,2025-10-08,442.33,store,Mumbai,10,0.033
T0000814,C003736,2024-04-24,1667.68,online,Kolkata,7,0.03
T0000815,C004664,2024-02-06,4780.77,phone,Jaipur,2,0.024
T0000816,C006008,2025-10-27,7154.24,store,Lucknow,10,0.059
T0000817,C001895,2025-12-03,2417.11,online,Delhi,6,
T0000818,C002830,2024-04-23,2200.88,online,Hyderabad,6,0.01
T0000819,C006139,2025-11-29,1605.32,online,Lucknow,4,0.149
T0000820,C000433,2025-01-29,1096.06,online,Bhopal,7,0.035
T0000821,C002768,2024-10-03,955.57,online,Lucknow,6,0.009
T0000822,C001327,2024-05-06,2229.79,mobile,Lucknow,4,0.185
T0000823,C005855,2024-01-23,1056.72,online,Jaipur,8,0.061
T0000824,C004228,2024-06-11,744.59,mobile,Chennai,2,0.05
T0000825,C003578,2024-10-04,1241.45,online,Mumbai,3,0.066
T0000826,C003156,2024-04-27,328.74,store,Kochi,9,0.025
T0000827,C002463,bad-date,633.11,online,Bengaluru,6,0.018
T0000828,C006241,2025-05-08,1271.15,phone,Delhi,11,0.043
T0000829,C004395,2025-03-04,2651.18,mobile,Pune,11,0.31
T0000830,C000336,2025-12-13,2314.59,store,Bengaluru,6,0.103
T0000831,C005367,2024-04-10,1082.31,store,Chennai,11,0.055
T0000832,C000710,2025-02-13,1269.82,online,Lucknow,4,0.023
T0000833,C004752,2024-08-18,1103.57,online,Lucknow,2,0.02
T0000834,C001934,2024-10-29,5077.43,online,Mumbai,2,0.022
T0000835,C001624,2024-11-02,773.41,mobile,Bengaluru,9,0.088
T0000836,C002672,2025-10-03,1578.04,online,Chennai,4,0.041
T0000837,C004468,2024-05-17,2547.89,online,Bengaluru,4,0.074
T0000838,C001085,2024-04-07,3981.68,online,Hyderabad,1,0.134
T0000839,C003186,2025-08-29,4263.9,mobile,Delhi,8,0.093
T0000840,C000251,2025-12-03,2711.01,online,Pune,8,0.019
T0000841,C004822,2025-04-22,733.27,store,Chennai,5,0.048
T0000842,C003295,2024-03-13,7112.52,phone,Chennai,7,0.091
T0000843,C003950,2025-08-20,1275.41,mobile,Bengaluru,3,0.074
T0000844,C001142,2024-09-26,868.77,mobile,Bhopal,6,
T0000845,C005732,2025-09-01,1152.33,mobile,Delhi,5,0.049
T0000846,C004091,2025-01-14,2626.33,mobile,Pune,10,0.104
T0000847,C002162,2024-05-04,1710.27,online,Mumbai,5,0.015
T0000848,C001042,2025-04-18,1040.88,store,Bengaluru,5,0.136
T0000849,C003549,2024-05-24,435.16,mobile,Mumbai,5,0.122
T0000850,C003193,2025-07-14,2628.8,store,Mumbai,2,0.17
T0000851,C001879,2024-05-26,791.07,mobile,Chennai,4,
T0000852,C003517,2024-06-14,14570.98,store,Lucknow,10,0.089
T0000853,C004933,2025-09-07,981.76,store,Pune,1,0.073
T0000854,C004480,2024-09-24,347.16,online,Kolkata,8,0.095
T0000855,C004597,2024-11-08,1677.91,store,Delhi,6,0.025
T0000856,C005180,2024-05-21,926.77,store,Bengaluru,7,
T0000857,C004249,2024-08-05,1210.76,online,Bengaluru,10,0.028
T0000858,C000369,2025-10-07,522.08,store,Ahmedabad,3,0.011
T0000859,C000137,2025-08-24,5372.34,store,Mumbai,9,0.076
T0000860,C000931,2025-06-27,3676.57,mobile,Delhi,4,0.041
T0000861,C002932,2024-11-13,2191.82,mobile,Pune,10,0.076
T0000862,C002005,2024-06-28,1521.76,store,Bhopal,8,0.048
T0000863,C002394,2024-04-03,1440.0,store,Lucknow,10,0.002
T0000864,C004606,2025-10-08,393.38,online,Kolkata,5,0.045
T0000865,C003483,2024-08-23,2055.91,store,Chennai,10,0.105
T0000866,C006126,2024-02-29,1765.16,online,Kochi,5,0.113
T0000867,C001308,2024-10-22,1953.03,store,Lucknow,4,0.002
T0000868,C000640,2024-06-21,9775.62,store,Mumbai,4,
T0000869,C002503,2024-01-27,2596.74,store,Bengaluru,6,0.005
T0000870,C004890,2024-04-18,5047.23,store,Lucknow,1,0.035
T0000871,C003608,2025-07-14,322.78,online,Kolkata,2,
T0000872,C005600,2024-01-27,510.41,store,Kolkata,4,0.022
T0000873,C003475,2025-02-19,4625.41,online,Kochi,3,0.198
T0000874,C005533,2025-08-01,1462.92,mobile,Delhi,1,
T0000875,C002729,2024-06-01,2920.03,online,Bhopal,9,0.137
T0000876,C001160,2024-03-26,2655.22,online,Bhopal,10,0.149
T0000877,C000801,2024-07-03,1558.57,mobile,Ahmedabad,3,0.022
T0000878,C006003,2024-09-02,2509.48,store,Jaipur,6,
T0000879,C005346,2024-04-26,5361.14,online,Pune,7,0.043
T0000880,C006085,2024-01-29,1699.9,online,Jaipur,1,0.064
T0000881,C001125,2025-12-03,910.73,mobile,Bengaluru,4,0.033
T0000882,C002348,2025-09-11,483.69,mobile,Hyderabad,7,0.063
T0000883,C001054,2024-03-22,807.24,online,Lucknow,6,0.062
T0000884,C000299,2025-11-28,638.18,online,Chennai,1,0.026
T0000885,C003269,2024-12-10,4873.64,online,Kochi,8,0.026
T0000886,C005615,2024-09-16,421.15,online,Pune,7,
T0000887,C001255,2024-08-03,13650.69,mobile,Delhi,4,0.065
T0000888,C001190,2025-10-22,781.37,store,Bhopal,1,0.037
T0000889,C005448,2024-08-29,1093.26,store,Bhopal,2,0.086
T0000890,C000985,2024-01-19,2401.55,phone,Jaipur,11,0.09
T0000891,C004144,2025-07-02,599.72,store,Delhi,5,0.079
T0000892,C005897,2024-01-22,1824.67,mobile,Hyderabad,9,0.089
T0000893,C006224,2025-01-28,662.48,store,Lucknow,6,0.155
T0000894,C000248,2025-07-16,1266.8,store,Delhi,4,0.066
T0000895,C004720,2025-06-22,1299.81,store,Kochi,3,0.153
T0000896,C005876,2025-10-12,711.51,store,Chennai,11,0.05
T0000897,C000087,2024-11-04,3075.61,online,Delhi,9,0.148
T0000898,C004143,2025-04-12,9501.11,mobile,Kolkata,11,0.042
T0000899,C000120,2025-01-02,2228.85,mobile,Bhopal,10,0.008
T0000900,C006111,2025-08-05,1171.78,store,Jaipur,4,0.059
T0000901,C001220,2024-12-03,1500.65,store,Hyderabad,4,0.015
T0000902,C005326,2025-09-02,1675.16,store,Mumbai,10,0.009
T0000903,C000233,2025-12-11,2770.05,online,Lucknow,11,0.215
T0000904,C006247,2025-06-27,1527.74,online,Bhopal,10,0.017
T0000905,C001058,2025-03-04,2441.99,phone,Mumbai,5,0.028
T0000906,C001282,2024-05-27,2257.35,mobile,Mumbai,10,
T0000907,C000262,2025-03-05,5557.34,online,Bengaluru,6,0.006
T0000908,C005769,2025-09-04,1216.24,mobile,Bhopal,1,0.129
T0000909,C000379,2024-07-14,673.94,store,Kolkata,10,0.089
T0000910,C005471,2025-09-08,2182.91,mobile,Lucknow,6,0.028
T0000911,C000791,2024-07-05,1495.78,mobile,Delhi,4,0.016
T0000912,C003027,2025-08-12,2097.94,online,Ahmedabad,11,0.035
T0000913,C001869,2024-02-25,1528.84,online,Kolkata,6,
T0000914,C005654,2024-06-05,2237.82,mobile,Jaipur,1,0.025
T0000915,C005181,2024-05-15,5247.17,store,Chennai,10,0.178
T0000916,C000401,2025-05-03,978.4,mobile,Kolkata,4,0.198
T0000917,C003486,2024-10-03,10707.77,store,Delhi,10,0.023
T0000918,C001529,2024-03-20,1477.05,mobile,Mumbai,8,0.095
T0000919,C000924,2024-05-31,1798.27,mobile,Chennai,3,0.041
T0000920,C000088,2025-04-02,1274.48,store,Kolkata,11,
T0000921,C002706,2025-02-12,1089.07,mobile,Bengaluru,7,0.031
T0000922,C005029,2025-10-18,3251.24,online,Ahmedabad,8,0.056
T0000923,C002915,2025-03-20,12099.55,mobile,Pune,7,0.121
T0000924,C000383,2025-03-16,1555.53,mobile,Delhi,6,0.151
T0000925,C002626,2024-04-01,2975.69,store,Jaipur,6,0.15
T0000926,C004968,2024-11-06,4017.55,mobile,Jaipur,2,0.125
T0000927,C002378,2024-09-06,1132.2,online,Lucknow,11,
T0000928,C004726,2024-07-14,1554.18,online,Jaipur,5,0.018
T0000929,C006024,2025-02-17,3271.89,store,Bengaluru,11,0.143
T0000930,C004076,2024-06-26,2468.21,store,Jaipur,11,0.096
T0000931,C003411,2025-05-15,1068.18,online,Bengaluru,4,0.054
T0000932,C001364,2024-12-09,4661.19,online,Kochi,6,0.116
T0000933,C004244,2025-09-26,1230.36,store,Kolkata,9,0.082
T0000934,C000016,2024-01-23,7252.35,mobile,Hyderabad,6,0.106
T0000935,C002007,2025-12-02,1165.15,online,Mumbai,7,0.047
T0000936,C004332,2025-05-09,1227.57,online,Hyderabad,3,0.052
T0000937,C005188,2024-11-08,4564.25,online,Pune,5,0.163
T0000938,C001302,2025-02-10,295.53,online,Bhopal,6,0.147
T0000939,C003095,2024-07-18,1183.79,mobile,Hyderabad,1,0.115
T0000940,C001334,2024-04-10,3679.99,mobile,Mumbai,8,0.041
T0000941,C000945,2024-07-11,5838.69,online,Pune,10,0.064
T0000942,C003100,2024-12-03,1228.21,online,Bengaluru,9,0.011
T0000943,C000857,2025-09-27,2095.79,online,Pune,11,0.003
T0000944,C005917,2025-06-30,2768.04,online,Pune,1,0.036
T0000945,C001440,2025-10-22,3886.45,mobile,Pune,8,0.082
T0000946,C005742,2024-12-22,809.36,store,Kochi,2,0.038
T0000947,C000328,2025-06-30,634.28,mobile,Kochi,8,0.094
T0000948,C004131,2025-11-30,850.29,mobile,Ahmedabad,5,0.049
T0000949,C003517,2024-08-26,1570.25,mobile,Mumbai,7,0.046
T0000950,C002612,2024-06-20,170.97,store,Ahmedabad,1,0.038
T0000951,C002175,2025-02-21,5568.38,online,Kolkata,5,0.064
T0000952,C003587,2024-08-10,2800.75,store,Bhopal,1,0.103
T0000953,C000364,2025-12-29,800.27,store,Mumbai,1,0.009
T0000954,C003240,2025-11-06,1119.19,mobile,Delhi,4,
T0000955,C003473,2024-02-20,3990.79,online,Delhi,9,0.149
T0000956,C001996,2024-06-13,2060.72,online,Bengaluru,6,0.049
T0000957,C005685,2025-11-19,11398.01,online,Pune,9,0.007
T0000958,C006190,2024-06-04,1885.78,store,Ahmedabad,10,0.026
T0000959,C002456,2025-08-09,2459.04,mobile,Lucknow,9,0.026
T0000960,C001441,2025-05-21,1187.53,online,Bhopal,7,0.023
T0000961,C003035,2024-03-02,1710.99,mobile,Ahmedabad,9,0.105
T0000962,C005171,2024-07-16,2079.9,store,Kochi,2,
T0000963,C000954,2025-07-13,2156.15,online,Chennai,4,0.082
T0000964,C001627,2025-08-15,3090.53,mobile,Jaipur,9,0.066
T0000965,C001777,2025-02-22,1044.45,online,Bhopal,5,0.091
T0000966,C005598,2024-03-10,1890.79,online,Chennai,10,0.006
T0000967,C003466,2025-06-23,1096.68,online,Chennai,7,0.092
T0000968,C003852,2025-09-13,7144.07,online,Pune,11,0.01
T0000969,C005360,2025-06-24,1054.35,store,Jaipur,4,0.08
T0000970,C005603,2024-08-20,1659.77,phone,Ahmedabad,7,0.091
T0000971,C002663,2024-10-18,671.99,online,Ahmedabad,9,0.05
T0000972,C003171,2025-10-24,6391.81,online,Bhopal,6,0.124
T0000973,C002575,2025-01-05,6383.43,mobile,Jaipur,3,0.042
T0000974,C005180,2025-02-27,584.28,phone,Chennai,8,
T0000975,C005690,2024-09-11,2863.91,online,Delhi,10,
T0000976,C005523,2025-07-23,1431.54,store,Mumbai,3,0.184
T0000977,C005806,2025-05-07,1718.4,mobile,Hyderabad,8,0.028
T0000978,C002688,2025-12-01,402.1,online,Bhopal,11,0.086
T0000979,C003092,2024-08-10,1861.67,mobile,Jaipur,8,0.122
T0000980,C000146,2025-02-03,2631.01,online,Delhi,8,0.036
T0000981,C000379,2025-05-12,1039.74,mobile,Lucknow,3,0.003
T0000982,C005018,2025-03-09,594.03,mobile,Kochi,8,0.011
T0000983,C000954,2024-08-01,287.43,online,Lucknow,5,0.037
T0000984,C003162,2025-01-21,956.36,store,Hyderabad,7,0.014
T0000985,C004593,2025-09-04,2585.38,online,Kolkata,3,0.044
T0000986,C001301,2025-05-09,2212.53,store,Pune,7,
T0000987,C001252,2024-01-24,3003.47,online,Bhopal,7,0.204
T0000988,C003971,2025-09-27,2361.35,online,Pune,4,
T0000989,C004139,2024-10-03,2984.84,online,Bengaluru,9,0.086
T0000990,C003288,2025-07-01,338.16,mobile,Bengaluru,8,0.038
T0000991,C005989,2024-01-21,2053.46,store,Bengaluru,1,0.059
T0000992,C002555,2024-12-21,295.99,online,Kolkata,3,0.016
T0000993,C005346,2025-08-13,2842.08,mobile,Mumbai,4,0.054
T0000994,C003990,2025-10-28,658.73,online,Lucknow,5,0.023
T0000995,C003243,2024-08-05,224.35,mobile,Pune,8,0.014
T0000996,C003864,2025-07-04,2038.52,online,Bhopal,11,0.001
T0000997,C003235,2025-12-27,2827.32,mobile,Bhopal,7,0.138
T0000998,C000012,2024-02-25,2350.27,mobile,Kochi,10,0.011
T0000999,C004525,2024-01-27,2832.6,phone,Mumbai,4,0.303
T0001000,C003533,2024-02-19,462.48,store,Chennai,3,0.033
T0001001,C004076,2025-10-15,2762.14,store,Bhopal,7,0.114
T0001002,C001934,2024-01-01,634.49,store,Delhi,9,0.08
T0001003,C000940,2024-11-08,1998.28,online,Chennai,5,0.044
T0001004,C005710,2025-06-27,1656.2,store,Kochi,9,0.051
T0001005,C002593,2024-01-21,642.87,store,Pune,5,0.018
T0001006,C005561,2024-11-17,630.1,online,Chennai,5,0.068
T0001007,C002312,2024-04-02,1347.08,mobile,Ahmedabad,6,0.089
T0001008,C000620,2024-06-16,10719.79,store,Lucknow,6,0.053
T0001009,C002661,2025-08-23,2175.43,online,Jaipur,4,0.016
T0001010,C003884,2024-12-09,603.53,phone,Delhi,2,0.012
T0001011,C004419,2024-05-25,1188.26,store,Delhi,5,0.156
T0001012,C004460,2025-01-09,981.42,store,Mumbai,2,0.074
T0001013,C006080,2025-03-03,3028.98,store,Bhopal,10,
T0001014,C004053,2025-10-30,368.86,store,Delhi,9,0.021
T0001015,C001215,2025-10-01,2761.71,store,Chennai,4,0.124
T0001016,C004804,2024-02-14,4078.95,online,Lucknow,8,0.048
T0001017,C006094,2024-09-19,2392.13,mobile,Kolkata,4,0.051
T0001018,C002445,2024-06-14,2654.62,online,Pune,5,0.136
T0001019,C004940,2025-06-14,1662.21,mobile,Kochi,2,0.017
T0001020,C005491,2025-07-29,4692.68,online,Bengaluru,10,0.122
T0001021,C004779,2024-01-04,697.86,mobile,Bengaluru,7,0.01
T0001022,C003201,2024-06-20,1041.77,online,Bengaluru,10,0.01
T0001023,C001547,2025-06-16,6397.13,mobile,Mumbai,7,0.024
T0001024,C000265,2024-11-02,2037.34,store,Jaipur,6,0.072
T0001025,C002062,2025-09-17,996.5,store,Bengaluru,10,0.074
T0001026,C005075,2024-11-25,2369.86,store,Lucknow,11,0.09
T0001027,C004408,2025-04-06,1299.08,store,Ahmedabad,1,0.124
T0001028,C003199,2025-05-01,1402.64,store,Delhi,1,0.034
T0001029,C005989,2025-01-11,1684.18,mobile,Delhi,6,0.052
T0001030,C000019,2024-03-08,1550.91,store,Bhopal,7,0.025
T0001031,C005839,2024-11-03,7425.59,store,Jaipur,6,0.12
T0001032,C003248,2024-11-29,12854.88,store,Kochi,11,0.016
T0001033,C003847,2024-04-05,920.95,online,Mumbai,6,0.024
T0001034,C005642,2025-01-02,1417.32,online,Ahmedabad,5,0.215
T0001035,C003449,2024-01-04,1403.66,store,Mumbai,2,0.029
T0001036,C004196,2024-02-03,4488.46,online,Mumbai,4,0.03
T0001037,C005975,2025-07-05,4906.43,online,Jaipur,4,0.026
T0001038,C005688,2024-11-21,1037.7,online,Bhopal,3,0.069
T0001039,C004531,2024-02-23,2453.65,online,Mumbai,11,0.022
T0001040,C006181,2024-02-29,4125.74,mobile,Kolkata,9,0.032
T0001041,C005875,2025-11-22,3656.5,online,Mumbai,1,0.136
T0001042,C004743,2024-12-27,2090.74,store,Mumbai,9,0.028
T0001043,C002426,2025-01-06,3259.66,online,Delhi,6,0.035
T0001044,C002111,2025-01-04,6400.89,store,Kochi,7,
T0001045,C001410,2024-02-11,2103.6,online,Delhi,10,0.044
T0001046,C004465,2025-08-22,2495.69,online,Jaipur,5,0.223
T0001047,C004554,2025-08-03,1465.59,store,Hyderabad,10,0.019
T0001048,C003904,2025-08-30,8157.28,store,Jaipur,11,0.11
T0001049,C003041,2024-04-01,695.77,mobile,Kochi,7,0.019
T0001050,C001063,2024-12-25,6284.85,mobile,Lucknow,11,0.031
T0001051,C004069,2025-11-03,4923.5,online,Bhopal,2,0.085
T0001052,C002634,2024-08-27,3105.8,store,Jaipur,7,0.03
T0001053,C005462,2024-12-07,2462.97,online,Mumbai,10,0.038
T0001054,C003467,2025-12-22,522.73,online,Bhopal,7,0.057
T0001055,C002281,2024-08-31,2118.89,store,Bhopal,7,0.025
T0001056,C000151,2024-04-10,3453.47,mobile,Bengaluru,4,0.007
T0001057,C004973,2024-11-04,61092.67653848984,online,Lucknow,9,0.013
T0001058,C000801,2024-08-21,450.71,online,Lucknow,5,0.076
T0001059,C005990,2024-07-11,827.93,store,Kolkata,2,0.092
T0001060,C002526,2024-02-17,5488.43,store,Pune,11,
T0001061,C005898,2024-05-12,786.47,mobile,Mumbai,1,0.018
T0001062,C002465,2024-12-10,494.7,store,Ahmedabad,10,0.189
T0001063,C004747,2025-06-15,568.91,store,Chennai,4,0.127
T0001064,C005987,2024-07-07,5573.58,mobile,Kolkata,3,0.022
T0001065,C003429,2024-12-03,11879.49,online,Ahmedabad,2,0.029
T0001066,C002773,2024-01-13,657.28,online,Hyderabad,9,0.041
T0001067,C001505,2024-08-02,4454.5,store,Lucknow,6,0.04
T0001068,C001062,2024-06-19,7775.82,store,Kochi,2,0.078
T0001069,C001250,2025-04-02,821.69,phone,Pune,8,0.02
T0001070,C004279,2025-05-10,2619.41,phone,Ahmedabad,7,0.0
T0001071,C000946,2024-12-10,10967.24,mobile,Bhopal,2,0.141
T0001072,C004131,2024-04-06,1840.96,online,Kolkata,1,0.104
T0001073,C003761,2024-07-14,929.14,store,Jaipur,9,0.015
T0001074,C003032,2024-07-31,5833.53,store,Chennai,1,0.037
T0001075,C000069,bad-date,2101.62,online,Kochi,10,0.083
T0001076,C001244,2024-08-13,2575.42,phone,Bengaluru,8,0.119
T0001077,C001009,2025-03-20,550.71,online,Kolkata,10,0.056
T0001078,C005030,2025-10-19,2691.44,mobile,Bhopal,3,0.042
T0001079,C005110,2024-10-22,196.38,mobile,Pune,9,0.052
T0001080,C004326,2025-08-26,1404.5,store,Bhopal,2,0.029
T0001081,C003391,2024-03-24,16591.48,store,Pune,4,0.075
T0001082,C004591,2024-01-16,1190.66,store,Kolkata,2,0.155
T0001083,C006214,2024-01-17,4776.71,store,Pune,5,
T0001084,C005138,2024-06-10,3145.07,online,Jaipur,11,
T0001085,C002654,2024-05-13,993.34,online,Lucknow,2,0.022
T0001086,C004238,2025-11-02,491.14,store,Chennai,9,0.09
T0001087,C005709,2025-08-02,11054.1,store,Delhi,2,0.066
T0001088,C004102,2024-10-10,3009.5,online,Bengaluru,10,0.034
T0001089,C002940,2025-09-08,290.18,store,Kolkata,7,0.072
T0001090,C003839,2025-01-20,3445.61,mobile,Chennai,9,0.208
T0001091,C001837,2025-07-29,501.34,online,Hyderabad,8,0.127
T0001092,C000936,2024-03-09,1814.67,store,Hyderabad,11,0.112
T0001093,C003528,2025-01-09,931.84,online,Jaipur,5,0.097
T0001094,C006139,2024-04-16,1418.95,online,Kolkata,8,0.069
T0001095,C003445,2024-04-24,847.75,store,Mumbai,8,0.119
T0001096,C000739,2025-02-08,7250.53,online,Chennai,5,0.061
T0001097,C004571,2024-10-22,9718.54,store,Kochi,9,0.004
T0001098,C005833,2024-03-17,3252.98,online,Lucknow,7,0.029
T0001099,C004246,2024-02-11,7688.04,store,Lucknow,10,0.003
T0001100,C000065,2024-03-10,3222.7,online,Delhi,1,
T0001101,C000338,2025-06-01,972.99,online,Kolkata,1,0.024
T0001102,C000488,2024-03-05,2447.36,online,Bengaluru,7,0.02
T0001103,C005006,2024-06-21,982.35,online,Jaipur,9,0.092
T0001104,C003276,2025-02-23,837.44,online,Hyderabad,7,0.06
T0001105,C004497,2024-01-11,2719.29,online,Delhi,6,0.009
T0001106,C000116,2024-05-26,3531.92,store,Pune,1,0.081
T0001107,C005079,2024-10-17,1524.22,online,Chennai,8,0.105
T0001108,C001702,2024-12-21,19348.82,store,Kochi,10,0.096
T0001109,C000150,2025-09-16,1145.27,online,Jaipur,7,0.038
T0001110,C006240,2025-01-31,1769.98,store,Bhopal,8,0.141
T0001111,C002866,2025-11-28,1729.48,online,Mumbai,3,0.088
T0001112,C003706,2024-05-01,952.21,store,Jaipur,9,0.035
T0001113,C001459,2025-10-11,1321.35,online,Lucknow,7,0.08
T0001114,C005330,2024-05-04,4279.53,online,Kolkata,6,0.086
T0001115,C001602,2024-09-20,1249.44,online,Jaipur,7,0.006
T0001116,C004337,2025-07-21,5204.2,mobile,Chennai,2,0.077
T0001117,C003809,2025-09-08,4248.11,online,Kolkata,11,0.061
T0001118,C001496,2025-05-31,1531.33,store,Chennai,5,0.005
T0001119,C003802,2025-05-23,1017.8,online,Bengaluru,4,0.084
T0001120,C005822,2024-07-22,394.51,store,Delhi,10,0.014
T0001121,C002219,2025-12-22,2209.42,mobile,Bengaluru,1,0.017
T0001122,C005960,2025-08-10,1491.78,store,Kolkata,6,
T0001123,C003223,2025-01-06,9260.18,store,Mumbai,1,0.054
T0001124,C005529,2025-02-08,1428.73,online,Hyderabad,8,0.042
T0001125,C002923,2024-03-19,1983.76,store,Bengaluru,3,0.134
T0001126,C000432,2024-07-20,471.62,online,Pune,8,0.128
T0001127,C005040,2025-03-17,561.48,online,Ahmedabad,10,0.021
T0001128,C003952,2025-09-26,1006.54,online,Pune,4,0.007
T0001129,C001889,2025-01-06,10577.64,online,Pune,10,0.023
T0001130,C003869,2024-12-12,3083.82,online,Ahmedabad,4,0.051
T0001131,C005125,2024-09-19,1042.73,mobile,Bhopal,10,0.212
T0001132,C004003,2024-01-18,4508.83,online,Ahmedabad,3,0.076
T0001133,C001754,2025-08-31,1270.23,store,Kochi,2,0.085
T0001134,C001805,2024-05-19,7978.75,online,Ahmedabad,11,0.02
T0001135,C002479,2025-08-02,3578.47,mobile,Lucknow,8,0.019
T0001136,C003012,2025-09-10,852.5,online,Kochi,8,0.025
T0001137,C005111,2024-09-28,1145.53,phone,Chennai,5,0.011
T0001138,C003628,2025-09-11,1648.83,store,Kolkata,8,0.161
T0001139,C002511,2024-12-20,1453.55,mobile,Kochi,9,0.05
T0001140,C003877,2025-10-02,3337.87,store,Bhopal,6,
T0001141,C003081,2025-08-26,2881.49,online,Ahmedabad,8,0.066
T0001142,C000526,2024-01-19,880.04,online,Kochi,9,0.037
T0001143,C001963,2025-11-21,1464.68,mobile,Mumbai,4,0.02
T0001144,C004210,2025-09-23,2494.69,store,Hyderabad,11,0.098
T0001145,C004959,2024-03-18,2318.38,online,Bengaluru,4,0.011
T0001146,C004348,2025-11-19,858.96,store,Lucknow,6,0.088
T0001147,C000353,2025-12-21,1308.61,online,Bengaluru,2,0.051
T0001148,C000748,2024-09-25,2493.9,mobile,Pune,7,0.016
T0001149,C002060,2024-03-24,6283.92,online,Lucknow,11,0.03
T0001150,C003062,2025-11-28,9987.64,online,Kolkata,8,0.254
T0001151,C004903,2024-08-20,2650.07,store,Mumbai,11,0.008
T0001152,C000257,2025-04-07,728.97,online,Kolkata,5,0.122
T0001153,C001793,2024-05-02,340.87,online,Pune,1,0.063
T0001154,C000882,2024-02-01,1249.84,mobile,Bhopal,5,0.036
T0001155,C003648,2025-10-02,2674.67,online,Pune,5,0.027
T0001156,C001084,2025-09-04,4293.08,online,Chennai,5,0.139
T0001157,C004059,2025-07-22,1254.63,store,Bengaluru,2,0.136
T0001158,C002794,2024-07-12,472.23,mobile,Pune,6,0.048
T0001159,C006023,2025-10-30,16949.27,online,Chennai,1,0.004
T0001160,C002377,2025-10-15,3520.44,online,Hyderabad,8,0.218
T0001161,C001828,2024-11-03,1831.95,mobile,Kolkata,11,0.039
T0001162,C001899,2025-08-17,2218.98,online,Jaipur,2,0.027
T0001163,C005193,2024-03-19,6143.48,online,Lucknow,5,0.045
T0001164,C000227,2025-08-19,3665.51,online,Delhi,10,0.071
T0001165,C001392,2025-05-11,913.24,store,Jaipur,8,0.054
T0001166,C004947,2024-12-24,1033.75,online,Jaipur,11,0.119
T0001167,C002795,2025-08-21,1482.51,mobile,Chennai,11,0.154
T0001168,C004255,2025-07-25,1320.26,online,Hyderabad,4,0.012
T0001169,C003618,2025-12-28,475.96,phone,Pune,1,0.099
T0001170,C003960,2025-08-24,3897.28,online,Bhopal,2,0.096
T0001171,C002574,2025-04-15,5545.12,online,Kolkata,8,0.032
T0001172,C000954,2024-06-21,10346.68,online,Kolkata,1,0.048
T0001173,C002191,2025-09-19,525.71,phone,Kochi,11,0.051
T0001174,C002607,2024-08-01,430.94,online,Hyderabad,11,0.108
T0001175,C000658,2024-03-27,2032.34,online,Kolkata,4,0.003
T0001176,C003773,2024-01-28,283.89,store,Hyderabad,11,0.027
T0001177,C003292,2025-05-24,2507.24,online,Kolkata,8,0.053
T0001178,C001232,2024-06-04,1272.45,mobile,Pune,5,0.028
T0001179,C003204,2025-05-18,1842.47,store,Bhopal,10,0.085
T0001180,C000027,2024-12-17,1740.71,store,Bhopal,4,0.023
T0001181,C001116,2025-01-03,10707.78,mobile,Bhopal,2,0.006
T0001182,C003627,2025-08-18,1656.7,mobile,Jaipur,10,0.035
T0001183,C000220,2025-10-01,891.64,online,Mumbai,11,0.021
T0001184,C003939,2024-06-12,12601.04,store,Kochi,10,0.015
T0001185,C001274,2024-03-02,625.69,online,Chennai,6,0.037
T0001186,C000207,2025-12-26,1336.93,online,Delhi,1,0.04
T0001187,C004021,2025-05-24,791.66,mobile,Chennai,2,0.042
T0001188,C000853,2024-10-05,1590.4,mobile,Jaipur,8,0.175
T0001189,C001711,2025-08-22,1279.94,online,Bhopal,3,
T0001190,C005674,2025-06-19,79356.32851009235,online,Bengaluru,11,0.021
T0001191,C002654,2024-02-10,3824.46,online,Delhi,6,0.046
T0001192,C003721,2024-01-23,485.02,phone,Mumbai,8,
T0001193,C000206,2025-03-28,1258.45,online,Delhi,3,0.043
T0001194,C004847,2024-01-05,5900.15,mobile,Kochi,4,
T0001195,C001678,2025-04-17,1480.16,online,Kochi,7,0.092
T0001196,C003342,2024-06-23,7805.48,online,Mumbai,11,0.007
T0001197,C004723,2024-09-10,5123.39,online,Hyderabad,3,0.082
T0001198,C005346,2025-07-21,3154.95,online,Lucknow,3,0.262
T0001199,C000532,2025-10-23,3106.85,online,Kochi,6,0.14
T0001200,C001554,2025-09-28,4714.54,store,Kolkata,10,
T0001201,C001088,2024-06-16,190.14,online,Ahmedabad,3,0.019
T0001202,C001191,2024-08-29,1343.6,mobile,Jaipur,3,0.041
T0001203,C005140,2024-11-20,1675.08,mobile,Lucknow,7,0.028
T0001204,C003196,2024-12-03,308.16,store,Jaipur,11,0.022
T0001205,C002067,2024-02-10,8267.47,mobile,Jaipur,4,0.035
T0001206,C000995,2024-02-04,1195.86,store,Ahmedabad,1,0.038
T0001207,C002737,2025-09-20,3830.84,online,Delhi,8,0.024
T0001208,C002456,2024-03-13,2599.19,mobile,Jaipur,5,0.216
T0001209,C005470,2025-03-10,4149.87,store,Kolkata,4,0.328
T0001210,C003076,2025-05-09,8552.75,mobile,Bengaluru,6,
T0001211,C003358,2025-03-14,956.15,online,Bengaluru,4,0.084
T0001212,C005605,2024-12-22,1763.09,store,Kochi,9,0.019
T0001213,C001244,2025-08-16,2907.76,online,Mumbai,10,0.058
T0001214,C000842,2024-09-10,3654.64,online,Pune,3,0.03
T0001215,C000426,2024-09-19,749.77,store,Delhi,9,0.028
T0001216,C003471,2025-06-16,415.61,online,Lucknow,3,
T0001217,C005532,2024-08-31,140.94,mobile,Kolkata,1,0.009
T0001218,C004515,2025-04-10,948.66,online,Kolkata,3,0.284
T0001219,C001731,2024-10-03,1258.11,mobile,Kolkata,5,0.029
T0001220,C005635,2024-05-26,728.08,store,Jaipur,8,0.158
T0001221,C003700,2025-11-21,8177.24,mobile,Lucknow,6,0.06
T0001222,C004391,2025-02-19,4290.11,mobile,Bhopal,1,0.115
T0001223,C004875,2024-03-07,664.91,online,Kochi,3,0.009
T0001224,C003691,2024-03-12,2664.56,online,Pune,10,0.046
T0001225,C004320,2024-01-27,2405.54,store,Hyderabad,8,0.103
T0001226,C004013,2025-06-07,14659.84,store,Chennai,1,0.021
T0001227,C000830,2024-08-29,2509.66,mobile,Mumbai,4,0.088
T0001228,C003771,2025-03-05,704.37,store,Kolkata,4,0.2
T0001229,C000708,2025-06-05,731.97,mobile,Bhopal,4,0.025
T0001230,C005367,2024-09-14,538.9,mobile,Delhi,4,0.069
T0001231,C005507,2025-06-01,789.08,mobile,Ahmedabad,5,0.064
T0001232,C001531,2025-06-09,3382.72,mobile,Mumbai,5,0.048
T0001233,C003572,2025-03-24,640.07,online,Kochi,2,0.117
T0001234,C000244,2024-02-18,1080.38,online,Jaipur,11,0.149
T0001235,C001509,2025-11-20,5904.45,mobile,Bhopal,9,0.002
T0001236,C002797,2024-01-26,467.32,store,Delhi,7,0.005
T0001237,C001736,2025-07-10,592.42,online,Mumbai,9,0.075
T0001238,C003560,2024-05-02,5948.32,store,Bhopal,1,0.054
T0001239,C001869,2024-07-09,552.32,store,Hyderabad,4,0.156
T0001240,C000358,2024-06-29,5247.73,store,Mumbai,4,0.014
T0001241,C001288,2024-02-01,2225.39,store,Hyderabad,7,0.241
T0001242,C001417,2024-07-23,346.43,online,Kolkata,4,0.047
T0001243,C003116,2024-01-02,1423.76,online,Pune,11,0.22
T0001244,C003723,2024-04-02,1530.11,online,Bhopal,3,0.037
T0001245,C001353,2025-07-29,3120.93,online,Lucknow,1,0.004
T0001246,C005754,2024-07-28,923.21,online,Hyderabad,8,0.079
T0001247,C004268,2025-02-02,2831.02,online,Kolkata,8,0.017
T0001248,C000827,2024-05-10,2770.2,mobile,Bhopal,2,0.024
T0001249,C005572,2025-02-12,3325.46,online,Delhi,2,
T0001250,C003609,2024-12-13,418.47,store,Ahmedabad,10,0.056
T0001251,C005909,2025-12-12,1540.69,phone,Delhi,6,0.185
T0001252,C005951,2024-12-04,4385.15,online,Lucknow,8,0.004
T0001253,C001726,2024-11-26,2586.49,online,Bengaluru,3,0.004
T0001254,C005003,2024-04-09,885.27,online,Kolkata,1,0.008
T0001255,C001577,2024-10-31,3818.49,online,Ahmedabad,9,0.069
T0001256,C000858,2024-11-20,1968.3,online,Kochi,1,0.101
T0001257,C005250,2025-07-01,4317.29,online,Lucknow,11,0.033
T0001258,C006233,2025-12-06,1259.85,store,Kolkata,6,0.028
T0001259,C004840,2024-07-10,714.62,online,Ahmedabad,4,0.015
T0001260,C004535,2024-11-24,1780.63,online,Lucknow,7,0.061
T0001261,C002701,2025-10-14,1673.32,online,Mumbai,1,0.07
T0001262,C003201,2025-10-19,5838.21,online,Pune,2,0.068
T0001263,C003998,2025-12-08,1335.52,store,Jaipur,9,0.074
T0001264,C006271,2024-02-24,826.79,store,Bhopal,10,0.083
T0001265,C003367,2025-08-26,629.81,online,Jaipur,8,0.067
T0001266,C001739,2024-12-08,3494.88,online,Mumbai,7,0.002
T0001267,C002647,2024-02-25,1992.13,mobile,Kolkata,5,0.029
T0001268,C001051,2025-06-26,529.86,store,Lucknow,7,0.009
T0001269,C002731,2024-02-14,1492.05,store,Lucknow,1,0.082
T0001270,C001366,2025-10-29,580.68,store,Pune,11,0.188
T0001271,C_BAD_002,2025-12-17,3011.54,online,Chennai,4,0.017
T0001272,C003128,2025-03-14,2174.03,store,Mumbai,1,0.064
T0001273,C000593,2025-08-27,3209.05,online,Jaipur,3,0.047
T0001274,C006136,2025-10-31,1466.65,online,Pune,6,0.021
T0001275,C005151,2025-01-31,1023.03,store,Bengaluru,5,
T0001276,C003437,2025-09-17,343.6,online,Delhi,6,0.022
T0001277,C004619,2025-08-17,2096.02,phone,Lucknow,3,0.011
T0001278,C000045,2024-05-08,764.2,online,Kochi,6,0.068
T0001279,C001261,2025-08-02,709.85,mobile,Kolkata,11,0.169
T0001280,C000402,2024-01-31,1370.07,online,Chennai,3,0.026
T0001281,C002558,2025-10-20,2972.08,store,Chennai,11,0.084
T0001282,C001386,2024-10-11,1802.56,online,Mumbai,10,0.073
T0001283,C001394,2024-05-14,3775.64,online,Lucknow,4,0.119
T0001284,C004453,2025-07-21,2843.24,online,Chennai,7,0.135
T0001285,C005279,2025-02-09,2647.32,store,Bhopal,8,0.05
T0001286,C004963,2024-01-20,3512.96,mobile,Kolkata,10,0.054
T0001287,C003804,2024-03-25,3320.15,store,Kolkata,2,0.021
T0001288,C003914,2024-05-08,1390.38,online,Lucknow,6,0.008
T0001289,C005427,2025-07-06,1105.07,online,Ahmedabad,1,0.058
T0001290,C004076,2024-11-20,791.41,store,Hyderabad,10,0.033
T0001291,C_BAD_013,2024-01-28,3496.57,store,Kolkata,3,0.054
T0001292,C000083,2024-03-26,3293.31,online,Kolkata,3,0.106
T0001293,C000616,2025-11-18,180.93,online,Jaipur,4,0.102
T0001294,C004175,2025-01-09,9090.12,online,Pune,9,0.024
T0001295,C000849,2025-04-24,4673.18,phone,Jaipur,10,0.047
T0001296,C003567,2025-07-06,3571.61,online,Lucknow,4,0.075
T0001297,C004538,2025-03-10,2063.94,store,Kolkata,3,
T0001298,C000701,2025-09-22,5970.54,online,Jaipur,8,0.221
T0001299,C000635,2024-07-07,3618.78,store,Lucknow,9,0.06
T0001300,C002584,2025-12-30,9842.62,online,Hyderabad,2,0.028
T0001301,C002253,2025-02-09,1603.73,store,Hyderabad,6,0.063
T0001302,C001860,2024-06-01,2277.52,online,Hyderabad,9,0.132
T0001303,C005101,2024-11-11,3557.95,mobile,Jaipur,9,0.175
T0001304,C005232,2024-11-25,7234.94,online,Hyderabad,9,0.114
T0001305,C001764,2025-04-25,11287.57,online,Hyderabad,4,0.097
T0001306,C006095,2025-03-16,737.06,phone,Mumbai,9,0.019
T0001307,C003969,2024-10-19,1679.7,mobile,Hyderabad,4,0.044
T0001308,C005467,2025-12-04,377.39,online,Lucknow,7,
T0001309,C005615,2024-07-02,4696.04,mobile,Bhopal,8,
T0001310,C005954,2025-07-23,982.92,mobile,Delhi,9,0.148
T0001311,C004306,2025-01-31,3342.24,store,Hyderabad,5,0.082
T0001312,C001326,2025-06-18,1266.44,online,Bhopal,7,0.01
T0001313,C002131,2024-09-12,701.22,online,Lucknow,3,0.155
T0001314,C004272,2024-12-27,1812.09,mobile,Mumbai,6,0.073
T0001315,C005191,2025-01-02,632.28,online,Delhi,8,0.063
T0001316,C002312,2025-11-03,1995.38,online,Ahmedabad,5,0.027
T0001317,C004568,2025-06-05,5228.71,online,Mumbai,5,0.124
T0001318,C002009,2024-02-24,6788.93,mobile,Pune,1,0.199
T0001319,C003319,2025-04-28,1120.35,online,Bhopal,6,0.049
T0001320,C001762,2025-03-25,554.96,online,Ahmedabad,3,0.034
T0001321,C003385,2024-06-07,331.11,mobile,Kolkata,7,0.008
T0001322,C000866,2024-04-22,758.74,mobile,Kochi,1,0.039
T0001323,C004047,2025-11-28,534.06,store,Kochi,6,
T0001324,C002294,2024-11-06,1913.85,store,Hyderabad,9,0.015
T0001325,C005410,2025-10-02,264.28,online,Jaipur,1,0.081
T0001326,C003105,2024-12-13,2336.47,online,Hyderabad,2,0.186
T0001327,C005002,2025-12-17,829.25,online,Jaipur,4,0.051
T0001328,C003543,2024-04-23,3224.23,online,Bengaluru,11,
T0001329,C006070,2025-09-09,1717.32,online,Jaipur,9,0.077
T0001330,C003807,2024-10-24,895.89,online,Jaipur,2,0.166
T0001331,C005765,2024-01-05,4604.82,online,Bengaluru,10,0.021
T0001332,C005100,2025-05-15,7178.64,phone,Ahmedabad,3,0.013
T0001333,C005839,2025-08-21,1801.08,store,Chennai,4,0.073
T0001334,C005193,2024-12-07,4951.8,online,Kolkata,10,0.021
T0001335,C000126,2024-02-19,1381.54,online,Chennai,10,0.131
T0001336,C000642,2024-03-02,1347.21,store,Bhopal,9,0.137
T0001337,C001432,2024-01-26,352.18,online,Hyderabad,4,0.105
T0001338,C001206,2025-07-29,1516.75,store,Pune,8,0.055
T0001339,C003326,2025-10-01,3143.05,online,Bengaluru,11,0.026
T0001340,C002704,2025-12-20,3467.01,mobile,Delhi,6,0.103
T0001341,C000221,2024-06-15,2273.14,store,Kolkata,9,0.235
T0001342,C000458,2024-05-31,1198.3,online,Jaipur,4,0.034
T0001343,C000189,2024-03-28,2251.81,online,Ahmedabad,10,0.045
T0001344,C001905,2024-01-11,524.32,phone,Mumbai,8,0.012
T0001345,C004960,2024-09-17,1946.84,store,Bengaluru,5,
T0001346,C002563,2025-03-16,3091.59,phone,Kolkata,1,0.077
T0001347,C002708,2024-06-06,6004.18,online,Mumbai,7,0.178
T0001348,C002135,2024-01-17,1972.46,store,Hyderabad,6,0.147
T0001349,C004955,2024-08-19,2784.11,online,Pune,5,
T0001350,C001466,2025-08-25,1635.88,online,Kolkata,10,
T0001351,C004492,2025-04-26,5523.29,store,Kolkata,1,
T0001352,C002350,2025-09-01,1034.43,mobile,Lucknow,9,
T0001353,C000341,2025-09-07,1401.73,store,Delhi,2,0.004
T0001354,C000075,2025-01-22,805.55,mobile,Hyderabad,8,0.065
T0001355,C001673,2025-10-22,1808.4,store,Mumbai,3,0.1
T0001356,C003379,2025-11-14,363.84,online,Bengaluru,6,0.055
T0001357,C004429,2025-05-03,384.85,store,Chennai,6,0.023
T0001358,C001691,2025-01-12,2115.39,store,Chennai,1,0.097
T0001359,C000515,2024-03-14,39577.148956100566,online,Kolkata,11,0.111
T0001360,C002116,2025-06-02,1333.64,online,Delhi,10,0.006
T0001361,C006024,2025-02-23,3330.47,store,Jaipur,4,0.143
T0001362,C002631,2024-11-05,805.88,online,Kolkata,11,
T0001363,C001376,2024-08-25,2083.45,mobile,Pune,6,0.045
T0001364,C002338,2024-08-19,526.24,mobile,Hyderabad,9,0.059
T0001365,C004118,2024-06-11,7621.41,online,Kochi,4,0.012
T0001366,C003688,2025-03-11,879.68,online,Jaipur,9,0.094
T0001367,C004481,2025-10-02,14956.57,mobile,Kochi,6,0.048
T0001368,C001467,2024-08-07,557.06,store,Kolkata,11,0.054
T0001369,C003257,2024-11-25,815.07,mobile,Ahmedabad,1,0.012
T0001370,C001787,2024-10-11,1881.51,mobile,Kolkata,10,0.223
T0001371,C003725,2025-09-09,1082.5,store,Chennai,1,0.193
T0001372,C004959,2024-05-31,2020.86,online,Pune,3,
T0001373,C005698,2024-10-04,440.45,online,Kochi,2,0.121
T0001374,C002945,2025-04-30,2799.47,online,Pune,11,0.018
T0001375,C000543,2025-01-31,816.38,online,Chennai,1,0.003
T0001376,C002604,2025-05-28,2534.83,store,Hyderabad,7,0.098
T0001377,C004896,2025-05-31,3692.92,online,Chennai,8,0.044
T0001378,C002632,2025-06-23,1310.07,store,Delhi,11,0.028
T0001379,C005921,2025-12-13,1911.99,online,Delhi,10,0.04
T0001380,C004761,2024-08-31,1646.56,online,Mumbai,11,0.038
T0001381,C003441,2024-12-24,6005.71,online,Lucknow,4,0.009
T0001382,C004005,2024-02-02,747.8,mobile,Jaipur,10,0.028
T0001383,C002787,2025-01-08,1491.2,online,Delhi,6,0.021
T0001384,C003158,2025-08-24,1118.95,online,Delhi,1,0.002
T0001385,C002271,2024-11-16,2421.18,online,Delhi,5,0.01
T0001386,C006256,2025-03-16,1933.13,mobile,Ahmedabad,2,0.019
T0001387,C002782,2024-02-09,1506.66,online,Kolkata,5,0.052
T0001388,C004291,2025-05-06,1312.74,mobile,Lucknow,6,0.014
T0001389,C003596,2025-12-04,1370.0,online,Lucknow,4,0.043
T0001390,C005152,2025-03-16,2792.0,online,Ahmedabad,2,0.127
T0001391,C003832,2024-09-14,3104.05,online,Jaipur,8,0.058
T0001392,C004070,2024-08-20,3639.92,store,Lucknow,3,0.007
T0001393,C000750,2025-11-28,4735.77,online,Pune,8,0.075
T0001394,C006242,2024-06-10,1487.51,online,Hyderabad,7,0.002
T0001395,C005626,2024-11-02,440.02,online,Ahmedabad,5,0.006
T0001396,C005219,2025-11-13,9338.55,online,Jaipur,4,0.022
T0001397,C002165,2024-11-03,4904.81,mobile,Hyderabad,10,0.017
T0001398,C003934,2025-12-28,3681.44,online,Bhopal,5,0.05
T0001399,C001345,2024-05-17,999.81,mobile,Bengaluru,9,0.055
T0001400,C000341,2024-12-28,2443.72,store,Chennai,9,0.052
T0001401,C003367,2024-02-03,781.88,mobile,Hyderabad,1,0.011
T0001402,C001255,2024-01-09,313.89,online,Jaipur,4,0.039
T0001403,C004888,2024-11-08,4052.7,online,Bengaluru,2,0.008
T0001404,C003158,2025-08-31,2001.68,online,Jaipur,7,
T0001405,C001335,2024-06-10,16227.92,online,Bhopal,2,0.009
T0001406,C001331,2025-12-28,4106.2,store,Ahmedabad,2,0.017
T0001407,C004664,2025-03-23,2607.37,online,Ahmedabad,11,0.075
T0001408,C003090,2024-08-05,3643.41,online,Delhi,6,0.032
T0001409,C003092,2024-06-29,1015.79,mobile,Jaipur,5,0.059
T0001410,C000229,2025-02-01,1086.65,store,Lucknow,8,0.017
T0001411,C004141,2025-12-04,936.95,store,Chennai,5,0.117
T0001412,C003444,2024-07-01,1240.05,online,Bengaluru,10,0.107
T0001413,C001493,2024-05-20,663.94,mobile,Bhopal,1,0.028
T0001414,C006039,2025-08-01,1295.66,online,Mumbai,11,0.054
T0001415,C006243,2025-09-21,3585.39,store,Pune,5,0.059
T0001416,C002616,2025-02-23,6344.18,mobile,Kochi,9,0.035
T0001417,C001232,2025-12-02,4736.03,phone,Kolkata,3,0.096
T0001418,C005095,2024-07-13,4015.31,online,Hyderabad,8,0.14
T0001419,C002367,2024-09-18,2866.97,online,Bhopal,11,0.033
T0001420,C005143,2024-08-04,427.53,online,Kolkata,5,0.057
T0001421,C002857,2024-01-17,4491.22,store,Mumbai,2,0.041
T0001422,C001247,2024-05-15,3663.2,mobile,Chennai,8,0.024
T0001423,C001530,2024-08-18,419.2,store,Delhi,11,0.025
T0001424,C005025,2025-02-04,3658.43,store,Hyderabad,4,0.012
T0001425,C002110,2024-02-05,1123.3,online,Delhi,9,0.042
T0001426,C002519,2024-04-21,2901.39,online,Delhi,1,0.015
T0001427,C001056,2024-01-31,5892.84,online,Bhopal,1,0.08
T0001428,C004974,2024-01-29,1078.12,mobile,Kolkata,1,0.095
T0001429,C005245,2024-09-04,2772.64,online,Jaipur,1,0.041
T0001430,C002478,2025-09-27,2535.46,mobile,Hyderabad,4,0.134
T0001431,C004235,2025-09-10,1116.18,store,Bengaluru,3,0.066
T0001432,C006163,2024-04-05,2019.09,online,Kochi,10,0.177
T0001433,C004557,2025-02-06,4879.78,mobile,Pune,7,0.123
T0001434,C003742,2024-09-18,1343.16,store,Delhi,3,0.006
T0001435,C001596,2024-09-12,2356.34,mobile,Jaipur,11,0.014
T0001436,C003530,2025-07-08,772.23,mobile,Chennai,11,0.0
T0001437,C000124,2025-08-06,294.47,store,Chennai,3,
T0001438,C003279,2025-04-08,1170.68,mobile,Chennai,6,0.081
T0001439,C003155,2024-03-30,6997.33,phone,Bhopal,10,0.004
T0001440,C001120,2025-12-21,9109.89,online,Kolkata,2,0.017
T0001441,C001779,2024-08-26,5494.7,online,Lucknow,4,0.059
T0001442,C000484,2025-08-09,635.11,online,Bhopal,10,0.007
T0001443,C002356,2024-04-28,1619.4,online,Pune,2,0.031
T0001444,C002105,2024-06-30,3344.33,store,Mumbai,8,0.095
T0001445,C000421,2024-12-04,773.62,online,Pune,11,0.062
T0001446,C003475,2024-12-01,557.36,mobile,Mumbai,7,0.047
T0001447,C003068,2025-07-12,3342.67,mobile,Kolkata,2,0.036
T0001448,C000450,2024-03-31,3861.75,phone,Hyderabad,9,0.081
T0001449,C002319,2024-08-19,1084.78,mobile,Mumbai,3,0.007
T0001450,C005663,2024-07-15,2638.52,online,Bhopal,11,0.011
T0001451,C005346,2024-05-08,11953.82,store,Hyderabad,7,
T0001452,C003928,2025-09-06,4032.77,online,Kochi,7,0.091
T0001453,C003300,2024-08-01,3267.58,online,Kolkata,4,0.108
T0001454,C004752,2024-03-10,2463.7,online,Bhopal,6,0.01
T0001455,C001557,2025-01-26,1177.65,online,Delhi,9,0.026
T0001456,C002083,2024-06-09,343.63,store,Delhi,4,0.047
T0001457,C001223,2025-08-30,5115.88,online,Mumbai,2,0.045
T0001458,C003488,2024-08-19,2192.07,store,Delhi,3,0.02
T0001459,C000555,2025-12-30,341.82,store,Kochi,3,0.034
T0001460,C004318,2025-10-06,3902.09,online,Bhopal,1,0.011
T0001461,C000113,2025-04-16,683.64,online,Pune,6,0.064
T0001462,C002239,2025-01-29,1444.46,phone,Hyderabad,10,0.109
T0001463,C005970,2025-06-11,8227.91,online,Kolkata,7,0.072
T0001464,C002703,2025-03-12,2306.67,online,Mumbai,11,0.043
T0001465,C001821,2024-02-21,2297.66,mobile,Kolkata,10,0.099
T0001466,C000870,2025-02-02,198.75,mobile,Kolkata,7,0.047
T0001467,C005976,2025-11-18,9039.88,online,Jaipur,8,0.014
T0001468,C001587,2025-11-25,1544.44,online,Pune,2,0.066
T0001469,C003947,2025-05-21,887.68,store,Kolkata,6,0.029
T0001470,C002785,2024-04-14,2797.62,store,Delhi,9,0.031
T0001471,C001012,2024-05-28,782.46,online,Kolkata,1,0.037
T0001472,C005058,2025-04-04,1231.06,store,Bhopal,2,0.021
T0001473,C004618,2025-12-12,592.24,store,Jaipur,1,0.075
T0001474,C000214,2024-03-31,3139.31,online,Pune,11,0.059
T0001475,C005000,2024-09-26,1446.12,store,Bhopal,11,0.004
T0001476,C000639,2024-10-28,1070.94,online,Bengaluru,11,0.01
T0001477,C003386,2025-06-12,1637.25,mobile,Kolkata,6,0.067
T0001478,C004893,2025-02-18,1458.14,mobile,Delhi,9,0.125
T0001479,C005152,2025-04-26,2533.26,store,Hyderabad,9,0.069
T0001480,C003866,2025-04-01,2019.26,store,Chennai,6,0.033
T0001481,C001688,2024-10-19,1008.77,online,Delhi,5,
T0001482,C005221,2024-02-08,2289.5,store,Hyderabad,8,
T0001483,C000692,2025-11-28,4324.85,mobile,Chennai,11,0.017
T0001484,C002170,2025-08-25,3063.99,online,Hyderabad,5,0.084
T0001485,C002809,2025-09-12,1938.51,store,Chennai,3,0.008
T0001486,C001033,2024-12-17,2516.15,phone,Kochi,8,0.092
T0001487,C000266,2024-01-16,759.76,online,Jaipur,8,0.208
T0001488,C002116,2025-10-31,4085.49,store,Bengaluru,2,0.019
T0001489,C000067,2024-04-16,281.47,mobile,Mumbai,2,0.185
T0001490,C000635,2024-04-28,3013.6,online,Kochi,11,
T0001491,C003716,2024-01-21,10528.95,online,Kochi,8,0.064
T0001492,C003709,2025-04-30,4741.82,online,Mumbai,11,0.072
T0001493,C003403,2024-03-08,13413.4,online,Lucknow,5,0.13
T0001494,C001018,2024-08-17,356.49,online,Jaipur,2,0.168
T0001495,C001996,2024-10-22,4199.96,online,Chennai,7,0.03
T0001496,C000258,2024-03-28,819.97,store,Mumbai,10,0.054
T0001497,C000563,2025-09-29,788.88,online,Mumbai,8,0.005
T0001498,C000446,2025-02-21,3738.32,online,Kolkata,2,0.156
T0001499,C001525,2024-07-24,1008.61,store,Kochi,5,0.001
T0001500,C003453,2025-04-15,801.37,online,Bhopal,1,0.075
T0001501,C002368,2025-11-29,1906.76,online,Delhi,11,0.04
T0001502,C000003,2024-03-05,1409.26,store,Chennai,6,0.035
T0001503,C005260,2024-10-04,893.41,mobile,Lucknow,9,0.138
T0001504,C005597,2024-05-10,1277.7,store,Kochi,11,0.009
T0001505,C006052,2024-01-10,12535.25,store,Lucknow,6,0.098
T0001506,C004624,2025-08-26,2697.89,store,Lucknow,8,0.045
T0001507,C005772,2025-09-17,3883.79,store,Ahmedabad,9,0.058
T0001508,C003766,2024-06-06,659.42,store,Delhi,7,0.009
T0001509,C004924,2024-09-02,265.99,mobile,Delhi,6,0.017
T0001510,C002059,2024-08-07,7564.43,online,Delhi,7,0.059
T0001511,C001485,2024-11-02,628.23,store,Mumbai,5,0.161
T0001512,C005551,2025-04-20,3346.07,online,Mumbai,10,0.062
T0001513,C001089,2025-11-20,2473.87,online,Hyderabad,4,0.112
T0001514,C005654,2025-12-05,3386.49,store,Kolkata,6,0.15
T0001515,C004484,2024-03-21,854.97,phone,Chennai,9,0.001
T0001516,C001694,2024-10-19,913.83,mobile,Jaipur,9,0.125
T0001517,C004806,2025-03-03,674.43,online,Mumbai,6,0.172
T0001518,C005674,2024-02-23,1254.76,phone,Delhi,4,0.171
T0001519,C004090,2024-01-27,3820.46,store,Ahmedabad,11,0.012
T0001520,C004901,2025-02-11,1448.02,online,Jaipur,3,
T0001521,C002968,2024-05-01,2068.24,mobile,Bengaluru,7,0.089
T0001522,C002945,2024-01-24,828.81,store,Pune,6,0.038
T0001523,C005361,2024-03-18,1330.62,mobile,Chennai,9,0.116
T0001524,C003067,2024-08-07,717.9,online,Lucknow,11,0.085
T0001525,C001769,2025-10-13,2626.67,mobile,Bengaluru,6,0.048
T0001526,C004708,2025-12-29,1133.27,online,Ahmedabad,7,0.024
T0001527,C003127,2024-07-09,5414.54,online,Pune,9,0.027
T0001528,C006145,2024-01-19,1829.11,mobile,Hyderabad,5,
T0001529,C001355,2024-11-01,511.15,store,Pune,9,0.037
T0001530,C005715,2024-03-29,1074.81,store,Jaipur,3,0.137
T0001531,C004050,2024-12-14,1963.72,mobile,Lucknow,8,0.006
T0001532,C005765,2025-09-20,3044.65,store,Bengaluru,3,0.005
T0001533,C000190,2025-10-27,3346.38,store,Ahmedabad,11,0.011
T0001534,C002113,2024-07-07,490.58,mobile,Kolkata,7,0.086
T0001535,C005045,2025-09-28,14918.42,store,Bhopal,1,0.04
T0001536,C005043,2024-01-07,4395.41,online,Jaipur,11,0.19
T0001537,C006240,2025-10-07,6564.49,online,Kolkata,4,0.022
T0001538,C001020,2025-09-08,2553.22,store,Delhi,7,0.061
T0001539,C005499,2025-12-24,1677.11,phone,Mumbai,8,0.113
T0001540,C004827,2025-08-10,2790.93,online,Ahmedabad,4,0.102
T0001541,C004430,2025-09-01,1689.62,online,Jaipur,9,0.124
T0001542,C003972,2025-02-18,1225.84,phone,Bengaluru,5,0.043
T0001543,C000191,2025-11-10,2177.74,online,Lucknow,11,0.018
T0001544,C002650,2024-08-14,1586.02,online,Delhi,3,0.212
T0001545,C001593,2024-06-16,3194.22,online,Pune,1,0.004
T0001546,C005370,2024-07-28,4941.97,online,Ahmedabad,7,0.014
T0001547,C000746,2025-08-15,4609.32,store,Chennai,4,0.026
T0001548,C001652,2024-03-02,2195.8,phone,Delhi,2,0.134
T0001549,C005208,2025-02-01,887.89,online,Jaipur,2,0.144
T0001550,C005453,2024-07-06,2746.68,online,Pune,5,0.088
T0001551,C004565,2025-02-24,8830.45,store,Hyderabad,1,0.078
T0001552,C004120,2024-12-04,7517.3,online,Bengaluru,9,0.022
T0001553,C002000,2024-05-11,1273.14,online,Ahmedabad,10,0.009
T0001554,C003104,2025-11-27,6751.47,phone,Delhi,10,0.035
T0001555,C001220,2025-08-12,3804.85,mobile,Bhopal,7,0.195
T0001556,C002821,2025-10-19,262.96,online,Bhopal,11,0.016
T0001557,C001683,2024-10-05,1817.83,phone,Lucknow,1,0.07
T0001558,C005074,2024-08-03,18565.95,store,Pune,5,
T0001559,C002352,2024-08-26,6961.7,online,Hyderabad,8,0.003
T0001560,C002173,2024-01-13,4709.28,mobile,Chennai,5,0.146
T0001561,C006254,2025-10-06,2963.0,online,Mumbai,6,0.07
T0001562,C001875,2024-09-13,1823.53,online,Delhi,1,0.006
T0001563,C002155,2025-04-06,1071.1,online,Delhi,8,0.003
T0001564,C001445,2025-08-01,3241.06,online,Ahmedabad,1,0.003
T0001565,C001711,2024-10-27,3341.94,store,Kolkata,2,0.02
T0001566,C005660,2024-04-25,6148.75,store,Ahmedabad,4,0.037
T0001567,C006142,2025-03-15,1058.29,store,Bhopal,4,0.064
T0001568,C002934,2024-02-26,1100.4,mobile,Bengaluru,3,0.141
T0001569,C005269,2024-07-10,7415.25,store,Ahmedabad,9,0.092
T0001570,C002509,2025-11-24,507.74,online,Mumbai,9,0.012
T0001571,C000709,2025-11-02,863.74,mobile,Delhi,7,0.106
T0001572,C004763,2024-03-10,2370.2,mobile,Kochi,3,0.056
T0001573,C004470,2025-11-10,3419.07,store,Chennai,2,0.055
T0001574,C004439,2025-01-20,559.98,online,Ahmedabad,7,
T0001575,C002172,2025-09-19,1632.59,store,Ahmedabad,3,0.038
T0001576,C006038,2024-01-27,1505.83,online,Bengaluru,9,0.036
T0001577,C001434,2025-12-25,9162.99,store,Mumbai,5,0.086
T0001578,C000017,2024-05-31,3081.57,online,Kochi,9,
T0001579,C004465,2024-11-23,759.35,online,Ahmedabad,11,0.131
T0001580,C006089,2024-04-30,709.39,store,Kochi,8,0.015
T0001581,C001843,2025-05-11,4128.03,store,Bhopal,10,0.067
T0001582,C004686,2024-07-05,7076.69,mobile,Pune,2,0.04
T0001583,C006168,2025-04-27,2199.03,online,Bhopal,8,0.113
T0001584,C000455,2025-04-17,5642.38,online,Mumbai,2,
T0001585,C004626,2025-11-23,2673.95,online,Kolkata,9,0.211
T0001586,C004838,2024-01-15,1852.87,online,Chennai,3,0.03
T0001587,C002885,2025-08-31,991.64,online,Lucknow,2,0.089
T0001588,C002549,2024-04-10,5061.18,mobile,Pune,5,0.117
T0001589,C000236,2025-01-25,6385.61,online,Chennai,9,0.033
T0001590,C001742,2025-08-27,1304.41,mobile,Bhopal,4,0.128
T0001591,C001853,2025-05-25,2227.35,store,Bhopal,6,0.054
T0001592,C005587,2024-05-14,2375.64,online,Pune,11,0.101
T0001593,C003045,2025-08-20,594.55,mobile,Delhi,4,0.035
T0001594,C004949,2025-05-05,684.4,store,Bhopal,1,0.05
T0001595,C002916,2024-05-10,2771.01,online,Ahmedabad,6,0.052
T0001596,C001937,2024-07-09,3073.63,store,Kochi,9,0.042
T0001597,C002056,2025-03-30,334.86,store,Ahmedabad,4,0.046
T0001598,C003908,2025-06-26,1003.45,mobile,Bengaluru,8,0.066
T0001599,C003394,2025-06-05,638.59,online,Delhi,1,0.129
T0001600,C003273,2024-09-28,710.29,online,Chennai,6,0.042
T0001601,C002743,2024-02-26,3751.83,store,Ahmedabad,4,0.072
T0001602,C000915,2025-12-05,2183.81,online,Bengaluru,9,0.008
T0001603,C004390,2024-02-06,801.31,store,Pune,9,0.036
T0001604,C000280,2024-02-22,1365.07,online,Delhi,3,0.18
T0001605,C004611,2024-11-29,303.58,store,Delhi,4,0.002
T0001606,C005174,2025-11-24,243.39,store,Chennai,6,0.131
T0001607,C003247,2025-04-19,185.75,store,Lucknow,10,0.024
T0001608,C002121,2024-02-29,155.18,store,Ahmedabad,1,0.068
T0001609,C001845,2025-04-22,7138.35,online,Ahmedabad,5,0.011
T0001610,C004490,2024-02-28,5348.04,store,Delhi,4,0.075
T0001611,C002805,2024-06-04,4751.68,online,Mumbai,2,0.096
T0001612,C000562,2024-10-13,2149.35,online,Kolkata,8,0.101
T0001613,C002057,2024-03-17,1148.29,online,Chennai,3,0.003
T0001614,C002370,2024-04-16,1917.08,online,Bengaluru,7,0.069
T0001615,C003747,2025-07-13,919.83,online,Lucknow,10,0.096
T0001616,C006182,2025-09-25,1625.25,store,Bengaluru,4,0.051
T0001617,C000262,2025-01-08,1910.66,online,Kochi,3,0.048
T0001618,C005042,2025-05-08,2427.85,online,Lucknow,6,0.002
T0001619,C000191,2025-02-01,4064.12,store,Hyderabad,7,0.03
T0001620,C002401,2024-02-13,1673.31,mobile,Jaipur,10,0.051
T0001621,C004101,2025-09-03,953.23,mobile,Kochi,9,0.052
T0001622,C005302,2024-04-28,1633.54,store,Mumbai,11,0.061
T0001623,C004490,2024-06-13,1959.12,store,Kochi,5,0.01
T0001624,C000213,2025-05-24,11044.54,online,Kolkata,1,0.012
T0001625,C005424,2024-10-18,38892.67,online,Delhi,5,0.003
T0001626,C003177,2025-11-27,3268.48,online,Delhi,7,0.042
T0001627,C003088,2024-02-05,10717.04,online,Mumbai,2,0.13
T0001628,C001804,2024-08-30,929.3,online,Bhopal,7,0.087
T0001629,C003029,2025-09-25,2282.22,store,Bengaluru,11,0.045
T0001630,C003449,2025-12-08,1397.86,online,Lucknow,2,0.062
T0001631,C005242,2025-03-09,6383.51,store,Kochi,3,0.122
T0001632,C004546,2025-01-20,180.45,store,Bhopal,4,0.0
T0001633,C003830,2025-07-06,3853.23,online,Kochi,1,0.041
T0001634,C003122,2025-11-13,2347.13,online,Lucknow,3,0.028
T0001635,C004927,2025-11-08,944.37,store,Hyderabad,6,0.046
T0001636,C000635,2024-04-19,1729.87,mobile,Delhi,1,0.193
T0001637,C003828,2024-02-16,1514.09,online,Mumbai,3,0.021
T0001638,C000799,2025-06-30,899.01,store,Kochi,9,0.02
T0001639,C005383,2024-05-31,1056.79,online,Bhopal,2,0.038
T0001640,C000810,2024-07-17,809.37,online,Mumbai,5,0.016
T0001641,C004875,2024-09-09,6760.3,online,Bhopal,11,0.098
T0001642,C000880,2025-01-24,1240.79,mobile,Jaipur,4,0.164
T0001643,C001706,2025-03-18,10886.61,online,Kolkata,4,0.05
T0001644,C003727,2025-03-11,9633.68,store,Lucknow,11,0.219
T0001645,C002948,2024-10-07,2375.38,mobile,Bengaluru,11,0.17
T0001646,C005090,2025-09-04,5135.27,online,Pune,10,0.209
T0001647,C003713,2025-10-03,2931.36,online,Delhi,7,0.005
T0001648,C004700,2025-11-11,946.34,store,Bengaluru,11,0.069
T0001649,C002788,2024-03-28,1199.55,online,Jaipur,1,0.03
T0001650,C004118,2025-11-20,3306.23,mobile,Hyderabad,9,0.007
T0001651,C001286,2024-01-24,2416.0,online,Pune,5,0.007
T0001652,C002573,2024-01-17,1184.51,online,Mumbai,1,0.128
T0001653,C004421,2024-09-08,580.36,online,Kolkata,11,0.031
T0001654,C000529,2025-02-23,19460.8,store,Ahmedabad,4,0.153
T0001655,C004174,2024-07-25,5333.06,online,Bhopal,5,0.154
T0001656,C002376,2025-10-24,248.1,online,Ahmedabad,7,0.102
T0001657,C004966,2025-08-20,2012.29,mobile,Jaipur,4,0.209
T0001658,C006115,2025-07-31,1891.02,online,Kolkata,10,0.055
T0001659,C006009,2025-06-14,1290.95,store,Bengaluru,10,0.06
T0001660,C004083,2024-06-03,3513.01,mobile,Bhopal,5,0.142
T0001661,C001231,2024-06-20,2437.84,store,Lucknow,9,0.059
T0001662,C001377,2025-03-25,5326.92,online,Ahmedabad,10,0.013
T0001663,C004856,2024-04-30,2270.31,phone,Lucknow,1,0.023
T0001664,C002678,2025-12-03,591.05,mobile,Mumbai,7,0.04
T0001665,C004806,2024-08-15,8224.04,store,Mumbai,9,0.104
T0001666,C000385,2024-07-23,1711.89,mobile,Hyderabad,10,0.089
T0001667,C005383,2025-05-01,-5459.57,store,Delhi,6,0.011
T0001668,C003162,2024-09-18,990.52,online,Kolkata,2,0.046
T0001669,C002112,2025-05-14,5036.4,online,Mumbai,2,0.019
T0001670,C005314,2024-01-24,1416.78,store,Bengaluru,4,0.009
T0001671,C002915,2024-04-27,2500.99,store,Lucknow,6,0.123
T0001672,C006244,2025-06-03,1526.98,online,Mumbai,6,0.144
T0001673,C001682,2025-09-14,4854.46,store,Ahmedabad,5,0.067
T0001674,C000146,2025-03-23,2638.14,online,Jaipur,1,0.212
T0001675,C004417,2024-11-08,1147.57,online,Ahmedabad,6,0.071
T0001676,C003413,2025-11-13,361.22,online,Jaipur,3,0.051
T0001677,C_BAD_009,2024-06-01,7649.95,store,Bhopal,3,0.034
T0001678,C001599,2025-08-20,686.32,store,Lucknow,6,0.057
T0001679,C003565,2024-08-23,409.7,online,Mumbai,11,0.073
T0001680,C004978,2025-12-25,579.61,store,Mumbai,1,0.004
T0001681,C006067,2025-07-31,3214.68,online,Hyderabad,5,0.03
T0001682,C006120,2024-11-08,1227.39,store,Ahmedabad,1,0.042
T0001683,C004763,2024-06-06,880.66,online,Ahmedabad,7,0.035
T0001684,C001530,2025-02-20,1846.3,online,Pune,6,0.047
T0001685,C003459,2025-05-11,5467.03,online,Mumbai,6,0.055
T0001686,C003881,2025-09-22,2193.34,online,Kochi,7,0.13
T0001687,C005700,2024-07-18,2272.17,mobile,Mumbai,4,0.065
T0001688,C003059,2025-07-14,1668.03,phone,Mumbai,8,0.089
T0001689,C003041,2024-08-26,530.65,mobile,Kochi,4,0.038
T0001690,C001410,2025-12-20,1089.89,store,Pune,11,0.008
T0001691,C001510,2025-03-31,1304.92,online,Chennai,5,
T0001692,C000171,2025-04-01,1233.08,online,Chennai,8,0.078
T0001693,C002235,2024-09-21,3115.32,store,Jaipur,9,0.155
T0001694,C001280,2025-07-25,541.69,mobile,Jaipur,6,0.082
T0001695,C004930,2025-05-31,2060.19,store,Jaipur,2,0.001
T0001696,C006194,2024-04-24,876.47,mobile,Kochi,1,0.07
T0001697,C005700,2025-05-21,9110.84,store,Chennai,8,0.074
T0001698,C003239,2024-08-28,1205.07,store,Bhopal,11,0.032
T0001699,C004224,2025-12-12,1258.93,online,Ahmedabad,9,0.015
T0001700,C_BAD_016,2025-12-02,107.51,online,Bengaluru,3,0.054
T0001701,C001563,2024-06-11,796.16,online,Mumbai,9,
T0001702,C002025,2025-04-23,1177.45,online,Lucknow,7,0.115
T0001703,C002443,2024-01-24,11642.492835904992,online,Bengaluru,1,0.052
T0001704,C000212,2024-09-11,1483.86,phone,Bhopal,5,0.053
T0001705,C002351,2024-04-06,67.21,online,Lucknow,6,0.12
T0001706,C002985,2024-08-08,1019.4,mobile,Jaipur,4,0.071
T0001707,C000246,2025-06-06,3326.54,store,Chennai,5,0.018
T0001708,C005700,2024-11-05,1554.23,phone,Lucknow,2,0.027
T0001709,C002644,2024-02-29,5441.04,store,Mumbai,7,0.032
T0001710,C005257,2025-04-18,1766.64,online,Kolkata,2,0.003
T0001711,C001617,2024-05-24,4224.79,mobile,Ahmedabad,8,0.039
T0001712,C002531,2025-01-09,1234.92,phone,Bengaluru,9,0.108
T0001713,C002347,2025-05-27,761.12,online,Kolkata,2,0.079
T0001714,C000399,2024-03-09,1173.58,mobile,Pune,6,0.025
T0001715,C002527,2025-05-20,4006.13,online,Lucknow,7,0.115
T0001716,C003025,2025-06-23,897.3,store,Kochi,3,0.014
T0001717,C005190,2025-03-08,4012.26,online,Delhi,11,0.077
T0001718,C002782,2025-03-11,584.5,online,Mumbai,8,0.076
T0001719,C001487,2025-07-29,19377.47,online,Delhi,4,0.153
T0001720,C000895,2024-07-28,3689.55,store,Ahmedabad,11,0.031
T0001721,C002879,2025-06-08,728.41,store,Hyderabad,7,0.056
T0001722,C002968,2024-09-15,595.77,online,Chennai,10,0.117
T0001723,C002471,2025-07-16,4770.61,online,Hyderabad,10,0.066
T0001724,C005289,2024-06-11,766.09,online,Chennai,10,0.008
T0001725,C005939,2025-05-29,1346.59,online,Kochi,5,0.051
T0001726,C006249,2025-06-23,973.14,online,Kochi,2,0.041
T0001727,C001442,2024-11-20,487.39,store,Chennai,7,0.083
T0001728,C001040,2024-04-20,6626.06,online,Hyderabad,2,0.053
T0001729,C004282,2024-10-03,6829.99,online,Kochi,6,0.022
T0001730,C000664,2025-07-25,706.55,store,Lucknow,3,0.049
T0001731,C003707,2025-06-21,3302.2,store,Bengaluru,10,0.075
T0001732,C002977,2025-03-03,589.47,mobile,Mumbai,11,0.078
T0001733,C002339,2024-09-22,3983.77,online,Chennai,8,0.06
T0001734,C004519,2024-02-15,4211.86,mobile,Bhopal,11,
T0001735,C000803,2024-06-06,459.0,online,Kochi,8,0.065
T0001736,C000929,2025-03-24,2238.48,online,Hyderabad,4,0.019
T0001737,C000494,2025-11-03,3449.93,mobile,Kochi,6,0.159
T0001738,C004909,2024-03-02,7246.64,store,Jaipur,6,0.057
T0001739,C002120,2024-11-18,617.24,online,Ahmedabad,3,0.073
T0001740,C005994,2024-09-03,9356.14,online,Delhi,1,0.01
T0001741,C000339,2025-08-09,2668.51,online,Pune,10,0.142
T0001742,C006133,2024-06-30,1596.73,store,Kochi,10,0.026
T0001743,C006207,2024-06-02,4065.96,mobile,Kolkata,5,0.0
T0001744,C004100,2024-05-31,4284.65,online,Ahmedabad,3,0.018
T0001745,C001287,2025-07-22,1421.81,mobile,Kochi,8,0.103
T0001746,C000581,2024-11-17,4670.37,online,Delhi,2,0.244
T0001747,C004974,2024-10-29,2438.56,online,Pune,8,0.011
T0001748,C002054,2025-12-22,1412.62,online,Lucknow,10,0.033
T0001749,C005732,2025-09-14,1571.03,store,Bengaluru,7,0.12
T0001750,C002016,2025-04-24,1343.12,online,Hyderabad,8,0.026
T0001751,C000937,2025-03-31,2542.7,store,Jaipur,8,0.022
T0001752,C003568,2024-04-19,1610.86,online,Bengaluru,6,0.114
T0001753,C003135,2025-12-12,799.14,mobile,Bhopal,8,0.161
T0001754,C002719,2024-04-19,3017.27,store,Chennai,9,0.042
T0001755,C003960,2025-03-11,3086.48,online,Lucknow,7,0.087
T0001756,C004626,2024-07-26,1849.47,store,Chennai,3,0.039
T0001757,C001383,2024-06-23,2361.03,online,Hyderabad,9,0.009
T0001758,C001432,2024-05-25,12245.65,store,Chennai,8,0.072
T0001759,C005331,2024-04-07,652.84,store,Pune,5,0.04
T0001760,C002111,2025-09-11,2722.46,online,Bhopal,1,0.023
T0001761,C004900,2024-09-09,2381.5,store,Hyderabad,7,0.067
T0001762,C001797,2024-07-06,861.66,store,Jaipur,4,0.104
T0001763,C004607,2025-10-05,406.01,store,Ahmedabad,3,0.078
T0001764,C005631,2025-11-12,405.88,online,Kochi,3,
T0001765,C002972,2024-04-18,523.29,mobile,Bhopal,2,0.034
T0001766,C005117,2024-02-22,6233.4,online,Jaipur,4,
T0001767,C003950,2025-04-27,2478.85,online,Bengaluru,9,0.038
T0001768,C001486,2025-01-25,1482.35,store,Kochi,3,0.05
T0001769,C000659,2025-09-11,1237.33,phone,Bhopal,10,0.016
T0001770,C_BAD_012,2025-07-16,1607.15,online,Ahmedabad,8,0.034
T0001771,C005111,2025-07-04,5782.12,online,Kochi,4,
T0001772,C003984,2024-07-05,768.97,online,Pune,2,0.03
T0001773,C001012,2025-06-28,10049.2,online,Ahmedabad,1,
T0001774,C003598,2025-12-12,4431.45,online,Kolkata,1,0.041
T0001775,C005483,2024-11-30,575.62,online,Kolkata,1,0.06
T0001776,C005463,2025-01-05,2271.77,online,Chennai,8,0.117
T0001777,C001318,2025-12-02,4691.81,store,Kochi,6,0.07
T0001778,C004833,2025-03-18,1211.42,store,Ahmedabad,7,0.018
T0001779,C005972,2024-07-30,948.55,store,Hyderabad,2,0.027
T0001780,C004650,2025-11-10,961.39,mobile,Kochi,4,0.012
T0001781,C004962,2024-12-10,247.53,online,Bhopal,6,0.033
T0001782,C002944,2024-11-15,11843.15,mobile,Kolkata,8,0.144
T0001783,C004108,2024-07-19,1205.72,mobile,Hyderabad,6,0.08
T0001784,C005850,2025-08-29,1724.6,online,Pune,11,0.111
T0001785,C005446,2024-12-06,1250.7,online,Hyderabad,4,0.168
T0001786,C005995,2024-08-26,5079.78,mobile,Lucknow,4,0.0
T0001787,C003488,2024-07-01,727.43,store,Mumbai,6,0.238
T0001788,C004266,2025-09-17,1612.73,online,Ahmedabad,10,0.092
T0001789,C004100,2024-01-23,698.56,store,Kolkata,11,0.05
T0001790,C004127,2025-09-25,2590.9,online,Mumbai,9,0.161
T0001791,C001580,2024-05-09,1268.97,online,Pune,10,0.009
T0001792,C000671,2025-05-26,659.83,store,Hyderabad,8,0.022
T0001793,C000085,2025-03-23,10680.48,online,Ahmedabad,7,0.206
T0001794,C004825,2025-12-19,8246.21,mobile,Kochi,11,0.101
T0001795,C003541,2025-01-03,501.66,store,Jaipur,1,0.002
T0001796,C005664,2024-12-07,1803.78,store,Ahmedabad,10,0.024
T0001797,C004996,2024-02-22,632.51,online,Delhi,9,0.245
T0001798,C001571,2025-04-06,1929.12,online,Kolkata,4,0.03
T0001799,C002124,2025-10-07,1029.2,online,Pune,1,0.03
T0001800,C004567,2025-10-11,1952.79,online,Bengaluru,8,0.039
T0001801,C002577,2024-07-06,-1289.59,online,Bhopal,2,0.048
T0001802,C001189,2024-12-30,2175.71,mobile,Lucknow,9,0.066
T0001803,C003993,2025-06-10,1336.66,mobile,Mumbai,6,
T0001804,C004589,2025-11-15,6424.97,store,Mumbai,8,
T0001805,C002118,2024-05-10,1221.97,store,Lucknow,2,0.168
T0001806,C004156,2024-09-18,1717.36,online,Pune,8,0.019
T0001807,C000217,2024-12-13,1378.22,online,Pune,11,0.038
T0001808,C003426,2025-08-15,2102.59,online,Delhi,7,0.091
T0001809,C005925,2025-11-04,2005.62,online,Delhi,1,0.059
T0001810,C004507,2025-09-25,2599.83,online,Jaipur,6,0.129
T0001811,C005149,2025-07-07,4262.82,online,Bengaluru,9,0.004
T0001812,C002621,2024-06-20,3380.81,mobile,Lucknow,5,0.076
T0001813,C005662,2024-03-16,1466.3,online,Kochi,4,0.045
T0001814,C006002,2025-09-07,2385.61,mobile,Delhi,3,0.015
T0001815,C001937,2025-07-27,1290.34,mobile,Chennai,9,0.035
T0001816,C003401,2025-12-25,1915.02,store,Mumbai,10,
T0001817,C002817,2025-11-27,1663.41,store,Pune,8,0.003
T0001818,C004414,2025-12-30,2978.2,online,Jaipur,1,0.153
T0001819,C002346,2025-05-28,6501.08,mobile,Bengaluru,10,0.133
T0001820,C001831,2025-11-02,2152.4,mobile,Jaipur,5,0.104
T0001821,C005334,2024-11-02,9284.92,store,Chennai,10,0.027
T0001822,C005702,2024-04-17,890.47,phone,Delhi,10,
T0001823,C003523,2024-07-26,2247.17,online,Lucknow,9,0.053
T0001824,C001721,2024-02-21,1790.33,mobile,Bengaluru,5,0.001
T0001825,C001302,2024-06-08,627.39,mobile,Pune,10,0.029
T0001826,C004896,2025-04-15,443.26,store,Ahmedabad,11,0.029
T0001827,C003752,2024-02-08,6298.95,store,Chennai,1,0.083
T0001828,C001064,2024-01-13,773.85,mobile,Ahmedabad,5,0.002
T0001829,C004014,2025-05-25,2525.65,online,Kochi,11,0.011
T0001830,C004626,2024-12-25,8827.18,mobile,Delhi,6,0.059
T0001831,C003818,2024-11-22,1097.08,online,Ahmedabad,10,0.005
T0001832,C005771,2024-11-01,4319.47,online,Kochi,4,0.028
T0001833,C005118,2025-06-17,678.39,mobile,Kolkata,3,0.005
T0001834,C004910,2024-04-16,1018.73,online,Lucknow,5,0.021
T0001835,C001384,2024-08-09,1377.15,mobile,Bengaluru,11,0.021
T0001836,C005080,2025-04-13,1580.65,online,Hyderabad,8,0.093
T0001837,C003678,2024-06-15,1319.22,mobile,Lucknow,8,0.003
T0001838,C000502,2024-06-12,5711.63,online,Bengaluru,2,0.026
T0001839,C004956,2025-05-27,1109.54,online,Bhopal,10,0.013
T0001840,C002764,2025-09-03,22473.16,phone,Lucknow,7,0.05
T0001841,C002736,2024-06-13,29171.81,store,Pune,2,0.036
T0001842,C005790,2025-10-07,529.0,mobile,Lucknow,4,0.089
T0001843,C001477,2025-07-10,1529.01,mobile,Kochi,10,0.074
T0001844,C001395,2024-07-02,471.98,store,Pune,2,0.057
T0001845,C004449,2024-09-19,755.23,mobile,Mumbai,4,0.056
T0001846,C004514,2024-07-17,97.63,store,Pune,2,0.093
T0001847,C002886,2025-09-16,8008.85,online,Kochi,6,0.021
T0001848,C003430,2024-01-21,394.77,store,Kolkata,7,0.071
T0001849,C006183,2024-03-07,700.16,store,Kolkata,2,0.016
T0001850,C004307,2025-05-08,8461.06,store,Mumbai,7,0.083
T0001851,C005497,2025-04-09,980.66,online,Hyderabad,8,0.057
T0001852,C000433,2024-11-06,1028.85,online,Jaipur,2,0.016
T0001853,C005711,2024-12-21,2309.63,mobile,Chennai,5,0.011
T0001854,C000255,2024-03-05,868.44,online,Chennai,1,0.174
T0001855,C001113,2025-10-18,1101.16,online,Mumbai,5,0.04
T0001856,C001053,2025-01-31,1904.61,online,Kolkata,4,0.009
T0001857,C000168,2024-10-28,2046.28,online,Kolkata,8,
T0001858,C005432,2025-10-18,589.81,mobile,Kolkata,9,0.001
T0001859,C004402,2024-06-19,854.52,store,Chennai,1,0.01
T0001860,C004254,2025-09-02,502.28,store,Pune,11,0.006
T0001861,C006035,2024-06-17,1140.96,store,Kochi,10,0.03
T0001862,C005937,2024-07-20,1603.59,store,Hyderabad,5,0.028
T0001863,C003972,2025-06-03,364.57,store,Jaipur,4,0.016
T0001864,C005603,2025-06-06,387.28,online,Hyderabad,5,0.023
T0001865,C000051,2024-06-21,1409.19,store,Kolkata,4,0.022
T0001866,C005948,2025-08-19,17440.12,store,Bhopal,5,0.066
T0001867,C005863,2025-05-29,1200.92,online,Delhi,2,0.218
T0001868,C002467,2024-01-02,3947.03,mobile,Pune,9,0.097
T0001869,C004519,2024-03-27,2629.23,store,Bengaluru,4,0.078
T0001870,C002171,2025-03-25,5466.06,mobile,Jaipur,5,0.032
T0001871,C004945,2025-12-19,8372.19,store,Bhopal,9,0.143
T0001872,C005352,2025-10-17,1652.27,store,Bhopal,6,0.07
T0001873,C004940,2025-12-12,881.76,online,Ahmedabad,9,0.046
T0001874,C003934,2024-12-10,3196.5,online,Kolkata,1,0.066
T0001875,C004734,2024-10-19,1179.24,online,Chennai,2,0.079
T0001876,C005318,2024-07-09,1779.06,store,Kochi,10,0.125
T0001877,C003849,2025-01-30,5505.9,online,Mumbai,6,0.114
T0001878,C001533,2025-11-10,147.75,online,Chennai,10,0.038
T0001879,C001928,2024-02-07,1666.16,online,Hyderabad,6,0.06
T0001880,C003096,2025-04-01,664.0,online,Pune,6,0.063
T0001881,C005744,2024-07-18,4859.49,mobile,Lucknow,10,
T0001882,C002613,2025-03-07,12322.27,online,Bhopal,10,0.003
T0001883,C002769,2025-06-15,3998.26,online,Lucknow,8,0.079
T0001884,C004688,2024-03-25,3034.23,online,Kolkata,1,0.101
T0001885,C005473,2024-07-08,712.75,online,Hyderabad,1,0.029
T0001886,C002408,2025-02-04,957.75,mobile,Delhi,6,0.051
T0001887,C001400,2025-12-24,4671.96,store,Mumbai,11,0.087
T0001888,C005443,2025-01-02,8587.48,online,Kochi,6,0.121
T0001889,C001904,2024-04-09,2002.1,online,Delhi,10,0.006
T0001890,C001340,2024-03-06,-3027.25,mobile,Bengaluru,2,0.001
T0001891,C005578,2025-10-10,1049.88,store,Bengaluru,7,0.037
T0001892,C002684,2024-11-15,1848.28,store,Lucknow,4,0.024
T0001893,C002120,2025-09-03,8416.78,online,Mumbai,2,0.008
T0001894,C001884,2025-10-03,3457.04,store,Kolkata,1,0.116
T0001895,C000868,2025-08-14,952.25,store,Chennai,7,0.129
T0001896,C002468,2025-10-05,3844.72,online,Jaipur,6,
T0001897,C000842,2025-05-23,1765.31,online,Bengaluru,11,0.015
T0001898,C005721,2024-11-02,3440.01,online,Bhopal,1,0.035
T0001899,C002675,2025-03-15,5317.39,store,Bhopal,3,0.015
T0001900,C005776,2025-07-17,347.1,mobile,Pune,8,
T0001901,C004686,2025-05-10,4941.48,online,Bengaluru,11,0.06
T0001902,C001404,2024-07-18,1851.91,online,Mumbai,4,
T0001903,C005132,2025-03-30,880.3,store,Kolkata,11,0.004
T0001904,C001064,2024-08-28,572.83,online,Jaipur,1,0.149
T0001905,C004578,2024-04-04,645.97,online,Lucknow,4,0.043
T0001906,C003822,2025-03-22,3758.23,online,Lucknow,6,0.015
T0001907,C002291,2025-06-20,4052.54,store,Chennai,2,0.106
T0001908,C003930,2025-05-19,2177.86,online,Kolkata,9,0.013
T0001909,C006170,2024-05-30,987.92,store,Ahmedabad,4,
T0001910,C004426,2024-04-04,1735.97,online,Mumbai,1,0.022
T0001911,C003773,2025-03-22,484.62,mobile,Kochi,3,0.04
T0001912,C002612,2025-06-05,1648.22,store,Jaipur,5,0.098
T0001913,C000237,2024-12-13,2331.78,store,Hyderabad,3,0.07
T0001914,C004102,2025-10-30,6897.18,store,Lucknow,11,0.065
T0001915,C003994,2024-04-18,5886.3,mobile,Chennai,1,0.037
T0001916,C005857,2024-12-28,1568.69,online,Bhopal,7,0.004
T0001917,C001877,2025-04-15,656.25,mobile,Pune,1,0.053
T0001918,C005853,2024-08-02,5627.33,mobile,Mumbai,1,0.044
T0001919,C006117,2025-12-26,3584.04,online,Mumbai,4,0.067
T0001920,C003106,2025-11-13,2193.25,online,Mumbai,11,0.042
T0001921,C006068,2025-02-04,4701.42,store,Kolkata,6,0.001
T0001922,C005351,2024-01-16,8788.21,store,Jaipur,2,0.073
T0001923,C001930,2024-10-03,673.85,online,Jaipur,2,0.017
T0001924,C002422,2024-07-23,2788.02,online,Bengaluru,4,0.134
T0001925,C005156,2025-03-16,1911.9,online,Lucknow,9,0.128
T0001926,C004281,2025-04-15,4319.01,online,Mumbai,7,0.002
T0001927,C000377,2025-04-28,278.89,online,Jaipur,8,0.053
T0001928,C001708,2024-02-13,5186.21,store,Chennai,4,
T0001929,C004493,2025-10-19,2544.04,mobile,Kolkata,1,0.022
T0001930,C004036,2024-12-19,4293.73,mobile,Kochi,1,0.09
T0001931,C006195,2024-03-27,9992.11,store,Jaipur,7,0.165
T0001932,C003704,2025-06-26,527.57,store,Pune,4,
T0001933,C000525,2025-12-03,4597.65,store,Mumbai,11,0.16
T0001934,C000388,2024-06-02,7316.62,online,Kochi,8,0.014
T0001935,C005912,2024-05-21,4836.82,store,Jaipur,5,0.072
T0001936,C006038,2025-03-19,11384.61,store,Delhi,7,
T0001937,C001511,2025-01-01,940.75,online,Bengaluru,11,0.152
T0001938,C005973,2024-01-16,2695.22,online,Kolkata,3,0.096
T0001939,C005489,2024-02-11,798.04,mobile,Pune,1,0.085
T0001940,C004850,2025-02-13,1170.56,store,Chennai,1,0.057
T0001941,C001741,2024-10-27,2181.3,online,Bhopal,10,0.046
T0001942,C005299,2025-05-19,9157.39,store,Bengaluru,1,0.03
T0001943,C002819,2025-01-24,954.69,mobile,Mumbai,3,0.079
T0001944,C001237,2024-02-12,3728.57,store,Mumbai,1,0.103
T0001945,C003303,2024-05-18,325.43,online,Kolkata,1,0.038
T0001946,C005365,2024-03-19,1824.97,mobile,Kochi,1,0.181
T0001947,C004261,2025-09-25,1647.26,online,Jaipur,2,0.032
T0001948,C004916,2024-01-25,749.26,phone,Bhopal,7,0.118
T0001949,C000422,2025-01-30,7484.93,store,Chennai,9,0.006
T0001950,C000637,2024-10-31,9506.79,online,Mumbai,7,0.052
T0001951,C001730,2025-02-10,296.53,mobile,Pune,5,
T0001952,C002914,2025-10-13,1870.34,mobile,Lucknow,3,0.103
T0001953,C000002,2025-03-31,86486.10553178348,store,Kolkata,11,0.049
T0001954,C003710,2024-11-27,10053.2,mobile,Chennai,8,0.169
T0001955,C002513,2025-11-22,270821.25012481364,store,Chennai,5,0.115
T0001956,C006124,2025-06-15,2007.79,phone,Lucknow,7,0.07
T0001957,C002918,2025-05-12,1110.94,online,Bengaluru,10,0.212
T0001958,C000463,2025-08-16,1856.79,store,Lucknow,2,0.054
T0001959,C004611,2024-12-29,-6713.04,mobile,Bengaluru,10,0.149
T0001960,C000380,2025-08-03,9437.63,online,Mumbai,4,0.046
T0001961,C005218,2025-04-06,1978.2,online,Hyderabad,4,0.02
T0001962,C004373,2025-07-15,6328.04,store,Kolkata,4,0.061
T0001963,C005678,2024-04-08,5536.65,online,Bhopal,8,0.025
T0001964,C000451,2024-08-26,2631.01,online,Lucknow,3,0.025
T0001965,C003610,2025-12-24,455.9,mobile,Jaipur,1,0.006
T0001966,C005482,2024-02-21,3148.64,store,Ahmedabad,8,0.035
T0001967,C005265,2024-02-16,1135.61,store,Mumbai,1,0.089
T0001968,C004364,2025-03-23,1822.28,online,Ahmedabad,8,0.037
T0001969,C005066,2024-07-13,5235.91,store,Lucknow,7,
T0001970,C000789,2024-09-12,3879.01,online,Mumbai,10,0.018
T0001971,C004610,2025-07-25,1688.67,store,Chennai,5,
T0001972,C005542,2024-01-18,5133.48,online,Ahmedabad,3,0.021
T0001973,C002745,2024-05-19,12179.29,mobile,Ahmedabad,9,0.053
T0001974,C004489,2025-12-11,6266.67,mobile,Mumbai,11,0.005
T0001975,C002559,2024-10-02,1111.53,mobile,Pune,2,0.083
T0001976,C001330,2024-09-27,1502.46,online,Delhi,4,0.057
T0001977,C002512,2024-12-26,832.92,online,Lucknow,3,0.034
T0001978,C005474,2024-10-22,1287.83,mobile,Kochi,1,
T0001979,C005361,2024-05-12,3146.44,mobile,Kolkata,3,0.104
T0001980,C005309,2024-11-02,653.41,store,Mumbai,1,0.022
T0001981,C001825,2025-03-30,5488.6,online,Delhi,6,0.064
T0001982,C001538,2025-07-11,1555.75,store,Chennai,2,0.026
T0001983,C000715,2024-06-22,3361.9,mobile,Kolkata,10,0.006
T0001984,C002104,2025-10-30,1199.81,online,Chennai,11,0.016
T0001985,C003905,2025-06-09,6460.76,store,Bhopal,2,0.021
T0001986,C005249,2024-10-12,2614.05,online,Ahmedabad,4,
T0001987,C003339,2025-10-26,2612.94,store,Kolkata,10,0.022
T0001988,C002918,2024-09-29,941.39,mobile,Mumbai,4,0.146
T0001989,C002077,2024-07-16,564.73,store,Mumbai,6,0.043
T0001990,C005578,2024-09-09,3199.21,store,Bengaluru,7,0.045
T0001991,C002109,2025-11-05,1576.13,store,Delhi,7,0.119
T0001992,C002891,2025-12-05,1417.58,online,Ahmedabad,2,0.117
T0001993,C003457,2024-04-21,1277.13,online,Bhopal,7,0.053
T0001994,C005663,2024-01-30,1776.06,mobile,Delhi,5,0.086
T0001995,C005920,2025-04-24,842.12,mobile,Pune,6,0.046
T0001996,C005103,2024-07-30,1767.15,store,Bhopal,2,0.097
T0001997,C001373,2025-11-27,1642.06,online,Ahmedabad,3,0.18
T0001998,C003583,2024-02-26,4832.63,store,Kochi,8,0.045
T0001999,C006163,2024-01-24,2617.23,online,Lucknow,5,0.245
T0002000,C000009,2025-11-04,556.93,online,Bhopal,3,0.184
T0002001,C001795,2025-05-20,1337.27,store,Kochi,5,0.119
T0002002,C001687,2024-10-16,648.72,store,Ahmedabad,1,0.063
T0002003,C005828,2024-04-12,319.12,store,Bhopal,1,0.021
T0002004,C001351,2024-08-16,4482.72,mobile,Pune,3,0.011
T0002005,C001835,2025-01-21,2374.73,online,Chennai,2,0.041
T0002006,C005114,2024-09-16,1023.29,phone,Pune,5,0.072
T0002007,C001223,2025-02-26,2430.91,mobile,Bhopal,11,0.106
T0002008,C000277,2024-12-13,4472.03,store,Delhi,2,0.111
T0002009,C004310,2024-12-28,749.82,phone,Kochi,5,0.074
T0002010,C003638,2024-06-30,631.05,store,Ahmedabad,10,0.044
T0002011,C004098,2024-10-21,1812.81,online,Bengaluru,2,0.054
T0002012,C003612,2025-05-10,6738.46,online,Ahmedabad,5,0.008
T0002013,C004613,2024-11-19,656.95,online,Lucknow,2,0.004
T0002014,C001455,2024-05-15,985.33,online,Kolkata,11,0.127
T0002015,C005537,2025-09-08,1567.63,phone,Kolkata,2,0.034
T0002016,C004935,2025-12-10,886.75,online,Bhopal,11,0.093
T0002017,C005883,2025-11-06,1184.85,mobile,Bengaluru,11,0.017
T0002018,C002201,2025-04-05,1600.75,online,Pune,4,0.101
T0002019,C003788,2025-03-04,21693.79,mobile,Lucknow,5,0.181
T0002020,C006096,2024-01-10,410.49,store,Bengaluru,8,0.049
T0002021,C000462,2024-01-16,1716.48,mobile,Lucknow,8,0.3
T0002022,C004341,2025-03-28,1610.69,mobile,Lucknow,7,0.094
T0002023,C000385,2024-07-12,3033.68,store,Bengaluru,2,0.06
T0002024,C003325,2025-09-27,1743.89,online,Bhopal,9,0.111
T0002025,C001344,2024-09-18,505.49,online,Mumbai,10,0.107
T0002026,C003334,2024-03-26,1257.91,store,Pune,3,0.004
T0002027,C002655,2024-09-20,2375.37,online,Bengaluru,10,0.01
T0002028,C002933,2024-01-25,3075.74,mobile,Lucknow,5,0.059
T0002029,C004745,2025-05-06,13241.79,store,Kochi,6,0.125
T0002030,C003190,2024-05-25,743.07,online,Hyderabad,11,0.052
T0002031,C005076,2025-10-03,2509.26,mobile,Bengaluru,11,0.08
T0002032,C004393,2024-06-27,729.04,store,Bhopal,5,0.044
T0002033,C002926,2025-03-01,-7779.4,mobile,Kochi,7,0.14
T0002034,C005803,2025-11-09,1745.82,mobile,Kochi,2,0.031
T0002035,C003148,2025-04-17,1897.22,store,Delhi,7,0.076
T0002036,C001118,2025-09-07,1681.08,online,Delhi,8,0.008
T0002037,C000368,2025-05-18,609.38,online,Bengaluru,10,0.046
T0002038,C006255,2025-07-19,435.99,store,Pune,10,0.016
T0002039,C001843,2024-07-04,495.85,mobile,Kochi,9,0.033
T0002040,C002394,2025-09-20,2955.76,online,Ahmedabad,8,0.234
T0002041,C004367,2024-09-29,3392.55,store,Lucknow,11,0.161
T0002042,C001287,2024-03-02,1729.19,online,Chennai,1,0.015
T0002043,C000069,2024-09-25,13548.08,mobile,Hyderabad,3,0.002
T0002044,C003635,2025-12-27,697.39,mobile,Mumbai,2,0.11
T0002045,C002859,2024-10-02,4972.82,online,Delhi,2,0.166
T0002046,C004177,2024-11-14,2121.73,store,Mumbai,3,0.08
T0002047,C002567,2025-09-10,1511.08,mobile,Delhi,4,0.071
T0002048,C001452,2024-07-07,3131.95,online,Hyderabad,7,0.014
T0002049,C004059,2025-05-20,1753.78,store,Pune,5,0.048
T0002050,C003912,2024-12-20,2944.58,mobile,Bengaluru,3,0.017
T0002051,C006033,2025-03-11,3191.76,mobile,Chennai,3,0.099
T0002052,C005629,2024-04-05,1128.68,online,Bhopal,9,0.119
T0002053,C005585,2024-07-02,1224.34,store,Mumbai,1,0.002
T0002054,C003129,2024-04-14,666.61,phone,Jaipur,6,0.032
T0002055,C006126,2024-08-21,1457.81,store,Bhopal,2,0.031
T0002056,C001032,2025-11-28,2362.75,mobile,Kochi,11,0.099
T0002057,C002620,2024-03-21,3573.62,phone,Jaipur,1,
T0002058,C001354,2024-07-05,7724.16,store,Mumbai,10,0.015
T0002059,C001798,2025-10-23,3371.92,store,Lucknow,9,0.05
T0002060,C000879,2025-04-20,808.3,store,Hyderabad,1,0.008
T0002061,C000979,2025-10-18,495.08,online,Lucknow,9,0.039
T0002062,C_BAD_008,2025-03-10,536.27,online,Bhopal,9,0.022
T0002063,C000271,2024-04-11,2429.34,mobile,Delhi,2,0.118
T0002064,C000334,2024-12-18,352.6,online,Bengaluru,3,0.042
T0002065,C001700,2025-02-14,4421.52,online,Jaipur,11,0.077
T0002066,C006066,2024-07-19,675.23,mobile,Bengaluru,1,0.136
T0002067,C001022,2025-12-01,499.05,store,Kochi,3,0.03
T0002068,C005853,2025-10-27,4334.83,online,Delhi,5,0.067
T0002069,C003027,2025-02-23,1629.78,online,Pune,10,0.015
T0002070,C000904,2024-11-01,1092.96,mobile,Lucknow,2,0.152
T0002071,C005031,2025-11-30,681.61,online,Jaipur,1,0.051
T0002072,C002144,2025-05-26,544.35,online,Bhopal,1,0.028
T0002073,C002884,2025-05-15,1534.87,store,Chennai,3,0.049
T0002074,C004931,2025-07-14,1698.47,store,Bhopal,7,0.102
T0002075,C000943,2025-03-20,1982.21,store,Mumbai,11,0.175
T0002076,C003542,2024-02-21,2596.16,store,Lucknow,7,0.049
T0002077,C000998,2024-04-21,979.74,mobile,Chennai,4,0.115
T0002078,C004832,2024-11-15,8208.73,online,Delhi,7,
T0002079,C001351,2024-11-15,4249.7,online,Bengaluru,7,0.002
T0002080,C002484,2025-09-09,5705.55,store,Bhopal,3,0.094
T0002081,C000841,2024-04-29,3720.79,online,Chennai,11,0.063
T0002082,C005164,2025-10-29,2000.35,online,Bhopal,5,0.034
T0002083,C006245,2024-12-23,8630.84,online,Delhi,9,0.171
T0002084,C002986,2025-06-25,1262.36,online,Jaipur,8,0.079
T0002085,C000665,2025-12-18,15452.7,mobile,Chennai,11,0.066
T0002086,C001836,2025-10-21,992.88,online,Delhi,9,0.023
T0002087,C005255,2024-09-06,678.69,store,Chennai,9,0.2
T0002088,C004775,2025-06-26,580.28,store,Ahmedabad,2,0.017
T0002089,C001940,2024-02-08,1542.5,store,Mumbai,4,0.016
T0002090,C003866,2024-04-21,1178.97,online,Hyderabad,10,0.107
T0002091,C002472,2024-06-15,755.88,online,Kochi,11,0.034
T0002092,C001906,2024-04-28,1999.33,mobile,Jaipur,2,0.143
T0002093,C006136,2024-03-03,5245.51,store,Mumbai,9,0.089
T0002094,C006118,2024-02-08,2567.33,phone,Kochi,2,0.029
T0002095,C001793,2024-07-13,664.25,mobile,Lucknow,2,0.013
T0002096,C001409,2025-01-19,2047.68,online,Bengaluru,2,0.06
T0002097,C004245,2024-11-18,2822.1,online,Chennai,10,0.038
T0002098,C004775,2025-11-17,17023.87,mobile,Chennai,9,0.005
T0002099,C005327,2024-01-23,1118.03,online,Lucknow,6,0.042
T0002100,C004987,2025-11-01,2568.65,store,Pune,5,0.008
T0002101,C002531,2025-03-17,4310.1,online,Bhopal,10,0.276
T0002102,C002730,2025-03-13,2459.07,mobile,Kolkata,2,0.036
T0002103,C002168,2024-10-09,648.13,mobile,Lucknow,7,0.081
T0002104,C004894,2025-10-12,5094.88,online,Hyderabad,3,0.041
T0002105,C003769,2025-05-08,1821.41,phone,Jaipur,11,0.01
T0002106,C002247,2024-05-26,15834.23,mobile,Hyderabad,6,0.069
T0002107,C002117,2024-10-03,1731.66,store,Kolkata,10,0.003
T0002108,C003576,2024-12-25,1231.35,online,Bengaluru,7,0.012
T0002109,C002214,2025-11-11,4016.62,store,Chennai,8,0.079
T0002110,C006003,2025-03-23,1304.33,store,Hyderabad,6,0.107
T0002111,C000920,2025-04-06,582.74,online,Pune,7,0.121
T0002112,C006231,2025-08-14,904.05,mobile,Bengaluru,6,0.095
T0002113,C004654,2024-10-27,1722.96,online,Kolkata,8,0.037
T0002114,C005978,2025-11-04,3306.96,online,Pune,7,0.047
T0002115,C006065,2025-04-30,-4334.95,online,Kolkata,3,0.107
T0002116,C000943,2025-02-03,2016.85,online,Hyderabad,8,0.036
T0002117,C006054,2025-10-11,482.47,online,Lucknow,1,
T0002118,C003858,2025-08-11,666.98,online,Bhopal,8,0.086
T0002119,C004203,2025-11-11,1350.8,store,Hyderabad,5,0.082
T0002120,C004462,2024-04-11,1483.64,store,Kolkata,1,0.012
T0002121,C002475,2024-09-14,2610.52,online,Jaipur,5,0.038
T0002122,C003133,2025-01-17,5792.43,mobile,Kolkata,6,0.027
T0002123,C001068,2024-06-30,1379.24,online,Bengaluru,8,0.103
T0002124,C005791,2025-06-06,2214.34,store,Hyderabad,2,0.045
T0002125,C003887,2024-10-01,2440.58,store,Mumbai,3,0.135
T0002126,C000572,2025-11-27,408.57,store,Chennai,3,0.078
T0002127,C003838,2025-08-18,1576.4,online,Kochi,5,0.185
T0002128,C002307,2025-07-06,2687.43,store,Chennai,4,0.119
T0002129,C005948,2024-12-21,2319.16,store,Delhi,5,0.02
T0002130,C004262,2025-06-10,1821.28,store,Lucknow,10,0.062
T0002131,C003239,2025-07-02,1253.53,phone,Kochi,2,0.06
T0002132,C003150,2025-09-29,1489.89,mobile,Jaipur,3,0.002
T0002133,C004330,2024-05-11,1179.54,store,Kochi,11,0.094
T0002134,C000401,2025-12-20,6887.46,mobile,Delhi,1,0.021
T0002135,C000128,2024-01-03,4509.31,store,Lucknow,3,0.007
T0002136,C006158,2024-10-20,231.05,mobile,Bengaluru,6,0.007
T0002137,C003981,2024-04-09,633.63,store,Ahmedabad,8,0.039
T0002138,C003691,2024-10-05,626.88,online,Kochi,11,
T0002139,C004885,2025-10-07,4228.42,store,Ahmedabad,3,0.026
T0002140,C000647,2024-05-18,943.2,online,Kochi,1,0.078
T0002141,C003353,2024-08-13,1866.58,online,Chennai,7,0.066
T0002142,C000250,2025-12-03,759.79,online,Bhopal,1,0.036
T0002143,C000987,2024-05-29,525.17,mobile,Kolkata,4,0.02
T0002144,C001744,2025-04-11,14515.6,online,Ahmedabad,6,0.0
T0002145,C003542,2024-03-11,4053.08,store,Jaipur,1,0.136
T0002146,C005715,2024-01-01,1236.74,store,Mumbai,1,0.029
T0002147,C004443,2024-04-06,1539.23,online,Bhopal,1,0.023
T0002148,C005960,2025-06-30,2298.02,mobile,Bhopal,6,0.009
T0002149,C003986,2024-03-05,1224.44,store,Mumbai,7,0.095
T0002150,C002888,2025-10-25,3085.5,mobile,Kochi,4,0.073
T0002151,C005971,2025-01-09,1236.79,mobile,Lucknow,2,
T0002152,C003835,2024-12-10,111.49,mobile,Delhi,6,0.017
T0002153,C000814,2025-08-25,3687.97,mobile,Bengaluru,10,0.04
T0002154,C001294,2024-05-15,364.81,store,Chennai,2,0.169
T0002155,C001613,2025-09-14,2047.93,store,Delhi,9,0.037
T0002156,C005618,2024-11-01,4996.08,store,Kochi,10,0.015
T0002157,C002064,2025-01-31,1512.64,store,Bengaluru,5,0.088
T0002158,C004489,2024-01-23,4549.59,online,Delhi,7,0.001
T0002159,C005441,2025-02-06,8929.91,store,Chennai,1,0.05
T0002160,C006096,2025-04-26,500.66,online,Bengaluru,1,0.009
T0002161,C005745,2024-08-05,1065.21,store,Delhi,1,0.03
T0002162,C001389,2024-11-02,995.8,mobile,Kochi,3,0.084
T0002163,C003613,2025-06-04,658.8,online,Pune,6,0.054
T0002164,C005862,2025-09-23,2088.3,store,Bengaluru,3,0.096
T0002165,C000797,2025-04-07,780.51,online,Mumbai,4,0.036
T0002166,C_BAD_014,2024-09-24,276.3,store,Hyderabad,4,0.02
T0002167,C005632,2024-11-12,638.96,online,Jaipur,2,0.085
T0002168,C000166,2024-11-28,3450.96,online,Chennai,3,0.008
T0002169,C003390,2024-09-11,1917.53,phone,Delhi,5,0.156
T0002170,C004699,2025-01-08,4871.14,online,Mumbai,11,0.142
T0002171,C000392,2025-09-24,1221.53,online,Lucknow,3,0.119
T0002172,C002529,2025-02-19,2434.57,online,Hyderabad,7,
T0002173,C000898,2025-03-07,965.61,online,Kolkata,1,0.009
T0002174,C006258,2025-04-04,2437.98,mobile,Ahmedabad,5,0.022
T0002175,C003306,2025-04-17,1246.61,store,Bengaluru,7,0.047
T0002176,C000058,2024-12-23,2591.17,mobile,Jaipur,4,0.012
T0002177,C001422,2024-07-13,2385.97,store,Lucknow,2,0.008
T0002178,C002085,2025-11-16,2912.91,online,Jaipur,8,0.031
T0002179,C001358,2025-12-02,1835.94,online,Bengaluru,4,0.056
T0002180,C004784,2025-02-17,2066.82,online,Bhopal,11,0.068
T0002181,C003679,2025-07-08,3381.75,online,Delhi,8,0.108
T0002182,C001409,2025-10-19,1895.52,online,Bhopal,4,0.089
T0002183,C001078,2024-02-11,3616.56,online,Ahmedabad,11,0.084
T0002184,C006140,2024-01-28,961.55,store,Lucknow,2,0.073
T0002185,C005167,2025-04-14,9529.92,mobile,Bhopal,1,0.027
T0002186,C002344,2025-08-29,9050.77,mobile,Delhi,5,0.05
T0002187,C001095,2025-09-23,9569.14,store,Lucknow,4,0.043
T0002188,C005439,2025-09-18,336.82,mobile,Bengaluru,9,0.029
T0002189,C002511,2024-04-05,495.84,store,Hyderabad,6,0.038
T0002190,C004015,2024-04-13,1266.85,online,Jaipur,8,0.074
T0002191,C004739,2025-12-26,947.67,online,Kolkata,9,0.041
T0002192,C003521,2025-08-04,1271.47,online,Bhopal,2,0.024
T0002193,C001176,2025-05-16,40049.366776494724,store,Pune,4,0.124
T0002194,C001321,2024-07-18,2914.96,mobile,Pune,7,0.001
T0002195,C003923,2024-06-24,1209.75,store,Pune,5,0.029
T0002196,C006076,2025-03-27,1648.92,online,Hyderabad,6,0.005
T0002197,C000312,2025-07-19,1101.1,store,Pune,2,0.001
T0002198,C004000,2025-08-08,2082.54,store,Hyderabad,1,0.063
T0002199,C004360,2025-08-15,1259.87,store,Pune,7,0.16
T0002200,C001798,2024-06-27,1508.27,online,Ahmedabad,7,0.018
T0002201,C001657,2025-02-03,1753.25,store,Delhi,10,0.046
T0002202,C002705,2025-04-26,1710.36,mobile,Hyderabad,4,0.062
T0002203,C003942,2024-08-07,2974.96,store,Kochi,9,0.185
T0002204,C001348,2025-12-16,3036.61,mobile,Hyderabad,9,0.036
T0002205,C003240,2025-03-02,1574.27,store,Ahmedabad,7,0.002
T0002206,C002989,2025-11-18,10044.47,store,Mumbai,10,
T0002207,C001886,2025-08-31,15002.64,online,Bhopal,1,0.142
T0002208,C003946,2025-03-03,1934.55,online,Kolkata,4,0.022
T0002209,C005340,2024-03-30,2072.62,store,Kochi,5,0.038
T0002210,C005257,2024-01-30,3788.13,store,Kochi,2,0.064
T0002211,C001910,2024-05-04,4332.58,store,Delhi,1,0.13
T0002212,C002129,2024-04-22,2676.07,online,Bengaluru,3,0.045
T0002213,C004930,2025-02-04,4010.03,online,Delhi,4,0.036
T0002214,C001068,2024-09-07,1684.55,phone,Delhi,1,0.187
T0002215,C002388,2024-06-07,1066.36,mobile,Delhi,6,
T0002216,C000614,2025-08-27,329.88,online,Ahmedabad,11,0.03
T0002217,C001537,2025-12-02,3990.31,store,Pune,5,0.071
T0002218,C001059,2024-10-22,2536.45,online,Jaipur,1,
T0002219,C000772,2025-04-13,24659.24,store,Chennai,10,
T0002220,C005544,2024-09-04,2387.32,store,Bengaluru,11,0.09
T0002221,C001570,2025-05-20,3510.29,store,Delhi,9,0.043
T0002222,C001044,2024-07-20,998.38,mobile,Lucknow,1,0.022
T0002223,C002803,2025-05-05,5413.18,mobile,Hyderabad,1,0.032
T0002224,C004851,2024-10-24,843.48,store,Lucknow,7,0.122
T0002225,C004499,2025-08-22,30782.11,phone,Kolkata,6,0.075
T0002226,C002384,2024-12-27,4864.89,online,Bengaluru,3,0.07
T0002227,C003667,2024-06-10,2282.44,store,Chennai,4,0.042
T0002228,C003592,2024-12-16,6000.48,store,Bhopal,5,0.004
T0002229,C001555,2024-10-06,365.01,mobile,Ahmedabad,7,0.112
T0002230,C004670,2024-12-06,686.08,online,Bengaluru,10,0.01
T0002231,C006046,2025-05-06,146.23,online,Mumbai,10,0.03
T0002232,C004210,2024-09-21,3968.85,store,Jaipur,10,0.021
T0002233,C002927,2025-01-12,3890.62,mobile,Kolkata,3,0.031
T0002234,C005792,2024-07-06,4056.96,mobile,Chennai,11,0.118
T0002235,C002099,2024-08-01,6088.91,phone,Chennai,3,0.014
T0002236,C000252,2025-12-26,849.63,store,Bengaluru,3,0.111
T0002237,C002506,2025-06-26,1067.35,online,Chennai,3,0.119
T0002238,C000570,2025-11-30,3075.98,store,Pune,5,0.169
T0002239,C003084,2024-02-10,2264.83,online,Chennai,2,0.014
T0002240,C005876,2024-04-02,1119.74,mobile,Pune,6,0.036
T0002241,C006174,2025-05-12,650.55,mobile,Bhopal,2,0.182
T0002242,C001332,2024-09-19,2985.59,mobile,Hyderabad,1,0.097
T0002243,C004086,2025-04-18,459.27,mobile,Mumbai,10,0.093
T0002244,C004746,2025-09-05,790.63,mobile,Chennai,4,0.037
T0002245,C003137,2024-03-08,967.93,online,Pune,7,0.033
T0002246,C004175,2025-04-01,1121.31,online,Bhopal,9,0.008
T0002247,C004286,2024-12-24,3047.57,online,Lucknow,8,0.069
T0002248,C001642,2025-05-07,786.7,online,Kolkata,3,0.031
T0002249,C004901,2024-01-30,2372.89,online,Chennai,5,0.031
T0002250,C003594,2024-10-27,3153.8,mobile,Delhi,8,0.026
T0002251,C001995,2025-10-14,2525.25,online,Hyderabad,6,0.112
T0002252,C002120,2025-12-17,912.65,online,Bengaluru,10,0.047
T0002253,C002773,2024-11-06,762.68,phone,Lucknow,4,0.06
T0002254,C002761,2024-08-30,10603.57,mobile,Bhopal,2,0.166
T0002255,C002996,2024-10-22,850.35,online,Mumbai,6,0.034
T0002256,C003321,2025-11-13,951.06,store,Chennai,9,0.02
T0002257,C004090,2025-12-28,11652.86,online,Hyderabad,3,0.01
T0002258,C002069,2024-06-16,5186.06,online,Delhi,7,0.128
T0002259,C003889,2025-01-17,9774.08,online,Mumbai,3,0.027
T0002260,C004662,2024-05-07,2056.55,online,Chennai,6,0.112
T0002261,C003896,2025-02-03,4067.81,online,Delhi,2,0.01
T0002262,C003270,2024-07-26,4409.55,mobile,Delhi,4,0.041
T0002263,C000140,2025-07-16,639.68,online,Jaipur,7,0.036
T0002264,C000767,2025-11-17,1661.81,mobile,Delhi,9,0.052
T0002265,C004802,2025-11-21,2626.42,online,Ahmedabad,11,0.109
T0002266,C000225,2025-06-10,98.26,online,Chennai,4,0.113
T0002267,C005470,2025-06-13,952.28,mobile,Kolkata,5,0.219
T0002268,C001653,2024-04-29,786.53,online,Bengaluru,4,0.03
T0002269,C000601,2025-01-01,1263.69,mobile,Chennai,5,0.101
T0002270,C004541,2025-12-06,219.38,online,Pune,5,0.037
T0002271,C000753,2024-05-13,1703.85,online,Delhi,6,0.035
T0002272,C005778,2025-08-01,777.7,store,Bhopal,10,0.154
T0002273,C003104,2024-11-09,5712.78,online,Delhi,10,0.157
T0002274,C000834,2024-02-12,1281.45,online,Hyderabad,1,0.11
T0002275,C003749,2025-11-02,6605.52,online,Bhopal,1,0.012
T0002276,C004622,2024-03-05,2225.56,online,Mumbai,10,0.073
T0002277,C005941,2024-11-28,728.62,mobile,Bhopal,11,0.075
T0002278,C002014,2025-05-02,3807.84,online,Ahmedabad,3,0.006
T0002279,C002562,2024-05-11,1287.26,mobile,Mumbai,11,0.013
T0002280,C003432,2025-01-08,1001.06,online,Bengaluru,8,0.01
T0002281,C001684,2025-08-18,262.4,mobile,Lucknow,9,
T0002282,C001358,2025-06-18,9386.76,online,Jaipur,2,0.036
T0002283,C003996,2025-09-11,702.31,online,Kochi,11,0.121
T0002284,C005798,2025-04-06,415.71,store,Ahmedabad,5,0.04
T0002285,C002836,2024-11-30,992.96,online,Jaipur,3,0.068
T0002286,C002931,2025-07-12,1459.73,phone,Kolkata,2,0.04
T0002287,C005215,2024-04-03,736.24,online,Chennai,11,
T0002288,C005371,2025-01-26,403.22,online,Jaipur,6,0.018
T0002289,C001095,2025-10-26,5212.63,online,Mumbai,8,0.08
T0002290,C000793,2025-06-16,1831.13,online,Lucknow,4,0.034
T0002291,C002818,2024-09-10,2726.1,store,Mumbai,3,0.003
T0002292,C004240,2025-10-11,1501.37,store,Lucknow,2,0.018
T0002293,C004712,2025-12-22,2390.49,online,Pune,1,0.225
T0002294,C004965,2025-06-01,340.03,store,Bengaluru,6,0.164
T0002295,C001154,2025-07-24,7342.64,online,Pune,10,0.015
T0002296,C000774,2025-08-11,985.28,store,Jaipur,6,0.134
T0002297,C001563,2025-10-14,1048.35,online,Delhi,4,0.032
T0002298,C003266,2024-11-17,1188.61,store,Lucknow,1,0.008
T0002299,C001643,2025-10-05,4097.49,online,Hyderabad,6,0.016
T0002300,C004140,2025-11-30,6416.5,online,Lucknow,2,0.127
T0002301,C001030,2025-01-13,1358.8,store,Lucknow,4,0.012
T0002302,C004469,2024-04-14,1483.71,store,Mumbai,11,0.025
T0002303,C005981,2025-11-22,1259.49,store,Pune,6,0.04
T0002304,C000650,2025-02-17,1770.87,online,Lucknow,5,0.077
T0002305,C000212,2025-02-08,6951.25,online,Mumbai,5,0.017
T0002306,C005812,2025-04-04,614.77,store,Ahmedabad,7,0.081
T0002307,C000814,2025-10-17,7899.39,store,Pune,6,0.02
T0002308,C001274,2025-12-25,193.83,store,Delhi,10,0.041
T0002309,C004022,2024-05-27,2689.12,phone,Delhi,9,0.043
T0002310,C004177,2024-03-29,2986.19,store,Lucknow,9,0.078
T0002311,C000018,2024-01-31,1484.49,store,Kochi,4,0.046
T0002312,C003118,2025-11-05,771.72,mobile,Kolkata,11,0.114
T0002313,C003824,2024-11-27,4367.99,store,Chennai,7,0.098
T0002314,C005491,2024-03-29,208.21,store,Kolkata,3,0.111
T0002315,C001098,2025-07-20,1001.4,mobile,Ahmedabad,5,0.217
T0002316,C003294,2025-01-06,5188.43,mobile,Bengaluru,7,0.158
T0002317,C006115,2025-08-08,2359.24,store,Bengaluru,2,0.103
T0002318,C001707,2025-11-26,537.23,online,Kochi,7,0.029
T0002319,C006246,2025-01-18,678.11,store,Delhi,9,0.096
T0002320,C003021,2024-09-26,2003.25,online,Kochi,6,0.252
T0002321,C003639,2024-11-01,1012.98,online,Kolkata,8,0.081
T0002322,C000377,2025-07-01,6294.09,store,Kolkata,10,0.005
T0002323,C003672,2025-10-05,672.46,mobile,Hyderabad,11,0.258
T0002324,C002214,2025-05-11,2481.91,store,Jaipur,5,0.037
T0002325,C003974,2025-01-29,372.25,online,Jaipur,5,0.133
T0002326,C001295,2025-03-22,2144.36,online,Bengaluru,4,0.143
T0002327,C004099,2024-07-08,1480.15,store,Delhi,10,
T0002328,C001697,2025-06-20,527.31,store,Ahmedabad,1,0.001
T0002329,C005563,2024-04-25,6512.4,store,Jaipur,5,0.106
T0002330,C004392,2024-06-09,819.82,online,Kolkata,1,0.115
T0002331,C005451,2025-03-09,1852.43,online,Chennai,5,0.088
T0002332,C004020,2024-08-18,668.42,mobile,Pune,4,0.055
T0002333,C003853,2024-09-28,4621.93,online,Delhi,10,0.014
T0002334,C000402,2025-08-14,1602.91,online,Mumbai,7,0.089
T0002335,C005341,2025-02-28,1444.02,mobile,Lucknow,3,
T0002336,C004139,2025-10-22,11642.22,store,Hyderabad,2,0.141
T0002337,C005363,2024-07-07,4067.92,store,Bhopal,2,0.071
T0002338,C_BAD_005,2024-08-16,1857.56,online,Hyderabad,10,0.001
T0002339,C000139,2025-10-27,1176.5,mobile,Jaipur,4,0.004
T0002340,C005864,2025-09-27,262.8,online,Chennai,10,0.036
T0002341,C002650,2024-12-03,1572.44,online,Bengaluru,6,0.008
T0002342,C001701,2025-01-09,2967.9,online,Mumbai,2,0.017
T0002343,C000473,2024-06-21,3266.32,store,Jaipur,11,0.1
T0002344,C006127,2024-06-19,529.81,online,Kochi,8,0.051
T0002345,C002966,2024-09-30,472.94,online,Mumbai,8,0.007
T0002346,C001990,2024-08-25,2704.51,online,Bengaluru,7,0.052
T0002347,C001485,2025-03-20,2456.91,online,Bengaluru,4,
T0002348,C002868,2024-03-21,3110.78,online,Ahmedabad,7,0.001
T0002349,C004376,2025-03-19,3211.44,online,Chennai,8,0.007
T0002350,C001139,2024-04-11,776.67,online,Kolkata,11,0.093
T0002351,C004263,2025-09-20,392.54,store,Jaipur,8,0.088
T0002352,C004974,2025-07-28,670.15,online,Bhopal,3,0.046
T0002353,C005525,2024-09-23,-1451.58,online,Chennai,5,0.108
T0002354,C003027,2025-07-29,2750.2,online,Bhopal,10,0.002
T0002355,C002875,2024-08-07,4946.17,online,Jaipur,11,0.109
T0002356,C006146,2025-08-23,588.74,online,Kochi,11,0.019
T0002357,C005806,2024-04-20,4514.38,phone,Chennai,8,0.045
T0002358,C001549,2025-12-24,9772.18,online,Delhi,8,0.033
T0002359,C005936,2025-04-23,744.12,online,Bhopal,5,0.27
T0002360,C005762,2025-11-07,1497.97,online,Hyderabad,11,0.022
T0002361,C002756,2025-10-01,1189.78,store,Mumbai,8,0.128
T0002362,C003219,2024-04-01,594.88,mobile,Mumbai,8,0.155
T0002363,C005511,2025-02-16,1622.25,online,Bhopal,2,0.023
T0002364,C005769,2025-05-27,289.33,store,Lucknow,1,
T0002365,C000800,2025-05-23,2586.34,phone,Ahmedabad,1,0.026
T0002366,C003075,2024-02-03,5185.07,online,Pune,4,0.161
T0002367,C001992,2024-07-01,142.52,store,Mumbai,6,0.071
T0002368,C004244,2024-05-26,1079.19,online,Pune,9,0.154
T0002369,C004868,2024-10-14,3164.79,store,Pune,4,0.01
T0002370,C002334,2024-03-28,3147.75,online,Ahmedabad,8,
T0002371,C005036,2024-05-07,2176.08,phone,Kolkata,9,0.141
T0002372,C001923,2024-11-19,2317.32,mobile,Kochi,6,0.168
T0002373,C000661,2024-03-08,2076.04,online,Hyderabad,9,0.075
T0002374,C005244,2024-07-23,3840.89,online,Mumbai,2,0.031
T0002375,C002383,2025-10-07,4758.74,online,Kolkata,10,0.038
T0002376,C001613,2024-10-24,1576.96,store,Bhopal,5,0.09
T0002377,C004794,2025-12-23,6651.27,store,Kochi,8,0.014
T0002378,C001199,2024-12-06,1146.77,store,Bhopal,11,0.005
T0002379,C006151,2025-10-21,1448.46,online,Mumbai,10,0.068
T0002380,C002651,2024-02-18,6871.83,mobile,Kolkata,11,0.052
T0002381,C006087,2025-09-01,498.48,mobile,Bhopal,10,
T0002382,C004223,2024-09-10,1131.96,mobile,Bengaluru,1,0.007
T0002383,C003701,2025-08-06,2324.04,online,Jaipur,5,0.002
T0002384,C002276,2025-05-03,2854.93,store,Pune,10,0.084
T0002385,C000523,2025-02-13,1346.86,online,Jaipur,4,0.032
T0002386,C003929,2025-11-19,3615.95,store,Hyderabad,8,0.011
T0002387,C006024,2025-07-21,4645.93,mobile,Lucknow,6,0.137
T0002388,C002856,2025-01-18,2825.93,mobile,Pune,6,0.023
T0002389,C004556,2025-10-02,360.85,store,Bhopal,3,0.22
T0002390,C000006,2025-05-14,688.24,mobile,Jaipur,5,0.025
T0002391,C004017,2025-08-03,1330.29,online,Lucknow,5,0.043
T0002392,C002270,2024-08-01,157.69,store,Chennai,1,0.118
T0002393,C000208,2025-03-19,4406.64,store,Bengaluru,7,0.14
T0002394,C001803,2024-01-09,1523.62,online,Jaipur,3,0.117
T0002395,C002675,2024-01-20,2427.33,online,Bengaluru,6,
T0002396,C000654,2025-01-21,713.26,online,Chennai,2,0.149
T0002397,C005653,2025-08-01,3772.59,online,Delhi,11,0.102
T0002398,C003013,2024-11-09,1110.05,online,Chennai,8,0.148
T0002399,C002740,2025-08-10,5144.32,online,Jaipur,9,0.074
T0002400,C001524,2025-10-31,3476.25,online,Lucknow,11,0.058
T0002401,C000865,2024-12-28,501.8,store,Bhopal,3,0.081
T0002402,C003773,2025-03-26,4243.41,store,Delhi,1,0.072
T0002403,C004414,2024-01-16,356.52,mobile,Kochi,1,0.029
T0002404,C003838,2025-10-26,1386.87,store,Hyderabad,9,0.121
T0002405,C005154,2025-12-21,4273.38,online,Hyderabad,1,0.002
T0002406,C000578,2024-05-19,16372.4,online,Kolkata,9,0.187
T0002407,C005582,2024-03-15,1450.85,store,Hyderabad,7,0.004
T0002408,C004445,2025-07-12,1666.07,online,Pune,10,0.061
T0002409,C000273,2024-08-17,1934.02,mobile,Bhopal,5,0.011
T0002410,C003949,2025-01-23,885.29,phone,Bengaluru,4,0.093
T0002411,C000901,2025-02-28,1697.22,online,Jaipur,7,0.09
T0002412,C004522,2025-05-05,3614.0,online,Lucknow,4,0.033
T0002413,C004842,2024-06-13,1141.44,online,Chennai,6,0.026
T0002414,C001077,2024-01-30,827.03,mobile,Chennai,3,0.143
T0002415,C000651,2024-03-01,2041.99,store,Hyderabad,7,0.119
T0002416,C004055,2025-12-02,11027.18,store,Jaipur,5,0.171
T0002417,C002051,2025-11-14,844.51,online,Jaipur,6,0.013
T0002418,C003820,2025-11-14,2296.2,online,Mumbai,10,0.115
T0002419,C002794,2025-12-29,372.18,store,Pune,1,0.058
T0002420,C005489,2025-03-16,934.58,phone,Chennai,9,0.046
T0002421,C003456,2025-02-13,876.1,phone,Kochi,2,0.027
T0002422,C000116,2024-03-20,2325.22,online,Mumbai,7,
T0002423,C004902,2025-09-15,616.76,store,Bengaluru,4,0.073
T0002424,C005382,2025-10-21,515.61,store,Lucknow,1,0.051
T0002425,C000080,2024-05-02,1416.65,mobile,Pune,6,0.154
T0002426,C005798,2025-02-21,3778.12,online,Bhopal,5,0.05
T0002427,C003823,2025-01-06,1469.46,online,Kolkata,11,0.001
T0002428,C006216,2025-12-25,753.71,online,Kochi,6,0.033
T0002429,C004180,2024-07-09,1371.71,online,Hyderabad,3,0.029
T0002430,C001479,2025-04-12,3813.64,online,Pune,5,0.007
T0002431,C002689,2025-12-12,1177.47,store,Kochi,8,0.018
T0002432,C000520,2025-07-02,1278.5,online,Bhopal,8,0.056
T0002433,C000747,2025-12-15,1949.36,store,Ahmedabad,8,0.018
T0002434,C002163,2025-02-16,2357.58,store,Delhi,11,
T0002435,C000708,2025-10-25,1149.95,store,Jaipur,10,0.008
T0002436,C000586,2024-05-08,640.08,online,Jaipur,9,0.029
T0002437,C002650,2025-09-03,2298.24,store,Kochi,9,0.014
T0002438,C003596,2024-03-16,731.47,online,Hyderabad,8,0.112
T0002439,C001366,2024-07-21,6991.31,online,Kolkata,2,0.093
T0002440,C004823,2024-02-19,1179.99,phone,Bengaluru,3,0.062
T0002441,C006116,2025-06-18,3553.14,store,Bhopal,2,0.046
T0002442,C002609,2025-04-09,1158.08,online,Jaipur,2,0.027
T0002443,C002068,2024-10-03,3548.54,store,Hyderabad,9,0.123
T0002444,C002638,2024-11-27,937.88,online,Bengaluru,2,0.157
T0002445,C000217,2024-09-29,8195.28,store,Lucknow,2,
T0002446,C003946,2024-04-04,2929.74,store,Ahmedabad,11,0.147
T0002447,C003427,2025-05-08,2086.43,store,Delhi,4,0.071
T0002448,C001137,2025-04-17,3539.02,store,Pune,3,0.097
T0002449,C001213,2024-09-19,288.27,store,Bengaluru,11,0.147
T0002450,C001999,2024-04-10,4564.73,online,Lucknow,3,
T0002451,C003196,2025-11-06,1676.62,online,Bhopal,11,0.018
T0002452,C001024,2025-05-07,3665.13,store,Lucknow,6,0.038
T0002453,C005192,2024-09-01,1522.35,store,Pune,3,
T0002454,C000250,2025-08-11,830.0,online,Lucknow,4,0.045
T0002455,C006069,2024-02-29,3594.44,store,Ahmedabad,6,0.068
T0002456,C004638,2024-05-13,1640.8,online,Lucknow,7,0.083
T0002457,C005214,2024-11-26,1079.09,store,Lucknow,3,0.028
T0002458,C000866,2025-01-23,1044.98,store,Delhi,8,0.082
T0002459,C005698,2024-09-02,766.94,mobile,Kolkata,3,0.133
T0002460,C005439,2024-09-10,11510.86,online,Bhopal,11,0.015
T0002461,C001482,2024-06-05,355.78,store,Kolkata,7,0.119
T0002462,C004067,2025-04-02,479.04,mobile,Hyderabad,2,0.003
T0002463,C000668,2025-02-06,3407.2,store,Jaipur,7,0.025
T0002464,C003252,2024-04-08,3948.54,mobile,Hyderabad,1,0.138
T0002465,C003366,2025-01-29,388.41,mobile,Kochi,8,0.024
T0002466,C003050,2025-10-23,698.46,online,Jaipur,8,0.016
T0002467,C000119,2024-03-14,985.3,mobile,Jaipur,8,0.028
T0002468,C004509,2025-08-30,4569.62,online,Mumbai,2,0.0
T0002469,C001688,2024-10-25,1654.77,mobile,Bengaluru,6,0.008
T0002470,C001514,2025-04-09,417.13,online,Bengaluru,9,0.002
T0002471,C003881,2025-03-25,590.53,online,Delhi,9,0.04
T0002472,C004302,2025-12-27,2146.44,mobile,Pune,8,0.099
T0002473,C005133,2025-10-29,12875.97,online,Jaipur,1,0.028
T0002474,C002901,2024-04-01,2421.13,online,Bengaluru,9,0.026
T0002475,C005578,2025-07-06,2505.0,online,Chennai,10,0.1
T0002476,C003590,2025-04-22,1342.96,online,Hyderabad,9,
T0002477,C005416,2024-09-21,993.46,store,Kolkata,3,0.07
T0002478,C006046,2025-12-15,2863.25,store,Ahmedabad,5,0.026
T0002479,C002417,2025-03-11,1647.41,store,Chennai,8,0.063
T0002480,C000449,2025-04-01,1749.86,mobile,Mumbai,2,0.011
T0002481,C003838,2024-07-30,666.04,store,Hyderabad,1,0.03
T0002482,C004632,2024-10-18,1702.09,mobile,Chennai,8,0.003
T0002483,C003157,2025-11-07,2937.05,online,Hyderabad,9,0.008
T0002484,C000979,2025-10-20,1407.39,online,Mumbai,4,0.068
T0002485,C002606,2025-07-14,697.6,online,Mumbai,7,
T0002486,C004371,2025-05-19,805.23,online,Jaipur,2,0.036
T0002487,C000486,2024-09-12,1368.99,store,Ahmedabad,10,0.062
T0002488,C004543,2025-12-17,1470.25,online,Bhopal,1,0.066
T0002489,C005971,2025-03-11,3228.92,store,Mumbai,4,0.078
T0002490,C002969,2025-09-14,1681.84,mobile,Pune,4,0.008
T0002491,C000083,2024-01-06,1120.21,mobile,Kolkata,11,0.045
T0002492,C002727,2025-10-22,1030.7,online,Jaipur,11,0.038
T0002493,C004657,2024-08-03,4215.84,online,Kochi,3,0.148
T0002494,C005582,2024-05-06,4232.05,online,Bhopal,9,0.07
T0002495,C001940,2024-05-08,5531.01,online,Chennai,8,0.144
T0002496,C004659,2025-04-28,1151.48,mobile,Chennai,7,
T0002497,C001990,2025-04-21,8780.02,online,Kochi,5,0.176
T0002498,C003696,2025-08-10,1911.34,online,Pune,7,0.193
T0002499,C005571,2025-02-22,1979.39,online,Chennai,11,0.034
T0002500,C005043,2025-02-27,1641.34,store,Chennai,3,0.079
T0002501,C003844,2024-04-18,2500.69,online,Bengaluru,5,0.082
T0002502,C001577,2024-06-26,4011.41,mobile,Bengaluru,10,0.027
T0002503,C004741,2025-08-10,1099.32,store,Kolkata,2,0.167
T0002504,C000477,2025-08-30,1346.92,online,Bhopal,1,0.125
T0002505,C000424,2024-03-30,4035.72,store,Bhopal,11,0.024
T0002506,C002143,2025-12-05,296.91,phone,Bhopal,5,0.086
T0002507,C005737,2025-02-12,10938.5,store,Kochi,5,0.033
T0002508,C000433,2025-10-09,1321.39,store,Mumbai,10,0.026
T0002509,C003175,2024-07-06,2950.12,store,Mumbai,11,0.118
T0002510,C005504,2024-01-07,4472.98,store,Lucknow,3,0.025
T0002511,C005616,2025-09-01,9761.7,online,Kolkata,5,0.041
T0002512,C002089,2024-05-21,1303.34,store,Bhopal,1,0.115
T0002513,C005944,2025-05-24,3626.9,mobile,Lucknow,3,0.024
T0002514,C002367,2024-11-17,3611.16,mobile,Bengaluru,8,0.01
T0002515,C000551,2025-12-13,387.14,online,Chennai,10,
T0002516,C001632,2025-04-28,2505.98,mobile,Delhi,9,
T0002517,C002739,2024-03-30,954.73,store,Bhopal,11,0.024
T0002518,C002259,2025-05-04,855.91,online,Bengaluru,9,0.01
T0002519,C002957,2025-02-25,1141.53,store,Ahmedabad,10,0.031
T0002520,C000473,2025-10-21,5447.79,online,Hyderabad,9,0.069
T0002521,C001074,2024-12-04,2597.57,store,Pune,4,0.104
T0002522,C001994,2025-03-03,619.19,store,Kolkata,10,0.13
T0002523,C001276,2025-03-22,6959.9,online,Hyderabad,7,0.083
T0002524,C004014,2024-06-16,282.21,mobile,Mumbai,4,0.044
T0002525,C004597,2024-11-02,2061.29,mobile,Hyderabad,11,0.043
T0002526,C003483,2024-12-20,2378.78,mobile,Jaipur,1,0.03
T0002527,C005589,2025-08-21,4402.04,store,Ahmedabad,6,
T0002528,C001968,2024-09-22,1898.53,store,Lucknow,11,0.071
T0002529,C002631,2025-02-27,2854.56,store,Delhi,4,0.038
T0002530,C002001,2024-02-02,2310.18,store,Hyderabad,2,0.067
T0002531,C001514,2025-09-29,8331.31,online,Jaipur,3,0.002
T0002532,C003309,2024-09-26,1897.46,online,Jaipur,1,0.041
T0002533,C004885,2024-05-06,2144.62,mobile,Delhi,10,0.027
T0002534,C002618,2024-05-09,782.16,phone,Hyderabad,2,0.013
T0002535,C002664,2025-02-25,1809.18,store,Lucknow,4,0.012
T0002536,C004149,2025-12-07,446.42,online,Mumbai,5,0.023
T0002537,C003469,2024-01-01,4596.35,online,Delhi,2,0.083
T0002538,C001058,2024-09-26,1889.06,online,Kochi,4,0.058
T0002539,C005212,2025-05-14,1470.45,online,Kochi,10,0.069
T0002540,C002148,2025-11-01,944.87,store,Delhi,7,0.098
T0002541,C003158,2025-04-26,1114.05,mobile,Lucknow,2,0.033
T0002542,C003677,2024-07-08,1587.07,store,Ahmedabad,9,0.099
T0002543,C004742,2024-12-27,6391.17,mobile,Mumbai,4,0.099
T0002544,C005393,2024-03-24,4998.49,online,Kochi,11,0.04
T0002545,C002652,2025-04-23,128.33,mobile,Ahmedabad,7,0.147
T0002546,C000328,2025-12-22,3116.05,online,Jaipur,11,0.12
T0002547,C003677,2024-08-01,4035.84,mobile,Bhopal,9,0.072
T0002548,C002090,2025-02-05,1673.27,mobile,Kochi,11,0.037
T0002549,C006162,2024-10-07,868.68,mobile,Kochi,1,
T0002550,C004504,2024-04-28,4189.15,mobile,Bhopal,9,0.032
T0002551,C002073,2025-07-05,926.27,mobile,Mumbai,8,0.03
T0002552,C000420,2025-10-09,2822.36,online,Bhopal,9,0.137
T0002553,C003487,2025-03-16,4235.18,online,Delhi,11,0.082
T0002554,C005957,2024-04-12,2357.18,mobile,Kochi,4,0.088
T0002555,C000132,2025-03-25,3608.33,store,Delhi,7,0.097
T0002556,C004615,2024-05-28,534.94,online,Bhopal,9,0.034
T0002557,C005840,2025-08-28,3125.72,store,Pune,8,0.055
T0002558,C003925,2025-09-10,2244.34,online,Delhi,3,0.122
T0002559,C002532,2025-09-07,10417.32,phone,Delhi,2,0.008
T0002560,C002689,2024-05-05,1437.66,online,Bengaluru,8,0.006
T0002561,C003753,2024-07-22,1290.32,online,Jaipur,5,0.042
T0002562,C005674,2024-08-28,17009.86,online,Ahmedabad,10,0.064
T0002563,C000217,2025-03-02,1010.21,phone,Pune,7,0.017
T0002564,C002122,2024-04-18,1676.05,mobile,Kolkata,7,0.017
T0002565,C000187,2024-11-10,1839.03,store,Bhopal,5,0.011
T0002566,C002649,2025-10-10,3238.87,store,Mumbai,4,0.06
T0002567,C000542,2025-06-27,482.76,mobile,Kochi,8,0.033
T0002568,C004580,2024-06-27,893.29,online,Kolkata,4,0.112
T0002569,C003620,2025-01-05,5347.07,online,Ahmedabad,7,0.024
T0002570,C005238,2025-01-01,8051.53,mobile,Lucknow,9,0.022
T0002571,C003341,2024-05-04,1424.82,mobile,Jaipur,7,0.008
T0002572,C001062,2025-10-19,1051.07,online,Kochi,11,0.238
T0002573,C004885,2024-11-13,12333.37,mobile,Jaipur,1,0.012
T0002574,C002777,2024-09-17,3054.42,phone,Mumbai,3,0.052
T0002575,C004317,2024-03-19,1330.58,store,Delhi,9,0.007
T0002576,C004881,2025-02-01,905.38,store,Hyderabad,10,0.064
T0002577,C003988,2025-04-04,666.57,online,Lucknow,6,0.02
T0002578,C005497,2025-09-14,418.11,online,Bengaluru,2,0.021
T0002579,C000447,2024-09-17,1096.83,online,Kochi,8,0.011
T0002580,C000112,2024-08-31,1933.94,store,Lucknow,4,0.127
T0002581,C004286,2025-07-19,4854.51,store,Delhi,1,0.051
T0002582,C004462,2025-12-21,491.01,phone,Mumbai,8,
T0002583,C001383,2024-03-04,1100.21,phone,Chennai,2,0.035
T0002584,C004405,2024-05-23,1396.96,mobile,Ahmedabad,10,0.02
T0002585,C003930,2025-12-06,371.33,phone,Jaipur,3,0.004
T0002586,C002006,2025-09-30,981.5,online,Delhi,4,0.037
T0002587,C000969,2024-04-16,1475.5,store,Pune,1,0.094
T0002588,C005608,2024-01-23,897.15,online,Pune,1,0.109
T0002589,C002346,2025-11-26,3712.1,mobile,Ahmedabad,6,
T0002590,C001410,2024-07-14,1711.67,online,Bengaluru,4,0.019
T0002591,C002517,2024-09-19,3725.28,online,Lucknow,3,0.149
T0002592,C001319,2025-02-08,8370.96,online,Lucknow,11,0.087
T0002593,C001714,2024-04-23,492.84,online,Delhi,7,0.069
T0002594,C002481,2024-06-02,750.29,store,Lucknow,9,0.022
T0002595,C002390,2024-08-06,2649.0,phone,Mumbai,7,0.128
T0002596,C002115,2025-01-21,1337.34,online,Mumbai,11,0.021
T0002597,C002557,2025-06-17,3162.86,online,Ahmedabad,4,0.045
T0002598,C003052,2025-03-27,3036.92,store,Bengaluru,8,
T0002599,C004154,2024-02-08,430.12,mobile,Mumbai,2,0.058
T0002600,C005588,2024-04-26,1147.33,online,Jaipur,7,0.047
T0002601,C005185,2025-03-29,1783.38,mobile,Kolkata,9,
T0002602,C000942,2024-08-03,1828.87,phone,Delhi,3,0.114
T0002603,C003764,2024-02-26,1208.24,mobile,Pune,3,0.051
T0002604,C005007,2025-11-10,1085.56,online,Ahmedabad,10,0.011
T0002605,C001100,2025-12-17,5007.94,online,Delhi,4,
T0002606,C002533,2025-05-22,461.46,online,Lucknow,8,0.127
T0002607,C005508,2025-05-22,830.55,store,Kolkata,11,0.088
T0002608,C003764,2025-12-20,1363.17,mobile,Jaipur,4,0.074
T0002609,C002521,2024-08-27,1424.79,online,Chennai,8,0.081
T0002610,C001710,2024-07-17,1123.44,mobile,Chennai,2,
T0002611,C004964,2025-09-16,446.99,store,Lucknow,6,0.04
T0002612,C006149,2025-03-02,1135.94,mobile,Bengaluru,8,0.018
T0002613,C001747,2024-02-26,2103.28,online,Bengaluru,11,0.028
T0002614,C003077,bad-date,1960.29,online,Lucknow,8,0.072
T0002615,C003284,2025-04-23,2243.52,store,Bengaluru,1,0.053
T0002616,C004018,2025-12-22,2683.52,store,Delhi,8,0.078
T0002617,C005297,2024-10-16,6311.1,mobile,Chennai,10,0.064
T0002618,C004102,2024-08-10,1004.07,store,Ahmedabad,2,0.018
T0002619,C004407,2024-05-25,2178.18,online,Bhopal,4,0.048
T0002620,C005930,2025-04-14,2701.55,store,Hyderabad,4,0.079
T0002621,C005557,2024-08-08,1942.95,mobile,Lucknow,6,0.168
T0002622,C004210,2024-09-15,1108.38,mobile,Bengaluru,8,0.061
T0002623,C000023,2025-12-20,575.14,online,Lucknow,4,0.076
T0002624,C002378,2024-09-17,1182.16,store,Kolkata,9,0.078
T0002625,C002888,2025-08-28,1238.26,online,Kochi,5,0.022
T0002626,C003746,2025-10-13,804.08,online,Kolkata,3,0.01
T0002627,C004315,2025-07-06,574.16,online,Chennai,8,0.064
T0002628,C000020,2024-06-02,1771.64,store,Kolkata,11,0.078
T0002629,C001762,2025-06-27,1175.02,online,Delhi,8,0.013
T0002630,C005366,2025-04-16,5996.71,mobile,Pune,3,0.281
T0002631,C005152,2025-03-20,1858.56,store,Chennai,10,0.099
T0002632,C005558,2025-09-29,4871.07,mobile,Hyderabad,11,
T0002633,C003673,2025-05-04,1175.88,mobile,Bengaluru,1,0.029
T0002634,C002997,2025-05-14,960.43,online,Ahmedabad,1,0.12
T0002635,C001307,2025-07-13,356.73,online,Delhi,2,
T0002636,C003680,2024-12-01,2522.52,phone,Bhopal,3,0.043
T0002637,C004613,2024-12-02,6873.48,mobile,Ahmedabad,1,0.016
T0002638,C004958,2025-04-30,4975.41,online,Bengaluru,10,0.042
T0002639,C001078,2024-10-03,1566.27,online,Mumbai,6,0.053
T0002640,C006117,2025-02-17,1960.94,mobile,Delhi,2,0.096
T0002641,C005993,2025-06-25,1260.39,store,Delhi,1,0.196
T0002642,C006180,2025-02-14,2252.94,mobile,Bengaluru,11,0.004
T0002643,C000364,2024-02-04,3078.91,mobile,Kolkata,2,0.022
T0002644,C002613,2025-03-23,4283.41,store,Hyderabad,4,0.106
T0002645,C000564,2025-12-21,1773.01,online,Bhopal,11,0.076
T0002646,C001781,2024-09-20,1375.73,online,Pune,5,0.089
T0002647,C004982,2025-07-25,966.26,store,Ahmedabad,11,0.004
T0002648,C003771,2025-04-06,933.66,phone,Bhopal,11,0.005
T0002649,C002307,2024-05-14,7602.28,online,Delhi,6,0.002
T0002650,C001594,2024-12-03,1444.69,phone,Ahmedabad,8,0.053
T0002651,C004743,2024-04-25,2235.42,mobile,Bhopal,4,
T0002652,C000104,2024-04-10,3090.19,store,Chennai,4,0.067
T0002653,C001316,2025-08-02,3486.13,mobile,Delhi,11,0.064
T0002654,C000655,2025-01-02,4764.0,store,Bhopal,2,0.059
T0002655,C004304,2024-08-02,254.17,mobile,Kolkata,4,0.002
T0002656,C004151,2025-06-27,2320.27,online,Jaipur,4,0.042
T0002657,C000407,2025-02-02,2672.92,online,Kochi,2,0.065
T0002658,C004161,2024-12-13,3266.69,mobile,Mumbai,8,0.019
T0002659,C004304,2025-06-10,231.42,online,Bengaluru,2,0.05
T0002660,C002066,2024-10-23,379.46,mobile,Jaipur,10,
T0002661,C003053,2025-08-20,2127.7,online,Hyderabad,6,
T0002662,C002797,2025-02-06,2180.39,store,Hyderabad,8,0.18
T0002663,C006082,2025-11-06,2832.04,mobile,Hyderabad,4,0.054
T0002664,C000788,2025-12-28,8478.9,store,Kochi,2,0.129
T0002665,C004506,2025-05-08,1163.72,online,Hyderabad,5,0.087
T0002666,C001501,2025-05-25,332.46,store,Mumbai,10,0.142
T0002667,C004233,2025-11-03,6300.45,online,Bhopal,10,0.059
T0002668,C004069,2025-12-10,577.26,mobile,Hyderabad,1,0.1
T0002669,C001616,2024-03-31,3096.76,mobile,Kolkata,5,
T0002670,C003695,2024-10-20,509.61,store,Ahmedabad,6,0.012
T0002671,C000339,2024-05-04,1724.33,store,Ahmedabad,9,0.011
T0002672,C005589,2025-10-18,1115.29,store,Lucknow,6,0.164
T0002673,C005148,2025-10-01,697.96,store,Ahmedabad,3,0.109
T0002674,C004421,2025-11-11,3365.31,online,Bhopal,7,0.034
T0002675,C002673,2024-11-15,764.49,online,Lucknow,9,0.007
T0002676,C004305,2025-03-12,1713.21,online,Kolkata,7,0.104
T0002677,C003912,2025-12-16,370.85,mobile,Bhopal,2,0.021
T0002678,C001532,2024-11-07,1374.12,online,Delhi,5,
T0002679,C004934,2024-01-09,1378.08,online,Mumbai,3,0.083
T0002680,C002404,2024-10-03,760.83,store,Jaipur,3,0.038
T0002681,C003172,2024-01-26,4755.14,mobile,Chennai,4,0.129
T0002682,C003704,2025-04-29,1242.22,online,Hyderabad,8,0.065
T0002683,C000876,2025-12-02,571.92,online,Ahmedabad,2,0.014
T0002684,C006138,2025-07-29,1260.97,online,Bhopal,11,0.065
T0002685,C002341,2024-07-30,16422.74,store,Chennai,3,0.177
T0002686,C000890,2024-05-05,1895.23,mobile,Delhi,6,0.126
T0002687,C004780,2025-05-10,3928.23,online,Hyderabad,4,0.168
T0002688,C002234,2024-10-12,2190.68,store,Jaipur,6,0.01
T0002689,C004899,2025-02-13,1102.93,online,Mumbai,9,
T0002690,C000062,2025-03-19,580.89,store,Delhi,3,0.003
T0002691,C004019,2025-04-20,2927.11,store,Mumbai,11,0.032
T0002692,C004452,2024-07-17,1023.4,mobile,Ahmedabad,8,0.044
T0002693,C003928,2024-09-17,2619.92,online,Bhopal,8,0.081
T0002694,C004616,2024-09-11,1298.22,online,Jaipur,5,0.012
T0002695,C000913,2025-03-07,361.18,phone,Delhi,5,0.022
T0002696,C001187,2025-12-14,1604.21,store,Lucknow,2,0.109
T0002697,C004878,2025-12-06,10921.01,store,Chennai,2,0.003
T0002698,C001708,2025-03-30,211.78,phone,Mumbai,10,0.267
T0002699,C001531,2025-07-31,1906.52,store,Lucknow,2,0.069
T0002700,C001297,2024-11-28,768.99,store,Pune,7,0.08
T0002701,C005575,2025-03-20,977.9,store,Delhi,2,0.065
T0002702,C002754,2025-05-21,303.19,online,Jaipur,5,0.141
T0002703,C000686,2025-08-28,1198.91,online,Kochi,5,0.065
T0002704,C000372,2025-05-23,1114.84,store,Hyderabad,4,0.167
T0002705,C000806,2025-02-27,544.83,online,Pune,5,0.034
T0002706,C001132,2024-02-09,3953.31,online,Delhi,8,0.073
T0002707,C001342,2025-01-14,7443.1,phone,Kochi,7,0.041
T0002708,C005154,2024-05-12,6128.97,online,Hyderabad,2,0.015
T0002709,C003724,2025-10-18,191.37,online,Mumbai,10,0.097
T0002710,C001739,2024-11-21,2146.83,store,Kochi,2,0.02
T0002711,C000983,2025-03-21,1245.52,online,Mumbai,5,0.07
T0002712,C001001,2025-06-07,2092.12,store,Ahmedabad,9,0.09
T0002713,C004314,2024-05-08,360.82,store,Ahmedabad,3,0.003
T0002714,C000503,2025-05-14,986.05,online,Lucknow,8,0.022
T0002715,C004379,2025-07-05,2633.46,store,Kolkata,2,0.056
T0002716,C003861,2025-03-30,12836.19,mobile,Bengaluru,7,
T0002717,C000462,2025-07-04,1401.51,online,Lucknow,2,0.119
T0002718,C000002,2024-02-23,1511.5,store,Mumbai,4,0.037
T0002719,C004891,2024-11-01,730.88,mobile,Mumbai,5,0.055
T0002720,C002211,2025-04-01,173.67,online,Jaipur,1,0.048
T0002721,C003334,2025-06-24,10878.86,store,Delhi,2,0.022
T0002722,C004734,2024-10-08,534.61,mobile,Bhopal,1,0.078
T0002723,C005402,2024-09-24,1617.85,mobile,Kolkata,10,0.076
T0002724,C005718,2024-11-08,382.91,mobile,Ahmedabad,5,0.088
T0002725,C004658,2025-09-23,862.84,online,Bengaluru,7,0.058
T0002726,C004246,2025-12-08,1791.96,online,Bengaluru,6,0.016
T0002727,C003150,2025-10-10,5106.12,store,Pune,4,0.048
T0002728,C003696,2025-08-29,711.0,online,Lucknow,7,0.048
T0002729,C003861,2024-06-08,585.52,store,Chennai,4,0.042
T0002730,C002665,2024-06-06,1374.05,online,Jaipur,11,0.019
T0002731,C000632,2024-12-22,852.79,store,Bhopal,1,
T0002732,C005488,2024-02-10,1850.67,store,Kochi,5,0.125
T0002733,C000352,2024-07-06,390.44,online,Mumbai,1,0.006
T0002734,C006235,2025-11-21,604.74,online,Hyderabad,7,0.109
T0002735,C001601,2024-08-27,1262.83,online,Kochi,1,0.034
T0002736,C001423,2024-04-24,1192.47,online,Bengaluru,8,0.016
T0002737,C003893,2025-01-09,3969.72,online,Delhi,10,0.006
T0002738,C002581,2025-06-16,2392.48,store,Bengaluru,3,0.024
T0002739,C001348,2025-07-08,1461.12,online,Hyderabad,11,0.062
T0002740,C001085,2025-01-28,506.06,mobile,Bengaluru,10,
T0002741,C002243,2025-12-21,1319.95,store,Bengaluru,6,0.039
T0002742,C000939,2025-05-17,1964.47,mobile,Chennai,1,0.016
T0002743,C002501,2024-06-28,1484.4,store,Mumbai,2,0.114
T0002744,C004885,2025-03-23,391.98,store,Jaipur,3,0.013
T0002745,C000780,2024-07-18,3425.84,online,Delhi,5,0.072
T0002746,C005516,2024-11-26,1218.14,mobile,Bengaluru,3,0.108
T0002747,C006273,2025-02-26,511.28,mobile,Chennai,6,0.118
T0002748,C004198,2025-03-16,2448.44,online,Mumbai,11,0.055
T0002749,C006167,2024-06-09,1009.38,mobile,Pune,7,0.114
T0002750,C003716,2024-06-20,3581.66,online,Kochi,4,0.047
T0002751,C002212,2024-08-06,1229.92,online,Mumbai,2,
T0002752,C005848,2024-03-29,379.4,phone,Lucknow,9,0.087
T0002753,C004802,bad-date,303.51,online,Jaipur,6,0.033
T0002754,C004594,2024-04-12,1199.75,mobile,Hyderabad,10,0.066
T0002755,C001562,2025-03-09,160.87,online,Hyderabad,11,0.096
T0002756,C000845,2025-10-16,504.46,store,Chennai,6,0.066
T0002757,C004420,2024-06-23,1836.72,store,Kochi,2,0.108
T0002758,C000440,2024-05-10,1241.93,online,Chennai,10,0.068
T0002759,C004907,2024-10-12,735.96,online,Kochi,2,0.054
T0002760,C000453,2024-05-19,3680.0,store,Chennai,10,0.042
T0002761,C004119,2025-05-18,1933.65,online,Bengaluru,2,0.096
T0002762,C002236,2024-03-04,3745.69,store,Ahmedabad,9,
T0002763,C005203,2025-11-23,1537.76,online,Bhopal,7,0.034
T0002764,C003203,2024-12-30,1724.82,online,Jaipur,4,0.109
T0002765,C003654,2025-10-24,13411.3,online,Lucknow,4,
T0002766,C002890,2024-09-13,754.75,store,Kochi,10,0.061
T0002767,C003326,2024-12-30,3054.05,online,Kolkata,11,0.305
T0002768,C000831,2025-10-25,777.72,online,Kochi,11,0.1
T0002769,C002016,2024-05-05,5186.51,online,Mumbai,4,0.034
T0002770,C005329,2025-03-20,698.35,online,Chennai,1,0.04
T0002771,C001237,2025-02-06,4235.68,online,Bhopal,3,0.11
T0002772,C002117,2025-10-05,2437.36,mobile,Kochi,1,0.033
T0002773,C004538,2025-10-12,446.29,online,Kochi,3,0.022
T0002774,C005331,2025-03-22,2221.24,store,Kolkata,5,0.079
T0002775,C005514,2024-09-25,2789.47,online,Kochi,2,
T0002776,C001884,2025-08-10,2278.96,store,Ahmedabad,2,0.085
T0002777,C000195,2024-12-29,2408.69,mobile,Delhi,10,0.174
T0002778,C000565,2025-12-29,3089.01,online,Lucknow,2,0.112
T0002779,C001888,2024-08-21,1890.73,store,Kolkata,1,0.11
T0002780,C003836,2025-03-03,417.15,online,Bengaluru,1,0.045
T0002781,C000916,2025-01-30,1858.88,online,Bhopal,7,0.001
T0002782,C001452,2025-08-01,875.69,online,Kochi,4,0.094
T0002783,C002685,2025-07-21,999.95,store,Kolkata,3,0.042
T0002784,C005723,2025-12-16,3021.71,store,Bhopal,3,0.03
T0002785,C003723,2024-06-23,1953.29,store,Kolkata,10,0.047
T0002786,C004985,2024-08-28,6012.81,online,Kochi,5,0.045
T0002787,C000652,2025-08-07,928.17,online,Ahmedabad,5,0.165
T0002788,C004137,2025-09-12,2071.87,store,Pune,6,0.012
T0002789,C000674,2025-06-24,2493.49,online,Delhi,7,0.109
T0002790,C002911,2024-02-08,1838.05,mobile,Ahmedabad,8,0.011
T0002791,C003769,2024-02-08,2256.14,store,Ahmedabad,10,0.073
T0002792,C005580,2024-12-24,3963.95,store,Bengaluru,6,0.056
T0002793,C000670,2024-05-11,1528.82,mobile,Kolkata,1,0.208
T0002794,C005788,2024-03-24,851.66,store,Chennai,3,0.09
T0002795,C005713,2025-12-28,731.39,store,Ahmedabad,2,0.033
T0002796,C006021,2024-01-10,1639.16,store,Kochi,5,0.057
T0002797,C002077,2024-01-29,734.58,store,Delhi,4,0.033
T0002798,C002325,2024-09-02,223.61,mobile,Ahmedabad,7,0.065
T0002799,C005159,2024-11-14,468.81,online,Bhopal,2,0.016
T0002800,C004640,2024-06-13,1222.07,phone,Bengaluru,2,0.157
T0002801,C006259,2025-06-15,1943.24,online,Hyderabad,1,0.069
T0002802,C003998,2024-12-27,1747.66,mobile,Lucknow,3,
T0002803,C006063,2024-10-28,883.2,store,Hyderabad,9,0.152
T0002804,C002158,2025-05-06,1228.34,store,Kolkata,4,0.064
T0002805,C003684,2024-02-17,139.12,online,Bengaluru,3,0.134
T0002806,C005033,2025-11-21,1478.56,mobile,Bhopal,3,0.154
T0002807,C004049,2024-12-03,384.82,store,Bhopal,10,0.023
T0002808,C002849,2025-01-26,2963.91,store,Kolkata,1,0.036
T0002809,C004726,2025-12-10,855.68,mobile,Bengaluru,4,0.076
T0002810,C000679,2025-10-26,317.29,mobile,Delhi,3,0.218
T0002811,C004923,2025-05-23,650.0,mobile,Mumbai,5,0.051
T0002812,C002065,2025-04-17,2178.88,online,Chennai,1,0.013
T0002813,C003366,2024-05-26,1807.49,online,Mumbai,10,
T0002814,C003956,2024-07-19,1981.71,store,Bhopal,5,0.034
T0002815,C000652,2024-02-17,13012.16,store,Delhi,3,0.016
T0002816,C002369,2024-06-16,370.63,mobile,Jaipur,10,0.056
T0002817,C004863,2024-08-16,1882.33,store,Jaipur,2,0.071
T0002818,C000513,2025-07-16,1566.54,store,Delhi,8,
T0002819,C002571,2024-10-20,4144.37,store,Hyderabad,9,0.002
T0002820,C005649,2024-03-09,1524.0,mobile,Bengaluru,8,0.041
T0002821,C005158,2025-02-05,2156.24,online,Delhi,8,0.006
T0002822,C005877,2024-10-24,3859.04,online,Kolkata,4,0.091
T0002823,C003232,2024-02-21,949.16,online,Bengaluru,5,0.066
T0002824,C004900,2024-03-11,734.8,online,Bhopal,9,0.051
T0002825,C004472,2025-11-06,7032.96,store,Pune,2,0.096
T0002826,C003896,2024-04-20,1358.37,online,Hyderabad,7,
T0002827,C005265,2024-07-06,474.83,store,Kochi,5,0.022
T0002828,C000232,2024-10-08,1009.08,online,Bhopal,3,0.005
T0002829,C000283,2025-02-02,2526.3,phone,Chennai,7,0.002
T0002830,C004753,2025-09-16,7590.64,online,Ahmedabad,3,0.013
T0002831,C000454,2025-02-19,7179.34,store,Lucknow,2,0.012
T0002832,C003816,2024-09-30,5806.99,store,Bhopal,3,0.043
T0002833,C003269,2025-01-30,-1011.2,online,Hyderabad,9,0.131
T0002834,C000983,2025-11-28,582.67,online,Delhi,7,0.019
T0002835,C000547,2025-11-12,-4872.5,online,Mumbai,9,0.05
T0002836,C000041,2025-04-07,1986.46,phone,Bengaluru,1,0.127
T0002837,C004620,2024-08-15,1985.45,store,Hyderabad,7,
T0002838,C000139,2025-10-09,913.37,store,Kolkata,10,0.022
T0002839,C000089,2025-07-10,291.97,online,Jaipur,6,
T0002840,C004053,2024-08-05,794.34,store,Bengaluru,6,0.234
T0002841,C001461,2025-10-02,848.55,online,Ahmedabad,3,0.134
T0002842,C000499,2024-01-10,6004.92,online,Kochi,7,0.073
T0002843,C005023,2024-02-04,1105.4,online,Chennai,6,0.101
T0002844,C005918,2024-12-03,1122.32,store,Hyderabad,10,0.15
T0002845,C004979,2024-03-13,552.44,online,Delhi,4,0.074
T0002846,C003027,2025-06-25,916.57,phone,Bengaluru,10,0.044
T0002847,C003720,2025-07-06,718.68,mobile,Mumbai,5,0.042
T0002848,C004358,2025-10-01,1254.62,store,Kochi,6,0.02
T0002849,C002645,2024-11-27,968.98,store,Bengaluru,3,0.064
T0002850,C004854,2024-04-08,8300.61,mobile,Kochi,1,0.031
T0002851,C001836,2025-05-04,758.97,online,Jaipur,2,0.009
T0002852,C004919,2025-04-20,3051.54,store,Bengaluru,11,0.014
T0002853,C006188,2024-03-19,692.49,online,Pune,9,0.011
T0002854,C003085,2025-12-11,3755.96,online,Kolkata,6,0.041
T0002855,C004907,2024-03-16,1701.52,mobile,Lucknow,8,
T0002856,C002886,2025-09-10,920.99,phone,Bengaluru,11,0.073
T0002857,C004207,2025-03-16,2548.65,phone,Bengaluru,6,0.017
T0002858,C003044,2025-02-22,2562.9,online,Lucknow,10,0.041
T0002859,C003486,2025-08-05,1454.74,phone,Pune,3,0.038
T0002860,C003101,2025-05-09,1049.46,mobile,Bhopal,4,0.052
T0002861,C003693,2025-01-22,1441.96,online,Ahmedabad,4,0.042
T0002862,C001826,2024-01-02,1091.68,phone,Pune,10,0.041
T0002863,C001238,2025-06-04,1280.33,online,Kochi,7,0.107
T0002864,C004917,2024-05-27,302.81,store,Kochi,9,0.02
T0002865,C003911,2025-08-27,3406.82,mobile,Jaipur,2,0.008
T0002866,C003505,2024-04-26,834.53,mobile,Lucknow,7,0.024
T0002867,C000531,2025-06-14,391.01,mobile,Kochi,4,
T0002868,C005914,2025-05-02,4862.5,store,Bengaluru,9,0.133
T0002869,C005324,2025-03-13,1069.53,store,Jaipur,4,0.001
T0002870,C003876,2024-02-12,2254.68,online,Bhopal,11,0.02
T0002871,C000437,2025-11-14,1075.54,phone,Ahmedabad,4,0.117
T0002872,C000486,2025-06-26,7466.57,online,Bhopal,1,0.001
T0002873,C002524,2025-04-03,2106.4,store,Chennai,7,0.029
T0002874,C003168,2025-01-28,986.46,online,Bengaluru,5,0.016
T0002875,C001570,2025-09-01,359.55,mobile,Jaipur,1,0.117
T0002876,C000334,2025-12-28,5032.25,store,Jaipur,9,0.007
T0002877,C003393,2024-09-30,1667.12,online,Bhopal,5,0.036
T0002878,C005972,2025-10-12,4884.25,online,Lucknow,7,0.087
T0002879,C005951,2024-09-15,512.63,online,Kochi,9,0.012
T0002880,C004698,2024-08-22,460.6,online,Jaipur,6,
T0002881,C003806,2024-12-21,-337.36,mobile,Jaipur,3,0.068
T0002882,C002138,2024-05-06,5965.16,online,Kolkata,7,0.026
T0002883,C000556,2025-08-06,2222.89,online,Ahmedabad,8,0.028
T0002884,C004980,2024-11-08,5700.72,online,Ahmedabad,10,0.028
T0002885,C003794,2024-05-28,6466.25,mobile,Mumbai,2,0.167
T0002886,C003867,2025-08-25,2717.27,online,Delhi,10,0.049
T0002887,C000712,2025-07-09,5421.4,online,Bengaluru,1,0.001
T0002888,C005109,2024-10-03,1383.65,online,Bengaluru,8,0.062
T0002889,C003291,2025-06-01,223.09,online,Hyderabad,7,0.037
T0002890,C000902,2024-12-05,840.39,online,Bhopal,10,0.048
T0002891,C003191,2025-03-11,9787.99,store,Mumbai,10,0.132
T0002892,C005530,2024-02-22,434.24,store,Kochi,1,0.078
T0002893,C002445,2025-01-27,270.59,phone,Lucknow,1,0.05
T0002894,C000811,2024-08-07,2986.77,online,Bhopal,8,0.038
T0002895,C002502,2024-06-25,4570.61,online,Jaipur,4,0.021
T0002896,C003487,2025-04-29,16491.93,store,Chennai,3,0.025
T0002897,C005957,2025-01-26,2450.89,store,Chennai,6,0.198
T0002898,C002701,2025-06-19,1799.43,store,Mumbai,8,0.075
T0002899,C002059,2025-09-08,3791.8,online,Bengaluru,6,0.065
T0002900,C002264,2025-04-29,321.52,mobile,Jaipur,1,0.048
T0002901,C006201,2024-11-06,4104.75,mobile,Lucknow,3,0.068
T0002902,C003641,2024-08-17,883.79,online,Kolkata,9,0.038
T0002903,C000707,2025-05-28,3194.05,online,Bhopal,4,0.007
T0002904,C005932,2025-03-03,694.99,online,Kochi,9,0.037
T0002905,C003415,2025-09-07,1070.05,online,Hyderabad,3,
T0002906,C004159,2024-10-12,1445.07,store,Hyderabad,3,0.026
T0002907,C005602,2025-04-23,579.21,store,Pune,1,0.06
T0002908,C000396,2024-07-29,652.39,online,Bhopal,3,0.004
T0002909,C000165,2025-03-14,1547.98,store,Ahmedabad,4,0.001
T0002910,C006164,2024-08-23,442.46,mobile,Delhi,9,0.061
T0002911,C004765,2024-03-08,5414.4,store,Delhi,1,0.227
T0002912,C000009,2025-10-14,3226.6,online,Bengaluru,10,0.216
T0002913,C000706,2024-09-20,601.64,mobile,Lucknow,7,0.089
T0002914,C001455,2024-06-22,812.53,store,Mumbai,5,0.014
T0002915,C004782,2025-09-08,4647.59,store,Hyderabad,1,0.066
T0002916,C006142,2025-03-04,14884.03,online,Lucknow,1,0.035
T0002917,C003917,2025-07-21,935.8,online,Mumbai,5,0.124
T0002918,C002280,2025-02-08,1030.58,online,Chennai,7,
T0002919,C006069,2025-12-05,980.36,online,Kolkata,8,0.081
T0002920,C004575,2024-09-06,2531.13,store,Lucknow,8,0.005
T0002921,C006014,2024-06-25,668.97,mobile,Bengaluru,1,0.099
T0002922,C001374,2024-09-16,1743.86,mobile,Kochi,8,0.029
T0002923,C002864,2024-07-12,192.28,online,Bhopal,1,0.054
T0002924,C000943,2025-09-04,3571.17,online,Pune,9,0.074
T0002925,C003495,2025-05-22,60118.74425995617,online,Pune,9,0.001
T0002926,C003103,2025-02-02,2731.1,store,Mumbai,6,0.134
T0002927,C004823,2025-02-15,3018.54,online,Jaipur,4,0.019
T0002928,C002670,2024-12-10,1446.49,online,Kolkata,4,0.011
T0002929,C002907,2024-04-21,365.77,online,Hyderabad,11,0.133
T0002930,C005548,2024-12-06,741.04,online,Jaipur,1,0.168
T0002931,C001511,2025-05-17,4130.3,mobile,Delhi,10,0.09
T0002932,C000163,2025-10-21,1174.53,store,Chennai,1,0.073
T0002933,C002144,2025-10-05,1953.66,mobile,Jaipur,6,0.008
T0002934,C000453,2025-07-16,885.04,online,Ahmedabad,5,0.115
T0002935,C005884,2024-11-26,1451.04,store,Pune,3,0.054
T0002936,C002677,2024-04-21,145.91,online,Bengaluru,3,0.023
T0002937,C004041,2024-01-03,2065.15,store,Mumbai,9,0.018
T0002938,C002243,2024-01-23,430.4,online,Bhopal,8,0.011
T0002939,C006247,2025-10-19,2058.36,mobile,Kochi,6,0.072
T0002940,C005259,2025-09-19,3863.9,store,Kochi,1,0.166
T0002941,C000193,2024-12-13,882.02,store,Lucknow,6,0.191
T0002942,C005091,2024-09-26,2627.59,online,Mumbai,6,0.128
T0002943,C000325,2024-03-27,1499.09,mobile,Kochi,9,0.143
T0002944,C003994,2025-04-22,611.68,store,Bhopal,5,0.044
T0002945,C001050,2024-02-09,3694.42,online,Kochi,6,0.069
T0002946,C000930,2024-10-26,1377.45,online,Chennai,11,0.013
T0002947,C002817,2024-10-22,2526.9,online,Hyderabad,2,0.062
T0002948,C001849,2024-06-12,1205.62,store,Kochi,4,0.187
T0002949,C001035,2025-01-06,245.1,online,Mumbai,11,0.004
T0002950,C005699,2024-12-26,5332.41,store,Pune,7,
T0002951,C002430,2025-10-17,5575.31,online,Jaipur,3,0.054
T0002952,C002804,2025-06-26,899.74,online,Ahmedabad,10,0.031
T0002953,C000895,2025-10-13,4021.82,online,Chennai,3,0.058
T0002954,C004482,2024-02-15,3766.46,online,Kochi,5,0.021
T0002955,C006214,2025-02-11,2081.31,online,Hyderabad,4,0.027
T0002956,C004444,2025-03-29,546.46,online,Delhi,7,0.09
T0002957,C001491,2024-11-16,4411.02,online,Bengaluru,5,0.009
T0002958,C000847,2024-04-22,3080.96,store,Lucknow,8,0.037
T0002959,C005949,2024-04-02,918.01,online,Bengaluru,4,0.036
T0002960,C002818,2024-06-23,2358.56,mobile,Lucknow,1,0.015
T0002961,C001016,2024-09-23,1433.33,store,Chennai,3,0.02
T0002962,C004309,2025-11-25,6020.47,store,Kochi,2,0.15
T0002963,C005749,2024-10-01,2382.59,store,Kochi,7,0.11
T0002964,C004807,2025-01-16,1419.71,store,Ahmedabad,6,0.021
T0002965,C001168,2024-08-26,1340.46,store,Mumbai,2,0.032
T0002966,C004199,2024-06-22,2781.74,mobile,Pune,8,0.001
T0002967,C002489,2025-01-23,4219.28,mobile,Delhi,8,0.122
T0002968,C004069,2025-07-11,3393.36,store,Chennai,9,0.189
T0002969,C001666,2025-09-07,1035.75,online,Chennai,10,0.019
T0002970,C005151,2025-12-26,3107.62,store,Delhi,3,0.066
T0002971,C000363,2025-10-26,9439.0,online,Hyderabad,2,0.039
T0002972,C000650,2025-01-25,1195.26,store,Pune,10,0.003
T0002973,C004629,2025-10-14,2622.05,store,Chennai,7,0.045
T0002974,C001814,2025-03-19,789.3,mobile,Hyderabad,11,0.007
T0002975,C004660,2025-10-04,583.43,online,Hyderabad,2,0.006
T0002976,C005043,2024-04-20,1307.89,online,Bengaluru,2,0.01
T0002977,C001696,2024-12-16,1854.57,store,Ahmedabad,6,0.072
T0002978,C004032,2025-09-12,11536.79,online,Mumbai,2,0.037
T0002979,C002315,2024-03-17,1559.58,store,Ahmedabad,7,
T0002980,C005946,2024-01-02,344.77,store,Pune,1,0.011
T0002981,C004420,2025-06-07,4008.15,online,Bhopal,9,0.15
T0002982,C005267,2024-03-07,2266.87,store,Pune,4,0.038
T0002983,C006152,2025-08-24,20554.68,store,Pune,4,0.104
T0002984,C001503,2025-06-01,2469.4,mobile,Mumbai,2,0.011
T0002985,C004776,2025-04-11,2377.54,store,Bhopal,7,0.011
T0002986,C004193,2024-05-12,2826.69,online,Kochi,5,0.047
T0002987,C006095,2025-06-28,2419.76,store,Chennai,3,0.003
T0002988,C001426,2025-02-10,768.65,phone,Ahmedabad,9,0.083
T0002989,C004563,2025-10-07,1704.2,online,Pune,9,0.069
T0002990,C001954,2024-09-01,2922.41,store,Bhopal,7,0.128
T0002991,C000312,2024-12-05,3743.34,online,Bhopal,11,0.006
T0002992,C005686,2025-04-22,1316.57,online,Bhopal,1,
T0002993,C000381,2024-05-18,226.12,online,Pune,4,0.035
T0002994,C003435,2024-10-29,570.81,store,Kochi,11,
T0002995,C002484,2025-09-03,462.83,online,Kolkata,1,0.018
T0002996,C001415,2024-10-18,4461.63,online,Mumbai,3,0.232
T0002997,C004570,2024-12-11,2849.36,phone,Delhi,8,0.076
T0002998,C004394,2024-10-03,565.9,online,Lucknow,10,0.141
T0002999,C001669,2025-10-12,4380.89,store,Bhopal,9,0.008
T0003000,C004729,2025-06-07,7158.83,mobile,Bengaluru,5,0.008
T0003001,C000769,2025-02-05,6384.47,store,Lucknow,7,0.042
T0003002,C004937,2024-01-27,3923.15,store,Ahmedabad,11,0.034
T0003003,C002780,2024-07-30,570.88,store,Kolkata,10,0.044
T0003004,C004805,2024-04-01,10881.64,online,Kolkata,7,0.05
T0003005,C003614,2024-12-13,637.67,mobile,Pune,11,0.125
T0003006,C005471,2024-06-11,2376.34,store,Kochi,8,0.043
T0003007,C001243,2024-01-21,1116.37,online,Lucknow,9,0.131
T0003008,C006188,2024-11-26,952.73,store,Jaipur,4,0.054
T0003009,C003745,2025-03-29,726.05,online,Ahmedabad,9,0.014
T0003010,C005634,2025-04-09,673.86,online,Lucknow,4,0.003
T0003011,C001535,2025-03-19,1381.71,mobile,Ahmedabad,10,0.043
T0003012,C004962,2025-11-24,534.84,store,Chennai,8,0.063
T0003013,C006134,2024-11-29,2376.69,online,Hyderabad,7,0.016
T0003014,C002412,2024-08-25,3369.95,phone,Bhopal,1,0.08
T0003015,C005579,2024-12-11,463.88,online,Mumbai,4,0.021
T0003016,C003137,2025-10-03,6045.91,store,Bhopal,4,0.0
T0003017,C002379,2024-11-08,605.57,mobile,Hyderabad,7,0.089
T0003018,C005108,2024-05-06,2019.29,online,Hyderabad,1,0.099
T0003019,C002962,2024-01-06,1290.62,online,Jaipur,2,0.03
T0003020,C005958,2024-11-07,745.8,online,Delhi,8,0.093
T0003021,C004816,2025-01-06,8959.84,online,Chennai,8,0.06
T0003022,C003219,2025-12-18,746.73,online,Bhopal,4,0.069
T0003023,C001352,2024-12-12,3710.47,store,Mumbai,1,0.018
T0003024,C004141,2025-10-18,1696.19,mobile,Jaipur,3,0.015
T0003025,C000172,2024-03-12,1569.72,store,Pune,3,0.073
T0003026,C004048,2025-06-28,3209.6,mobile,Lucknow,8,0.157
T0003027,C004636,2025-02-25,1913.16,store,Jaipur,10,0.058
T0003028,C000764,2025-06-25,382.91,mobile,Bhopal,5,0.064
T0003029,C003718,2025-01-08,2538.2,store,Mumbai,1,0.009
T0003030,C003713,2025-03-13,2754.65,online,Chennai,11,0.038
T0003031,C001891,2024-08-29,944.35,mobile,Kolkata,4,0.173
T0003032,C001010,2025-09-03,1367.64,online,Bengaluru,4,0.164
T0003033,C003652,2024-02-26,1166.54,store,Kolkata,2,0.165
T0003034,C005383,2025-04-12,1842.58,online,Bhopal,10,0.1
T0003035,C002249,2024-12-06,927.32,online,Hyderabad,5,0.054
T0003036,C002584,2024-07-29,810.15,mobile,Hyderabad,9,0.146
T0003037,C001277,2025-05-24,3682.58,online,Chennai,11,0.04
T0003038,C000105,2025-05-08,6797.62,store,Bengaluru,7,0.24
T0003039,C000615,2025-10-16,1795.16,store,Pune,2,0.016
T0003040,C000647,2024-11-21,1712.09,online,Kolkata,3,0.069
T0003041,C003103,2024-06-11,933.87,online,Jaipur,9,0.062
T0003042,C005149,2025-09-19,6061.85,online,Ahmedabad,11,0.027
T0003043,C002913,2025-06-03,1409.13,online,Kolkata,1,0.052
T0003044,C005451,2025-08-02,1075.41,phone,Lucknow,7,
T0003045,C005498,2025-11-11,4119.24,phone,Kochi,5,0.066
T0003046,C005785,2024-04-27,1306.73,store,Bhopal,10,0.101
T0003047,C002461,2025-10-16,-1179.27,online,Delhi,5,0.031
T0003048,C004424,2025-05-16,2303.12,store,Kochi,10,0.11
T0003049,C002153,2024-02-06,1656.23,online,Bengaluru,6,0.039
T0003050,C004689,2025-04-29,1528.18,store,Delhi,8,0.09
T0003051,C003044,2025-07-23,1883.14,online,Chennai,9,0.088
T0003052,C005399,2025-03-15,656.9,store,Mumbai,5,
T0003053,C003784,2024-05-05,488.7,store,Chennai,10,0.089
T0003054,C002126,2024-08-01,896.11,store,Ahmedabad,7,0.038
T0003055,C003339,2024-10-18,1927.53,online,Jaipur,9,0.021
T0003056,C003497,2025-05-24,2426.9,store,Kolkata,11,0.02
T0003057,C005979,2024-08-13,1950.76,store,Bhopal,4,
T0003058,C005530,2024-01-21,787.4,store,Pune,11,0.065
T0003059,C006234,2024-06-08,3713.56,online,Mumbai,7,0.058
T0003060,C002978,2025-11-16,204.45,online,Lucknow,10,0.039
T0003061,C002048,2025-09-21,2078.16,store,Kochi,4,0.013
T0003062,C003022,2025-06-14,2666.83,mobile,Ahmedabad,10,0.068
T0003063,C000296,2024-09-15,-749.73,online,Ahmedabad,3,0.056
T0003064,C003539,2024-04-18,643.83,store,Lucknow,7,0.264
T0003065,C004131,2025-04-16,2475.78,mobile,Bhopal,9,0.178
T0003066,C003955,2025-08-17,6799.09,store,Bengaluru,2,0.159
T0003067,C003260,2024-01-10,3776.79,online,Mumbai,2,0.084
T0003068,C002336,2025-11-04,2930.78,online,Hyderabad,5,0.02
T0003069,C000198,2024-08-17,674.38,online,Kolkata,7,0.031
T0003070,C004168,2024-12-29,304.08,online,Hyderabad,2,0.006
T0003071,C004409,2024-02-18,2115.77,store,Chennai,6,0.067
T0003072,C000924,2025-09-12,1567.75,store,Jaipur,9,0.005
T0003073,C000442,2025-10-14,5453.07,store,Mumbai,8,0.028
T0003074,C002981,2024-05-08,480.56,store,Delhi,5,0.11
T0003075,C004608,2025-01-04,1556.31,online,Mumbai,8,0.077
T0003076,C005564,2024-08-28,1515.9,phone,Kochi,11,0.021
T0003077,C001423,2024-05-07,1136.63,phone,Kochi,6,0.15
T0003078,C004751,2025-04-22,859.89,online,Ahmedabad,1,0.092
T0003079,C001943,2024-09-14,2356.85,online,Delhi,2,0.051
T0003080,C000669,2024-10-22,2289.25,mobile,Bhopal,9,0.042
T0003081,C003847,2025-08-19,1407.9,phone,Lucknow,7,0.069
T0003082,C001750,2025-01-13,2734.5,store,Bengaluru,10,0.057
T0003083,C002437,2024-02-04,2860.89,online,Kolkata,2,0.1
T0003084,C003493,2025-07-04,4096.03,online,Chennai,4,0.147
T0003085,C003893,2025-08-01,3598.44,phone,Bengaluru,9,
T0003086,C002053,2024-07-27,1270.47,store,Kochi,11,
T0003087,C002201,2024-09-04,1289.89,store,Bengaluru,3,0.085
T0003088,C003308,2025-01-08,8516.87,online,Kochi,10,0.021
T0003089,C000779,2025-08-15,4691.97,online,Chennai,3,0.01
T0003090,C005701,2024-04-29,354.93,online,Lucknow,10,0.152
T0003091,C003383,2025-10-01,565.73,store,Hyderabad,3,0.101
T0003092,C000617,2024-03-21,4026.98,store,Kochi,11,0.181
T0003093,C004454,2024-12-05,3483.23,store,Kochi,2,0.017
T0003094,C000030,2024-11-15,365.24,online,Kochi,9,0.035
T0003095,C003181,2025-02-13,3278.15,store,Chennai,1,0.044
T0003096,C000308,2024-03-09,587.96,online,Kolkata,7,0.01
T0003097,C002162,2025-07-21,1642.79,store,Kochi,1,
T0003098,C000879,2025-04-28,1439.46,store,Hyderabad,10,0.131
T0003099,C001726,2025-06-02,2175.27,mobile,Lucknow,10,0.032
T0003100,C001818,2025-05-14,307.17,store,Lucknow,4,0.115
T0003101,C001367,2024-07-31,1620.32,store,Kolkata,3,0.121
T0003102,C002415,2025-01-23,2461.91,online,Kochi,11,0.246
T0003103,C003806,2024-01-18,2903.08,store,Kolkata,3,0.073
T0003104,C004699,2025-03-03,792.58,online,Delhi,7,0.067
T0003105,C002028,2025-07-31,2320.33,online,Mumbai,11,0.038
T0003106,C002251,2025-08-26,1698.77,mobile,Mumbai,8,0.211
T0003107,C000556,2025-08-09,2419.47,online,Delhi,5,0.028
T0003108,C001411,2025-08-13,3553.37,mobile,Kochi,7,0.055
T0003109,C000640,2025-01-23,208.06,online,Chennai,8,0.14
T0003110,C002270,2025-08-14,2023.61,online,Kolkata,10,0.172
T0003111,C004679,2024-12-10,649.22,store,Mumbai,11,0.068
T0003112,C006191,2024-01-04,375.06,store,Pune,3,0.084
T0003113,C003986,2025-06-20,356.46,store,Bengaluru,8,0.076
T0003114,C004356,2025-08-16,744.52,mobile,Kochi,1,0.059
T0003115,C004585,2024-10-04,268.53,phone,Bengaluru,3,0.056
T0003116,C005995,2024-08-01,961.59,mobile,Ahmedabad,6,0.103
T0003117,C002954,2024-09-11,8987.33,online,Kolkata,4,0.055
T0003118,C001329,2025-09-10,375.98,store,Kochi,10,0.101
T0003119,C000221,2025-10-02,4745.49,store,Jaipur,1,0.062
T0003120,C002136,2024-03-27,1738.75,mobile,Ahmedabad,11,0.193
T0003121,C004956,2024-04-11,3603.59,online,Kolkata,6,0.038
T0003122,C004887,2025-04-29,1325.45,online,Pune,1,0.056
T0003123,C002758,2025-12-29,5797.07,mobile,Ahmedabad,4,0.12
T0003124,C000111,2025-09-06,2452.95,phone,Bengaluru,6,0.008
T0003125,C000603,2024-03-17,18910.49,online,Jaipur,6,0.059
T0003126,C000480,2024-07-01,3790.37,online,Delhi,7,0.032
T0003127,C000326,2024-04-20,1025.33,store,Delhi,2,0.002
T0003128,C002347,2024-10-31,284.92,online,Bengaluru,9,0.019
T0003129,C003376,2024-03-25,1020.29,online,Hyderabad,2,0.083
T0003130,C001553,2024-05-04,550.47,mobile,Delhi,7,0.127
T0003131,C004026,2024-01-22,1423.88,online,Pune,5,0.011
T0003132,C003423,2025-12-01,1466.5,store,Jaipur,3,0.043
T0003133,C002657,2025-07-09,1280.3,mobile,Delhi,3,0.08
T0003134,C005047,2024-03-04,1441.98,online,Kolkata,5,0.025
T0003135,C003564,2024-02-06,3115.39,mobile,Kolkata,7,0.085
T0003136,C004440,2024-02-10,3455.74,online,Hyderabad,2,0.093
T0003137,C002747,2025-09-15,4005.5,online,Delhi,5,0.049
T0003138,C005294,2024-09-01,2867.19,mobile,Kochi,5,0.091
T0003139,C000631,2025-11-11,10321.65,store,Delhi,9,
T0003140,C004815,2024-04-07,1115.62,store,Hyderabad,4,0.044
T0003141,C001019,2024-10-29,6292.64,mobile,Bhopal,2,0.074
T0003142,C002874,2024-08-05,2778.42,online,Ahmedabad,9,0.01
T0003143,C003246,2024-12-11,2539.75,mobile,Lucknow,5,0.031
T0003144,C005740,2025-06-20,803.92,mobile,Lucknow,8,0.022
T0003145,C001273,2025-11-27,1612.2,mobile,Jaipur,2,0.037
T0003146,C000480,2024-12-30,588.0,online,Delhi,9,0.029
T0003147,C006215,2024-05-03,6439.56,mobile,Bengaluru,7,0.133
T0003148,C001394,2025-06-14,2843.43,online,Jaipur,10,0.05
T0003149,C003018,2024-03-01,2217.87,store,Jaipur,6,0.006
T0003150,C001659,2025-05-12,-1031.87,store,Mumbai,7,0.159
T0003151,C003587,2025-11-18,4066.3,online,Bhopal,3,0.005
T0003152,C005225,2024-03-09,3646.22,online,Delhi,5,0.058
T0003153,C003887,2024-01-15,4193.29,store,Mumbai,2,0.029
T0003154,C002706,2024-12-23,4311.14,online,Lucknow,7,0.05
T0003155,C000775,2024-02-08,946.44,store,Pune,2,0.132
T0003156,C005494,2025-05-20,1766.13,online,Hyderabad,3,0.119
T0003157,C000797,2024-08-29,2185.49,store,Chennai,11,
T0003158,C004258,2024-11-07,3611.53,mobile,Kochi,11,0.195
T0003159,C006154,2024-06-27,6548.78,mobile,Chennai,8,0.039
T0003160,C004124,2024-02-28,658.62,mobile,Ahmedabad,10,0.027
T0003161,C001658,2024-04-20,2826.79,store,Kolkata,9,0.076
T0003162,C003993,2024-05-22,2286.34,online,Pune,4,0.04
T0003163,C003416,2024-03-23,2540.47,mobile,Pune,8,0.096
T0003164,C002406,2024-12-26,4779.79,mobile,Lucknow,10,0.117
T0003165,C004331,2024-11-09,6946.61,store,Bhopal,5,0.078
T0003166,C005687,2025-02-11,5023.05,store,Kolkata,8,0.098
T0003167,C004164,2024-03-12,4432.19,store,Bhopal,8,0.01
T0003168,C002207,2024-10-08,1525.1,store,Kochi,1,0.018
T0003169,C003568,2024-09-30,26968.15,online,Lucknow,11,0.06
T0003170,C003621,2024-10-22,3204.02,online,Kolkata,10,0.011
T0003171,C002530,2025-03-15,1285.88,online,Bhopal,6,0.101
T0003172,C003493,2024-09-29,4769.5,mobile,Bhopal,11,
T0003173,C001123,2024-06-13,1320.04,online,Bhopal,3,0.03
T0003174,C003563,2024-02-18,1038.38,store,Bhopal,11,0.196
T0003175,C003722,2025-08-22,1961.14,online,Ahmedabad,6,0.101
T0003176,C005483,2024-02-25,853.99,mobile,Pune,9,0.123
T0003177,C003405,2024-12-14,1278.86,mobile,Jaipur,4,0.034
T0003178,C001487,2024-04-25,6523.41,store,Pune,1,0.017
T0003179,C004882,2024-08-15,4132.22,mobile,Ahmedabad,8,0.008
T0003180,C005328,2024-01-26,438.99,phone,Jaipur,11,0.059
T0003181,C005197,2025-10-28,361.68,online,Kolkata,8,0.136
T0003182,C002436,2024-05-22,5373.07,store,Jaipur,1,0.238
T0003183,C006128,2025-09-28,16905.04,online,Ahmedabad,9,0.08
T0003184,C006275,2025-01-02,1674.88,store,Kochi,10,0.016
T0003185,C005762,2024-05-30,1029.75,store,Lucknow,6,0.137
T0003186,C005476,2024-05-25,592.91,online,Delhi,5,0.051
T0003187,C001349,2024-03-12,4783.58,mobile,Chennai,2,0.012
T0003188,C005385,2024-11-05,1655.09,store,Pune,4,0.059
T0003189,C004685,2024-10-18,2045.01,store,Jaipur,2,0.007
T0003190,C003032,2025-07-21,1468.44,mobile,Kochi,9,0.006
T0003191,C005699,2025-10-30,679.51,mobile,Kochi,6,
T0003192,C001860,2024-07-11,2718.76,store,Lucknow,5,
T0003193,C004836,2024-01-04,1618.28,online,Delhi,7,0.022
T0003194,C006002,2025-01-01,1017.64,store,Pune,7,0.086
T0003195,C003456,2025-12-04,3238.05,online,Bengaluru,3,0.116
T0003196,C004416,2024-12-18,1140.41,mobile,Hyderabad,2,0.016
T0003197,C004443,2025-04-06,2484.71,store,Delhi,7,0.023
T0003198,C001118,2025-10-02,1994.95,online,Lucknow,8,0.037
T0003199,C001856,2025-05-24,3909.33,phone,Kolkata,9,
T0003200,C001065,2024-12-14,949.04,store,Ahmedabad,2,0.004
T0003201,C002545,2025-07-25,2454.76,mobile,Lucknow,8,
T0003202,C004106,2024-02-06,301.85,online,Jaipur,8,0.102
T0003203,C006145,2025-01-22,809.52,online,Ahmedabad,3,0.205
T0003204,C002273,2025-12-18,2215.3,store,Hyderabad,2,0.147
T0003205,C000989,2024-04-14,5628.96,store,Chennai,8,0.046
T0003206,C004263,2024-05-13,2091.71,store,Jaipur,10,0.069
T0003207,C004141,2024-01-24,2249.76,online,Hyderabad,9,0.076
T0003208,C003934,2024-08-19,14937.37,store,Hyderabad,10,0.012
T0003209,C002414,2025-03-26,3470.65,store,Kolkata,2,0.059
T0003210,C005746,2025-03-03,2711.66,online,Lucknow,4,0.114
T0003211,C004099,2024-12-23,483.67,online,Jaipur,8,0.033
T0003212,C000772,2024-04-07,3033.5,store,Mumbai,5,0.176
T0003213,C003420,2024-08-19,2887.17,online,Mumbai,2,0.032
T0003214,C001058,2025-11-24,2496.51,mobile,Mumbai,1,0.117
T0003215,C003139,2024-05-01,812.56,online,Lucknow,1,0.054
T0003216,C004892,2025-06-06,4657.43,store,Chennai,5,0.027
T0003217,C005700,2025-03-13,1748.69,online,Kochi,6,0.159
T0003218,C004114,2024-05-19,773.78,mobile,Bhopal,5,
T0003219,C005818,2025-10-15,4877.41,online,Chennai,2,0.057
T0003220,C001207,2024-09-26,8050.97,store,Pune,10,0.038
T0003221,C001117,2025-04-27,1339.97,store,Ahmedabad,7,
T0003222,C006037,2025-08-22,6262.66,mobile,Mumbai,8,0.035
T0003223,C002937,2025-03-13,3089.17,store,Mumbai,11,0.081
T0003224,C001263,2025-10-02,809.64,online,Lucknow,4,0.004
T0003225,C002207,2025-11-03,2186.3,online,Pune,3,0.112
T0003226,C001227,2025-09-03,1385.91,mobile,Bhopal,2,0.02
T0003227,C001272,2024-05-07,1512.57,online,Pune,1,0.179
T0003228,C002362,2024-08-07,1846.61,phone,Kolkata,4,0.013
T0003229,C003087,2024-11-13,1082.5,phone,Mumbai,1,0.103
T0003230,C002638,2025-06-17,4682.05,online,Bengaluru,6,0.019
T0003231,C001441,2025-02-22,1494.55,mobile,Ahmedabad,4,0.091
T0003232,C005337,2025-04-12,1724.14,store,Hyderabad,11,0.082
T0003233,C005692,2024-02-05,1019.37,online,Ahmedabad,10,0.05
T0003234,C003334,2025-03-04,2511.23,store,Bhopal,11,0.135
T0003235,C002230,2025-04-22,15128.94,store,Bhopal,11,0.027
T0003236,C004000,2025-05-22,7527.84,online,Hyderabad,1,0.105
T0003237,C001268,2024-05-30,1678.1,store,Kolkata,7,0.036
T0003238,C003821,2025-11-12,842.19,store,Delhi,5,0.025
T0003239,C003416,2025-10-24,1718.35,online,Kochi,10,0.025
T0003240,C003736,2025-09-18,9175.39,online,Mumbai,8,0.039
T0003241,C005779,2025-07-15,1562.13,online,Bhopal,1,0.011
T0003242,C004626,2025-02-06,479.82,store,Kochi,4,0.048
T0003243,C006033,2024-04-13,2127.48,online,Chennai,1,0.158
T0003244,C004032,2024-04-27,6659.47,online,Delhi,1,0.008
T0003245,C005779,2025-12-26,308.9,online,Bengaluru,2,0.046
T0003246,C000900,2025-06-18,4582.55,store,Chennai,2,0.057
T0003247,C005163,2024-07-17,632.65,store,Chennai,7,0.027
T0003248,C003821,2024-07-25,1222.38,mobile,Bengaluru,2,0.101
T0003249,C003748,2024-01-07,3591.27,store,Kochi,1,0.164
T0003250,C004626,2025-09-17,1386.63,store,Bengaluru,5,0.08
T0003251,C005954,2025-05-20,6587.47,mobile,Ahmedabad,11,0.123
T0003252,C000134,2024-02-05,600.75,phone,Ahmedabad,3,0.017
T0003253,C001873,2024-07-19,2519.82,mobile,Bhopal,9,0.043
T0003254,C004692,2024-11-04,5246.63,store,Mumbai,9,0.022
T0003255,C003856,2024-10-05,1848.26,mobile,Kochi,4,0.071
T0003256,C005465,bad-date,459.04,store,Lucknow,10,0.088
T0003257,C002885,2024-07-05,3190.82,mobile,Ahmedabad,1,0.088
T0003258,C002751,2024-09-24,890.31,store,Delhi,2,0.1
T0003259,C005885,2024-12-29,1645.0,store,Bhopal,11,0.028
T0003260,C002218,2024-03-20,3289.95,store,Pune,3,0.022
T0003261,C001170,2025-06-13,1311.27,online,Lucknow,4,0.059
T0003262,C006188,2024-12-11,4586.74,mobile,Lucknow,6,0.051
T0003263,C001492,2024-06-22,486.83,store,Delhi,1,0.158
T0003264,C003259,2024-04-06,2682.09,online,Lucknow,7,0.124
T0003265,C005668,2024-07-28,2675.94,online,Kochi,4,0.113
T0003266,C004674,2024-04-05,2181.12,mobile,Jaipur,5,0.084
T0003267,C005455,2024-11-27,2910.7,online,Delhi,5,0.036
T0003268,C001112,2025-01-24,579.16,store,Mumbai,3,0.043
T0003269,C001383,2025-12-16,515.47,mobile,Chennai,4,0.106
T0003270,C005074,2025-06-15,1921.36,phone,Hyderabad,7,0.113
T0003271,C003850,2024-10-31,7446.7,online,Bengaluru,2,0.032
T0003272,C005337,2025-12-07,2334.81,store,Mumbai,10,0.031
T0003273,C001059,2025-09-22,2681.39,mobile,Mumbai,7,0.185
T0003274,C003739,2025-03-14,6301.61,store,Kolkata,8,0.001
T0003275,C000328,2024-08-18,2034.13,mobile,Lucknow,10,0.067
T0003276,C003078,2025-12-05,1012.23,phone,Lucknow,3,0.034
T0003277,C001738,2025-08-03,1497.16,mobile,Pune,4,0.062
T0003278,C000928,2025-12-21,3905.61,online,Mumbai,11,0.004
T0003279,C004207,2024-07-28,9176.53,store,Delhi,4,0.055
T0003280,C002621,2025-07-28,2638.95,online,Bhopal,10,0.053
T0003281,C003075,2025-01-22,3022.48,mobile,Mumbai,7,0.04
T0003282,C004896,2025-04-14,5976.16,online,Ahmedabad,4,0.103
T0003283,C006149,2024-06-11,1418.87,online,Ahmedabad,4,0.038
T0003284,C002054,2024-06-13,368.37,store,Kolkata,9,0.203
T0003285,C000140,2024-04-20,2621.39,store,Bhopal,9,0.031
T0003286,C004070,2024-02-12,2977.79,online,Kochi,6,0.055
T0003287,C000725,2024-01-29,1006.79,store,Ahmedabad,9,0.024
T0003288,C000882,2025-06-01,7173.93,store,Delhi,4,0.025
T0003289,C005393,2025-01-12,1095.09,online,Ahmedabad,6,0.007
T0003290,C003480,2024-05-29,4377.38,store,Delhi,4,0.178
T0003291,C004668,2025-06-05,1686.74,online,Kochi,7,0.073
T0003292,C004053,2025-03-23,7722.19,mobile,Delhi,9,0.066
T0003293,C004169,2024-11-09,1034.2,store,Bengaluru,7,0.043
T0003294,C006056,2025-03-16,7397.62,online,Kochi,3,0.031
T0003295,C005454,2024-04-23,2727.23,store,Kolkata,4,0.091
T0003296,C002049,2025-02-06,1849.07,online,Chennai,11,0.055
T0003297,C006160,2024-06-02,2885.47,online,Ahmedabad,3,0.035
T0003298,C001263,2024-07-08,1203.05,store,Kochi,11,0.011
T0003299,C002711,2024-02-20,1092.99,mobile,Delhi,9,0.044
T0003300,C002895,2025-10-18,1598.63,online,Chennai,8,0.052
T0003301,C005891,2025-07-02,4851.31,phone,Pune,1,0.072
T0003302,C000208,2024-03-24,3432.31,mobile,Ahmedabad,3,0.059
T0003303,C005360,2025-11-19,2134.27,mobile,Delhi,9,0.017
T0003304,C000775,2025-12-27,1584.06,online,Bengaluru,10,0.042
T0003305,C000178,2024-12-08,594.07,mobile,Kochi,10,0.058
T0003306,C005320,2025-02-15,1634.68,mobile,Bengaluru,4,
T0003307,C001297,2025-04-10,1143.23,store,Pune,8,0.025
T0003308,C003751,2025-05-25,1541.76,online,Chennai,4,0.088
T0003309,C003827,2025-07-24,6796.01,store,Lucknow,5,0.047
T0003310,C002888,2025-08-24,866.23,online,Jaipur,9,0.027
T0003311,C002551,2025-02-09,323.24,online,Chennai,3,0.039
T0003312,C001377,2025-08-25,639.76,store,Kolkata,6,0.031
T0003313,C005820,2025-09-06,741.29,online,Kolkata,5,0.084
T0003314,C002041,2024-08-19,466.25,online,Kolkata,2,0.093
T0003315,C004669,2024-06-14,427.91,store,Bhopal,2,0.05
T0003316,C005133,2024-01-18,776.98,online,Jaipur,2,0.147
T0003317,C000370,2024-11-16,2101.48,store,Ahmedabad,4,0.045
T0003318,C003300,2024-04-07,2440.47,online,Jaipur,6,0.029
T0003319,C003227,2024-10-16,4981.19,store,Pune,2,
T0003320,C000025,2024-11-23,3309.29,online,Hyderabad,7,0.032
T0003321,C001243,2025-12-23,1001.22,store,Hyderabad,8,0.008
T0003322,C003172,2025-02-14,1486.54,phone,Hyderabad,6,0.018
T0003323,C004834,2025-11-25,442.68,online,Mumbai,7,0.069
T0003324,C003891,2025-03-08,848.46,mobile,Pune,7,0.009
T0003325,C000355,2025-01-23,1112.03,online,Chennai,7,0.063
T0003326,C002355,2025-04-22,4767.57,online,Delhi,1,0.075
T0003327,C001002,2024-11-12,2221.91,online,Jaipur,6,0.058
T0003328,C004103,2024-11-19,1399.05,online,Kochi,8,0.057
T0003329,C004415,2024-06-28,3684.95,mobile,Jaipur,2,0.024
T0003330,C003697,2025-02-21,794.83,online,Bengaluru,2,0.006
T0003331,C004511,2025-06-20,11834.65,online,Bengaluru,9,0.125
T0003332,C004919,2024-02-02,19712.13,store,Bhopal,8,0.085
T0003333,C002853,2025-05-09,1585.13,mobile,Mumbai,2,0.017
T0003334,C003424,2025-04-04,2207.98,store,Pune,8,0.224
T0003335,C002257,2025-06-04,2798.65,mobile,Pune,7,0.12
T0003336,C005207,2024-12-30,1723.51,store,Mumbai,2,0.065
T0003337,C003336,2025-07-10,238.05,online,Kochi,7,0.218
T0003338,C002448,2024-10-06,3526.93,online,Kolkata,2,0.049
T0003339,C000759,2025-03-06,1848.1,mobile,Kochi,10,0.046
T0003340,C005672,2024-12-26,10389.68,mobile,Chennai,7,0.037
T0003341,C000289,2024-02-06,1309.47,online,Kochi,8,
T0003342,C003281,2024-06-21,340.35,online,Bengaluru,9,0.096
T0003343,C004453,2025-07-15,6978.5,mobile,Pune,7,0.103
T0003344,C002127,2024-05-09,5689.69,phone,Bengaluru,7,0.098
T0003345,C001102,2025-04-26,3499.55,store,Bengaluru,4,0.007
T0003346,C003992,2025-11-20,4007.95,online,Mumbai,10,0.045
T0003347,C004911,2025-05-15,3721.83,mobile,Pune,1,0.076
T0003348,C003304,2024-12-02,616.11,online,Kolkata,11,
T0003349,C003666,2024-07-26,2686.38,store,Hyderabad,5,0.097
T0003350,C000093,2025-04-24,42720.44514292635,phone,Mumbai,9,0.041
T0003351,C005933,2025-05-03,2559.07,online,Chennai,2,0.081
T0003352,C005028,2024-08-22,3302.56,store,Delhi,3,0.042
T0003353,C001280,2024-11-08,2117.21,online,Bengaluru,1,0.021
T0003354,C005201,2024-12-25,869.64,store,Ahmedabad,7,0.033
T0003355,C004070,2024-09-14,3598.21,store,Hyderabad,3,0.133
T0003356,C003859,2024-04-03,1561.53,online,Kochi,7,
T0003357,C001264,2025-10-23,900.76,online,Delhi,3,
T0003358,C001093,2024-07-03,1363.11,store,Mumbai,10,0.044
T0003359,C004809,2024-06-22,1592.87,store,Lucknow,7,0.191
T0003360,C003214,2024-12-06,689.14,online,Jaipur,11,0.094
T0003361,C006225,2025-09-24,32868.12,phone,Chennai,9,0.096
T0003362,C004953,2025-10-06,570.55,online,Ahmedabad,11,0.016
T0003363,C004748,2024-05-04,970.41,store,Hyderabad,1,0.032
T0003364,C001141,2025-01-13,4180.71,store,Kolkata,9,0.103
T0003365,C000086,2024-03-15,3455.34,online,Delhi,11,0.08
T0003366,C000269,2025-08-16,856.86,online,Ahmedabad,3,0.044
T0003367,C000458,2024-04-18,1282.06,phone,Hyderabad,3,
T0003368,C005799,2024-07-12,1672.35,mobile,Delhi,9,0.064
T0003369,C000484,2024-11-06,2478.83,store,Jaipur,11,
T0003370,C000307,2024-07-22,591.31,store,Kochi,1,0.013
T0003371,C000545,2025-08-08,618.62,mobile,Hyderabad,2,0.119
T0003372,C001139,2025-12-27,974.51,online,Lucknow,5,0.051
T0003373,C003321,2025-02-08,1123.72,mobile,Chennai,7,0.04
T0003374,C005138,2025-11-24,1585.71,mobile,Chennai,9,0.068
T0003375,C005168,2025-04-10,2214.72,online,Chennai,10,
T0003376,C003312,2025-02-24,8756.57,phone,Chennai,8,0.016
T0003377,C005770,2024-04-04,499.28,online,Delhi,3,0.13
T0003378,C001662,2025-02-01,5016.89,phone,Ahmedabad,9,0.01
T0003379,C002543,2024-09-08,1308.5,phone,Kolkata,8,0.01
T0003380,C005497,2024-07-18,1064.84,online,Kochi,2,0.054
T0003381,C000021,2025-03-21,3070.9,store,Lucknow,5,0.065
T0003382,C002485,2024-02-10,88.35,store,Bengaluru,8,0.15
T0003383,C001983,2024-06-22,4293.46,store,Kolkata,10,0.009
T0003384,C005355,2025-04-09,1085.52,store,Hyderabad,8,
T0003385,C000287,2025-07-02,1625.55,online,Chennai,11,0.146
T0003386,C000862,2025-12-24,642.92,online,Hyderabad,9,
T0003387,C004262,2024-12-07,8677.96,online,Jaipur,10,0.093
T0003388,C001646,2025-09-11,565.84,store,Bhopal,11,0.061
T0003389,C003185,2025-05-27,1672.9,online,Bengaluru,9,0.153
T0003390,C001056,2025-02-12,2519.46,store,Hyderabad,9,0.134
T0003391,C003847,2024-06-05,-929.51,online,Pune,10,0.02
T0003392,C002038,2025-02-24,318.36,mobile,Ahmedabad,5,0.002
T0003393,C001008,2025-06-16,1260.27,online,Delhi,11,0.036
T0003394,C004295,2024-07-13,1349.29,store,Kochi,11,0.029
T0003395,C003201,2024-01-01,675.2,online,Hyderabad,5,0.04
T0003396,C005450,2025-05-31,3930.87,online,Pune,8,0.002
T0003397,C001811,2025-07-09,2512.24,mobile,Kolkata,8,0.106
T0003398,C002139,2024-12-10,1404.99,online,Bhopal,8,
T0003399,C001199,2024-12-12,1337.91,store,Bhopal,1,0.153
T0003400,C004497,2024-07-11,8376.73,online,Lucknow,8,
T0003401,C003264,2024-05-17,1043.8,mobile,Bengaluru,4,0.13
T0003402,C005606,2025-04-18,1479.56,online,Lucknow,6,0.002
T0003403,C003708,2024-04-09,1195.51,online,Lucknow,3,0.03
T0003404,C004260,2025-11-27,4561.82,online,Ahmedabad,7,0.036
T0003405,C003119,2024-04-08,4963.94,online,Mumbai,5,0.104
T0003406,C005114,2024-03-23,5002.08,phone,Bhopal,10,0.039
T0003407,C005801,2025-02-28,410.79,online,Lucknow,11,0.067
T0003408,C001605,2025-01-12,7473.3,online,Hyderabad,5,0.043
T0003409,C002078,2024-07-31,1845.35,phone,Chennai,9,0.031
T0003410,C004646,2024-05-06,1384.29,online,Chennai,11,0.04
T0003411,C002465,2025-12-13,1333.11,online,Chennai,4,0.028
T0003412,C002140,2024-02-19,1543.46,online,Hyderabad,4,0.003
T0003413,C003410,2024-06-28,1522.84,store,Kochi,11,0.009
T0003414,C001261,2025-05-27,8745.78,online,Hyderabad,8,0.002
T0003415,C000946,2025-09-06,10007.96,online,Bengaluru,2,0.121
T0003416,C003096,2024-04-17,2380.86,online,Bengaluru,6,0.119
T0003417,C003924,2025-04-30,2063.26,store,Bhopal,1,0.083
T0003418,C002125,2025-09-13,1842.43,store,Chennai,4,0.109
T0003419,C003380,2024-07-11,5313.14,online,Mumbai,9,0.026
T0003420,C002318,2024-11-12,4772.91,store,Kolkata,9,0.0
T0003421,C003377,2024-12-20,2128.97,online,Pune,2,0.248
T0003422,C003794,2025-03-04,904.68,online,Kolkata,10,0.018
T0003423,C003311,2024-12-22,756.22,store,Delhi,6,0.106
T0003424,C002499,2024-03-28,1262.84,online,Kolkata,9,0.152
T0003425,C005225,2025-06-22,719.67,online,Delhi,3,0.006
T0003426,C000106,2024-06-26,830.36,online,Bengaluru,11,0.008
T0003427,C004816,2024-09-08,772.47,online,Lucknow,5,0.23
T0003428,C005784,2025-02-07,12619.79,store,Ahmedabad,7,0.095
T0003429,C002949,2024-01-31,798.63,online,Hyderabad,6,0.052
T0003430,C002948,2024-04-01,626.78,store,Bengaluru,2,0.002
T0003431,C000452,2024-04-15,1956.62,online,Pune,4,0.064
T0003432,C000137,2024-07-22,413.57,online,Hyderabad,10,0.182
T0003433,C003825,2024-02-25,2226.31,mobile,Lucknow,5,0.055
T0003434,C002564,2024-02-20,1434.89,store,Hyderabad,10,0.011
T0003435,C003259,2024-12-28,3325.63,store,Ahmedabad,10,
T0003436,C002038,2025-07-14,1400.86,online,Kolkata,4,0.182
T0003437,C004426,2025-10-14,11351.0,online,Delhi,4,
T0003438,C004587,2024-09-03,2321.43,phone,Delhi,10,0.026
T0003439,C002215,2024-05-23,3178.27,online,Kochi,9,0.007
T0003440,C000213,2024-12-19,773.57,store,Chennai,1,0.084
T0003441,C003573,2025-07-03,5320.06,phone,Chennai,9,0.132
T0003442,C004248,2025-10-26,612.7,online,Lucknow,11,0.167
T0003443,C002092,2024-04-25,2611.02,store,Mumbai,3,
T0003444,C002246,2025-01-21,5410.5,online,Bengaluru,10,0.005
T0003445,C002298,2024-07-04,1139.32,online,Bengaluru,3,0.025
T0003446,C006125,2025-10-07,582.46,online,Mumbai,1,
T0003447,C004466,2025-04-03,2576.86,store,Bengaluru,10,0.066
T0003448,C004647,2025-12-08,755.15,online,Delhi,8,0.083
T0003449,C002614,2025-02-12,3389.86,phone,Lucknow,11,0.289
T0003450,C004135,2024-09-06,5480.22,online,Lucknow,6,0.097
T0003451,C004045,2025-09-03,2478.11,store,Ahmedabad,10,0.086
T0003452,C003589,2024-01-18,4016.11,online,Kolkata,11,0.015
T0003453,C002414,2025-12-13,829.47,online,Jaipur,1,0.009
T0003454,C004551,2025-10-16,3577.55,phone,Hyderabad,11,0.084
T0003455,C002723,2024-01-01,1427.36,mobile,Mumbai,2,0.019
T0003456,C003856,2024-09-13,1830.61,online,Jaipur,7,0.095
T0003457,C001279,2024-01-12,1272.09,store,Kolkata,4,0.039
T0003458,C000765,2024-01-30,401884.28772191564,online,Kolkata,3,0.059
T0003459,C001887,2024-01-19,1767.14,online,Jaipur,7,0.032
T0003460,C000106,2024-08-01,1155.97,store,Delhi,1,
T0003461,C003826,2025-03-24,6447.24,online,Delhi,3,0.061
T0003462,C003480,2025-01-09,6729.05,store,Chennai,7,0.025
T0003463,C004821,2024-01-29,3740.17,online,Kochi,7,0.064
T0003464,C000192,2024-04-28,2441.2,online,Jaipur,8,0.036
T0003465,C005657,2024-04-25,1872.05,online,Chennai,11,0.037
T0003466,C005356,2025-06-01,2126.82,online,Kochi,10,0.091
T0003467,C003116,2025-03-19,870.28,store,Bhopal,11,0.023
T0003468,C000928,2025-03-01,3797.93,online,Pune,6,0.015
T0003469,C001838,2025-06-23,1316.43,store,Bhopal,3,0.234
T0003470,C004675,2025-07-21,-976.65,online,Bengaluru,3,0.103
T0003471,C006089,2025-02-06,4628.65,mobile,Lucknow,11,0.044
T0003472,C000467,2025-08-26,246.97,store,Lucknow,5,0.038
T0003473,C000873,2024-10-21,7087.09,mobile,Mumbai,5,0.222
T0003474,C003632,2024-01-27,4213.86,mobile,Kolkata,11,0.035
T0003475,C001417,2025-01-09,3362.09,online,Mumbai,10,0.104
T0003476,C000798,2024-07-11,2879.25,online,Mumbai,6,0.1
T0003477,C001998,2024-11-13,631.38,online,Hyderabad,8,0.044
T0003478,C005876,2024-10-23,750.84,mobile,Kolkata,5,0.07
T0003479,C003976,2024-12-30,819.02,mobile,Delhi,2,0.122
T0003480,C003220,2025-05-07,199.59,mobile,Jaipur,11,0.091
T0003481,C003876,2024-06-27,198.17,mobile,Pune,1,
T0003482,C005915,2025-11-23,803.32,store,Kolkata,9,0.071
T0003483,C003505,2024-11-25,2997.12,mobile,Pune,10,0.045
T0003484,C004948,2025-09-17,7109.16,mobile,Bengaluru,2,0.104
T0003485,C001017,2025-09-13,12248.91,online,Hyderabad,3,0.085
T0003486,C002708,2024-10-22,2245.32,online,Kolkata,10,0.01
T0003487,C000487,2025-06-24,1648.07,store,Bhopal,11,0.043
T0003488,C004320,2024-06-02,2940.83,store,Hyderabad,11,0.128
T0003489,C000487,2024-03-25,850.09,store,Bengaluru,11,0.043
T0003490,C002496,2024-03-18,906.39,online,Mumbai,8,0.178
T0003491,C001563,2025-08-16,613.84,store,Jaipur,9,0.043
T0003492,C000311,2024-11-01,2419.1,online,Bengaluru,2,0.078
T0003493,C004836,2025-04-01,2199.97,online,Kochi,4,0.082
T0003494,C006112,2025-08-05,801.35,mobile,Pune,8,0.014
T0003495,C001152,2024-07-28,5746.1,mobile,Chennai,11,0.079
T0003496,C006004,2025-07-19,3618.79,phone,Ahmedabad,8,0.051
T0003497,C001245,2024-06-12,2068.47,store,Lucknow,1,0.106
T0003498,C000936,2024-12-11,1859.35,mobile,Jaipur,6,
T0003499,C003453,2024-03-25,1598.56,mobile,Jaipur,6,0.052
T0003500,C000800,2024-07-03,2040.37,store,Bhopal,6,0.045
T0003501,C004486,2024-02-17,2910.53,mobile,Jaipur,3,0.13
T0003502,C003523,2025-10-19,5104.4,online,Lucknow,9,0.138
T0003503,C000957,2025-03-17,381.58,online,Bengaluru,9,0.001
T0003504,C002288,2024-01-14,6826.46,mobile,Bhopal,11,0.007
T0003505,C002502,2024-04-10,2707.38,mobile,Pune,3,0.041
T0003506,C000937,2025-05-07,1744.97,mobile,Delhi,8,0.1
T0003507,C005597,2025-01-30,745.77,online,Jaipur,10,
T0003508,C000045,2025-08-06,8677.26,online,Jaipur,2,0.009
T0003509,C000938,2025-11-09,2212.97,online,Bengaluru,2,0.034
T0003510,C001094,2024-08-06,873.88,mobile,Hyderabad,11,0.012
T0003511,C000049,2025-12-18,824.74,online,Bhopal,10,
T0003512,C001850,2025-11-13,456.68,online,Kochi,3,0.073
T0003513,C002587,2025-06-07,769.36,online,Kochi,3,0.079
T0003514,C005807,2024-10-29,1534.94,online,Lucknow,3,0.029
T0003515,C003169,2025-04-08,612.56,online,Bhopal,9,0.167
T0003516,C006150,2024-09-27,6289.32,online,Chennai,6,
T0003517,C001542,2025-12-07,2351.77,mobile,Ahmedabad,4,0.001
T0003518,C000467,2024-08-12,404.06,mobile,Bengaluru,11,0.074
T0003519,C002124,2025-06-16,1530.97,online,Mumbai,3,0.157
T0003520,C000700,2024-02-25,1770.35,phone,Chennai,4,0.012
T0003521,C005734,2025-10-18,531.6,phone,Delhi,1,0.075
T0003522,C005560,2024-07-26,2227.09,online,Bhopal,5,0.009
T0003523,C003904,2025-07-17,190.23,phone,Hyderabad,7,0.113
T0003524,C002431,2024-02-08,7278.87,online,Bengaluru,6,0.027
T0003525,C001655,2024-05-12,4416.35,phone,Pune,5,0.049
T0003526,C004672,2025-05-30,1358.73,online,Chennai,10,0.159
T0003527,C005840,2025-08-29,1062.28,online,Jaipur,7,
T0003528,C001975,2024-10-25,538.23,store,Delhi,3,0.125
T0003529,C001357,2024-08-03,3347.11,phone,Ahmedabad,3,0.127
T0003530,C004928,2025-05-24,6553.45,store,Lucknow,4,0.124
T0003531,C002117,2024-04-30,904.71,mobile,Lucknow,8,0.097
T0003532,C002478,2024-09-15,-1181.5,mobile,Mumbai,9,0.054
T0003533,C004013,2024-04-17,1078.21,store,Ahmedabad,3,0.045
T0003534,C002332,2024-05-03,846.81,store,Pune,6,0.11
T0003535,C003981,2025-04-20,3174.16,store,Pune,3,0.134
T0003536,C006096,2025-03-03,1273.09,online,Delhi,3,0.096
T0003537,C003633,2025-10-08,8906.35,online,Jaipur,8,0.144
T0003538,C000900,2025-03-15,2173.45,store,Hyderabad,8,0.091
T0003539,C001117,2025-06-02,260.96,online,Mumbai,7,0.016
T0003540,C000146,2025-07-30,4129.74,online,Kolkata,3,0.054
T0003541,C005717,2024-03-27,2313.93,online,Kolkata,9,0.054
T0003542,C004831,2025-11-23,15489.8,store,Bhopal,4,0.022
T0003543,C006025,2024-07-02,1811.61,mobile,Lucknow,9,0.048
T0003544,C001436,2024-05-01,608.45,store,Bhopal,4,0.07
T0003545,C005675,2024-05-29,4119.54,store,Bengaluru,5,
T0003546,C003886,2024-07-05,617.26,online,Ahmedabad,8,0.03
T0003547,C004468,2024-07-09,2149.11,mobile,Delhi,2,0.085
T0003548,C001196,2024-12-22,2091.3,mobile,Bengaluru,10,0.05
T0003549,C003937,2024-01-12,1246.66,phone,Delhi,1,0.069
T0003550,C002444,2025-05-30,10270.82,online,Bhopal,1,0.184
T0003551,C005517,2024-02-22,1488.46,online,Ahmedabad,10,0.081
T0003552,C004071,2024-02-28,869.74,phone,Chennai,4,0.088
T0003553,C004770,2024-11-13,988.15,mobile,Bengaluru,3,0.081
T0003554,C003282,2024-01-28,5255.02,mobile,Kochi,11,0.011
T0003555,C002586,2025-04-13,51355.34,online,Lucknow,11,
T0003556,C006180,2025-10-12,2978.26,online,Chennai,10,
T0003557,C000831,2025-10-30,680.97,online,Jaipur,11,0.005
T0003558,C005362,2025-08-23,1196.71,online,Ahmedabad,4,0.041
T0003559,C003571,2024-10-28,1755.43,store,Bhopal,7,0.083
T0003560,C001257,2025-12-02,504.15,phone,Lucknow,8,0.071
T0003561,C003651,2024-06-02,1845.13,mobile,Hyderabad,2,0.063
T0003562,C004266,2024-01-05,412.62,mobile,Jaipur,4,0.037
T0003563,C005726,2024-06-29,4324.93,mobile,Jaipur,1,0.047
T0003564,C005511,2024-01-16,710.55,mobile,Delhi,10,0.016
T0003565,C002988,2025-10-11,1072.44,online,Kochi,7,0.017
T0003566,C001520,2025-03-20,2108.79,store,Hyderabad,5,
T0003567,C003082,2025-06-08,370.42,store,Chennai,11,0.126
T0003568,C001352,2025-05-09,9955.34,online,Mumbai,11,0.11
T0003569,C003666,2024-07-28,773.78,store,Mumbai,1,0.206
T0003570,C004102,2024-05-28,2301.73,store,Kochi,2,0.113
T0003571,C000033,2025-12-12,1255.83,online,Mumbai,11,0.128
T0003572,C002652,2024-06-25,3597.61,store,Jaipur,10,
T0003573,C001901,2024-06-21,539.37,online,Pune,4,0.118
T0003574,C003721,2025-04-14,439.07,online,Kolkata,6,0.109
T0003575,C004972,2025-05-09,766.73,phone,Pune,5,0.108
T0003576,C004430,2024-01-19,1305.83,store,Lucknow,10,0.11
T0003577,C002938,2025-03-17,3878.32,online,Delhi,4,0.012
T0003578,C002280,2024-07-12,954.87,online,Bhopal,9,0.028
T0003579,C002790,2025-04-10,709.58,online,Bhopal,9,0.039
T0003580,C002480,2025-01-10,716.7,store,Jaipur,1,0.033
T0003581,C003096,2025-02-22,666.44,online,Pune,5,0.156
T0003582,C001302,2024-06-17,7666.38,mobile,Lucknow,5,
T0003583,C005341,2025-02-02,2501.86,store,Pune,2,0.066
T0003584,C001540,2025-02-26,992.71,store,Hyderabad,8,0.003
T0003585,C004588,2024-09-23,2142.15,mobile,Kochi,6,0.113
T0003586,C001203,2025-11-13,2752.71,online,Ahmedabad,6,0.032
T0003587,C000487,2025-04-25,2180.78,online,Lucknow,3,0.009
T0003588,C006132,2025-08-17,4461.75,mobile,Kolkata,5,
T0003589,C005994,2025-06-22,1736.89,store,Hyderabad,5,0.059
T0003590,C000183,2025-05-03,2871.26,online,Bhopal,1,0.046
T0003591,C001321,2024-09-15,2812.28,store,Bengaluru,7,
T0003592,C002600,2025-09-12,1382.57,mobile,Kolkata,2,0.074
T0003593,C005672,2024-06-19,5398.41,online,Ahmedabad,10,0.151
T0003594,C005370,2025-08-05,777.49,online,Kolkata,6,0.018
T0003595,C003444,2024-07-14,3416.29,store,Delhi,9,0.023
T0003596,C004378,2025-04-07,1158.59,store,Hyderabad,6,0.01
T0003597,C000709,2024-09-06,7224.84,online,Bengaluru,7,0.01
T0003598,C004517,2025-10-09,2197.61,online,Jaipur,10,0.083
T0003599,C004256,2025-09-04,1392.72,store,Kolkata,7,0.085
T0003600,C001353,2024-10-31,605.4,online,Kolkata,4,0.069
T0003601,C004535,2024-04-10,1043.22,online,Bengaluru,7,0.061
T0003602,C005056,2025-05-07,1827.49,online,Bhopal,5,0.087
T0003603,C000044,2025-01-26,2497.5,online,Bhopal,2,
T0003604,C005213,2025-12-16,899.87,store,Lucknow,11,0.018
T0003605,C004862,2025-04-24,427.73,store,Lucknow,10,0.013
T0003606,C001082,2024-05-28,2232.98,phone,Pune,8,0.122
T0003607,C001052,2025-01-28,2209.78,store,Lucknow,9,0.104
T0003608,C005519,2025-01-24,1638.64,mobile,Jaipur,5,0.021
T0003609,C001256,2024-03-13,6720.76,online,Bengaluru,5,
T0003610,C004119,2024-01-18,338.46,online,Chennai,8,0.021
T0003611,C002157,2024-09-06,2828.39,store,Kochi,10,0.06
T0003612,C006207,2024-02-29,3143.26,online,Mumbai,5,0.179
T0003613,C005936,2025-05-07,1488.54,mobile,Mumbai,11,0.033
T0003614,C005504,2025-03-05,723.17,mobile,Hyderabad,4,0.066
T0003615,C005352,2024-12-20,183.0,online,Mumbai,5,0.07
T0003616,C002825,2025-04-09,269.9,online,Delhi,11,0.038
T0003617,C005136,2025-02-27,1698.66,online,Chennai,4,0.03
T0003618,C003754,2025-06-07,1625.2,store,Bhopal,3,0.093
T0003619,C004161,2024-11-01,2342.5,online,Jaipur,10,0.005
T0003620,C002021,2024-05-13,4609.71,online,Jaipur,10,0.036
T0003621,C004270,2025-03-13,2162.67,phone,Kolkata,5,0.169
T0003622,C001973,2025-08-30,4376.29,mobile,Ahmedabad,6,0.044
T0003623,C003102,2025-07-30,3591.27,store,Hyderabad,11,0.056
T0003624,C002504,2025-03-29,1386.84,online,Lucknow,9,0.104
T0003625,C005520,2025-07-24,4307.45,store,Jaipur,4,0.059
T0003626,C001176,2025-09-04,1112.48,online,Pune,3,0.037
T0003627,C001543,2025-12-03,2066.06,store,Pune,4,0.074
T0003628,C000295,2024-09-17,3221.44,store,Chennai,7,0.083
T0003629,C003686,2025-02-21,2246.93,mobile,Bengaluru,5,0.02
T0003630,C003017,2024-09-04,1219.38,store,Hyderabad,10,
T0003631,C006183,2025-09-18,883.91,mobile,Chennai,7,0.053
T0003632,C004553,2024-04-17,908.15,online,Mumbai,11,0.008
T0003633,C001339,2024-07-22,2609.46,mobile,Pune,10,0.025
T0003634,C001128,2024-11-06,1839.66,store,Ahmedabad,10,0.133
T0003635,C004813,2025-02-06,849.59,online,Chennai,6,0.092
T0003636,C002175,2025-09-25,469.83,online,Mumbai,4,0.091
T0003637,C001006,2025-09-14,1505.17,store,Chennai,7,0.015
T0003638,C004200,2024-05-18,1960.65,store,Mumbai,11,0.071
T0003639,C005637,2024-05-11,5753.06,store,Mumbai,10,0.034
T0003640,C002939,2024-05-24,4037.68,mobile,Kolkata,11,0.003
T0003641,C005870,2025-11-15,278.37,online,Jaipur,9,0.101
T0003642,C004034,2024-04-24,504.99,store,Bengaluru,2,0.019
T0003643,C004424,2024-05-19,5224.29,store,Kochi,7,0.035
T0003644,C003136,2025-07-02,2753.95,store,Hyderabad,5,0.104
T0003645,C003329,2024-09-26,4702.56,store,Mumbai,1,0.085
T0003646,C001168,2025-09-24,1699.8,store,Delhi,8,
T0003647,C002379,2025-04-08,1231.74,phone,Pune,6,0.025
T0003648,C004106,2025-11-22,454.48,online,Kochi,9,0.099
T0003649,C002930,2025-10-26,492.68,online,Hyderabad,9,0.148
T0003650,C003437,2025-11-18,808.31,store,Ahmedabad,2,0.154
T0003651,C000681,2025-11-18,343.47,mobile,Lucknow,4,0.038
T0003652,C000017,2024-09-17,2583.33,store,Kochi,10,0.075
T0003653,C002548,2025-02-27,4630.8,store,Hyderabad,2,0.03
T0003654,C005675,2025-04-16,839.22,online,Kochi,11,0.014
T0003655,C005277,2025-02-06,2847.82,mobile,Jaipur,2,0.119
T0003656,C005964,2024-03-01,867.35,store,Bhopal,8,0.165
T0003657,C005316,2025-03-29,1441.15,online,Kolkata,2,0.097
T0003658,C001921,2024-03-20,1820.66,online,Kochi,10,0.173
T0003659,C001313,2024-05-03,645.47,online,Hyderabad,9,0.043
T0003660,C000911,2024-03-30,1200.22,store,Pune,3,0.037
T0003661,C003008,2024-08-30,824.55,store,Jaipur,9,0.007
T0003662,C004150,2024-08-26,1597.6,online,Delhi,5,0.015
T0003663,C001402,2024-12-09,9739.47,mobile,Bengaluru,2,
T0003664,C003854,2025-11-29,3644.17,phone,Bengaluru,5,
T0003665,C005793,2024-12-29,1418.5,online,Jaipur,6,0.084
T0003666,C001322,2024-04-04,6914.67,online,Delhi,8,0.044
T0003667,C004131,2025-05-27,421.66,mobile,Ahmedabad,6,
T0003668,C003050,2024-02-20,2573.02,phone,Jaipur,8,0.009
T0003669,C005359,2025-11-23,330.01,store,Pune,9,0.03
T0003670,C002376,2025-02-02,1113.25,mobile,Mumbai,6,0.032
T0003671,C005725,2025-02-05,-724.18,mobile,Hyderabad,8,
T0003672,C004708,2024-01-16,1406.36,store,Bengaluru,2,0.037
T0003673,C003677,2025-03-18,7825.17,mobile,Chennai,1,0.089
T0003674,C001120,2024-04-17,9844.68,mobile,Hyderabad,6,0.064
T0003675,C001764,2024-05-15,954.1,store,Pune,7,0.052
T0003676,C003479,2024-12-02,765.61,store,Hyderabad,4,0.085
T0003677,C003232,2024-05-24,1661.87,store,Bhopal,4,0.07
T0003678,C004528,2024-12-30,4414.22,mobile,Pune,3,0.062
T0003679,C000881,2024-09-16,4697.62,store,Mumbai,5,0.005
T0003680,C005662,2024-09-18,1630.4,mobile,Mumbai,5,0.07
T0003681,C001367,2025-05-28,1004.78,mobile,Jaipur,8,0.061
T0003682,C003818,2025-09-23,813.64,store,Hyderabad,7,0.085
T0003683,C001139,2024-04-20,11529.95,online,Bengaluru,6,0.216
T0003684,C002342,2024-07-30,3597.51,store,Delhi,2,0.011
T0003685,C002684,2024-06-08,3448.57,online,Chennai,1,0.018
T0003686,C000957,2024-04-12,447.56,online,Kolkata,11,0.013
T0003687,C004315,2025-07-26,3431.54,online,Delhi,11,0.051
T0003688,C000191,2024-04-29,225.33,mobile,Delhi,4,0.162
T0003689,C003120,2025-04-02,810.71,online,Hyderabad,5,0.166
T0003690,C003088,2025-08-25,3182.7,online,Pune,1,0.026
T0003691,C000218,2024-12-13,1303.39,mobile,Hyderabad,3,0.047
T0003692,C004911,2025-05-29,2081.95,store,Hyderabad,1,0.045
T0003693,C002986,2025-04-15,1104.05,store,Lucknow,10,0.098
T0003694,C004401,2024-01-04,843.07,online,Lucknow,9,0.078
T0003695,C005284,2024-10-09,1673.99,store,Pune,9,0.158
T0003696,C002684,2024-11-25,14250.6,store,Mumbai,5,0.013
T0003697,C005053,2024-02-16,3051.79,mobile,Bengaluru,4,0.041
T0003698,C001792,2025-11-21,1004.19,store,Jaipur,5,0.007
T0003699,C003142,2025-05-16,4837.95,store,Chennai,1,0.204
T0003700,C005475,2024-11-29,823.9,store,Ahmedabad,1,0.056
T0003701,C005387,2024-03-23,2998.47,mobile,Kolkata,1,0.085
T0003702,C000664,2024-03-24,2174.03,phone,Delhi,7,0.001
T0003703,C003945,2024-07-20,1944.01,online,Bhopal,4,0.042
T0003704,C004949,2025-05-05,1926.54,mobile,Pune,7,0.052
T0003705,C005066,2024-11-23,26238.992187642416,store,Pune,9,0.065
T0003706,C000906,2024-09-28,3945.06,store,Bengaluru,4,0.084
T0003707,C002745,2024-08-29,977.44,online,Pune,10,0.025
T0003708,C006025,2025-11-17,1492.25,mobile,Ahmedabad,1,0.225
T0003709,C006221,2025-02-03,2764.78,online,Ahmedabad,1,0.053
T0003710,C002861,2025-02-24,4335.64,store,Kochi,4,0.118
T0003711,C003768,2025-10-22,1276.96,online,Pune,11,0.004
T0003712,C001714,2024-11-05,1908.56,mobile,Bhopal,3,0.072
T0003713,C005968,2024-01-08,5585.22,store,Pune,2,0.044
T0003714,C005976,2025-10-30,265.03,online,Ahmedabad,5,0.143
T0003715,C004674,2024-11-04,3091.17,store,Chennai,10,0.068
T0003716,C000211,2024-06-22,1354.17,mobile,Hyderabad,7,0.059
T0003717,C000274,2024-07-31,635.18,online,Jaipur,8,0.056
T0003718,C002566,2025-10-20,4337.0,online,Pune,4,0.015
T0003719,C001526,2025-07-28,1142.51,phone,Kochi,9,0.007
T0003720,C001212,2024-07-21,3556.2,phone,Bhopal,3,0.071
T0003721,C000782,2024-02-25,2623.05,online,Chennai,3,0.014
T0003722,C000523,2025-12-14,4669.07,online,Kolkata,5,0.01
T0003723,C004258,2024-12-29,1111.97,store,Kochi,3,0.01
T0003724,C002763,2024-03-05,2264.0,online,Bengaluru,3,0.028
T0003725,C006185,2025-03-04,1672.29,mobile,Lucknow,11,0.023
T0003726,C004684,2025-11-22,23592.84,store,Jaipur,6,0.01
T0003727,C001701,2024-05-26,2784.91,store,Mumbai,2,
T0003728,C000730,2024-02-23,2080.93,store,Chennai,7,0.04
T0003729,C006215,2024-03-08,7449.23,online,Jaipur,11,0.035
T0003730,C002583,2024-07-24,6067.34,online,Ahmedabad,9,0.128
T0003731,C006095,2024-08-07,584.99,online,Lucknow,2,
T0003732,C003752,2024-06-05,9358.5,online,Chennai,3,0.001
T0003733,C000837,2024-08-24,496.93,online,Bengaluru,6,0.066
T0003734,C003567,2025-09-25,989.34,store,Hyderabad,5,0.085
T0003735,C003488,2024-07-16,1369.3,mobile,Kolkata,5,0.005
T0003736,C001592,2024-09-25,626.2,online,Delhi,10,
T0003737,C003832,2024-01-22,321.33,online,Bhopal,2,0.202
T0003738,C004041,2024-10-12,497.63,online,Ahmedabad,4,0.056
T0003739,C000270,2024-10-05,3467.96,mobile,Delhi,10,0.266
T0003740,C000931,2025-12-30,456.61,store,Chennai,4,0.237
T0003741,C002486,2025-02-11,1589.03,phone,Mumbai,1,0.052
T0003742,C001370,2024-04-06,1428.5,mobile,Chennai,10,0.036
T0003743,C002545,2024-04-06,651.96,online,Delhi,10,0.052
T0003744,C004354,2025-04-16,848.86,store,Lucknow,11,0.047
T0003745,C004848,2024-08-27,1383.06,online,Kolkata,7,0.081
T0003746,C001232,2024-12-28,1115.71,phone,Pune,6,0.054
T0003747,C004939,2024-11-06,2487.43,store,Lucknow,9,0.089
T0003748,C000545,2025-09-02,3685.79,store,Kolkata,8,0.004
T0003749,C003411,2025-07-04,352.81,mobile,Chennai,6,0.112
T0003750,C003958,2025-06-28,2890.21,store,Kolkata,1,0.066
T0003751,C001593,2024-10-23,1224.48,online,Mumbai,10,0.056
T0003752,C005857,2024-05-06,2691.44,mobile,Chennai,6,0.07
T0003753,C001541,2024-09-18,1875.69,online,Delhi,9,0.04
T0003754,C004136,2025-12-15,240.67,online,Hyderabad,4,0.008
T0003755,C006250,2025-10-31,1794.23,online,Pune,3,0.033
T0003756,C004762,2024-08-19,2404.41,online,Pune,1,0.194
T0003757,C002053,2024-06-09,872.24,store,Bengaluru,7,0.039
T0003758,C003011,2025-07-09,11026.93,store,Bengaluru,1,0.046
T0003759,C003687,2024-06-30,4186.18,online,Bengaluru,9,0.064
T0003760,C002799,2024-12-26,1906.68,online,Ahmedabad,6,0.071
T0003761,C005332,2024-02-05,1379.88,online,Hyderabad,2,0.026
T0003762,C005681,2024-05-19,2429.98,online,Jaipur,1,0.021
T0003763,C002416,2025-10-23,926.82,store,Chennai,7,0.083
T0003764,C001616,2025-06-11,135.74,online,Chennai,1,0.202
T0003765,C004236,2025-06-29,4232.41,online,Ahmedabad,11,0.033
T0003766,C000977,2025-02-07,1521.75,store,Chennai,2,0.007
T0003767,C000715,2024-11-19,1159.94,online,Lucknow,1,0.019
T0003768,C005985,2024-12-27,1956.86,online,Kolkata,8,0.115
T0003769,C001947,2024-11-01,4533.2,online,Bhopal,11,0.01
T0003770,C005437,2024-08-11,16318.22,store,Lucknow,7,
T0003771,C000835,2025-09-13,1740.51,store,Pune,11,
T0003772,C003017,2024-06-07,2964.36,online,Delhi,7,0.08
T0003773,C002835,2024-09-05,2175.05,online,Mumbai,9,0.034
T0003774,C004613,2025-02-14,530.08,online,Chennai,7,0.17
T0003775,C001284,2025-07-03,6124.76,online,Bhopal,8,0.082
T0003776,C000894,2024-04-25,4963.95,store,Chennai,11,0.018
T0003777,C003635,2025-05-08,1322.74,store,Kolkata,3,0.141
T0003778,C000236,2025-04-04,6672.8,online,Ahmedabad,7,0.011
T0003779,C005833,2024-01-11,1300.63,store,Chennai,2,
T0003780,C005776,2025-10-10,300.34,online,Lucknow,9,0.029
T0003781,C004224,2025-08-24,508.21,online,Ahmedabad,3,0.054
T0003782,C006262,2024-06-08,1085.14,mobile,Lucknow,1,0.114
T0003783,C004951,2025-08-02,1767.06,mobile,Delhi,6,
T0003784,C004564,2025-03-18,781.91,online,Mumbai,8,0.168
T0003785,C005658,2025-03-04,2153.01,online,Ahmedabad,6,0.014
T0003786,C005898,2024-09-23,3928.66,online,Jaipur,3,0.037
T0003787,C001061,2025-01-25,784.96,online,Pune,8,0.12
T0003788,C002805,2025-07-03,4257.41,online,Lucknow,11,0.062
T0003789,C000225,2025-12-17,972.5,online,Hyderabad,8,0.005
T0003790,C003108,2025-12-25,934.9,mobile,Kolkata,8,0.086
T0003791,C002775,2024-02-22,5134.2,mobile,Jaipur,8,0.032
T0003792,C003547,2025-03-04,2001.77,mobile,Bhopal,9,0.151
T0003793,C003959,2025-04-20,2725.28,mobile,Jaipur,9,0.123
T0003794,C003667,2025-08-08,898.59,online,Mumbai,11,0.023
T0003795,C005905,2025-03-07,3343.91,phone,Hyderabad,9,0.008
T0003796,C004796,2025-07-09,1729.07,store,Bhopal,8,0.026
T0003797,C001339,2025-01-20,1965.62,store,Bhopal,7,0.006
T0003798,C001669,2025-05-13,2836.6,store,Kochi,1,0.025
T0003799,C002659,2025-09-02,198.88,mobile,Kochi,3,0.19
T0003800,C002552,2024-07-26,4452.91,online,Mumbai,6,0.037
T0003801,C001639,2025-03-10,1063.18,online,Chennai,7,0.013
T0003802,C001446,2024-08-19,500.81,store,Kolkata,2,0.037
T0003803,C002678,2025-03-21,2891.89,phone,Kolkata,8,0.231
T0003804,C001440,2024-07-22,747.21,mobile,Chennai,10,0.026
T0003805,C004352,2024-11-27,2604.96,online,Mumbai,11,0.121
T0003806,C003046,2024-03-29,1382.56,online,Delhi,1,0.085
T0003807,C005476,2025-08-16,5631.97,online,Bengaluru,1,0.087
T0003808,C004316,2025-06-01,3961.72,online,Hyderabad,9,0.029
T0003809,C006200,2024-06-01,6153.83,phone,Delhi,5,0.01
T0003810,C001427,2024-05-30,518.04,store,Jaipur,2,0.059
T0003811,C003952,2024-02-22,3994.92,store,Delhi,3,0.056
T0003812,C006221,2024-05-02,2714.08,online,Jaipur,1,
T0003813,C000874,2025-01-08,6101.99,store,Delhi,6,0.018
T0003814,C003892,2024-11-06,3529.03,mobile,Hyderabad,8,
T0003815,C005570,2025-03-03,1571.3,mobile,Hyderabad,8,0.0
T0003816,C001457,2024-09-22,557.98,online,Mumbai,10,0.07
T0003817,C001851,2025-11-29,1045.17,store,Kolkata,5,0.089
T0003818,C004197,2024-09-04,1029.18,mobile,Ahmedabad,10,0.082
T0003819,C003214,2024-08-08,1370.97,store,Delhi,3,0.059
T0003820,C000842,2025-09-24,7890.15,store,Pune,1,0.062
T0003821,C003500,2024-12-01,940.7,store,Bengaluru,7,0.063
T0003822,C002117,2024-07-10,3644.38,store,Bhopal,5,0.009
T0003823,C004407,2024-10-24,8299.1,store,Bengaluru,1,0.147
T0003824,C003571,2024-04-08,779.23,store,Delhi,10,0.249
T0003825,C005620,2025-06-03,3022.94,store,Lucknow,1,0.035
T0003826,C002232,2024-03-04,3071.01,mobile,Delhi,4,0.025
T0003827,C000318,2024-11-11,1241.13,online,Kolkata,3,0.046
T0003828,C004809,2025-01-06,378.52,online,Lucknow,7,0.104
T0003829,C004824,2025-01-18,2437.72,online,Jaipur,5,0.16
T0003830,C005927,2025-08-10,440.19,online,Ahmedabad,1,0.099
T0003831,C005140,2025-07-15,1263.65,phone,Kochi,3,0.062
T0003832,C002779,2025-01-16,1783.91,online,Jaipur,7,0.142
T0003833,C002139,2025-01-10,567.56,online,Hyderabad,6,0.083
T0003834,C000435,2025-08-29,164.37,store,Hyderabad,7,
T0003835,C004756,2025-10-27,6415.65,store,Delhi,6,0.046
T0003836,C003687,2024-04-06,3214.43,store,Mumbai,7,0.037
T0003837,C003165,2025-05-03,2382.11,mobile,Kochi,4,
T0003838,C002124,2024-05-12,417.19,online,Kolkata,8,0.022
T0003839,C004521,2025-06-06,126613.3518436161,online,Ahmedabad,11,0.008
T0003840,C003899,2024-07-18,3215.74,store,Lucknow,11,0.154
T0003841,C001448,2024-01-22,689.98,store,Delhi,6,0.045
T0003842,C000594,2025-02-10,1679.68,online,Kolkata,4,0.073
T0003843,C005011,2025-02-15,740.82,mobile,Lucknow,3,0.094
T0003844,C001081,2024-03-17,12866.47,store,Hyderabad,4,0.039
T0003845,C002065,2024-10-14,4436.14,online,Bhopal,6,0.002
T0003846,C001846,2024-01-25,4490.77,online,Kochi,6,0.109
T0003847,C002812,2024-06-03,897.39,store,Bhopal,9,0.01
T0003848,C001513,2025-04-27,5274.87,mobile,Lucknow,10,
T0003849,C002824,2024-01-26,3280.78,mobile,Kochi,1,0.01
T0003850,C005890,2024-10-11,3505.73,store,Jaipur,10,0.019
T0003851,C000304,2024-04-30,3879.08,online,Bengaluru,1,
T0003852,C003454,2024-10-25,637.82,online,Lucknow,4,0.007
T0003853,C001328,2024-03-21,2761.15,store,Lucknow,10,0.085
T0003854,C002270,2024-12-14,1514.51,online,Hyderabad,10,0.154
T0003855,C004568,2025-06-26,1023.73,store,Delhi,9,0.195
T0003856,C000694,2024-10-16,281.65,mobile,Kolkata,8,0.045
T0003857,C004485,2025-05-31,8061.09,mobile,Kolkata,9,0.064
T0003858,C003156,2025-01-04,3900.07,online,Bhopal,6,0.011
T0003859,C000296,2025-07-17,724.46,store,Bengaluru,9,0.041
T0003860,C003072,2024-10-24,1151.61,store,Bengaluru,6,0.116
T0003861,C001173,2025-05-30,1568.45,online,Bengaluru,4,0.037
T0003862,C005801,2024-03-24,529.76,online,Mumbai,5,0.015
T0003863,C004584,2024-08-16,572.04,phone,Bengaluru,8,0.014
T0003864,C000267,2025-10-23,2272.29,mobile,Bengaluru,11,0.047
T0003865,C005438,2025-02-18,2919.87,store,Ahmedabad,3,0.121
T0003866,C000602,2024-12-24,1803.06,store,Hyderabad,7,0.06
T0003867,C003290,2025-09-07,2948.77,store,Hyderabad,7,0.129
T0003868,C003912,2025-12-15,2261.8,online,Jaipur,11,0.01
T0003869,C000195,2024-03-04,9933.8,online,Pune,11,0.084
T0003870,C005866,2024-01-03,4021.87,store,Bhopal,1,0.149
T0003871,C005137,2024-09-09,4937.36,mobile,Kochi,10,0.028
T0003872,C000210,2024-01-26,737.02,online,Kochi,4,0.089
T0003873,C000255,2024-11-04,4686.8,mobile,Jaipur,4,0.169
T0003874,C005651,2024-12-08,246.24,online,Kolkata,1,0.036
T0003875,C004702,2025-03-23,977.64,mobile,Delhi,8,0.096
T0003876,C002394,2025-01-13,389.16,online,Kolkata,11,0.176
T0003877,C003342,2024-09-25,435.7,online,Lucknow,8,0.073
T0003878,C002994,2024-11-05,4465.24,online,Lucknow,9,0.126
T0003879,C004909,2024-08-04,498.07,online,Chennai,5,
T0003880,C003915,2025-12-21,4243.95,online,Bengaluru,4,0.013
T0003881,C002515,2025-10-17,1465.82,store,Bhopal,10,0.122
T0003882,C003156,2025-12-14,32679.64,online,Bengaluru,3,0.182
T0003883,C000433,2025-08-09,330.57,store,Delhi,10,0.065
T0003884,C003096,2024-11-06,4596.08,online,Mumbai,4,
T0003885,C001656,2024-08-11,1283.27,online,Hyderabad,9,0.013
T0003886,C003284,2024-12-06,738.49,online,Delhi,11,0.033
T0003887,C000050,2025-10-20,5668.57,online,Lucknow,4,0.007
T0003888,C001924,2025-04-30,807.79,mobile,Bhopal,3,0.082
T0003889,C001743,2025-09-21,3070.03,online,Delhi,11,0.024
T0003890,C002938,2025-08-26,361.25,online,Jaipur,4,0.01
T0003891,C001176,2025-01-14,2027.14,online,Chennai,7,0.078
T0003892,C004818,2025-04-17,1443.35,mobile,Hyderabad,5,0.032
T0003893,C003582,2025-12-03,589.92,online,Mumbai,1,0.012
T0003894,C002720,2024-09-22,541.1,mobile,Jaipur,9,0.008
T0003895,C000891,2024-10-19,1332.23,online,Mumbai,2,
T0003896,C000461,2024-07-06,3423.13,store,Hyderabad,11,0.104
T0003897,C005621,2025-06-15,3113.58,online,Kolkata,4,0.059
T0003898,C004136,2025-08-09,16051.86,store,Bengaluru,1,0.057
T0003899,C002022,2024-03-26,2769.52,online,Mumbai,5,0.03
T0003900,C000499,2024-10-23,1269.85,store,Chennai,5,0.114
T0003901,C000268,2024-03-14,6950.44,online,Ahmedabad,4,0.148
T0003902,C002241,2024-02-11,238.41,store,Delhi,8,0.097
T0003903,C003518,2025-06-10,2971.64,store,Kochi,6,0.091
T0003904,C004896,2025-09-05,1328.0,store,Bhopal,1,0.003
T0003905,C000270,2025-12-18,1036.61,online,Bengaluru,1,0.033
T0003906,C000304,2024-07-25,1646.28,online,Chennai,1,0.069
T0003907,C002240,2025-07-20,2484.65,online,Kolkata,6,0.061
T0003908,C005569,2024-10-05,556.33,store,Kochi,6,0.026
T0003909,C001902,2025-09-12,611.2,online,Delhi,8,0.013
T0003910,C002238,2024-10-09,1997.06,store,Pune,1,0.031
T0003911,C005473,2024-11-21,7286.77,store,Kochi,7,0.029
T0003912,C002196,2025-04-23,3301.02,online,Hyderabad,2,0.107
T0003913,C001345,2024-11-22,762.7,phone,Chennai,7,0.015
T0003914,C002905,2025-10-03,1118.78,store,Hyderabad,5,0.058
T0003915,C001085,2024-10-30,1229.94,store,Jaipur,10,0.022
T0003916,C004927,2024-01-18,1939.29,mobile,Hyderabad,6,0.191
T0003917,C004402,2024-05-12,8438.85,store,Jaipur,6,0.043
T0003918,C002573,2025-07-24,5533.58,store,Kolkata,4,0.137
T0003919,C001560,2025-02-04,3750.69,online,Chennai,1,0.025
T0003920,C000322,2025-12-10,367.96,mobile,Ahmedabad,5,
T0003921,C000882,2024-08-22,752.33,store,Jaipur,2,0.062
T0003922,C001640,2025-02-13,1486.62,store,Bengaluru,2,0.115
T0003923,C002121,2024-07-24,1748.02,mobile,Kolkata,5,0.009
T0003924,C005231,2024-12-24,2111.89,mobile,Bhopal,10,0.028
T0003925,C001558,2025-05-14,3649.62,online,Pune,1,0.07
T0003926,C000433,2024-11-29,5816.38,online,Delhi,11,0.052
T0003927,C001372,2024-12-24,347.31,online,Bengaluru,1,0.033
T0003928,C000210,2025-01-10,430.85,mobile,Lucknow,9,0.016
T0003929,C004270,2025-06-05,1340.12,online,Bengaluru,9,0.002
T0003930,C004103,2025-04-03,1154.52,mobile,Ahmedabad,9,0.055
T0003931,C001054,2025-09-30,4325.02,online,Chennai,10,0.021
T0003932,C000001,2025-12-02,1059.0,online,Hyderabad,1,0.028
T0003933,C000967,2024-08-28,2883.5,mobile,Pune,4,0.166
T0003934,C001419,2024-03-01,3213.69,online,Lucknow,1,0.003
T0003935,C003366,2024-05-24,532.78,store,Chennai,4,0.065
T0003936,C000520,2025-09-27,1786.81,online,Ahmedabad,5,0.074
T0003937,C003361,2024-01-09,303.31,store,Kochi,11,0.112
T0003938,C001571,2025-07-30,2349.41,mobile,Lucknow,8,0.06
T0003939,C005684,2025-12-15,386.27,online,Bengaluru,5,0.066
T0003940,C003166,2025-04-07,1778.83,online,Pune,4,
T0003941,C001173,2024-05-09,3433.36,mobile,Delhi,9,0.018
T0003942,C005168,2025-12-04,2903.48,online,Ahmedabad,7,0.066
T0003943,C000826,2025-09-25,2574.11,online,Chennai,2,0.064
T0003944,C004521,2025-04-25,2874.37,mobile,Delhi,8,0.047
T0003945,C000290,2024-04-04,1197.22,online,Bengaluru,4,0.013
T0003946,C006192,2025-05-13,4275.77,mobile,Pune,6,0.068
T0003947,C006002,2025-09-14,6186.22,store,Bengaluru,8,0.106
T0003948,C003005,2024-01-09,1436.2,store,Ahmedabad,9,0.071
T0003949,C002330,2024-05-06,1099.71,mobile,Ahmedabad,6,0.023
T0003950,C000333,2024-04-18,389.19,phone,Chennai,5,0.05
T0003951,C004524,2025-08-09,2470.96,mobile,Pune,10,0.034
T0003952,C000741,2024-01-26,4749.06,store,Ahmedabad,11,0.223
T0003953,C003885,2025-06-18,2010.26,online,Bhopal,3,0.074
T0003954,C001772,2025-10-07,480.12,online,Jaipur,6,0.203
T0003955,C004962,2025-03-20,3285.5,online,Hyderabad,10,0.161
T0003956,C002135,2025-05-13,3281.36,store,Bhopal,8,0.07
T0003957,C002599,2025-01-24,2348.27,store,Mumbai,5,0.016
T0003958,C005349,2024-11-08,748.93,store,Lucknow,2,0.005
T0003959,C006042,2024-02-10,9649.48,store,Hyderabad,11,0.142
T0003960,C001889,2025-07-13,1276.94,online,Pune,2,0.051
T0003961,C002198,2024-04-23,1846.4,online,Delhi,10,
T0003962,C001604,2024-03-13,306.19,online,Lucknow,10,0.037
T0003963,C004728,2025-07-02,1679.2,store,Bhopal,5,0.012
T0003964,C000531,2024-07-19,1016.69,store,Kolkata,11,0.063
T0003965,C003518,2025-04-13,825.18,online,Lucknow,5,0.139
T0003966,C003286,2025-02-28,790.05,store,Ahmedabad,2,0.016
T0003967,C004477,2024-11-07,6154.87,store,Bhopal,11,0.056
T0003968,C000581,2024-03-13,2974.68,mobile,Bengaluru,5,0.032
T0003969,C006060,2025-06-13,563.36,mobile,Bengaluru,9,0.037
T0003970,C003768,2025-05-24,1350.57,store,Delhi,4,0.038
T0003971,C004768,2024-01-13,8140.95,online,Mumbai,5,0.086
T0003972,C004166,2025-05-05,1896.4,online,Chennai,4,0.119
T0003973,C001925,2024-05-17,1565.29,phone,Jaipur,4,0.046
T0003974,C003094,2025-09-16,2921.97,online,Jaipur,7,0.146
T0003975,C001036,2024-01-12,7928.64,online,Chennai,3,0.007
T0003976,C000942,2024-12-29,1382.72,store,Delhi,10,0.037
T0003977,C003289,2025-06-21,2240.16,online,Kolkata,8,0.168
T0003978,C004812,2024-11-13,2358.08,store,Chennai,10,0.036
T0003979,C005786,2024-02-24,6301.08,phone,Hyderabad,10,0.106
T0003980,C003811,2025-04-15,407.44,mobile,Bhopal,4,0.055
T0003981,C005222,2025-05-12,1130.26,online,Bengaluru,10,0.075
T0003982,C000485,2025-09-11,4069.81,online,Bhopal,4,0.103
T0003983,C001591,2025-07-11,3202.55,store,Bengaluru,3,0.061
T0003984,C005237,2025-11-10,4193.37,store,Hyderabad,1,0.049
T0003985,C003400,2025-10-09,2889.43,online,Kolkata,7,0.073
T0003986,C003630,2025-03-11,770.34,store,Bhopal,11,0.038
T0003987,C005581,2024-08-24,1253.12,store,Mumbai,4,0.042
T0003988,C002960,2025-01-31,19036.89,online,Lucknow,8,0.051
T0003989,C005633,2025-06-29,1620.94,online,Chennai,11,0.149
T0003990,C000764,2024-11-23,1535.55,online,Hyderabad,11,0.026
T0003991,C005243,2025-08-08,157.35,mobile,Kolkata,7,0.054
T0003992,C000831,2024-01-18,1579.37,store,Jaipur,4,0.098
T0003993,C005023,2024-02-04,2243.6,phone,Jaipur,11,0.0
T0003994,C001980,2024-05-29,2990.96,store,Kolkata,10,0.008
T0003995,C000470,2024-02-06,7497.01,store,Mumbai,10,0.003
T0003996,C000105,2024-06-22,160.35,store,Jaipur,3,0.014
T0003997,C000716,2024-08-14,19254.66,store,Bhopal,1,0.098
T0003998,C005602,2025-04-04,2268.45,online,Kochi,8,0.053
T0003999,C003495,2025-04-17,900.41,online,Jaipur,11,0.04
T0004000,C005139,2025-11-28,742.48,online,Kochi,6,0.162
T0004001,C000241,2024-01-06,3354.99,online,Jaipur,4,0.03
T0004002,C003035,2024-06-28,1663.88,online,Bhopal,7,0.02
T0004003,C005954,2025-11-07,1418.81,online,Jaipur,3,0.054
T0004004,C003586,2024-01-19,1492.5,online,Ahmedabad,2,0.022
T0004005,C002445,2025-02-14,1249.59,store,Delhi,6,
T0004006,C006014,2024-02-14,2606.01,store,Kolkata,6,0.089
T0004007,C002232,2025-07-05,317.48,store,Ahmedabad,10,0.028
T0004008,C001413,2024-11-24,692.78,online,Bhopal,10,0.169
T0004009,C004588,2024-09-01,579.4,store,Kochi,7,0.12
T0004010,C003794,2024-08-11,1622.2,store,Ahmedabad,8,0.067
T0004011,C003079,2024-02-10,3860.3,online,Hyderabad,4,0.017
T0004012,C005532,2025-02-18,1402.71,online,Ahmedabad,6,0.066
T0004013,C004476,2024-01-24,5291.74,online,Kolkata,1,0.001
T0004014,C004860,2025-02-09,3298.65,online,Bhopal,4,0.012
T0004015,C004735,2024-08-25,1714.73,online,Hyderabad,9,0.017
T0004016,C001904,2025-01-05,3821.27,online,Chennai,4,0.005
T0004017,C003598,2024-07-31,4360.01,online,Mumbai,7,0.034
T0004018,C002747,2025-07-03,8252.14,phone,Delhi,11,0.05
T0004019,C003404,2025-06-18,1632.86,store,Kochi,7,0.025
T0004020,C004157,2024-04-17,4601.4,store,Bengaluru,3,0.067
T0004021,C001977,2025-04-25,1514.77,online,Hyderabad,1,0.093
T0004022,C000392,2025-11-21,2190.79,store,Bengaluru,8,
T0004023,C004214,2024-09-15,14075.38,online,Lucknow,4,0.004
T0004024,C002666,2025-04-10,5143.44,phone,Kochi,9,0.033
T0004025,C004358,2025-10-20,307.3,online,Bengaluru,3,0.175
T0004026,C005445,2025-04-03,9290.67,online,Lucknow,8,0.012
T0004027,C001185,2025-02-04,1892.46,phone,Ahmedabad,1,0.1
T0004028,C002521,2024-07-21,6711.48,online,Delhi,4,
T0004029,C006182,2024-02-21,460.05,online,Kolkata,3,0.052
T0004030,C002302,2025-08-24,3804.69,store,Kochi,8,
T0004031,C003031,2025-11-14,1020.93,mobile,Chennai,10,0.056
T0004032,C002304,2025-04-10,3578.25,online,Kolkata,2,0.093
T0004033,C006229,2024-11-08,2830.6,online,Hyderabad,10,0.02
T0004034,C003574,2025-11-02,3112.71,store,Mumbai,3,0.012
T0004035,C001220,2025-01-20,2650.87,online,Mumbai,5,0.064
T0004036,C001949,2025-04-13,2462.87,store,Hyderabad,1,0.052
T0004037,C005622,2024-01-18,1035.4,store,Kochi,7,0.157
T0004038,C002854,2025-10-10,1089.8,store,Mumbai,7,0.093
T0004039,C003247,2025-06-10,1724.2,online,Kolkata,1,0.046
T0004040,C001499,2024-07-03,664.67,online,Ahmedabad,2,0.073
T0004041,C005238,2025-12-14,2313.8,store,Hyderabad,1,0.194
T0004042,C005282,2024-12-16,8817.53,mobile,Pune,5,0.119
T0004043,C003537,2025-08-04,3640.65,online,Jaipur,11,0.111
T0004044,C005414,2024-02-02,1941.07,store,Bengaluru,7,0.073
T0004045,C001124,2025-12-07,2594.2,mobile,Lucknow,2,0.094
T0004046,C004923,2025-05-01,813.52,store,Jaipur,1,0.01
T0004047,C002669,2025-06-18,1215.13,online,Ahmedabad,7,0.04
T0004048,C000975,2025-04-02,4097.86,store,Pune,4,0.135
T0004049,C001785,2024-04-01,967.47,online,Bengaluru,6,0.023
T0004050,C005237,2024-05-10,1901.24,mobile,Kochi,4,0.04
T0004051,C005668,2024-09-07,5348.41,phone,Hyderabad,10,0.054
T0004052,C003079,2025-10-12,7484.96,online,Hyderabad,5,0.353
T0004053,C003641,2025-05-17,1116.15,store,Bhopal,3,0.134
T0004054,C005369,2025-06-06,10521.44,mobile,Jaipur,11,0.013
T0004055,C002406,2024-08-18,1150.46,online,Chennai,1,0.126
T0004056,C002331,2025-08-22,1259.19,mobile,Lucknow,8,0.066
T0004057,C006159,2024-10-14,748.44,store,Lucknow,9,0.142
T0004058,C003186,2024-06-14,1235.17,mobile,Hyderabad,2,0.021
T0004059,C006085,2025-06-02,2768.5,mobile,Delhi,10,0.114
T0004060,C000315,2024-04-01,926.35,online,Kolkata,2,0.157
T0004061,C002471,2024-08-13,2318.96,phone,Mumbai,8,0.076
T0004062,C005568,2024-08-10,1739.07,store,Kolkata,4,0.023
T0004063,C003683,2024-04-11,10157.97,store,Hyderabad,6,0.041
T0004064,C005501,2024-12-10,2050.53,online,Bhopal,9,0.046
T0004065,C006106,2024-07-24,599.56,store,Pune,9,0.028
T0004066,C001291,2024-06-07,6944.41,store,Hyderabad,7,0.047
T0004067,C000000,2024-11-16,6220.9,online,Hyderabad,11,0.037
T0004068,C001192,2025-06-30,180.37,store,Ahmedabad,9,
T0004069,C000783,2024-04-07,463.06,online,Pune,3,0.049
T0004070,C004663,2025-08-04,4460.3,store,Hyderabad,10,0.082
T0004071,C005790,2025-11-10,1280.54,store,Bengaluru,10,0.039
T0004072,C004527,2024-01-31,3145.16,mobile,Kochi,7,0.226
T0004073,C004946,2024-08-09,629.29,online,Pune,1,0.09
T0004074,C001563,2024-02-19,1034.98,online,Bhopal,6,0.034
T0004075,C004979,2024-12-01,9948.92,store,Delhi,2,0.055
T0004076,C003441,2025-10-27,1001.65,online,Kolkata,8,0.073
T0004077,C001536,2024-06-22,1194.56,mobile,Jaipur,4,0.117
T0004078,C000371,2024-06-28,8901.67,store,Bhopal,11,0.183
T0004079,C004209,2025-08-08,2778.49,store,Bhopal,10,0.065
T0004080,C004150,2025-01-15,2415.81,online,Pune,2,0.107
T0004081,C005844,2025-10-03,2557.32,online,Hyderabad,6,0.042
T0004082,C005479,2025-11-13,1749.23,store,Bengaluru,10,0.01
T0004083,C002367,2025-10-11,7542.05,online,Pune,10,0.099
T0004084,C003337,2025-03-30,2054.82,online,Pune,2,0.001
T0004085,C001281,2025-07-28,4222.92,online,Jaipur,5,0.04
T0004086,C003085,2024-03-18,3316.19,store,Chennai,8,0.197
T0004087,C001674,2025-03-23,6505.32,mobile,Bengaluru,4,0.016
T0004088,C004524,2025-04-13,14795.47,store,Bhopal,8,0.023
T0004089,C003272,2025-04-27,9377.31,online,Hyderabad,9,0.113
T0004090,C004437,2024-06-07,380.0,online,Bhopal,2,0.007
T0004091,C001625,2024-02-24,1357.45,mobile,Chennai,7,0.113
T0004092,C004124,2025-06-01,7465.1,mobile,Delhi,6,0.158
T0004093,C000304,2024-08-25,1114.55,mobile,Jaipur,4,
T0004094,C002904,2024-03-24,5166.96,online,Delhi,10,0.03
T0004095,C000069,2025-12-26,3649.81,phone,Jaipur,7,0.006
T0004096,C004206,2025-12-06,1863.45,store,Chennai,9,0.058
T0004097,C005636,2025-05-15,7604.01,online,Delhi,2,
T0004098,C005725,2024-01-19,1923.64,online,Kolkata,8,0.047
T0004099,C002396,2024-02-29,3787.31,online,Kolkata,10,0.039
T0004100,C003213,2025-06-22,1720.9,online,Delhi,4,0.032
T0004101,C001163,2025-11-14,1108.93,store,Bengaluru,4,0.004
T0004102,C000991,2024-03-28,1912.28,store,Mumbai,10,0.025
T0004103,C000477,2024-09-15,1626.19,mobile,Kolkata,9,0.094
T0004104,C003546,2024-09-18,943.62,online,Jaipur,11,0.038
T0004105,C000647,2024-05-18,421.73,mobile,Lucknow,8,0.047
T0004106,C004601,2024-07-24,2425.63,online,Mumbai,10,0.047
T0004107,C001183,2025-10-12,663.34,online,Kochi,8,0.014
T0004108,C004893,2024-02-10,1764.05,online,Bengaluru,9,0.033
T0004109,C004095,2024-10-18,8804.64,store,Ahmedabad,4,0.045
T0004110,C004112,2025-04-02,779.69,store,Hyderabad,11,0.029
T0004111,C003777,2025-04-16,2546.98,online,Pune,9,0.056
T0004112,C003732,2024-02-14,2387.76,online,Jaipur,11,0.141
T0004113,C001268,2025-10-29,5141.92,online,Ahmedabad,4,0.047
T0004114,C003241,2024-11-29,625.75,online,Kochi,3,0.089
T0004115,C005884,2024-06-17,1731.6,store,Delhi,8,0.012
T0004116,C003983,2025-08-25,2088.47,store,Kochi,4,0.082
T0004117,C004178,2024-05-08,3875.61,online,Jaipur,4,0.085
T0004118,C003618,2024-10-06,2553.2,store,Ahmedabad,6,0.14
T0004119,C000665,2024-12-30,1601.92,online,Ahmedabad,1,0.032
T0004120,C002058,2024-10-26,3442.62,online,Bengaluru,7,0.053
T0004121,C005192,2025-05-23,459.42,mobile,Chennai,8,0.014
T0004122,C004409,2024-02-14,955.01,store,Kochi,11,0.052
T0004123,C004461,2025-11-14,6578.97,store,Mumbai,3,0.042
T0004124,C006218,2024-02-17,1877.2,online,Delhi,9,0.052
T0004125,C001887,2025-12-15,1105.68,online,Hyderabad,7,0.059
T0004126,C000920,2024-04-05,1312.84,store,Ahmedabad,4,0.113
T0004127,C001818,2025-10-23,1194.67,mobile,Pune,4,0.071
T0004128,C000462,2025-08-21,1702.29,store,Kolkata,4,0.029
T0004129,C001770,2025-03-31,2020.89,online,Jaipur,6,0.07
T0004130,C004816,2025-07-29,1135.0,online,Mumbai,5,0.064
T0004131,C004652,2024-02-05,879.48,mobile,Kochi,6,
T0004132,C005873,2025-01-17,2060.62,online,Chennai,4,0.056
T0004133,C004388,2025-10-14,1568.28,mobile,Kochi,6,0.128
T0004134,C001270,2025-06-19,1878.06,store,Hyderabad,9,0.004
T0004135,C000354,2024-05-08,17515.11,store,Bengaluru,6,0.035
T0004136,C002955,2025-10-17,2052.87,online,Delhi,6,0.071
T0004137,C005482,2025-05-25,1525.48,store,Bhopal,11,0.044
T0004138,C004418,2025-10-28,2573.79,mobile,Lucknow,8,0.049
T0004139,C004227,2025-06-29,1295.1,mobile,Kolkata,1,0.026
T0004140,C002547,2024-09-28,1267.66,online,Hyderabad,11,0.227
T0004141,C004243,2025-08-15,9014.89,store,Pune,8,0.081
T0004142,C003587,2025-06-24,1858.38,online,Chennai,4,0.063
T0004143,C003023,2024-01-20,5426.15,online,Kolkata,4,0.072
T0004144,C000929,2025-06-20,951.22,online,Hyderabad,5,0.08
T0004145,C005978,2024-06-27,1020.98,mobile,Pune,1,0.132
T0004146,C001749,2024-07-11,3458.46,phone,Bhopal,6,0.067
T0004147,C000222,2025-11-02,2188.15,online,Kochi,4,0.109
T0004148,C000958,2024-07-17,2304.76,online,Lucknow,6,0.011
T0004149,C000039,2025-12-10,3673.61,store,Pune,8,0.031
T0004150,C004894,2025-11-04,1948.43,store,Ahmedabad,7,0.011
T0004151,C001519,2025-06-08,1032.66,store,Delhi,9,0.003
T0004152,C000432,2024-02-08,473.32,mobile,Chennai,3,0.0
T0004153,C001388,2025-07-27,2802.25,online,Jaipur,5,0.011
T0004154,C003071,2024-08-06,1767.06,mobile,Kolkata,4,0.127
T0004155,C000288,2024-08-17,853.03,mobile,Ahmedabad,4,0.236
T0004156,C004838,2025-02-11,1655.11,phone,Kochi,6,0.004
T0004157,C001045,2025-01-14,1108.43,store,Chennai,5,0.01
T0004158,C001063,2024-02-12,2777.71,online,Jaipur,3,0.085
T0004159,C000812,2024-11-27,2552.52,online,Bengaluru,2,0.072
T0004160,C003687,2025-05-15,639.95,store,Jaipur,4,0.042
T0004161,C000378,2024-10-12,1340.8,store,Kochi,10,0.027
T0004162,C004480,2025-09-23,2674.17,online,Chennai,1,0.105
T0004163,C002441,2024-07-26,1259.75,store,Chennai,4,0.015
T0004164,C005419,2025-06-08,4047.06,store,Mumbai,1,0.005
T0004165,C004726,2024-09-15,21272.49,online,Chennai,7,0.02
T0004166,C001681,2025-04-25,2097.7,online,Bengaluru,2,0.001
T0004167,C003929,2025-04-09,3462.66,online,Delhi,11,
T0004168,C001930,2024-11-07,699.54,online,Pune,4,
T0004169,C004521,2024-12-09,4503.14,store,Pune,10,0.034
T0004170,C003817,2024-09-17,3513.13,store,Bhopal,3,
T0004171,C006130,2024-11-21,13742.7,online,Lucknow,9,
T0004172,C005102,2024-01-23,1700.54,store,Ahmedabad,8,0.006
T0004173,C002202,2024-04-21,1011.75,store,Kochi,11,0.088
T0004174,C000379,2025-06-20,13257.43,mobile,Bengaluru,3,0.07
T0004175,C000559,2024-05-29,338.37,online,Pune,3,0.073
T0004176,C003446,2025-11-09,4394.62,online,Hyderabad,5,0.055
T0004177,C006160,2024-10-16,350.34,phone,Bhopal,2,0.006
T0004178,C001274,2025-08-15,2047.81,mobile,Kochi,1,0.025
T0004179,C000142,2025-04-18,4202.94,online,Ahmedabad,10,0.083
T0004180,C005306,2024-02-16,579.41,online,Jaipur,4,0.036
T0004181,C005180,2025-01-03,835.37,online,Bengaluru,5,0.076
T0004182,C004328,2025-10-18,428.61,online,Lucknow,7,0.099
T0004183,C003397,2024-12-25,2027.87,store,Kolkata,3,0.068
T0004184,C005345,2024-05-13,6624.86,online,Bhopal,10,0.08
T0004185,C000526,2025-09-16,445.02,online,Pune,4,0.074
T0004186,C004587,2024-01-12,4811.72,online,Bengaluru,5,0.107
T0004187,C001894,2025-07-30,4053.44,online,Delhi,7,0.031
T0004188,C004752,2025-11-17,503.5,mobile,Bengaluru,6,0.013
T0004189,C002056,2024-06-02,1952.29,mobile,Bhopal,6,0.01
T0004190,C003843,2025-11-26,9754.02,store,Lucknow,7,0.067
T0004191,C001407,2024-11-01,505.36,store,Ahmedabad,3,0.047
T0004192,C004476,2024-06-11,859.92,store,Jaipur,3,0.048
T0004193,C005946,2024-06-06,843.14,mobile,Delhi,1,0.002
T0004194,C001997,2025-05-08,325.76,online,Bengaluru,4,
T0004195,C002229,2025-12-02,1808.1,mobile,Pune,4,0.068
T0004196,C005812,2025-03-17,902.01,online,Chennai,4,0.029
T0004197,C000696,2025-07-03,1096.19,online,Kolkata,5,0.015
T0004198,C003661,2025-12-21,3187.59,online,Ahmedabad,9,0.138
T0004199,C003524,2024-12-15,1557.6,store,Ahmedabad,1,0.036
T0004200,C002492,2024-09-19,2212.75,mobile,Pune,5,
T0004201,C003124,2024-05-07,6788.24,store,Bhopal,7,0.013
T0004202,C004265,2025-02-18,812.17,online,Kolkata,2,0.012
T0004203,C003489,2024-05-30,999.14,mobile,Jaipur,1,0.006
T0004204,C002609,2025-10-12,9910.32,online,Kolkata,3,
T0004205,C004731,2025-10-05,3096.99,store,Pune,3,0.052
T0004206,C003010,2025-07-06,994.62,store,Bengaluru,9,0.106
T0004207,C001635,2024-08-14,1397.11,online,Bengaluru,11,0.064
T0004208,C006234,2024-03-01,2978.9,mobile,Kochi,6,0.043
T0004209,C004998,2024-07-27,1944.74,online,Kochi,9,0.013
T0004210,C004542,2025-07-25,3594.98,online,Ahmedabad,5,0.076
T0004211,C003803,2025-05-16,232.99,online,Hyderabad,7,0.08
T0004212,C002718,2024-02-09,1110.84,online,Mumbai,7,
T0004213,C004610,2024-11-13,2676.23,online,Bhopal,6,0.051
T0004214,C005429,2025-04-08,13429.56,store,Kolkata,11,
T0004215,C005988,2025-10-12,15451.74,online,Kolkata,10,0.025
T0004216,C005622,2025-06-30,1437.6,store,Hyderabad,1,0.007
T0004217,C004372,2024-02-07,731.37,store,Bhopal,6,0.037
T0004218,C000213,2024-03-14,7413.69,online,Kochi,10,0.076
T0004219,C005529,2024-08-10,1110.39,mobile,Ahmedabad,4,0.088
T0004220,C005155,2025-02-03,2132.0,online,Mumbai,6,0.048
T0004221,C006024,2025-04-15,1240.89,mobile,Kochi,2,0.037
T0004222,C005160,2024-05-01,4765.41,store,Chennai,7,0.05
T0004223,C004968,2024-11-05,2976.86,store,Mumbai,10,0.115
T0004224,C002265,2024-08-16,1079.58,online,Delhi,7,0.031
T0004225,C001741,2025-06-22,5991.89,mobile,Chennai,7,0.084
T0004226,C003881,2025-08-22,1389.3,online,Kochi,6,0.12
T0004227,C000200,2024-07-15,5488.16,mobile,Delhi,4,0.088
T0004228,C006008,2024-01-30,1676.6,mobile,Bengaluru,7,0.033
T0004229,C002244,2024-08-17,1192.77,mobile,Bhopal,10,0.076
T0004230,C002959,2024-12-19,1818.51,store,Bengaluru,11,0.082
T0004231,C003554,2024-06-21,1231.34,mobile,Bengaluru,2,0.097
T0004232,C003936,2024-05-29,2202.84,mobile,Mumbai,4,0.163
T0004233,C001064,2025-08-28,1655.2,online,Bhopal,11,0.04
T0004234,C005200,2024-07-05,604.88,online,Jaipur,6,0.025
T0004235,C002453,2025-12-12,537.75,online,Hyderabad,3,0.079
T0004236,C006027,2024-09-12,2877.17,store,Kochi,2,0.025
T0004237,C005906,2025-01-16,953.93,online,Mumbai,1,0.034
T0004238,C004079,2025-01-16,2411.62,store,Bhopal,8,0.038
T0004239,C003592,2024-08-25,5370.76,online,Jaipur,1,0.116
T0004240,C004467,2024-09-09,534.97,online,Kochi,11,0.029
T0004241,C004544,2024-12-08,917.7,phone,Bhopal,4,0.079
T0004242,C005347,2024-07-15,199.46,mobile,Bengaluru,4,0.032
T0004243,C002030,2024-08-07,1103.28,store,Ahmedabad,9,0.016
T0004244,C006059,2024-02-16,424.57,online,Jaipur,9,0.016
T0004245,C003923,2025-04-16,546.59,mobile,Delhi,4,0.094
T0004246,C000455,2024-10-14,924.24,mobile,Bhopal,6,0.062
T0004247,C004810,2024-09-08,2896.68,store,Bhopal,7,0.009
T0004248,C003811,2024-03-11,2704.09,online,Bhopal,9,0.081
T0004249,C005474,2024-07-02,983.61,mobile,Kochi,5,0.005
T0004250,C001774,2025-08-10,463.69,store,Bengaluru,11,0.118
T0004251,C006257,2024-11-29,458.35,phone,Pune,3,0.057
T0004252,C003769,2024-05-07,1383.72,store,Kochi,10,0.026
T0004253,C004784,2025-12-29,1485.81,online,Pune,8,0.19
T0004254,C001383,2025-02-04,2369.48,online,Delhi,7,0.081
T0004255,C000104,2024-09-25,2260.89,online,Bhopal,2,0.036
T0004256,C002256,2024-03-06,2561.59,online,Kochi,8,0.105
T0004257,C000398,2025-04-22,2709.65,online,Bhopal,1,0.057
T0004258,C003761,2024-09-19,1359.43,online,Kolkata,6,0.117
T0004259,C000660,2025-09-13,11406.99,mobile,Bhopal,1,0.085
T0004260,C002310,2025-01-02,1720.19,mobile,Pune,4,0.057
T0004261,C002948,2025-08-27,1211.21,store,Delhi,2,0.104
T0004262,C000061,2024-06-11,7010.01,online,Ahmedabad,8,0.082
T0004263,C002822,2024-06-20,1101.41,online,Mumbai,10,0.098
T0004264,C000402,2024-09-20,2099.27,store,Lucknow,2,0.047
T0004265,C004032,2025-09-17,12515.41,online,Hyderabad,11,0.059
T0004266,C005462,2024-09-11,23224.45,mobile,Ahmedabad,9,
T0004267,C005767,2024-08-23,663.59,mobile,Hyderabad,1,0.037
T0004268,C006160,2025-07-22,882.71,online,Pune,8,0.056
T0004269,C003853,2025-01-04,13994.73,store,Delhi,8,0.052
T0004270,C004604,2024-08-19,1156.14,online,Jaipur,7,0.063
T0004271,C001772,2024-12-10,5652.51,mobile,Lucknow,7,0.037
T0004272,C000566,2025-11-02,2902.5,online,Bengaluru,10,0.028
T0004273,C001636,2025-04-11,1136.27,online,Lucknow,8,0.006
T0004274,C004027,2024-12-22,11912.58,online,Delhi,6,
T0004275,C001324,2025-11-09,4077.71,mobile,Hyderabad,2,0.032
T0004276,C000739,2024-10-21,9782.21,store,Bhopal,10,0.005
T0004277,C001575,2024-01-26,1160.25,store,Delhi,5,0.099
T0004278,C005606,2025-12-02,9108.44,online,Kolkata,4,0.151
T0004279,C005653,2024-01-02,4471.1,store,Mumbai,4,0.06
T0004280,C001581,2024-05-11,3370.43,store,Bengaluru,11,0.02
T0004281,C000275,2025-09-13,4840.96,store,Pune,11,0.049
T0004282,C004884,2024-02-07,1479.77,phone,Bhopal,2,0.085
T0004283,C001614,2024-09-11,1408.43,store,Kolkata,10,0.031
T0004284,C005971,2025-09-09,2487.5,store,Mumbai,10,0.017
T0004285,C002239,2025-11-06,2852.06,store,Jaipur,8,0.106
T0004286,C004103,2024-08-01,2502.61,online,Jaipur,5,0.071
T0004287,C006178,2025-12-05,1610.58,online,Delhi,5,0.05
T0004288,C001477,2025-06-14,1861.07,online,Kolkata,8,0.207
T0004289,C000536,2025-04-07,2267.56,store,Delhi,9,0.081
T0004290,C004423,2024-08-15,765.8,store,Chennai,1,0.079
T0004291,C002525,2024-05-24,1383.45,online,Bhopal,10,0.007
T0004292,C004846,2024-02-21,4426.14,store,Mumbai,9,0.088
T0004293,C001636,2024-01-02,1244.55,online,Hyderabad,6,0.015
T0004294,C004431,2024-09-11,1696.99,mobile,Lucknow,9,0.071
T0004295,C004260,2024-04-23,2301.45,mobile,Pune,8,0.023
T0004296,C005535,2025-04-10,5859.34,online,Jaipur,5,0.055
T0004297,C000191,2024-08-25,1189.78,online,Lucknow,10,0.143
T0004298,C004411,2024-04-22,1206.69,mobile,Ahmedabad,9,0.178
T0004299,C001834,2025-10-08,1912.23,store,Ahmedabad,9,0.112
T0004300,C001857,2025-02-16,4458.4,mobile,Mumbai,10,0.082
T0004301,C003191,2025-08-06,1978.3,store,Delhi,4,0.039
T0004302,C002606,2025-07-22,1388.5,mobile,Lucknow,1,0.047
T0004303,C001032,2024-07-28,1028.83,online,Mumbai,4,0.075
T0004304,C005854,2025-09-09,1955.57,online,Bengaluru,9,0.056
T0004305,C000514,2025-10-29,1049.64,mobile,Kochi,4,
T0004306,C000019,2025-10-04,1849.05,online,Hyderabad,6,0.007
T0004307,C005308,2025-10-08,4558.04,store,Jaipur,6,0.017
T0004308,C002446,2024-03-31,414.35,phone,Kochi,10,0.079
T0004309,C002522,2024-08-11,712.29,store,Mumbai,5,0.017
T0004310,C001656,2024-05-02,6208.54,mobile,Mumbai,10,0.072
T0004311,C003923,2025-05-16,9898.58,mobile,Hyderabad,5,0.178
T0004312,C003741,2025-11-15,1530.39,phone,Jaipur,1,0.017
T0004313,C004681,2025-01-12,981.81,mobile,Kochi,7,0.041
T0004314,C001959,2024-05-06,3968.01,mobile,Chennai,4,0.08
T0004315,C004575,2024-03-27,611.18,online,Pune,10,0.096
T0004316,C003044,2024-03-15,834.41,mobile,Mumbai,5,0.009
T0004317,C001275,2025-04-23,4644.23,online,Kolkata,4,0.003
T0004318,C004412,2025-10-31,1083.93,phone,Delhi,8,0.014
T0004319,C001747,2024-10-11,967.47,online,Hyderabad,5,0.049
T0004320,C003106,2025-10-01,1271.16,mobile,Ahmedabad,4,0.054
T0004321,C005250,2024-09-20,866.21,phone,Chennai,6,0.031
T0004322,C005304,2024-05-13,2204.6,online,Kochi,10,0.006
T0004323,C002020,2024-05-15,304.81,mobile,Mumbai,3,0.043
T0004324,C000864,2024-08-01,2425.93,phone,Bengaluru,5,0.001
T0004325,C004552,2025-02-12,118.54,online,Kochi,10,0.059
T0004326,C000816,2024-12-14,738.99,store,Mumbai,11,
T0004327,C003561,2024-06-22,4553.52,store,Mumbai,4,0.097
T0004328,C004476,2025-06-05,3442.6,online,Pune,7,0.088
T0004329,C005501,2024-03-09,5323.93,mobile,Kochi,6,0.169
T0004330,C005331,2025-08-04,358.95,mobile,Pune,4,0.009
T0004331,C002278,2025-02-03,7136.49,online,Mumbai,8,0.041
T0004332,C006080,2025-01-22,17744.89,store,Kolkata,6,0.049
T0004333,C004617,2024-06-20,1543.38,online,Kochi,1,0.065
T0004334,C001239,2024-11-24,784.11,online,Bengaluru,4,0.005
T0004335,C000077,2024-02-11,462.01,store,Delhi,6,0.006
T0004336,C000049,2024-08-13,954.28,mobile,Chennai,11,0.057
T0004337,C004935,2024-02-23,1107.47,store,Hyderabad,1,0.117
T0004338,C005576,2025-01-31,1622.91,store,Jaipur,2,0.037
T0004339,C005733,2025-02-03,6022.97,online,Ahmedabad,4,0.116
T0004340,C001471,2024-08-21,1965.65,online,Pune,7,
T0004341,C002305,2025-12-20,4389.96,online,Mumbai,8,0.138
T0004342,C002136,2025-11-27,4456.35,store,Kolkata,10,0.026
T0004343,C005069,2025-04-29,3785.16,online,Chennai,7,0.22
T0004344,C002830,2025-12-25,4316.45,store,Lucknow,5,0.01
T0004345,C000630,2024-03-04,1022.51,mobile,Bengaluru,10,0.03
T0004346,C001323,2024-01-23,705.81,online,Jaipur,1,0.093
T0004347,C001893,2024-12-10,433.55,online,Kochi,11,0.12
T0004348,C005848,2025-08-20,1041.76,store,Bengaluru,5,0.117
T0004349,C001485,2025-01-07,923.05,online,Ahmedabad,5,0.074
T0004350,C002602,2024-11-18,2841.75,online,Kochi,2,0.052
T0004351,C001297,2025-01-13,1023.34,mobile,Mumbai,6,
T0004352,C001877,2024-06-08,3842.38,store,Ahmedabad,3,0.003
T0004353,C001109,2025-09-11,2376.57,store,Jaipur,3,0.048
T0004354,C005554,2024-08-24,155.44,store,Jaipur,4,
T0004355,C002954,2025-11-09,2014.18,mobile,Kolkata,10,0.157
T0004356,C001977,2024-02-17,1167.03,store,Hyderabad,7,0.101
T0004357,C003732,2024-08-07,1563.35,store,Lucknow,3,0.101
T0004358,C001569,2024-11-10,1654.82,store,Ahmedabad,8,0.092
T0004359,C000043,2025-03-24,611.99,store,Pune,6,0.057
T0004360,C002232,2024-11-25,459.61,online,Bhopal,9,0.029
T0004361,C005050,2025-05-11,1321.8,store,Ahmedabad,5,
T0004362,C005132,2024-05-24,1845.29,store,Kolkata,1,0.071
T0004363,C004179,2024-04-26,1670.61,online,Chennai,8,
T0004364,C005102,2024-09-11,2665.87,online,Delhi,8,0.012
T0004365,C_BAD_011,2024-10-03,12755.06,mobile,Ahmedabad,11,0.003
T0004366,C001892,2024-02-11,1521.18,store,Kolkata,3,0.153
T0004367,C001804,2024-07-01,1674.01,mobile,Bhopal,1,0.157
T0004368,C002903,2024-06-07,703.25,online,Bengaluru,11,0.037
T0004369,C005740,2024-02-27,913.63,store,Jaipur,2,0.05
T0004370,C005585,2024-01-19,928.9,store,Bengaluru,3,0.077
T0004371,C005510,2024-06-21,1531.34,store,Hyderabad,3,0.014
T0004372,C000419,2024-09-17,2026.02,online,Bengaluru,10,0.002
T0004373,C006000,2024-01-17,1750.9,store,Delhi,2,0.021
T0004374,C005119,2025-01-16,875.73,phone,Chennai,6,0.117
T0004375,C003741,2024-11-04,761.42,online,Chennai,4,0.094
T0004376,C001263,2024-02-11,1923.86,phone,Bengaluru,4,0.068
T0004377,C004319,2025-03-29,1995.61,online,Hyderabad,2,0.057
T0004378,C005174,2024-09-12,11186.69,store,Chennai,1,0.041
T0004379,C002404,2025-04-07,4048.68,online,Pune,4,0.118
T0004380,C004807,2024-03-11,1767.54,mobile,Bengaluru,5,0.024
T0004381,C005996,2024-09-26,720.9,store,Ahmedabad,2,0.014
T0004382,C004174,2025-10-27,950.93,store,Pune,4,0.082
T0004383,C004274,2024-03-03,1055.66,store,Lucknow,10,0.05
T0004384,C000848,2024-08-11,11043.68,store,Bengaluru,9,0.082
T0004385,C000653,2024-08-13,429.93,mobile,Delhi,2,0.003
T0004386,C000749,2025-09-25,1003.45,store,Pune,9,0.016
T0004387,C005042,2024-07-05,2495.25,store,Mumbai,4,0.026
T0004388,C005843,2024-03-02,2678.77,online,Bengaluru,5,0.125
T0004389,C002126,2025-05-26,3627.77,mobile,Delhi,4,
T0004390,C005417,2024-07-06,1469.19,store,Chennai,9,0.017
T0004391,C002946,2025-02-08,2161.79,store,Lucknow,3,0.042
T0004392,C002103,2025-09-03,4590.03,online,Jaipur,5,0.004
T0004393,C003917,2025-03-01,2645.59,online,Pune,10,0.165
T0004394,C000652,2025-02-01,1177.72,store,Lucknow,4,0.027
T0004395,C005670,2024-01-17,500.86,online,Lucknow,5,
T0004396,C003505,2025-04-23,1103.68,store,Delhi,6,0.041
T0004397,C000111,2025-06-01,989.85,store,Bengaluru,3,0.055
T0004398,C_BAD_017,2024-09-10,5245.03,online,Kochi,1,0.0
T0004399,C003794,2025-03-19,2575.34,store,Ahmedabad,3,0.097
T0004400,C001865,2025-07-08,3490.98,store,Hyderabad,11,0.01
T0004401,C005664,2024-06-14,1096.06,online,Hyderabad,3,
T0004402,C001076,2025-11-29,6588.67,online,Hyderabad,9,0.043
T0004403,C005188,2024-06-11,1141.11,online,Kolkata,10,0.09
T0004404,C003799,2024-08-07,1482.27,online,Hyderabad,7,0.063
T0004405,C002318,2025-11-06,6308.83,online,Bengaluru,6,0.029
T0004406,C001534,2025-06-29,997.28,online,Bhopal,5,0.021
T0004407,C001142,2024-10-12,2307.2,mobile,Chennai,11,
T0004408,C001799,2024-11-27,1249.33,online,Mumbai,10,0.051
T0004409,C001939,2025-09-15,818.46,mobile,Kolkata,5,0.026
T0004410,C001681,2025-01-11,1145.27,mobile,Pune,6,0.122
T0004411,C004381,2024-04-28,5620.66,mobile,Kochi,9,0.014
T0004412,C002489,2025-05-17,2313.39,mobile,Bhopal,4,0.063
T0004413,C002388,2025-08-16,4560.43,store,Delhi,4,0.259
T0004414,C005398,2025-06-19,8851.27,mobile,Lucknow,2,0.029
T0004415,C002709,2024-05-03,228.64,online,Bengaluru,4,0.018
T0004416,C005863,2025-08-03,2677.26,mobile,Lucknow,1,0.122
T0004417,C005616,2024-08-04,16774.5,online,Mumbai,1,0.059
T0004418,C_BAD_006,2025-06-23,4771.95,online,Mumbai,8,0.083
T0004419,C_BAD_003,2025-10-07,1143.86,online,Mumbai,6,0.009
T0004420,C004974,2024-05-05,457.37,store,Jaipur,8,0.033
T0004421,C002942,2025-05-25,1049.12,online,Lucknow,10,0.121
T0004422,C003157,2025-11-01,2119.36,online,Ahmedabad,7,
T0004423,C004535,2025-08-28,2962.59,online,Bhopal,7,0.048
T0004424,C004457,2024-11-11,644.36,online,Bengaluru,9,0.02
T0004425,C001794,2025-08-20,499.24,mobile,Delhi,8,0.016
T0004426,C003257,2024-12-06,814.04,phone,Lucknow,4,0.1
T0004427,C005194,2025-03-26,1298.73,online,Pune,2,0.015
T0004428,C005001,2024-05-12,621.98,online,Bhopal,8,0.09
T0004429,C003952,2025-02-02,2953.05,online,Kolkata,2,0.028
T0004430,C001935,2024-02-29,1808.03,mobile,Bhopal,2,0.002
T0004431,C004890,2025-11-27,2133.07,store,Bhopal,4,0.136
T0004432,C005840,2025-02-27,512.78,store,Bengaluru,8,0.052
T0004433,C003626,2024-10-01,1048.1,store,Pune,5,0.006
T0004434,C000222,2025-03-17,4157.18,online,Lucknow,2,0.129
T0004435,C000921,2024-08-23,2750.14,mobile,Kochi,10,0.032
T0004436,C001672,2024-02-16,419.36,online,Delhi,11,0.098
T0004437,C002958,2025-03-08,3016.42,store,Hyderabad,3,0.003
T0004438,C001147,2024-11-04,2015.87,store,Hyderabad,1,0.01
T0004439,C002398,2024-11-09,779.81,mobile,Bengaluru,5,0.025
T0004440,C003405,2024-04-25,581.89,online,Bhopal,3,0.129
T0004441,C005174,2025-03-02,720.11,online,Bhopal,8,0.034
T0004442,C003275,2024-10-11,498.24,store,Kochi,11,0.002
T0004443,C002338,2024-03-31,3350.37,online,Mumbai,9,0.06
T0004444,C006214,2025-08-25,5273.41,online,Chennai,7,0.053
T0004445,C004443,2025-01-18,770.62,mobile,Kochi,4,0.114
T0004446,C000086,2024-10-27,755.52,online,Jaipur,5,0.078
T0004447,C003702,2024-09-04,1367.78,mobile,Ahmedabad,7,0.132
T0004448,C000133,2024-08-07,1784.37,mobile,Bhopal,3,0.091
T0004449,C004028,2025-03-02,3822.97,online,Chennai,8,0.127
T0004450,C006085,2025-10-07,1011.35,store,Pune,5,0.051
T0004451,C001142,2025-06-19,3675.33,mobile,Chennai,7,0.044
T0004452,C000535,2024-08-26,1158.41,mobile,Chennai,10,0.005
T0004453,C001840,2025-01-13,1239.69,online,Pune,4,0.003
T0004454,C002456,2025-05-20,446.81,online,Kochi,8,0.128
T0004455,C003356,2024-02-16,1487.42,store,Kochi,10,0.009
T0004456,C003977,2025-08-06,4101.81,online,Bhopal,7,0.007
T0004457,C004542,2024-10-01,1408.61,online,Bhopal,8,0.029
T0004458,C005555,2025-01-14,764.58,online,Bengaluru,10,0.008
T0004459,C005012,2024-12-11,1480.04,online,Bengaluru,11,0.007
T0004460,C004445,2025-08-13,1632.66,online,Kochi,11,0.074
T0004461,C003653,2024-11-03,919.54,store,Pune,1,0.086
T0004462,C000626,2025-05-30,937.73,store,Bengaluru,9,0.031
T0004463,C000064,2024-02-17,421.41,online,Delhi,11,0.018
T0004464,C005384,2025-01-25,1467.56,store,Bengaluru,2,
T0004465,C005776,2025-05-02,310.8,mobile,Bengaluru,6,0.22
T0004466,C003541,2025-01-07,9904.17,mobile,Ahmedabad,1,0.268
T0004467,C001162,2024-01-11,618.14,store,Mumbai,9,0.052
T0004468,C002623,2025-12-06,1958.74,mobile,Bengaluru,6,0.063
T0004469,C005892,2025-01-02,1253.61,phone,Chennai,5,0.029
T0004470,C005151,2024-12-24,557.55,store,Bengaluru,6,0.075
T0004471,C000156,2024-03-17,2074.15,store,Kolkata,10,0.011
T0004472,C002177,2025-10-21,21493.58,store,Jaipur,3,0.064
T0004473,C000127,2025-05-09,613.61,mobile,Jaipur,3,0.045
T0004474,C_BAD_000,2024-11-16,892.66,online,Kochi,9,0.02
T0004475,C002906,2025-07-23,2553.11,mobile,Hyderabad,3,0.049
T0004476,C003662,2025-10-25,2435.35,online,Bhopal,1,0.064
T0004477,C005986,2024-07-17,1324.9,store,Bhopal,11,0.047
T0004478,C001371,2024-04-21,848.21,store,Ahmedabad,7,0.096
T0004479,C002164,2025-03-02,1592.61,phone,Kochi,10,0.196
T0004480,C006265,2025-05-12,688.57,mobile,Bengaluru,6,0.014
T0004481,C000636,2024-04-03,2266.6,online,Bhopal,11,0.005
T0004482,C002436,2025-11-01,8087.56,store,Hyderabad,6,0.019
T0004483,C000108,2024-02-03,1303.08,store,Bengaluru,8,0.079
T0004484,C001353,2025-05-10,777.26,online,Bengaluru,5,0.013
T0004485,C001789,2024-09-23,186.9,store,Kolkata,6,0.052
T0004486,C006169,2024-09-23,262.8,online,Hyderabad,1,
T0004487,C004089,2024-09-28,678.17,store,Kolkata,9,0.04
T0004488,C004354,2025-04-08,287.85,store,Kochi,1,0.1
T0004489,C000415,2024-11-11,666.05,online,Lucknow,4,0.098
T0004490,C001872,2025-10-24,522.35,online,Chennai,10,0.236
T0004491,C001609,2025-04-23,1667.49,phone,Chennai,5,0.084
T0004492,C000480,2024-11-11,5762.35,online,Delhi,3,0.022
T0004493,C000655,2024-11-09,529.64,online,Delhi,7,0.197
T0004494,C003912,2025-12-15,1029.57,store,Kolkata,5,0.157
T0004495,C001544,2024-09-19,1461.71,mobile,Pune,8,0.031
T0004496,C004006,2025-02-10,2351.52,online,Bengaluru,7,0.064
T0004497,C003732,2025-06-13,1361.88,online,Mumbai,5,0.025
T0004498,C005969,2025-06-15,222.6,online,Bhopal,9,0.175
T0004499,C001224,2024-01-20,2761.58,store,Mumbai,9,0.109
T0004500,C003577,2025-12-13,1362.65,phone,Bengaluru,4,0.002
T0004501,C005877,2024-03-18,4072.73,store,Bhopal,11,0.044
T0004502,C004447,2025-07-03,731.27,mobile,Lucknow,4,0.122
T0004503,C003469,2025-02-08,3228.46,store,Jaipur,9,0.041
T0004504,C001652,2024-12-07,1318.98,online,Lucknow,10,0.039
T0004505,C002910,2024-10-10,8220.04,mobile,Ahmedabad,6,0.016
T0004506,C001779,2025-08-02,5158.19,store,Hyderabad,10,0.138
T0004507,C005552,2024-11-08,432.4,online,Delhi,5,0.067
T0004508,C001712,2024-04-26,332.98,mobile,Lucknow,6,0.057
T0004509,C001267,2025-09-23,2231.19,online,Pune,9,0.125
T0004510,C001932,2025-01-29,2325.25,online,Kochi,2,0.005
T0004511,C002527,2025-11-23,1419.08,store,Chennai,3,
T0004512,C000300,2024-05-01,1113.28,mobile,Kochi,3,0.07
T0004513,C000842,2024-11-24,5874.26,store,Ahmedabad,5,0.091
T0004514,C001722,2024-08-03,2880.96,mobile,Bhopal,7,
T0004515,C004933,2025-09-14,2842.46,online,Kochi,10,0.089
T0004516,C000710,2025-05-03,963.72,store,Bhopal,4,0.014
T0004517,C005175,2024-04-15,4581.47,online,Bengaluru,10,0.074
T0004518,C003346,2024-08-16,1618.29,online,Ahmedabad,5,0.07
T0004519,C005662,2025-06-19,1255.53,online,Kolkata,5,0.025
T0004520,C006008,2025-06-05,4245.51,online,Chennai,10,
T0004521,C003956,2024-04-15,2707.82,online,Mumbai,3,0.007
T0004522,C005659,2024-01-11,616.26,online,Bengaluru,7,0.006
T0004523,C002708,2025-04-06,576.22,mobile,Delhi,6,0.054
T0004524,C005404,2024-10-17,2358.56,online,Delhi,8,0.002
T0004525,C_BAD_007,2025-09-21,6914.54,mobile,Kolkata,2,0.105
T0004526,C004478,2025-08-05,633.48,online,Ahmedabad,6,
T0004527,C001776,2024-09-02,1059.49,store,Kolkata,9,0.082
T0004528,C004208,2024-04-13,3379.91,online,Bhopal,1,0.045
T0004529,C002202,2025-12-08,1188.28,store,Delhi,3,0.029
T0004530,C004400,2024-10-27,1117.79,store,Mumbai,10,
T0004531,C004130,2025-01-02,3540.19,online,Delhi,1,0.085
T0004532,C006046,2025-12-13,975.81,store,Ahmedabad,4,0.046
T0004533,C002271,2025-03-14,30807.16,online,Jaipur,6,0.142
T0004534,C004564,2025-02-04,846.23,online,Lucknow,3,0.044
T0004535,C003206,2025-02-12,3991.12,store,Hyderabad,8,0.045
T0004536,C005300,2024-09-19,15890.54,online,Bhopal,8,0.0
T0004537,C005627,2024-04-19,3364.17,online,Lucknow,9,0.095
T0004538,C005554,2024-12-11,616.01,online,Ahmedabad,5,0.057
T0004539,C004985,2025-09-02,1506.37,online,Pune,7,0.235
T0004540,C006105,2025-11-23,434.93,mobile,Kochi,4,0.074
T0004541,C003919,2025-10-19,1151.97,mobile,Chennai,11,0.057
T0004542,C000575,2025-12-09,626.81,mobile,Hyderabad,7,0.094
T0004543,C000534,2024-02-26,178.27,store,Chennai,1,0.264
T0004544,C004450,2025-09-27,4377.42,online,Kochi,6,
T0004545,C004443,2025-05-17,1519.59,store,Chennai,10,0.022
T0004546,C001034,2025-05-16,1896.78,mobile,Delhi,4,0.132
T0004547,C002725,2025-12-27,319.88,store,Delhi,4,0.031
T0004548,C002568,2025-06-09,2024.51,store,Lucknow,6,0.059
T0004549,C005408,2024-07-16,4835.96,store,Bengaluru,2,0.117
T0004550,C005693,2025-06-11,1041.26,online,Bengaluru,3,0.06
T0004551,C003484,2025-02-27,4647.88,online,Ahmedabad,3,0.05
T0004552,C005033,2025-09-28,3992.34,online,Ahmedabad,7,0.045
T0004553,C006043,2025-11-15,996.09,store,Lucknow,9,0.055
T0004554,C004366,2024-03-17,2332.92,phone,Mumbai,4,0.053
T0004555,C001222,2025-08-26,1236.27,online,Chennai,7,0.071
T0004556,C000385,2025-07-29,698.11,store,Kolkata,5,
T0004557,C001106,2024-11-26,2897.56,store,Mumbai,11,0.152
T0004558,C004359,2024-09-07,379.24,online,Mumbai,8,0.097
T0004559,C003018,2024-08-19,1193.11,online,Lucknow,9,0.24
T0004560,C004413,2024-02-17,1090.66,store,Delhi,6,0.029
T0004561,C002798,2024-08-29,686.25,online,Pune,5,0.173
T0004562,C003723,2024-12-05,3269.48,online,Lucknow,2,0.027
T0004563,C001643,2024-07-17,856.38,mobile,Chennai,5,0.123
T0004564,C000487,2025-01-22,1265.84,store,Jaipur,5,0.062
T0004565,C001791,2024-03-20,5014.4,store,Delhi,8,0.1
T0004566,C003488,2024-01-23,9842.85,online,Ahmedabad,1,0.056
T0004567,C001565,2024-06-11,2625.46,store,Delhi,2,0.232
T0004568,C006137,2025-01-13,1620.17,store,Hyderabad,2,0.019
T0004569,C004235,2024-08-17,14051.59,store,Jaipur,8,0.085
T0004570,C000613,2024-12-21,1009.07,online,Ahmedabad,6,0.061
T0004571,C005032,2025-12-23,6054.05,store,Kolkata,7,0.071
T0004572,C001851,2024-06-13,2070.96,store,Kolkata,10,0.125
T0004573,C000787,2025-04-14,30242.01,online,Bhopal,6,0.129
T0004574,C001561,2025-07-24,896.88,store,Ahmedabad,1,
T0004575,C001257,2024-10-24,161.12,online,Chennai,2,0.035
T0004576,C004768,2025-07-12,240.93,store,Kochi,2,0.022
T0004577,C003756,2024-01-15,4870.34,mobile,Hyderabad,2,0.029
T0004578,C004307,2025-05-13,2069.13,store,Kochi,1,0.073
T0004579,C000656,2025-12-01,2547.12,store,Hyderabad,9,0.127
T0004580,C005378,2025-11-03,1308.78,online,Lucknow,4,0.004
T0004581,C000634,2025-04-15,-3890.88,phone,Hyderabad,7,0.055
T0004582,C003639,2024-06-03,510.77,online,Ahmedabad,3,0.0
T0004583,C000192,2024-12-31,11881.69,mobile,Chennai,7,0.04
T0004584,C003456,2024-04-05,12715.42,online,Delhi,10,0.056
T0004585,C006129,2024-01-23,7248.0,mobile,Pune,2,0.036
T0004586,C006267,2024-07-27,10796.43,phone,Kolkata,2,
T0004587,C000721,2024-11-30,734.74,store,Jaipur,1,0.082
T0004588,C000217,2024-08-01,2870.56,store,Pune,9,0.13
T0004589,C003470,2025-03-22,2358.21,online,Delhi,6,0.079
T0004590,C000226,2024-12-01,1137.86,online,Pune,6,0.08
T0004591,C001889,2025-02-17,3893.59,store,Hyderabad,10,
T0004592,C004890,2025-05-18,1442.32,store,Pune,11,0.054
T0004593,C003156,2025-04-06,1029.85,mobile,Kolkata,11,0.034
T0004594,C001234,2025-03-12,2756.93,store,Bengaluru,7,0.022
T0004595,C003186,2025-09-19,3859.71,store,Hyderabad,5,0.098
T0004596,C003489,2025-12-25,1137.86,online,Bengaluru,6,
T0004597,C000293,2025-04-02,789.28,online,Hyderabad,9,0.086
T0004598,C000977,2025-04-29,711.92,online,Delhi,10,0.015
T0004599,C003665,2024-06-13,3483.85,mobile,Kolkata,5,
T0004600,C000573,2024-10-03,995.43,store,Chennai,5,0.054
T0004601,C006244,2024-06-07,1452.4,store,Pune,11,0.004
T0004602,C002971,2025-06-23,2678.64,mobile,Hyderabad,4,0.012
T0004603,C002542,2024-10-10,7991.93,online,Kolkata,11,0.099
T0004604,C002302,2025-06-25,1120.76,online,Chennai,5,0.097
T0004605,C004037,2024-01-20,2105.55,online,Ahmedabad,5,0.034
T0004606,C001548,2025-03-10,4120.69,store,Pune,3,0.142
T0004607,C002339,2025-03-16,1169.03,online,Pune,1,0.035
T0004608,C004846,2025-06-14,2386.58,online,Bengaluru,9,0.002
T0004609,C003876,2024-10-19,114045.53006725489,online,Bengaluru,5,0.042
T0004610,C003542,2024-02-10,2124.13,online,Chennai,8,0.053
T0004611,C001345,2025-07-12,4081.68,phone,Jaipur,4,0.129
T0004612,C004992,2025-05-25,690.2,mobile,Ahmedabad,8,0.038
T0004613,C004550,2024-03-13,1097.12,store,Delhi,1,0.041
T0004614,C002623,2025-09-04,1635.2,online,Bengaluru,11,0.188
T0004615,C002819,2025-04-16,861.39,mobile,Lucknow,4,0.073
T0004616,C001281,2024-03-21,2162.02,store,Ahmedabad,7,0.078
T0004617,C003946,2025-04-15,2041.85,mobile,Delhi,5,0.02
T0004618,C003473,2025-09-15,1029.1,store,Lucknow,3,0.095
T0004619,C003828,2024-06-27,2190.39,online,Pune,7,0.026
T0004620,C005662,2024-08-17,4203.17,online,Lucknow,2,0.035
T0004621,C001648,2024-03-17,4916.5,online,Bengaluru,6,0.049
T0004622,C004698,2025-01-06,2408.86,mobile,Kolkata,3,0.1
T0004623,C000379,2025-11-03,1299.28,store,Hyderabad,5,0.015
T0004624,C004661,2024-01-18,452.19,store,Kolkata,7,0.118
T0004625,C000511,2024-05-02,1908.73,mobile,Delhi,6,0.01
T0004626,C005901,2024-04-18,1148.12,online,Kolkata,3,0.06
T0004627,C005317,2024-05-20,2377.6,online,Bhopal,8,0.023
T0004628,C001946,2024-08-01,946.34,online,Kolkata,4,0.09
T0004629,C001657,2024-01-19,1667.75,store,Bengaluru,8,0.091
T0004630,C003309,2025-07-10,806.1,mobile,Hyderabad,7,0.006
T0004631,C001598,2024-02-15,3490.94,online,Chennai,7,0.038
T0004632,C004033,2024-01-06,3522.24,mobile,Jaipur,1,
T0004633,C000895,2024-09-13,507.14,store,Bengaluru,5,0.05
T0004634,C002584,2025-09-04,8109.02,store,Bhopal,8,0.016
T0004635,C005825,bad-date,564.07,mobile,Pune,3,0.194
T0004636,C005260,2025-11-05,844.94,online,Ahmedabad,4,0.052
T0004637,C001739,2024-12-01,4295.62,store,Kochi,10,0.014
T0004638,C003315,2025-03-21,6123.29,online,Ahmedabad,3,0.038
T0004639,C001182,2024-08-30,1154.17,online,Kolkata,7,0.006
T0004640,C003853,2024-02-15,3425.08,store,Mumbai,6,0.069
T0004641,C001339,2025-10-12,1158.72,online,Jaipur,5,0.053
T0004642,C000098,2024-03-12,1567.08,mobile,Ahmedabad,10,0.04
T0004643,C001647,2024-01-26,769.14,store,Ahmedabad,10,0.071
T0004644,C001231,2024-12-15,1217.63,mobile,Bengaluru,2,0.068
T0004645,C006124,2025-05-05,9046.81,store,Mumbai,10,0.036
T0004646,C004758,2024-11-01,9856.77,phone,Pune,1,0.022
T0004647,C005495,2024-06-12,3340.51,phone,Jaipur,3,0.056
T0004648,C005015,2025-03-08,3238.98,mobile,Hyderabad,2,0.057
T0004649,C003739,2024-12-24,1528.42,online,Pune,6,0.161
T0004650,C002306,2024-10-11,1195.12,online,Chennai,3,
T0004651,C001239,2025-06-23,786.46,store,Ahmedabad,6,0.015
T0004652,C004242,2025-04-30,2105.99,store,Chennai,7,0.014
T0004653,C000931,2025-05-05,1557.39,mobile,Hyderabad,5,0.058
T0004654,C002563,2024-02-22,1655.26,online,Lucknow,7,0.031
T0004655,C003562,2024-03-01,723.08,store,Lucknow,8,
T0004656,C005742,2025-03-23,2312.99,store,Kolkata,10,0.003
T0004657,C004568,2025-04-08,9291.28,store,Pune,3,
T0004658,C004967,2025-02-24,1562.08,mobile,Hyderabad,10,0.198
T0004659,C004054,2025-02-13,4609.26,store,Mumbai,11,0.046
T0004660,C003634,2025-03-01,666.42,online,Ahmedabad,8,0.008
T0004661,C005964,2025-12-25,1895.13,mobile,Bengaluru,4,
T0004662,C002571,2025-03-26,2647.46,store,Pune,4,0.047
T0004663,C000622,2024-04-17,542.54,online,Kolkata,10,0.042
T0004664,C004636,2025-02-08,1234.69,online,Chennai,5,0.096
T0004665,C003293,2024-03-09,947.87,online,Chennai,2,0.082
T0004666,C001798,2024-08-12,4522.43,mobile,Kochi,2,0.234
T0004667,C001716,2025-03-29,1890.03,online,Bengaluru,2,0.128
T0004668,C004870,2024-12-25,1312.12,phone,Delhi,2,0.052
T0004669,C001875,2024-08-11,6708.29,mobile,Bengaluru,1,0.073
T0004670,C002556,2024-12-21,2136.33,online,Bhopal,3,
T0004671,C002154,2024-07-16,1744.93,mobile,Ahmedabad,9,0.111
T0004672,C002034,2025-10-17,4199.02,phone,Ahmedabad,7,0.058
T0004673,C003308,2025-08-25,1122.04,store,Delhi,2,0.06
T0004674,C001818,2024-11-24,3222.8,mobile,Hyderabad,10,0.07
T0004675,C004056,2024-03-15,1054.86,phone,Bengaluru,3,0.09
T0004676,C003449,2024-07-21,1653.75,store,Ahmedabad,7,0.103
T0004677,C000585,2024-07-29,2126.88,store,Chennai,5,
T0004678,C004208,2025-03-22,4170.5,mobile,Kolkata,4,0.02
T0004679,C000566,2025-11-22,516.91,online,Chennai,7,0.021
T0004680,C002025,2025-06-13,20722.0,mobile,Hyderabad,8,0.149
T0004681,C000283,2025-04-06,666.99,mobile,Hyderabad,9,0.021
T0004682,C003004,2024-09-09,463.47,online,Bengaluru,11,0.111
T0004683,C004018,2024-11-03,1667.76,online,Chennai,5,0.045
T0004684,C005835,2025-04-30,1865.81,online,Kolkata,7,0.177
T0004685,C004311,2024-11-17,3425.12,online,Mumbai,2,0.064
T0004686,C006132,2024-12-05,795.03,online,Pune,2,0.059
T0004687,C000118,2024-12-04,1699.84,store,Jaipur,6,
T0004688,C000834,2024-11-04,2537.21,mobile,Kochi,10,0.062
T0004689,C002952,2025-03-08,678.11,store,Kolkata,7,
T0004690,C001589,2025-01-24,1198.4,mobile,Chennai,7,0.029
T0004691,C002347,2024-11-05,1623.3,online,Delhi,3,0.041
T0004692,C001285,2025-04-06,4326.55,store,Lucknow,11,0.166
T0004693,C005842,2024-06-28,1021.61,online,Jaipur,10,0.193
T0004694,C002305,2024-09-22,2729.87,mobile,Delhi,7,0.123
T0004695,C000722,2025-02-14,1015.0,online,Kolkata,4,0.055
T0004696,C003888,2024-10-11,424.28,online,Ahmedabad,8,0.097
T0004697,C004827,2024-05-07,1091.98,mobile,Pune,7,0.025
T0004698,C000538,2024-11-13,621.46,store,Ahmedabad,10,
T0004699,C001413,2025-01-21,779.18,online,Bhopal,4,0.086
T0004700,C001956,2024-07-27,4200.99,online,Bhopal,1,0.04
T0004701,C005848,2024-11-13,3441.31,online,Bhopal,4,0.074
T0004702,C001978,2024-05-03,11329.29,store,Jaipur,3,0.087
T0004703,C005558,2025-08-17,3117.64,online,Kolkata,2,0.033
T0004704,C002079,2024-10-17,836.47,store,Chennai,3,0.076
T0004705,C005626,2025-01-15,604.36,online,Jaipur,11,0.068
T0004706,C003051,2024-03-31,1593.76,online,Mumbai,2,0.011
T0004707,C003816,2024-09-16,2882.69,store,Kochi,11,0.052
T0004708,C005952,2025-04-11,3952.75,mobile,Hyderabad,9,
T0004709,C005865,2024-06-19,1618.13,mobile,Bhopal,11,0.017
T0004710,C000477,2024-08-09,2062.26,online,Pune,2,0.281
T0004711,C004814,2025-06-13,764.69,online,Bengaluru,2,0.062
T0004712,C002883,2024-04-04,2519.62,online,Ahmedabad,3,0.1
T0004713,C005813,2025-10-23,580.19,online,Jaipur,11,0.027
T0004714,C006075,2024-10-17,1338.6,mobile,Kochi,7,0.099
T0004715,C001450,2024-04-05,2151.85,online,Ahmedabad,7,0.126
T0004716,C004712,2025-12-23,947.76,store,Kolkata,10,0.006
T0004717,C002425,2025-01-09,870.88,mobile,Pune,3,0.089
T0004718,C003512,2025-10-08,72810.97892648092,online,Bengaluru,6,0.14
T0004719,C005576,2025-03-17,434.39,online,Jaipur,6,0.067
T0004720,C002643,2025-11-21,482.71,online,Pune,11,
T0004721,C006206,2024-09-15,2546.3,online,Delhi,9,0.004
T0004722,C006242,2024-09-05,446.03,mobile,Bengaluru,11,0.12
T0004723,C004664,2024-09-05,475.44,store,Delhi,11,0.082
T0004724,C004489,2025-01-02,1441.99,online,Bengaluru,4,0.021
T0004725,C001740,2025-03-09,572.28,store,Kochi,8,0.044
T0004726,C002590,2025-07-05,796.58,store,Lucknow,2,
T0004727,C003409,2024-10-20,4480.99,online,Chennai,11,0.06
T0004728,C004008,2025-09-27,2368.74,online,Bengaluru,9,0.077
T0004729,C005560,2025-10-29,1206.89,mobile,Bhopal,5,
T0004730,C005258,2024-04-30,1936.03,store,Hyderabad,2,0.054
T0004731,C000851,2024-01-22,2093.39,mobile,Lucknow,7,0.027
T0004732,C002517,2024-12-28,7294.78,store,Kochi,2,0.04
T0004733,C004780,2025-02-13,2677.51,online,Hyderabad,1,0.017
T0004734,C003598,2025-06-20,239.08,online,Chennai,6,0.054
T0004735,C002428,2024-09-19,2406.05,mobile,Bengaluru,1,0.147
T0004736,C003227,2025-11-04,11282.12,mobile,Delhi,8,0.037
T0004737,C005537,2024-10-07,1421.87,mobile,Bengaluru,9,0.005
T0004738,C001936,2024-12-08,1005.7,online,Kochi,3,0.036
T0004739,C005007,2024-08-19,1094.83,online,Pune,5,0.074
T0004740,C004570,2025-03-04,953.99,online,Mumbai,5,0.004
T0004741,C005030,2025-07-26,4248.83,online,Kochi,6,0.178
T0004742,C006007,2024-03-09,1810.83,online,Mumbai,1,0.013
T0004743,C001379,2024-03-12,3526.09,mobile,Bengaluru,7,0.034
T0004744,C002789,2024-02-06,1429.13,online,Hyderabad,5,0.056
T0004745,C005612,2025-03-26,1537.63,online,Hyderabad,3,0.085
T0004746,C005556,2024-01-06,-331.28,online,Bengaluru,1,0.023
T0004747,C000361,2025-12-20,3409.05,online,Delhi,5,0.149
T0004748,C000870,2025-11-01,654.79,store,Kolkata,4,0.075
T0004749,C000827,2025-01-29,4002.55,store,Bhopal,5,0.046
T0004750,C002865,2024-06-23,3317.6,mobile,Hyderabad,11,0.012
T0004751,C004266,2025-07-13,2932.16,online,Kochi,6,0.11
T0004752,C001720,2024-11-09,2571.45,online,Ahmedabad,2,0.023
T0004753,C003471,2024-03-01,4061.16,mobile,Bengaluru,1,0.077
T0004754,C004954,2024-09-18,6347.26,online,Kochi,9,0.02
T0004755,C005296,2024-07-18,2762.65,store,Kochi,2,
T0004756,C005312,2025-01-20,755.34,online,Pune,4,
T0004757,C002094,2024-07-08,602.65,online,Chennai,1,0.037
T0004758,C003814,2025-06-25,1697.14,online,Hyderabad,2,
T0004759,C001812,2024-10-20,2671.98,phone,Delhi,9,0.122
T0004760,C003615,2024-11-23,322.82,store,Lucknow,1,0.058
T0004761,C004988,2024-07-20,823.87,store,Bhopal,1,0.023
T0004762,C006122,2025-01-01,1947.65,online,Kochi,4,
T0004763,C003507,2025-04-02,2234.76,store,Mumbai,10,0.001
T0004764,C005186,2025-05-20,6228.96,online,Delhi,5,0.009
T0004765,C004852,2024-01-16,2591.14,phone,Bengaluru,10,0.035
T0004766,C000191,2024-09-29,3243.74,store,Kochi,11,0.052
T0004767,C004491,2025-07-29,2375.33,online,Jaipur,11,0.089
T0004768,C001568,2024-03-03,4261.86,online,Jaipur,5,0.021
T0004769,C000250,2024-03-30,936.98,mobile,Kolkata,9,0.026
T0004770,C005990,2024-04-14,1567.28,store,Jaipur,5,0.028
T0004771,C001810,2024-01-17,4128.79,online,Mumbai,4,0.045
T0004772,C002967,2025-08-11,1680.41,online,Delhi,10,
T0004773,C001931,2025-12-24,414.86,online,Kolkata,8,0.165
T0004774,C003453,2024-07-23,460.78,store,Ahmedabad,4,0.028
T0004775,C004667,2025-02-12,1232.14,mobile,Bengaluru,10,0.086
T0004776,C003632,2024-12-05,4425.9,store,Hyderabad,6,0.096
T0004777,C001509,2024-07-07,777.76,online,Mumbai,10,
T0004778,C005328,2025-05-24,1560.26,online,Pune,2,
T0004779,C000629,2024-02-27,193.6,online,Chennai,1,0.062
T0004780,C005739,2024-10-28,7269.67,mobile,Chennai,4,0.042
T0004781,C004631,2024-01-15,2126.38,mobile,Jaipur,1,0.006
T0004782,C002619,2024-02-07,2952.85,online,Mumbai,11,0.002
T0004783,C003176,2025-09-10,1074.13,mobile,Bengaluru,1,0.013
T0004784,C004832,2025-11-10,1488.32,mobile,Kochi,1,0.029
T0004785,C002452,2025-06-15,1008.73,online,Delhi,4,0.067
T0004786,C004524,2024-11-09,208053.63910108423,mobile,Chennai,5,0.216
T0004787,C003317,2025-09-27,6543.74,mobile,Hyderabad,9,0.052
T0004788,C002645,2024-08-26,7623.88,online,Kolkata,11,
T0004789,C006232,2024-04-27,826.24,online,Ahmedabad,10,0.011
T0004790,C004122,2025-03-21,828.08,mobile,Bhopal,11,0.004
T0004791,C002535,2025-10-23,2248.67,mobile,Pune,2,0.071
T0004792,C000010,2025-05-21,16712.13,mobile,Hyderabad,5,0.052
T0004793,C001803,2025-08-04,1277.27,store,Pune,5,0.109
T0004794,C004294,2025-08-05,3624.92,store,Kolkata,3,0.02
T0004795,C005071,2024-01-08,7046.93,store,Chennai,6,0.065
T0004796,C005045,2024-02-26,1585.3,mobile,Hyderabad,4,0.114
T0004797,C002343,2024-04-21,2646.56,store,Lucknow,6,0.087
T0004798,C004234,2024-06-22,430.41,online,Mumbai,5,0.032
T0004799,C004190,2024-01-12,437.25,online,Kochi,3,0.075
T0004800,C003846,2024-07-19,2799.69,online,Delhi,5,0.022
T0004801,C005285,2025-05-31,969.99,online,Hyderabad,11,0.027
T0004802,C004655,2025-07-21,1328.27,online,Kolkata,7,0.061
T0004803,C000187,2025-09-14,25762.14,online,Kochi,5,
T0004804,C000646,2025-07-25,1590.77,online,Pune,11,0.053
T0004805,C003072,2025-08-02,1317.37,online,Chennai,8,0.21
T0004806,C003036,2025-03-02,66358.68018502458,online,Hyderabad,5,0.022
T0004807,C001711,2024-12-20,1099.16,online,Kochi,10,0.017
T0004808,C004540,2024-08-11,1469.98,mobile,Lucknow,2,0.009
T0004809,C002769,2025-07-14,1987.34,store,Hyderabad,8,0.066
T0004810,C003577,2024-07-20,8795.65,store,Ahmedabad,7,0.006
T0004811,C002911,2024-07-09,2270.06,online,Kolkata,5,0.047
T0004812,C002498,2024-04-22,2321.25,store,Hyderabad,9,0.002
T0004813,C006071,2024-07-16,1856.84,mobile,Ahmedabad,11,0.037
T0004814,C001061,2024-11-03,480.82,store,Pune,4,0.132
T0004815,C000234,2025-10-26,1898.38,online,Kolkata,2,0.006
T0004816,C001978,2025-01-19,2434.76,store,Bengaluru,8,
T0004817,C004248,2024-06-27,1052.58,online,Hyderabad,11,0.018
T0004818,C000679,2025-05-02,1439.74,mobile,Hyderabad,2,0.015
T0004819,C000880,2025-10-16,451.93,online,Hyderabad,6,0.06
T0004820,C002401,2024-06-11,735.87,online,Kolkata,3,
T0004821,C002314,2024-04-01,1845.7,store,Kolkata,8,0.049
T0004822,C002199,2024-03-02,3655.68,store,Hyderabad,11,0.078
T0004823,C004780,2025-01-02,3605.22,online,Lucknow,2,
T0004824,C003215,2025-03-27,1247.85,store,Chennai,9,
T0004825,C001809,2025-04-30,912.15,store,Mumbai,11,0.17
T0004826,C005474,2024-04-16,2535.41,mobile,Hyderabad,1,0.087
T0004827,C000860,2024-03-23,984.54,store,Bhopal,1,0.061
T0004828,C001177,2024-09-03,845.26,store,Jaipur,11,0.032
T0004829,C003932,2024-05-26,197.14,online,Bhopal,10,0.122
T0004830,C001489,2024-07-03,899.99,store,Kolkata,10,0.091
T0004831,C001446,2025-03-28,674.77,mobile,Chennai,11,0.133
T0004832,C001354,2025-01-16,743.78,online,Pune,7,0.102
T0004833,C004820,2024-08-13,3052.01,store,Delhi,2,0.004
T0004834,C003710,2025-06-21,5576.98,store,Delhi,9,0.008
T0004835,C000936,2024-08-22,1426.28,online,Hyderabad,10,0.036
T0004836,C003274,2024-07-15,1213.87,store,Ahmedabad,2,0.046
T0004837,C002024,2025-09-28,1754.15,online,Kochi,7,0.098
T0004838,C003505,2024-11-29,1302.55,online,Bengaluru,7,0.034
T0004839,C003389,2025-07-27,4374.78,store,Kolkata,11,0.101
T0004840,C000272,2024-03-19,870.55,mobile,Chennai,2,0.023
T0004841,C000905,2024-05-16,1700.4,phone,Pune,5,0.067
T0004842,C003662,2025-09-04,1987.91,online,Chennai,11,0.006
T0004843,C005527,2025-05-30,2679.05,phone,Bhopal,2,
T0004844,C004852,2025-07-08,2634.56,store,Lucknow,11,0.055
T0004845,C004804,2024-06-05,1943.71,online,Delhi,1,0.161
T0004846,C005905,2024-09-21,652.05,mobile,Pune,6,0.03
T0004847,C002782,2024-10-01,1573.23,mobile,Hyderabad,3,0.019
T0004848,C003002,2025-01-17,2626.93,store,Pune,8,0.002
T0004849,C005393,2024-01-20,1404.85,mobile,Bhopal,4,
T0004850,C003293,2024-10-27,2005.58,store,Pune,8,0.095
T0004851,C004580,2025-06-25,1511.52,online,Kolkata,11,0.025
T0004852,C004658,2024-12-29,494.97,mobile,Bengaluru,5,0.057
T0004853,C000226,2025-08-22,8175.29,store,Bengaluru,10,0.093
T0004854,C002159,2024-11-21,2779.47,store,Chennai,2,0.049
T0004855,C005910,2025-11-07,3211.36,online,Bengaluru,11,0.032
T0004856,C000691,2024-04-15,4509.12,store,Lucknow,8,0.02
T0004857,C_BAD_004,2024-10-03,884.39,online,Kochi,4,0.064
T0004858,C003372,2024-04-12,18317.78,online,Pune,11,0.017
T0004859,C000486,2024-03-23,4016.23,online,Kolkata,4,0.036
T0004860,C003017,2025-08-08,23188.43,mobile,Lucknow,11,0.005
T0004861,C001032,2024-05-13,1671.16,online,Kochi,9,0.032
T0004862,C003397,2025-12-04,1051.78,online,Bengaluru,2,0.012
T0004863,C001184,2024-02-22,1090.94,online,Ahmedabad,11,0.039
T0004864,C003468,2025-06-28,1245.71,online,Bengaluru,7,0.03
T0004865,C003256,2025-08-13,7922.39,store,Mumbai,2,
T0004866,C005902,2025-01-22,2165.55,store,Ahmedabad,9,0.124
T0004867,C000200,2024-05-20,2613.95,store,Bengaluru,11,0.082
T0004868,C005896,2024-08-05,1082.61,online,Kolkata,1,0.064
T0004869,C005722,2024-07-23,1677.98,online,Delhi,8,0.059
T0004870,C004530,2024-08-29,6150.61,mobile,Mumbai,1,0.065
T0004871,C003675,2025-05-29,3242.74,online,Kochi,10,0.035
T0004872,C003283,2024-04-30,7870.24,online,Hyderabad,7,0.015
T0004873,C000915,2024-08-10,1244.14,phone,Bhopal,6,0.087
T0004874,C002391,2024-02-03,1158.13,mobile,Delhi,9,0.066
T0004875,C000830,2025-07-28,426.41,mobile,Kolkata,8,0.097
T0004876,C004143,2024-04-14,485.52,mobile,Mumbai,7,0.012
T0004877,C002661,2024-08-27,1646.48,online,Kochi,10,0.101
T0004878,C001551,2025-10-01,2176.02,online,Mumbai,7,
T0004879,C005392,2025-10-05,138.14,store,Ahmedabad,11,0.047
T0004880,C004667,2024-02-11,14586.07,mobile,Bhopal,8,0.126
T0004881,C001854,2025-01-31,7530.85,store,Pune,11,0.115
T0004882,C000590,2025-07-21,5230.38,mobile,Hyderabad,11,0.008
T0004883,C006067,2025-12-09,267.07,mobile,Bengaluru,7,0.069
T0004884,C001571,2024-01-02,4066.55,store,Bengaluru,8,0.037
T0004885,C004944,2024-02-12,456.22,online,Pune,1,0.019
T0004886,C005132,2025-07-08,4081.43,store,Ahmedabad,4,0.025
T0004887,C003894,2025-08-18,1157.21,phone,Hyderabad,8,0.072
T0004888,C003782,2025-08-20,3263.03,store,Jaipur,2,
T0004889,C005226,2025-07-09,443.77,store,Ahmedabad,5,0.004
T0004890,C005710,2025-08-15,2817.78,online,Bengaluru,11,0.01
T0004891,C001710,2024-12-01,1902.36,store,Bengaluru,11,0.006
T0004892,C002118,2025-08-18,480.56,phone,Hyderabad,11,0.09
T0004893,C000361,2025-06-27,1161.37,mobile,Mumbai,11,0.014
T0004894,C004800,2025-03-05,715.5,phone,Kochi,6,0.085
T0004895,C006181,2025-02-01,215.95,store,Kolkata,8,0.07
T0004896,C002050,2025-02-10,1243.9,store,Chennai,9,0.022
T0004897,C005127,2025-06-29,1694.59,store,Bhopal,11,0.036
T0004898,C000585,2025-04-25,3238.02,store,Kochi,6,0.104
T0004899,C001975,2025-11-21,2429.44,store,Lucknow,6,
T0004900,C003429,2024-04-27,9040.01,online,Jaipur,5,0.029
T0004901,C003197,2024-09-07,1259.75,store,Delhi,5,0.007
T0004902,C003349,2025-10-24,648.21,online,Chennai,7,0.046
T0004903,C_BAD_015,2024-05-23,1358.91,store,Hyderabad,2,0.14
T0004904,C003494,2024-09-13,9086.08,online,Hyderabad,7,0.1
T0004905,C004650,2024-03-21,3738.39,store,Hyderabad,10,0.082
T0004906,C004567,2024-03-13,3067.77,online,Kolkata,6,0.069
T0004907,C004016,2024-06-13,1372.74,phone,Bengaluru,6,0.009
T0004908,C005674,2024-02-04,3813.36,mobile,Pune,7,
T0004909,C001769,2025-11-23,385.67,store,Kolkata,11,0.003
T0004910,C002472,2025-12-22,4665.25,online,Mumbai,9,0.038
T0004911,C002848,2024-11-19,1677.84,online,Chennai,11,0.013
T0004912,C001718,2024-09-14,380.27,online,Kochi,5,0.037
T0004913,C004955,2025-12-16,16965.28,store,Jaipur,11,0.005
T0004914,C000165,2025-05-31,1988.48,mobile,Hyderabad,10,
T0004915,C005030,2025-09-09,785.31,mobile,Ahmedabad,7,0.042
T0004916,C004593,2025-04-16,553.06,online,Pune,7,0.122
T0004917,C003519,2025-07-10,1690.8,store,Mumbai,8,0.048
T0004918,C006242,2024-03-29,11994.99,online,Kochi,4,0.162
T0004919,C005062,2024-06-03,63518.332738198944,mobile,Lucknow,5,0.07
T0004920,C000077,2025-03-07,6590.54,online,Jaipur,4,0.01
T0004921,C001723,2024-10-10,5561.51,mobile,Ahmedabad,11,0.083
T0004922,C000141,2024-01-08,751.76,online,Kolkata,3,0.152
T0004923,C000468,2025-06-13,3111.14,online,Kochi,4,0.068
T0004924,C004402,2025-06-15,5498.94,mobile,Ahmedabad,10,0.059
T0004925,C001422,2024-10-26,5560.6,mobile,Delhi,4,0.006
T0004926,C003770,2024-04-14,1456.88,online,Bhopal,3,0.013
T0004927,C005445,2025-08-22,587.48,online,Jaipur,2,0.112
T0004928,C000409,2025-03-11,1172.28,store,Mumbai,7,0.052
T0004929,C005290,2025-01-29,415.79,online,Lucknow,9,0.033
T0004930,C001368,2024-06-05,665.38,online,Kolkata,7,
T0004931,C003097,2024-12-04,3082.41,store,Bhopal,3,0.011
T0004932,C004059,2025-01-25,2982.75,online,Bhopal,1,0.064
T0004933,C004302,2024-01-20,1277.16,online,Kochi,3,0.039
T0004934,C002026,2024-02-05,717.03,online,Jaipur,11,0.079
T0004935,C000763,2025-08-01,843.03,store,Jaipur,3,0.005
T0004936,C003679,2024-06-28,4114.69,online,Kolkata,1,0.017
T0004937,C000898,2025-10-16,422.68,mobile,Mumbai,2,0.146
T0004938,C002827,2024-03-30,1173.1,store,Hyderabad,3,0.1
T0004939,C000355,2024-05-10,817.97,mobile,Pune,9,0.109
T0004940,C000504,2025-06-28,4535.12,online,Hyderabad,11,0.018
T0004941,C005809,2025-11-24,531.54,online,Mumbai,2,0.119
T0004942,C002340,2024-10-12,2037.18,mobile,Mumbai,10,0.016
T0004943,C001676,2024-07-25,277.09,store,Bengaluru,8,0.034
T0004944,C001233,2024-06-28,3440.78,mobile,Hyderabad,4,0.012
T0004945,C005458,2025-12-03,1043.6,online,Mumbai,3,0.102
T0004946,C001357,2025-01-30,2736.67,online,Mumbai,1,0.094
T0004947,C005341,2024-04-12,1545.22,mobile,Lucknow,10,0.056
T0004948,C005149,2025-11-06,2373.25,online,Pune,11,0.044
T0004949,C006205,2024-03-31,10241.51,phone,Pune,3,0.088
T0004950,C003193,2025-12-11,7944.77,store,Lucknow,3,0.023
T0004951,C006124,2025-12-09,1995.61,online,Delhi,11,0.021
T0004952,C005083,2025-05-08,4786.58,store,Jaipur,10,0.02
T0004953,C003270,2024-01-21,865.87,store,Kolkata,8,0.084
T0004954,C003586,2025-07-30,3695.49,store,Bhopal,1,0.079
T0004955,C005526,2025-01-14,2156.94,store,Chennai,2,0.003
T0004956,C000868,2024-08-15,452.58,online,Pune,6,0.108
T0004957,C003517,2025-08-14,1409.33,store,Pune,4,0.223
T0004958,C005557,2025-06-28,299.98,store,Bengaluru,9,0.002
T0004959,C001347,2024-07-13,2316.35,store,Lucknow,9,0.003
T0004960,C001332,2025-07-28,920.71,store,Hyderabad,6,0.029
T0004961,C003042,2024-04-12,3298.25,online,Jaipur,11,0.254
T0004962,C004522,2024-01-26,7142.84,phone,Lucknow,4,0.048
T0004963,C005719,2024-06-19,296.75,mobile,Bengaluru,3,0.128
T0004964,C005461,2025-09-06,1869.64,online,Mumbai,1,0.009
T0004965,C002480,2024-11-15,3239.38,store,Ahmedabad,5,
T0004966,C001740,2024-09-15,452.31,mobile,Bhopal,6,0.037
T0004967,C000881,2025-08-17,4520.9,online,Delhi,9,0.094
T0004968,C005542,2024-07-01,245.72,online,Mumbai,3,0.036
T0004969,C000900,2025-04-01,2368.25,store,Ahmedabad,6,0.015
T0004970,C002622,2024-02-15,3149.0,phone,Delhi,4,0.057
T0004971,C000752,2025-12-15,1285.01,online,Hyderabad,10,0.102
T0004972,C002010,2024-01-23,1215.94,mobile,Mumbai,5,0.021
T0004973,C000539,2025-08-02,6498.82,store,Kochi,11,0.091
T0004974,C003865,2024-08-23,2635.57,store,Hyderabad,7,0.008
T0004975,C005379,2024-04-04,2073.38,store,Ahmedabad,11,0.179
T0004976,C003876,2024-03-24,375.17,online,Kochi,6,0.045
T0004977,C005891,2024-10-29,472.79,online,Kolkata,7,
T0004978,C004573,2025-11-13,1855.16,store,Bengaluru,10,0.114
T0004979,C005314,2025-06-02,1322.8,online,Chennai,5,0.015
T0004980,C004129,2024-06-03,2872.5,phone,Delhi,5,0.025
T0004981,C001593,2024-07-29,3928.75,store,Bhopal,7,0.117
T0004982,C005747,2024-09-28,7574.67,online,Hyderabad,2,
T0004983,C005497,2024-04-20,2200.4,store,Bengaluru,8,0.087
T0004984,C000498,2025-07-09,1434.63,store,Kolkata,3,0.087
T0004985,C001631,2024-12-10,5764.19,online,Chennai,6,0.077
T0004986,C000619,2025-01-30,2175.34,mobile,Bhopal,3,0.054
T0004987,C006201,2024-11-07,1010.42,online,Ahmedabad,11,0.022
T0004988,C004884,2025-04-28,2071.09,store,Hyderabad,4,0.019
T0004989,C003147,2025-10-10,13490.03,online,Jaipur,6,0.026
T0004990,C000183,2025-09-17,1699.4,online,Chennai,8,0.013
T0004991,C001469,2024-12-20,4119.61,mobile,Jaipur,7,0.134
T0004992,C003228,2025-06-17,5055.9,store,Kolkata,9,
T0004993,C005106,2024-02-23,4555.42,online,Bhopal,2,
T0004994,C002245,2024-05-07,4674.13,mobile,Kochi,7,0.005
T0004995,C006238,2025-06-01,2123.72,mobile,Lucknow,1,0.031
T0004996,C000435,2025-10-27,3025.7,mobile,Pune,9,0.062
T0004997,C005453,2025-10-07,4459.61,online,Bengaluru,11,0.173
T0004998,C004461,2024-05-21,928.0,store,Delhi,1,0.002
T0004999,C003438,2024-03-15,256.44,store,Pune,11,
T0005000,C001326,bad-date,2854.34,store,Jaipur,11,
T0005001,C004901,2024-10-04,627.43,online,Ahmedabad,9,0.053
T0005002,C004095,2025-09-18,1113.91,phone,Kochi,7,0.128
T0005003,C001434,2024-04-15,4281.42,online,Bhopal,6,0.094
T0005004,C005266,2024-05-29,2293.26,store,Lucknow,6,0.003
T0005005,C000829,2024-05-30,2353.82,online,Bhopal,7,0.023
T0005006,C002549,2025-11-07,1397.44,store,Pune,10,0.003
T0005007,C002405,2025-09-13,2082.04,online,Bhopal,5,0.004
T0005008,C000540,2024-07-16,3040.58,store,Kochi,9,0.141
T0005009,C002593,2025-04-20,13378.1,mobile,Bengaluru,6,0.003
T0005010,C002136,2024-01-21,793.8,online,Ahmedabad,9,0.049
T0005011,C001041,2024-09-06,8094.93,mobile,Chennai,7,
T0005012,C003579,2024-02-20,2207.85,online,Hyderabad,3,0.095
T0005013,C004992,2025-09-30,4906.04,online,Chennai,7,0.079
T0005014,C002729,2024-04-27,3455.18,online,Chennai,2,
T0005015,C003651,2024-08-02,2332.2,store,Bhopal,6,0.16
T0005016,C000569,2024-06-18,5124.73,online,Ahmedabad,2,0.016
T0005017,C000467,2024-02-22,935.06,store,Kochi,9,0.005
T0005018,C004341,2024-01-06,736.35,online,Pune,9,0.021
T0005019,C004919,2024-07-26,4364.05,online,Chennai,7,
T0005020,C002552,2025-02-24,1391.88,online,Kochi,11,0.031
T0005021,C001109,2024-02-09,1881.09,online,Pune,5,0.062
T0005022,C003635,2025-10-23,17309.07,store,Bengaluru,7,0.058
T0005023,C002112,2024-12-28,2246.39,online,Jaipur,7,0.097
T0005024,C006243,2025-09-17,1841.74,online,Delhi,2,0.051
T0005025,C005052,2024-06-02,6079.61,store,Hyderabad,5,0.033
T0005026,C000074,2024-02-11,11432.06,online,Delhi,4,0.07
T0005027,C004738,2025-10-22,1629.68,store,Kolkata,5,0.023
T0005028,C004867,2025-10-30,102.89,online,Hyderabad,9,0.061
T0005029,C001133,2024-11-27,4752.02,mobile,Chennai,11,0.041
T0005030,C001154,2025-05-07,3826.8,online,Chennai,4,0.076
T0005031,C004034,2024-09-06,1749.11,online,Jaipur,3,0.049
T0005032,C001897,2024-02-17,716.05,online,Delhi,11,0.049
T0005033,C004918,2024-04-01,4439.48,store,Ahmedabad,1,0.12
T0005034,C001695,2024-12-02,9062.73,store,Kochi,7,0.032
T0005035,C000293,2024-02-13,326.4,store,Kolkata,2,
T0005036,C005608,2025-07-05,1438.97,online,Pune,1,0.085
T0005037,C005951,2024-02-24,3603.8,online,Lucknow,7,0.064
T0005038,C002078,2024-12-02,1456.1,online,Delhi,6,0.049
T0005039,C001266,2024-07-21,1116.2,mobile,Delhi,1,
T0005040,C000086,2025-05-17,1572.71,mobile,Kochi,8,0.011
T0005041,C001187,2025-12-28,1624.13,mobile,Mumbai,2,0.017
T0005042,C001866,2025-06-23,3824.24,online,Kolkata,1,
T0005043,C000563,2025-07-16,1224.79,online,Lucknow,10,0.065
T0005044,C004043,2024-06-12,3041.48,store,Bhopal,5,0.087
T0005045,C004819,2025-07-14,12847.8,store,Hyderabad,10,
T0005046,C002868,2024-08-20,1097.68,phone,Kochi,3,0.001
T0005047,C005241,2024-07-10,415.37,online,Mumbai,1,0.061
T0005048,C002240,2025-04-08,2424.19,store,Bengaluru,5,0.019
T0005049,C000671,2025-06-04,1727.94,online,Jaipur,10,0.078
T0005050,C002446,2024-06-16,2671.06,mobile,Hyderabad,5,0.062
T0005051,C003003,2024-02-05,1143.12,online,Lucknow,3,
T0005052,C003907,2024-10-25,6239.55,store,Bhopal,9,
T0005053,C004063,2025-03-08,1535.85,online,Jaipur,10,0.042
T0005054,C001648,2025-11-02,587.6,online,Chennai,3,
T0005055,C004056,2025-09-28,1826.06,online,Lucknow,3,0.031
T0005056,C002242,2024-10-14,1224.42,store,Mumbai,7,0.083
T0005057,C001577,2024-11-27,5986.31,online,Ahmedabad,4,0.016
T0005058,C005781,2025-03-16,918.25,phone,Chennai,9,0.171
T0005059,C005256,2025-03-31,3886.93,store,Jaipur,3,0.009
T0005060,C001634,2025-12-15,1740.91,online,Lucknow,4,0.034
T0005061,C001141,2025-04-12,958.71,online,Kochi,11,0.007
T0005062,C000835,2024-02-11,6733.11,online,Jaipur,1,0.138
T0005063,C003996,2024-11-12,1962.55,online,Jaipur,4,0.026
T0005064,C001349,2024-11-23,4143.94,store,Mumbai,3,0.132
T0005065,C003054,2025-04-21,749.68,online,Lucknow,3,0.004
T0005066,C001107,2025-09-03,2997.59,store,Ahmedabad,8,0.0
T0005067,C005761,2024-11-01,8388.73,online,Kolkata,9,0.077
T0005068,C004404,2024-12-27,2627.61,mobile,Jaipur,2,0.15
T0005069,C003160,2024-07-11,351.75,store,Kolkata,5,0.057
T0005070,C000433,2024-09-24,152.14,store,Kolkata,2,0.033
T0005071,C005816,2024-02-16,10502.73,store,Bengaluru,1,0.031
T0005072,C004925,2025-05-31,5134.34,store,Ahmedabad,1,0.018
T0005073,C005376,2024-09-01,3797.56,store,Kochi,4,
T0005074,C005541,2025-08-04,1479.33,online,Chennai,5,
T0005075,C004185,2024-12-03,1652.56,online,Lucknow,4,0.211
T0005076,C000191,2024-06-29,6577.32,online,Delhi,5,0.029
T0005077,C004830,2024-08-10,4665.42,online,Pune,6,0.015
T0005078,C004991,2025-12-17,2091.13,store,Delhi,6,0.055
T0005079,C002675,2024-07-26,3353.39,online,Jaipur,6,
T0005080,C002537,2025-11-10,1769.57,online,Hyderabad,8,0.011
T0005081,C000059,2024-08-15,813.86,store,Ahmedabad,8,0.1
T0005082,C002169,2025-02-01,4600.35,store,Bhopal,11,0.054
T0005083,C005034,2024-01-02,842.65,store,Bengaluru,5,0.042
T0005084,C001030,2025-12-14,393.96,store,Hyderabad,10,0.098
T0005085,C005206,2025-07-15,828.76,mobile,Bhopal,5,0.01
T0005086,C001621,2025-12-23,2351.21,mobile,Chennai,7,0.063
T0005087,C001873,2025-04-22,4157.29,mobile,Chennai,11,0.132
T0005088,C005764,2025-02-01,768.95,online,Hyderabad,5,0.014
T0005089,C005773,2024-11-01,2362.23,mobile,Lucknow,10,0.043
T0005090,C005708,2024-08-19,1879.19,online,Ahmedabad,8,0.08
T0005091,C002111,2025-01-02,1015.05,online,Pune,10,0.153
T0005092,C000173,2024-04-25,1160.28,phone,Jaipur,9,0.144
T0005093,C005746,2025-09-03,507.57,online,Delhi,3,0.047
T0005094,C006186,2024-02-12,2966.3,store,Lucknow,6,0.002
T0005095,C000424,2024-12-27,5150.97,online,Kochi,7,
T0005096,C004287,2025-10-20,1414.9,store,Lucknow,4,0.046
T0005097,C001398,2025-03-20,458.97,online,Chennai,5,0.071
T0005098,C002513,2025-08-14,5562.15,online,Pune,8,0.022
T0005099,C000082,2024-09-23,558.83,phone,Bengaluru,3,0.103
T0005100,C003532,2025-07-25,580.31,online,Lucknow,7,0.088
T0005101,C005601,2024-08-20,1784.76,mobile,Delhi,1,0.068
T0005102,C000428,2024-10-13,600.19,mobile,Hyderabad,10,
T0005103,C003790,2025-11-02,2212.79,store,Hyderabad,9,0.046
T0005104,C001163,2024-11-19,1920.13,online,Bhopal,7,0.094
T0005105,C001328,2024-09-07,4640.4,mobile,Ahmedabad,4,0.042
T0005106,C002091,2025-07-20,11768.59,online,Ahmedabad,7,0.203
T0005107,C005724,2025-12-01,5168.63,online,Jaipur,3,0.129
T0005108,C004595,2024-06-19,9476.25,mobile,Lucknow,11,0.062
T0005109,C003175,2024-01-31,928.67,online,Delhi,11,0.033
T0005110,C003812,2024-09-29,3696.21,online,Delhi,2,
T0005111,C003288,2025-03-13,1704.67,store,Lucknow,2,0.039
T0005112,C000199,2024-03-13,5437.19,phone,Bhopal,2,0.038
T0005113,C005269,2024-05-23,3884.43,phone,Kolkata,6,
T0005114,C003113,2024-03-21,5155.83,online,Jaipur,2,0.036
T0005115,C006108,2024-01-03,2479.16,mobile,Jaipur,10,0.007
T0005116,C002948,2025-09-22,4600.59,online,Mumbai,11,0.041
T0005117,C005752,2024-03-02,2248.53,mobile,Kochi,2,0.074
T0005118,C004674,2024-12-01,1908.31,online,Mumbai,6,
T0005119,C002484,2025-01-23,413.5,phone,Chennai,10,0.006
T0005120,C001972,2024-11-30,10670.44,store,Hyderabad,8,0.045
T0005121,C005552,2025-07-16,8027.26,mobile,Bengaluru,10,0.006
T0005122,C001205,2024-12-16,6118.77,mobile,Ahmedabad,9,0.013
T0005123,C003833,2025-04-29,1800.31,online,Bhopal,3,0.06
T0005124,C004056,2025-08-24,1070.49,mobile,Kochi,10,0.233
T0005125,C005222,2025-05-19,4124.46,store,Delhi,7,0.081
T0005126,C005979,2025-03-11,3992.61,mobile,Chennai,2,0.013
T0005127,C005006,2025-06-24,10464.25,online,Mumbai,8,0.019
T0005128,C003211,2025-06-08,290.63,phone,Mumbai,3,0.111
T0005129,C005714,2024-03-23,2448.66,store,Kolkata,7,0.022
T0005130,C003955,2025-06-15,2257.32,online,Lucknow,9,0.08
T0005131,C000063,2025-08-15,223.56,online,Ahmedabad,4,0.106
T0005132,C004320,2024-08-07,4176.99,online,Kochi,5,0.082
T0005133,C001555,2024-12-02,250.78,online,Kolkata,5,0.045
T0005134,C003081,2024-01-21,4978.34,store,Lucknow,11,0.041
T0005135,C001990,2025-08-26,1207.19,mobile,Delhi,6,0.001
T0005136,C006234,2025-04-07,993.11,online,Delhi,5,0.026
T0005137,C004280,2025-01-25,272.62,mobile,Kolkata,2,0.029
T0005138,C004022,2024-03-01,1398.68,online,Lucknow,8,0.107
T0005139,C004537,2025-09-01,431.53,store,Jaipur,4,0.169
T0005140,C000317,2025-07-27,1521.15,store,Lucknow,4,0.083
T0005141,C005106,2024-02-21,609.55,store,Kochi,6,0.047
T0005142,C004567,2024-01-18,4070.67,mobile,Delhi,11,0.052
T0005143,C000979,2024-02-11,848.71,online,Jaipur,3,0.011
T0005144,C001919,2024-05-01,614.63,online,Ahmedabad,5,0.037
T0005145,C001959,2025-07-06,3493.57,online,Chennai,10,0.011
T0005146,C005795,2024-03-21,435.28,store,Kolkata,1,0.023
T0005147,C003430,2025-09-24,1420.61,mobile,Ahmedabad,10,0.095
T0005148,C001325,2024-04-29,2567.7,store,Hyderabad,4,0.016
T0005149,C006270,2024-03-18,10187.92,store,Bengaluru,9,0.061
T0005150,C002997,2025-09-29,6356.03,online,Ahmedabad,8,0.1
T0005151,C001356,2024-11-11,1079.78,online,Ahmedabad,5,0.053
T0005152,C006028,2024-02-27,2939.94,store,Hyderabad,11,0.192
T0005153,C003775,2024-01-26,1682.69,store,Bhopal,8,0.061
T0005154,C002162,2024-01-25,1136.99,online,Bengaluru,1,0.042
T0005155,C005300,2025-03-24,1022.77,online,Kolkata,6,0.003
T0005156,C002408,2025-01-25,1859.66,mobile,Mumbai,8,0.003
T0005157,C000276,2025-08-23,2784.55,mobile,Lucknow,10,0.043
T0005158,C000006,2024-12-31,1920.5,store,Ahmedabad,4,
T0005159,C004491,2024-01-19,18785.06,online,Mumbai,11,0.039
T0005160,C000910,2024-08-08,1674.76,online,Jaipur,11,0.124
T0005161,C005487,2025-06-10,1268.58,online,Jaipur,1,0.118
T0005162,C002059,2025-12-17,300.23,online,Bengaluru,10,0.014
T0005163,C004775,2025-07-13,1784.63,online,Hyderabad,4,0.003
T0005164,C004689,2025-08-17,546.06,online,Jaipur,11,
T0005165,C001524,2025-03-01,9552.05,online,Hyderabad,5,0.043
T0005166,C005706,2025-08-01,827.13,store,Ahmedabad,7,0.071
T0005167,C001047,2024-09-26,4539.22,mobile,Kolkata,3,0.06
T0005168,C003690,2024-05-02,2644.19,online,Lucknow,9,0.009
T0005169,C005149,2025-11-12,779.33,online,Kolkata,10,0.088
T0005170,C005650,2024-08-08,468.83,online,Bhopal,5,0.121
T0005171,C000996,2024-02-12,5867.97,online,Pune,3,0.044
T0005172,C002025,2024-11-18,464.6,store,Bengaluru,11,0.079
T0005173,C000650,2024-06-17,1907.46,mobile,Bengaluru,2,0.039
T0005174,C001291,2024-01-24,875.59,phone,Bhopal,4,0.075
T0005175,C001196,2025-02-26,5720.13,online,Mumbai,1,0.094
T0005176,C000690,2024-08-28,1561.29,online,Bhopal,4,0.022
T0005177,C001349,2025-09-09,2211.72,mobile,Bengaluru,10,0.042
T0005178,C005469,2025-12-17,1082.62,online,Bhopal,1,0.047
T0005179,C003386,2025-05-10,3647.93,online,Mumbai,3,
T0005180,C006225,2024-11-10,552.54,mobile,Bhopal,3,
T0005181,C002311,2024-12-06,563.32,store,Delhi,11,0.063
T0005182,C000766,2024-07-14,1294.35,online,Mumbai,2,0.026
T0005183,C005601,2025-12-24,751.62,online,Pune,7,0.08
T0005184,C002704,2025-07-23,11491.44,mobile,Bhopal,9,0.063
T0005185,C000176,2024-04-16,2198.09,mobile,Chennai,6,0.034
T0005186,C001635,2025-10-25,846.86,store,Kolkata,4,0.18
T0005187,C002220,2025-08-19,700.18,online,Jaipur,6,0.041
T0005188,C000125,2025-03-15,6174.0,online,Bengaluru,5,0.112
T0005189,C005748,2025-07-07,2069.58,online,Hyderabad,11,0.063
T0005190,C000650,2024-11-05,1187.51,online,Kolkata,11,0.035
T0005191,C002380,2025-04-15,1195.41,online,Kochi,4,0.004
T0005192,C005408,2024-08-27,2113.1,mobile,Delhi,3,0.074
T0005193,C001893,2024-02-08,1603.28,store,Bhopal,6,
T0005194,C002216,2024-04-28,8601.57,online,Mumbai,7,0.065
T0005195,C006114,2024-02-17,1355.86,online,Ahmedabad,3,0.055
T0005196,C003947,2025-05-15,35191.33,online,Hyderabad,1,0.023
T0005197,C004388,2025-04-03,632.41,online,Mumbai,4,0.01
T0005198,C000617,2024-06-14,404.45,online,Chennai,1,0.097
T0005199,C003621,2024-05-13,4148.51,store,Jaipur,6,0.008
